연도,No_원본,당직일자,당직구분,민원인명,민원내용_원본,당직자조치내용,처리부서_원본,처리상태,출처파일,처리부서_표준
2024,1,2024-12-31,,미상,"궁동***-*  옥외로 스피커 소음이 너무 심하다고 함
소음주의 안내를 위해 인터넷 상 나와있는 전화번호로 전화하였으나 서비스가 정지된 번호로 나와 유선통화 불가",담당부서 이첩,푸른환경과,,complaints_2024.xlsx,푸른환경과
2024,2,2024-12-31,,미상,"사진 위치 (오토월드에서 위로 좀 올라가면 있는 횡단보도 건너기 전) 의 맨홀이 흔들려서 걷다가 빠질뻔 함
빠지진 않았으나, 그대로 방치했다가 사고의 우려가 있어보인다고 연락",담당부서 이첩,건설과,,complaints_2024.xlsx,건설과
2024,3,2024-12-30,,도룡지구대,금강유역환경청 근처 차량 단독사고로 가드레일 파손,담당부서 이첩,건설과,,complaints_2024.xlsx,건설과
2024,4,2024-12-30,,익명,"유성생명과학고정류장에서 마을3번 버스를 기다리고 있는데, 19:35분경 마을3번 버스가 정류소에 정차하지 않고 빠른 속도로 지나쳤다고 함
민원처리결과를 연락 원한다고 함",담당부서 이첩,교통정책과,,complaints_2024.xlsx,교통정책과
2024,6,2024-12-29,,미상,원신흥동 눈썰매장 인근 교통통제 요청 및 불법주정차 단속요청 ,주차단속반 요청 및 담당부서 이첩,주차관리과,,complaints_2024.xlsx,주차관리과
2024,7,2024-12-29,,[삭제],지족동 *** 공주칼국수 농막 안 고양이 구조요청. 전에도 통화했었다고 함. 연락요청,담당부서 이첩,지역산업과,,complaints_2024.xlsx,지역산업과
2024,8,2024-12-29,,미상,유성떡집 불법 옥외영업 신고,관련부서 이첩,위생과,,complaints_2024.xlsx,위생과
2024,13,2024-12-29,,미상,롯데마트서대전점 정문 숲쪽 유기묘 구조요청,유기동물 구조대 전달완료 및 담당부서 이첩,지역산업과,,complaints_2024.xlsx,지역산업과
2024,14,2024-12-29,,미상,복용동 서남부종합스포츠타운 공사현장 통행로 막아둠. 농로길 이용에 불편함. 전방 공사중 우회 표지판 요청.  (공사안내표지판),담당부서 이첩,문화관광체육과,,complaints_2024.xlsx,문화관광체육과
2024,15,2024-12-29,,유성지구대,"홈플러스 앞 언더패스 진입 도로 높이 제한 철봉 파손으로 인하여 주민분께서 우선 응급처치로 묶어놓음
추가위험 가능성이 있음",현장 확인 및 건설과 담당팀장(박종필) 전달/ 30일(월) 조치예정,건설과,,complaints_2024.xlsx,건설과
2024,16,2024-12-28,,익명,도안더샵 트윈너스*단지 앞 대로 (용계동 ***-*번지) 고라니 사체,담당자 업무 전달,청소행정과,,complaints_2024.xlsx,청소행정과
2024,17,2024-12-28,,익명,도안더샵 트윈너스*단지 앞 대로 (용계동 ***-*번지) 고라니 사체,업무 담당자로 인계,청소행정과,,complaints_2024.xlsx,청소행정과
2024,18,2024-12-28,,미상,"불법 현수막 철거 요청
위치: 전민네거리 세종아파트 부분",해당부서 이첩,건축과,,complaints_2024.xlsx,건축과
2024,19,2024-12-28,,복용파출소,"운행정지 자동차(**우****) 발견되어 복용파출소에 보관 중임.
월요일에 연락 요망(042-****-****)",해당부서 이첩,교통정책과,,complaints_2024.xlsx,교통정책과
2024,20,2024-12-28,,미상,상대동 트리플시티*단지 *단지 사이 4차선도로 불법 주정차 단속 요청,주말단속반 단속요청,주차관리과,,complaints_2024.xlsx,주차관리과
2024,21,2024-12-28,,미상,송강프라자에서 송강네거리 방향 불법주정차 단속 요청,주말단속반에 단속 요청,주차관리과,,complaints_2024.xlsx,주차관리과
2024,22,2024-12-28,,미상,"고라니 로드킬 사체처리 요청
지족동 **** 앞",처리반에 신고 및 해당부서 이첩,청소행정과,,complaints_2024.xlsx,청소행정과
2024,23,2024-12-27,,미상,"장대동 ***-* 불법주정차 신고
**하****",해당부서 이첩,주차관리과,,complaints_2024.xlsx,주차관리과
2024,24,2024-12-27,,미상,"구룡동 ***-* 도로쪽 고라니 사체 신고
","펫레스규 전달, 해당부서 이첩",청소행정과,,complaints_2024.xlsx,청소행정과
2024,25,2024-12-27,,미상,"전민동 제일교회 부근 개소음이 심함
월요일 전화연결 요청",담당부서 이관,지역산업과,,complaints_2024.xlsx,지역산업과
2024,26,2024-12-27,,유성경찰서,"위치 : 봉명동***-**번지 ~ ***-**번지 사이 주차장 차단봉 주변
내용 : 도로 가운데 부분에 전선으로 추정되는 폐기물이 있어 지나가던 민원인 분께서 사고를 당함 / 현재 경찰에 의해 한쪽으로 치워놓은 상태이나 수거를 해야할것으로 보인다는 전화
사고자 인적사항 / 010-****-****
",담당부서 이첩,청소행정과,,complaints_2024.xlsx,청소행정과
2024,27,2024-12-26,,미상,"원신흥동 도안 **단지 정문 들어가는 입구 앞 대로변 및 유성성당 앞 대로변 가로등 군데군데 고장나서 꺼져있음, 몇번 민원 넣었는데 고쳐지지 않았다고 확실히 전달해달라고 함",담당부서 이첩,건설과,,complaints_2024.xlsx,건설과
2024,28,2024-12-26,,[삭제],별관 화재경보기 작동 (11:40~12:40) ,"에스원 출동 및 당직자와 현장확인 후 초동조치 시행
 - 별관 확인 후 화재징후가 없어 기기 오작동으로 판단
 - 에스원과 함께 당직실 및 기록전시실 내 화재수신기 작동 중지
 - 감지기 오작동이 발생한 곳으로 추정되는 기록관(별관 지하1층) 내 화재징후 발견하지 못함
 - 기록실 제3문서고(의회쪽 방향 서고) 내에서 사이렌이 울리는 것을 확인하였으나, 문서고 문 개방이 불가하였음
 - 12:40경 개방하지 못한 문서고 주변에서 화재징후는 발견하지 못하여(문손잡이 차가움, 환풍기를 통한 연기 발생없음) 현장점검 종료함
 - 에스원 확인 결과 : 의회 부근에서도 화재 징후는 감지하지 못함.",회계과,,complaints_2024.xlsx,회계과
2024,29,2024-12-25,,미상,신성동 ***-** 앞 주차장에서 한시간 넘게 공회전하는 차량 문제가 반복됨으로 인해 이웃주민이 인근 대기오염 등 피해호소함.,"반복되는 피해이므로 조치가 필요하다고 판단하여 해당부서 이첩, 국민신문고를 통한 민원제기 가능함을 우선 안내드림",푸른환경과,,complaints_2024.xlsx,푸른환경과
2024,30,2024-12-25,,미상,어제 아침부터 집앞 골목 하수구에서 물이 집으로 흘러들어옴.(원형 맨홀 뚜껑 열어 확인해보았는데 막힌 것으로 보임),담당부서로 내용 전달하여 다음날 조치토록 하겠음.,건설과,,complaints_2024.xlsx,건설과
2024,31,2024-12-25,,미상,"현대아울렛 주변 회전교차로, **단지 후문, 아울렛에서 천변으로 향하는 길목 불법주청자 심각하다는 민원이 강하게 제기됨",평일단속도 고려해달라는 질문에 담당 부서에 전달드리겠다는 답변을 드리고 당일(12/25)에 주차단속팀에 연락해 단속 조치하도록 함. ,주차관리과,,complaints_2024.xlsx,주차관리과
2024,32,2024-12-25,,미상,유성천(장대교~장명교 일대) 고수부지 따라 쓰레기로 인한 오염으로 환경정비요청,담당 부서에 연락드려 가능한 빨리 조취취하겠다고 답변드림. 평일에 해당부서 확인후 처리요망,재난안전과,,complaints_2024.xlsx,재난안전과
2024,33,2024-12-25,,미상,예비군 온라인 교육을 미수료하여 오프라인 교육 이번주 금요일(12/27)로 안내받았으나 타지역으로 이주하여 오프라인 교육을 수강하지 못하는 상태로 온라인 교육 재수강이 가능한지 문의전화 주심,담당자에게 확인후 연락드리겠다고 1차 답변한후 2차 답변으로 12/26일에 담당자 오면 확인후 연락드리겠다고 하였음.,재난안전과,,complaints_2024.xlsx,재난안전과
2024,35,2024-12-25,,미상,수자원공사(전민동 ***-*) 옆 로터리 쪽 산에서 수목전도 발생,현장 확인 후 재난안전선 둘러놓음.,안전도시국,,complaints_2024.xlsx,안전도시국
2024,36,2024-12-24,,미상,봉산동 대광로제비앙 악취가 심함/ 입주때부터 지속적인 악취가 있었음,담당부서 접수,푸른환경과,,complaints_2024.xlsx,푸른환경과
2024,38,2024-12-24,,미상,대광로제비앙 ***동 앞 악취민원 쓰레기장 관리 철저,담당부서 이첩,푸른환경과,,complaints_2024.xlsx,푸른환경과
2024,39,2024-12-24,,미상,노은계룡리슈빌3차*단지아파트 앞 포켓차로 부근 주행차로까지 불법주정차되어있음 단속요청 / 회신불필요,담당부서 이첩,주차관리과,,complaints_2024.xlsx,주차관리과
2024,40,2024-12-24,,미상,"신성동 개밥파는고양이 근처 국수집에서 연기가 너무 많이 남. 환기시설이 제대로 안되어 있는거 같음 
상호명을 알지 못함(그냥 국수집이라고 함). 얼마전에 이사와서 본인 주소를 모름.  ",담당부서 이첩,위생과,,complaints_2024.xlsx,위생과
2024,41,2024-12-23,,미상,대광로제비앙 / 쓰레기 악취 심함,담당부서 이첩,푸른환경과,,complaints_2024.xlsx,푸른환경과
2024,42,2024-12-23,,미상,"마을버스 탈 때마다 항상 위험하게 운전하고 있는데 개선이 잘 안됨.(마을 3번 ****)버스 
따로 전화 회신 필요 없음. ",담당부서 이첩,교통정책과,,complaints_2024.xlsx,교통정책과
2024,43,2024-12-23,,미상,용산동 호반써밋 *단지 앞 ~ 북대전ic 민가 부근 / 매일 7~8시마다 탄내가 심하게 난다,담당부서 이첩,청소행정과,,complaints_2024.xlsx,청소행정과
2024,44,2024-12-23,,미상,온천북로**번길 ** / 식품위생점검요청(상태 안좋은 음식을 판다고 함) 및 회신요청,담당부서이첩,위생과,,complaints_2024.xlsx,위생과
2024,45,2024-12-23,,미상,도안대로 ***-** 홈플러스방향 고양이 사체 처리요청 / 업체연락완,업체 연락 완 / 담당부서 이첩,청소행정과,,complaints_2024.xlsx,청소행정과
2024,46,2024-12-23,,미상,"상대초 정문앞/*단지 앞 횡단보도(어린이보호구역)에서 중고등학생이 전자담배를 피고 있음. 어린이 보호구역 금연여부 등 문의. 
당직실에서 현장확인이 어려우며 담당부서에서 연락하겠다고 함.
-복용파출소 ***-**** 통화해서 민원 전달/ 이미 5건이상 민원 들어와서 순찰중이나 학생들을 만나기 어려움 ",담당부서 이첩,건강정책과,,complaints_2024.xlsx,건강정책과
2024,47,2024-12-23,,미상,단속내용 문의(*******)-단속/견인됨. 전화안내 요청,담당부서 이첩,주차관리과,,complaints_2024.xlsx,주차관리과
2024,48,2024-12-22,,미상,질의 요청 건 / 대전 유성구 한밭대로 *** 버스정류장 인근 버스단속 카메라 후방 작동 여부 질의 ,해당부서 이첩,교통국 버스정책과,,complaints_2024.xlsx,교통국버스정책과
2024,56,2024-12-22,,미상,"유성톨게이트 들어오기 전/ P턴 하기전 내리막길 1km내 반경 고라니 쳐서 사체 있다고 함
펜스? 없는 곳이라고 보상문의 하신다고 하심(전화 끊은 상태에서..보상관련 알아보니 도로공사에 보상문의 해야야한다고 하네요.. 안내부탁드립니다 ㅠㅠ)",사체신고업체 전달 및 담당부서이첩,청소행정과,,complaints_2024.xlsx,청소행정과
2024,57,2024-12-21,,유성경찰서지구대,"미성년자 주류판매 신고
온천북로**번길 **",해당부서이첩,위생과,,complaints_2024.xlsx,위생과
2024,58,2024-12-21,,익명,"불법주정차 상시 단속 요청 / 온천북로**번길(레자미탐앤탐과 나이스팰리스 사이 도로) 
출근시간 이후부터 불법주정차가 많아 양방향 통행이 불가능하다고 하심",담당부서 이첩,주차관리과,,complaints_2024.xlsx,주차관리과
2024,59,2024-12-21,,익명,구암교사거리에서 유성아이씨 방면 천변 인도데크가 얼어 사람들이 많이 넘어지고 있음. 제설 요청.,관련부서 이첩,건설과,,complaints_2024.xlsx,건설과
2024,60,2024-12-21,,미상,유성 홈플러스 앞 대로변 불법현수막 제거 요청(시위관련 현수막),관련부서 이첩,건축과,,complaints_2024.xlsx,건축과
2024,61,2024-12-21,,미상,노은3동 일대 불법 현수막 즐비하여 제거 요청(위치를 여쭈었으나 노은3동이 다 그렇다고 말씀하심),관련부서 이첩,건축과,,complaints_2024.xlsx,건축과
2024,64,2024-12-21,,유성경찰서 노은지구대,반석마을 사거리 교통섬 사고로 인하여 그늘막 쇠기둥 파손 (사고접수하여 공문 예정) (운전자 연락처: 010-****-****),관련부서 이첩,재난안전과,,complaints_2024.xlsx,재난안전과
2024,69,2024-12-21,,익명,봉명동 ***-**(용운목재건설) 불법소각이 너무 빈번하니 조치 바람,관련부서 이첩,청소행정과,,complaints_2024.xlsx,청소행정과
2024,71,2024-12-21,,미상,주거하는 빌라 내 출차가 불가능하게 차량이 막고있다는 민원 발생. 새벽에도 견인 가능토록 민원 요청함.,해당부서 이첩,주차관리과,,complaints_2024.xlsx,주차관리과
2024,73,2024-12-20,,미상,봉명동 나이스팰리스 오피스텔과 레자미탐앤탐 사잇길 주정차 단속 요청하였으나 단속하지 않는다고 민원 재요청함.,주정차단속팀 전달 및 관련부서 이첩,주차관리과,,complaints_2024.xlsx,주차관리과
2024,74,2024-12-20,,익명,봉명동 ***-* 인근 횡단보도 불법현수막 철거 요청,관련부서 이첩,건축과,,complaints_2024.xlsx,건축과
2024,75,2024-12-20,,익명,"진터어린이공원(대전 유성구 구암동 ***-*) 며칠째 야간에 조명이 켜지지 않음. 조치 요청

",관련부서 이첩,공원과,,complaints_2024.xlsx,공원과
2024,76,2024-12-20,,미상,둔곡동 *** 고라니 사체 처리 요청,해당부서 이첩,청소행정과,,complaints_2024.xlsx,청소행정과
2024,77,2024-12-20,,도룡지구대,북대전 ic인근 (전자디자인고등학교 맞은편 GS칼텍스주유소) 교통사고로 가로등 손상 ,관련부서 이첩,건설과,,complaints_2024.xlsx,건설과
2024,79,2024-12-19,,미상,장대교 불법 주정차 단속 요청/ 국민신문고에 아무리 신고해도 해결되지 않음. 단속이 안되면 단속봉이라도 설치해주길 바람. 특히 보물섬수산차량이 양쪽으로 주차하는 경우가 많아 계도 요청,해당부서 이첩,주차관리과,,complaints_2024.xlsx,주차관리과
2024,81,2024-12-19,,미상,현대아울렛 인근 소화전에 불법주정차 단속 요청,"야간 주정차 단속팀에 전달(19:45) 하였으나, 단속중에 문자를 늦게 확인하여 출동을 못함. 해당 민원인 20시 30분에 다시 전화와서 왜 안나오냐고 뭐라고 하시고 야간 단속팀에게 연락하였으나 근무시간이 종료되어 단속이 힘들다고 회신하심. 오늘 낮에 주정차 단속으로 담당자와 통화했다고 주장하였으며 내일 방문하겠다고 난리침.",주차관리과,,complaints_2024.xlsx,주차관리과
2024,82,2024-12-19,,미정,"봉명동 ****번지(원신흥동) 작은내수변공원에서 유치원 행사 중인데, 허가받고 하는 행사인지 문의",담당 부서이첩,공원과,,complaints_2024.xlsx,공원과
2024,83,2024-12-19,,미상,유성 방면으로 계룡1터널 출구 바로 앞에 70cm 각목이 떨어져 있어 처리 요청 및 해당 각목으로 인해 차량이 손상되어 인근 cctv 확인하여 누가 떨었뜨렸는지 확인하고 싶음,담당 부서 이첩,청소행정과,,complaints_2024.xlsx,청소행정과
2024,84,2024-12-19,,미상,"세동 ***-**부터 계룡으로 가는 길쪽(첨부파일 참고) 공사차량이 흙을 도로에 너무 많이 흘려 도로가 더러워지고 파생되는 진흙 때문에 차량도 더러워졌다고 함
지금 세동과 계룡쪽 도로가 겹쳐있는 도로로, 유성구에서 허가한 공사라면 도로에 흙이 덜 흘리도록 조치 요청함. 정확한 위치 파악을 위해 민원인 전화번호로 연락.",담당부서 이첩,건설과,,complaints_2024.xlsx,건설과
2024,85,2024-12-19,,유성경찰서,"식품위생법 위반 신고
유성구 문화원로 ***, 일반음식점인데 노래방기계를 가져다 놓음. ",답당부서이첩,위생과,,complaints_2024.xlsx,위생과
2024,86,2024-12-19,,유성경찰서 도룡지구대,"유성구 전민로 **번길 **, 미성년자 주류판매 신고",담당부서 이첩,위생과,,complaints_2024.xlsx,위생과
2024,87,2024-12-18,,미상,"대전 유성구 신성로**번길 ** 건물에서 연기가 자꾸남. 음식점이 있는 건물인데 음식점 굴뚝(?)에서 나오는 연기로 추정되며, 건물 시설이 잘못되어 연기가 잘못 나오는 거 같다고 함. 건물 시설이 제대로 되어있는지 확인 요청. 
담당공무원이 확인해보고 민원인 전화로 전화요청 하셨으며, 자신의 전화번호가 외부노출 안되도록 주의해달라고 함.","담당부서로 이첩 안내드렸으며, 담당자가 언제 해당사항을 확인하고 연락드릴지는 미정이라고 전달했음.",건축과,,complaints_2024.xlsx,건축과
2024,88,2024-12-18,,미상,대전 유성구 문화원로 **와 대전 유성구 온천북로**번길 **-**사이 좁은길 낮부터 주차단속 요청하였음. 밤에는 더 심하여 주차단속 요청,주차단속반 전달,주차관리과,,complaints_2024.xlsx,주차관리과
2024,89,2024-12-18,,미상,구암동 ***-*** 장대교 불법주정차 단속 요청,야간 불법주정차 단속반 전달,주차관리과,,complaints_2024.xlsx,주차관리과
2024,91,2024-12-17,,[삭제],봉명동 나이스팰리스 오피스텔과 레자미탐앤탐 사잇길 주정차가 심함. 조치바람.,담당부서이첩,주차관리과,,complaints_2024.xlsx,주차관리과
2024,92,2024-12-17,,미상,구암동 ***-**번지 벧엘유치원 앞 고양이사체 조치 요청,펫레스규(010-****-****) 전달 완료 / 문자메세지 발송,청소행정과,,complaints_2024.xlsx,청소행정과
2024,93,2024-12-17,,[삭제],반석역 1번출구 버스정류장에 택시가 수시로 정차해 있어서 버스 승하차 시 위험함. 단속 요청,관련부서이첩,주차관리과,,complaints_2024.xlsx,주차관리과
2024,94,2024-12-17,,구즉지구대,둔곡동 CHC랩 본사 옆 왕복 4차선 도로에 부상 고라니 배회 중 -> 국제과학**로 ** LDK사무실 후방 2~30m 공터 풀숲에 넣어놓음 (구즉지구대 출동),부상 야생동물 구조 담당자 펫 레스큐 이진호 에게 연락 조치함,푸른환경과,,complaints_2024.xlsx,푸른환경과
2024,95,2024-12-16,,[삭제],"노래방 소음 신고. 문열고 영업해서 소음 신고함.
봉명동 온천북로 **번길 **
- 11.27.에도 똑같이 신고했고, 연락준다고 했는데 연락을 주지 않았음.
  11.27.신고한건 조치내용과 금일 신고한건 조치내용을 함께 회신해주기 바람.",관련부서에 이첩,푸른환경과,,complaints_2024.xlsx,푸른환경과
2024,96,2024-12-16,,익명,복용동산**-* 구암역에서 오토월드 방향 횡단보도 안전지대에 고라니 사체,담당부서 이첩,청소행정과,,complaints_2024.xlsx,청소행정과
2024,101,2024-12-15,,익명,온천북로 **번길 **-** 불법주정차 단속 요청(황색 실선),담당부서 이첩,주차관리과,,complaints_2024.xlsx,주차관리과
2024,102,2024-12-15,,익명,월드컵대로 *** 도솔대교 근처 불법노점상 단속 요청,관련부서 이첩,건설과,,complaints_2024.xlsx,건설과
2024,107,2024-12-14,,미상,유성구 한밭대로***번길 ** 쪽 골목길 고양이 사체 처리 요청,담당부서 이첩,청소행정과,,complaints_2024.xlsx,청소행정과
2024,108,2024-12-14,,미상,봉명동 ***-*(나이스팰리스) 주차장 입구 쪽에 차량 2대가 입구를 거의 막고 있어 흰색선이지만 통행에 불편이 있음.,담당부서 이첩,주차관리과,,complaints_2024.xlsx,주차관리과
2024,109,2024-12-14,,미상,전동킥보드 4대가 인도(지족동 ****-**)에 있어서 통행에 불편을 겪고 있어 조치 요청,담당부서 이첩,교통정책과,,complaints_2024.xlsx,교통정책과
2024,110,2024-12-14,,미상,"라도무스웨딩홀 인근 불법주정차 차량들 불법주차 단속 요청.
몇번 민원을 제기해도 해결이 안되어 근본적인 해결책은 없는지 연락함",담당부서 이첩,주차관리과,,complaints_2024.xlsx,주차관리과
2024,112,2024-12-14,,미상,"구즉로**번길 ** 인근 사업장들이 도로에 적치물들을 세워놓아 주차가 불가능하여 민원 제기함.
약 1달전쯤에도 동일 내용으로 민원제기하였으며 불법적치물 단속 요청.",담당부서 이첩,건설과,,complaints_2024.xlsx,건설과
2024,113,2024-12-14,,익명,상대동 트리푸시티*단지와 *단지 사이 주말을 이용해 밤샘주차하는 화물차량이 있으니 주말단속 요청함.,담당부서 이관,교통정책과,,complaints_2024.xlsx,교통정책과
2024,114,2024-12-14,,미상,구암동 *** 인근에서 공사가 진행중인데 작업시 차량 및 장비등을 도로에 놓아 차량통행간 어려움이 있음,담당부서 이첩,건설과,,complaints_2024.xlsx,건설과
2024,116,2024-12-14,,익명,용계동 ***-* 현수막 단속 요청(정당현수막이라 하더라도 남무 등에 무질서하게 게시됨),담당부서 이관,건축과,,complaints_2024.xlsx,건축과
2024,118,2024-12-14,,미상,"12.13.(금) 장대동 음식물쓰레기 수거하셨던 담당자분과 통화하고싶음
(정확한 사유는 말씀을 안해주셨습니다)",담당부서 이첩,청소행정과,,complaints_2024.xlsx,청소행정과
2024,119,2024-12-14,,미상,"학하동 **-* 힐스테이트도안리버파크 공사현장 옆 뚝방길에 포스트바같은것을 설치하여 차량통행이 안됨.
구청 혹은 건설현장에서 도로에 일부러 세워놓은건지 확인 후 조치요청",담당부서 이첩,재난안전과,,complaints_2024.xlsx,재난안전과
2024,120,2024-12-14,,익명,반석마을아파트 주변 줌알 불법현수막 단속 요청(아파트 분양 광고 등 매주 금요일부터 일요일까지 난립함),담당부서 이관,건축과,,complaints_2024.xlsx,건축과
2024,121,2024-12-14,,익명,-유성농협하나로마트(봉명동) 인근 주말노점단속 요청(1톹더블캡 흰색차량이 계란빵 등 영업하며 차량 토행 방해 및 인도에 오물 투척함),담당부서  이관,건설과,,complaints_2024.xlsx,건설과
2024,122,2024-12-14,,미상,유성대로***번길 **(구암동 ***-*) 공사현장 소음,담당부서 이첩,푸른환경과,,complaints_2024.xlsx,푸른환경과
2024,123,2024-12-14,,미상,유성대로***번길 **(구암동 ***-*) 공사현장에서 불법소각행위로 인한 피해(집안에 냄새가 심함),담당부서 이첩,청소행정과,,complaints_2024.xlsx,청소행정과
2024,124,2024-12-14,,미상,"불법현수막 단속요청
 - 화암네거리~북대전IC네거리 인도 
 - 봉명동 계룡스파텔 인근
 - 관평동 롯데마트 횡단보도, 인도 인근",관련부서 이첩,건축과,,complaints_2024.xlsx,건축과
2024,125,2024-12-14,,미상,"은구비네거리 유셩경찰서 앞 버스정류장(유성경찰서/유성여고입구(반석역방면))에 설치된 불법 현수막 철거요청
 - 이전에도 신고해서 철거된적이 있었으나 최근 다시 현수막이 설치되었음",관련부서 이첩,건축과,,complaints_2024.xlsx,건축과
2024,127,2024-12-14,,익명,"하기동 송림마을 *~*단지 안쪽 주택단지에서 3~4주동안 매일 상수도, 하수도, 도시가스 공사로 소음이 심함. 오늘도 도시가스 공사 중이며, 왜 미리 공사 안내를 하지 않았냐고 연락 주셔서 월요일에 꼭 회신해달라고 하심.",담당부서로 인계,푸른환경과,,complaints_2024.xlsx,푸른환경과
2024,128,2024-12-14,,익명,노은로 *** 앞 벤치조성 관련 콘크리트 작업을 일주일동안 도로에서 지속해서 힘들다고 함. ,담당부서로 인계 ,푸른환경과,,complaints_2024.xlsx,푸른환경과
2024,129,2024-12-14,,익명,"월드컵네거리 ~ 현충원삼거리(미트갤러리 앞) 3차선에 덤프트럭이 장기주차되어있어 10번 이상 문의를 하셨는데 계속 장기주차중이라 처리 부탁드린다고 함. 처리가 안되면 현수막이라도 게시해달라고 요청하심. 
1차로는 월요일에 바로 전화 바라고, 2차는 19일에 연가이니 그날은 하루종일 통화 가능하시다고 함. 월요일에는 근무중이니 받을때까지 연락하거나 연락처를 남겨달라고 요청하심(통화가 계속 안되면 민원을 올리실 것 같습니다 ㅠ)",담당부서로 인계 ,교통정책과,,complaints_2024.xlsx,교통정책과
2024,130,2024-12-14,,익명,외삼초~외삼중 사이에 '윤석열 탄핵해야 메리크리스마스'라는 내용의 플랜카드가 게시되어 있어 뗄 수 있는 지 문의 ,불법 현수막인지 확인이 필요하여 담당 부서에 인계하여 월요일에 확인해보겠다고 전달드림 ,건축과,,complaints_2024.xlsx,건축과
2024,134,2024-12-11,,도룡 지구대,"유성 소방서 앞 중앙분리대 파손 신고 
/ 민원인이 출근길에 중앙분리대를 파손하여 도룡 지구대에 신고함. 민원인 번호: 010-****-****",담당부서 이첩,건설과,,complaints_2024.xlsx,건설과
2024,135,2024-12-11,,익명,"송강시장 맞은 편 공영주차장 급속 충전이 가능한 자리에 충전하지 않는 전기차가 늘 자리를 차지하고 있어 이용에 불편이 많다고 함.  
차주의 전화번호도 적혀있지 않아 본인이 해결할 방법이 없어 단속 및 조치가 가능한지 문의. 회신 요청함.
/ 차 번호: **허****",담당부서 이첩,푸른환경과,,complaints_2024.xlsx,푸른환경과
2024,136,2024-12-11,,익명,"아이파트시티 *단지 뒤 목공소에서 매일 저녁 8시쯤 나무 태우는 냄새로 아파트로 연기 유입됨. 
(항상 저녁시간대에 발생하는 민원임을 감안하여 조치 요망) ",관련담당부서로 이첩 ,청소행정과,,complaints_2024.xlsx,청소행정과
2024,137,2024-12-11,,[삭제],"유성지구대 뒷골목(문화원로***번길) 주차차량 혼잡,
일방통행 조치 필요함",담당부서 이첩,주차관리과,,complaints_2024.xlsx,주차관리과
2024,142,2024-12-09,,미상,유성구 관평동 센트럴시티오피스텔 앞 대형 차량 밤샘주차 단속요청,민원인이 즉각 조치 요구하여 일정시간 이후에는 단속이 어려우며 과태료 부과는 담당자 현장확인 등 절차 필요함 고지했으나 본인 차 블랙박스 등으로 과태료 부과 원하셔서 관련부서와 상담하시라고 안내드림. 전화 요망.,교통정책과,,complaints_2024.xlsx,교통정책과
2024,143,2024-12-09,,미상,지족동 ***-* (지족역-국민은행 콜센터 사이) 가로등 미점등 확인요청,관련부서 전달,건설과,,complaints_2024.xlsx,건설과
2024,144,2024-12-09,,미상,봉명동 도안*단지 앞 도로 메꿔놓은 부분이 계속 덜컹거려서 위험하니 보수 필요함,담당부서 이첩,건설과,,complaints_2024.xlsx,건설과
2024,145,2024-12-08,,재난상황실,엑스포 청구나래아파트에서 로터리 가는 길 가로등이 다 꺼짐,담당부서 이첩,건설과,,complaints_2024.xlsx,건설과
2024,146,2024-12-08,,미상,대전 MBC-스마트시티*단지 사이 도로(엑스포로***번길) 주차 단속 요망,담당부서 이첩,주차관리과,,complaints_2024.xlsx,주차관리과
2024,147,2024-12-08,,미상,유성종합스포츠센터~신성네거리 방향 도로에 불법주차 다수. 사고 위험이 높다고 판단되기에 신속한 대응이 필요함.,담당부서 이첩,주차관리과,,complaints_2024.xlsx,주차관리과
2024,148,2024-12-08,,익명,유성구 유성시장 장대교 인근 불법 주정차 단속 요청,관련부서 이첩,주차관리과,,complaints_2024.xlsx,주차관리과
2024,149,2024-12-08,,유성지구대,"계룡로***번길 ** 앞 도로
불법주차로 인해 주행이 불가한 상황임.
조치 요망",담당부서 이첩,주차관리과,,complaints_2024.xlsx,주차관리과
2024,150,2024-12-08,,시 당직실 전달,유성스포츠센터 주변 도로 주정차 계도 요망(현재 바둑대회 진행중),담당부서 이첩,주차관리과,,complaints_2024.xlsx,주차관리과
2024,151,2024-12-08,,미상,관평동 현대아울렛(테크노중앙로 ***) 일원 불법주차 다수 발견. 단속조치 요망,담당부서 이첩,주차관리과,,complaints_2024.xlsx,주차관리과
2024,152,2024-12-08,,미상,충대수의대에서 신성네거리로 진입하는 도로에 불법주차 다수(신성로 **** 일대),담당부서 이첩,주차관리과,,complaints_2024.xlsx,주차관리과
2024,153,2024-12-08,,익명,"봉명동 유성우체국 인근 주차하였으며, 점심식사 후 차량이 없어져 견인여부 확인 요청함.",관련부서 이첩,주차관리과,,complaints_2024.xlsx,주차관리과
2024,154,2024-12-08,,[삭제],"안전신문고 봉산동 ***-* 옆 불법 주정차로 안전신문고로 신고 당하여,
과태료 고지서 통지 받음.(납부기한 12.9까지)
당시 지역 공사 진행으로 인하여 임시로 불가피하게 차량을 정차한 것으로,
해당 처분이 부당함을 호소하였음.
처분의 적정성에 대한 설명 및 이의신청 절차 안내 요망",담당부서 이첩,주차관리과,,complaints_2024.xlsx,주차관리과
2024,155,2024-12-08,,익명,"신세계 백화점 후문 주차단속 요청 (일부차량 번호판 가려져 있어, 이에 대한 확인 같이 요청함)",관련부서 이첩,주차관리과,,complaints_2024.xlsx,주차관리과
2024,156,2024-12-08,,익명,전민중학교 정문 앞 도로 고양이 사체 처리 요청,관련부서 이첩,청소행정과,,complaints_2024.xlsx,청소행정과
2024,157,2024-12-08,,익명,전민동 ***-*번지 고양이 사체 신고 접수,관련부서 이첩,청소행정과,,complaints_2024.xlsx,청소행정과
2024,158,2024-12-07,,유성지구대,"봉명동에서 망치로 못박는 게임을 하는 노점상(?) 단속 요청
- 전화준 곳은 유성지구대 경찰이나, 옆에서 민원인이 지속적으로 항의를 하는 상황임. 단속이 가능한지 단속을 나오면 어떤 조치를 할 수 있는지 등 구체적으로 답변받고 싶어하여 밤중에 단속이 불가능함을 안내드렸으나 계속 연락을 주심",담당부서 이첩,건설과,,complaints_2024.xlsx,건설과
2024,159,2024-12-07,,미상,세종에서 반석으로 들어오는 버스전용차로(1차선 / 국방과학연구소 인근) 에 고라니 사체 신고,펫레스큐 전달 및 차량통행이 적은 새벽시간에 처리 예정,청소행정과,,complaints_2024.xlsx,청소행정과
2024,160,2024-12-07,,익명,"관평동 현대아웃렛 부근 불법주차가 주말마다 심하여 
지속적으로 민원제기를 하였으나, 시정되지 않아 다시 연락하심.
아웃렛과는 별개로 근처 교회도 일요일마다 도로변에 불법주차가 심해서 
해당 기관에 주의조치 등을 해줬으면 좋겠음.",주말단속반 연락 및 관련부서 전달,주차관리과,,complaints_2024.xlsx,주차관리과
2024,161,2024-12-07,,[삭제],10.9. 현대프리미엄아울렛 장애인주차위반으로 과태료 납부하였으며 영수증 발급 원함,담당부서 이첩,노인장애인과,,complaints_2024.xlsx,노인장애인과
2024,162,2024-12-07,,익명,"<덕명동 ** 교통사고 관련>
훼손된 가로등 철거조치는 완료되었으나, 주변에 잔해가 많이 떨어져있어 위험할 수 있는 상황이니 조치 바람.",담당부서 전달,건설과,,complaints_2024.xlsx,건설과
2024,163,2024-12-07,,익명,충대오거리쪽 버스정류장(대학로 **) 고양이 사체 신고,동물사체처리반 전달 및 접수대장 기록,청소행정과,,complaints_2024.xlsx,청소행정과
2024,164,2024-12-07,,익명,트리풀 *단지~*단지 사이 큰 트럭(화물) 주말 내 밤샘주차. 여러차례 민원 제기하셨는데도 개선이 안된다고 함.,  단속반 전달함,교통정책과,,complaints_2024.xlsx,교통정책과
2024,166,2024-12-07,,익명,"덕명동 네오미아아파트 미분양 아파트를 분양받았고(2011년경)
미분양 주택은 주택 수에 포함되지 않는다고 알고있는데 이 내용 관련해서 자세하게 통화를 원하심
공동주택과에서 안내드릴 수 있는 사항인지는 모르겠다고 말씀은 드려놨으나.. 월요일에 연락 한 번 달라고 하셨습니다.",담당부서 전달,공동주택과,,complaints_2024.xlsx,공동주택과
2024,167,2024-12-07,,익명,"저번에 통화했을 때(통화시기 불명) 김치 대신 이불을 받을 수 있다고 안내 받았는데
그 후로 별다른 소식이 없어 궁금해하심. 월요일에 꼭 연락달라고 하셨습니다.",담당부서 전달,원신흥동,,complaints_2024.xlsx,원신흥동
2024,168,2024-12-07,,익명,"동대표 수상 관련하여 궁금한 점이 있어
월요일에 바로 연락달라고 하심",담당부서 전달,푸른환경과,,complaints_2024.xlsx,푸른환경과
2024,169,2024-12-07,,시청 건설도로과,"덕진동 ** 교통사고 관련하여
가로등이 휘어져있어 매우 위험해보이니 즉시 조치요망",담당부서 전달,건설과,,complaints_2024.xlsx,건설과
2024,170,2024-12-07,,익명,"지족동 KB국민은행 콜센터 뒷편 가로등 불이 안꺼짐
평소에도 자주 고장나는 듯하니 신속한 점검 및 조치바람",담당부서 전달,건설과,,complaints_2024.xlsx,건설과
2024,171,2024-12-07,,익명,"멧돼지(야생동물) 발견하여 포획 요청
위치 : 대전시 유성구 국제과학로 *번지 (연구소 내부로 추정됨.)
조치되면 회신연락요청하심.",담당부서 이첩,푸른환경과,,complaints_2024.xlsx,푸른환경과
2024,172,2024-12-07,,익명,"고라니(유기동물) 처리 요망
대전오토월드 정비센터 자동차검사소에서 안쪽으로 들어오면 태하강택 바로 옆 가게라고 하심. (***호로 추정) (가게 문은 열어놓았다고 함.)",담당부서 이첩,푸른환경과,,complaints_2024.xlsx,푸른환경과
2024,173,2024-12-07,,대전유성경찰서구즉지구대,청소년보호법 단속(주류판매)됨.,담당부서 이첩,위생과,,complaints_2024.xlsx,위생과
2024,174,2024-12-07,,익명,"오토바이 주유 과정에서 오토바이에 락이 걸려 부득이 인도 한켠에 오토바이를 주차하게 됐음
부득이한 사항임을 감안해달라는 요청
오토바이(대구달서하****)는 7일 오전중 오토바이 정비소에 입고시킬 예정",담당부서 이첩,교통정책과,,complaints_2024.xlsx,교통정책과
2024,175,2024-12-06,,119상황실,"덕진동 **번지 일원에서 교통사고가 발생하여 가로등 파손 발생
현재시각(2024.12.6. 23:59) 출동중으로 피해발생 내역은 파악하지 못함
조치요망 (가해자 전화번호 010-****-****)
","담당부서 이첩
( ※ 가로등 파손에 따라 도로에 위험을 줄 경우 유지관리업체나 담당자 연결 안 될 경우 메뉴얼 보완 필요할 것으로 보임.)",건설과,,complaints_2024.xlsx,건설과
2024,176,2024-12-06,,익명,"크리스마스 축제장 분실물 발생 민원
(인생네컷포토부스에서 노란색 파우치 분실 추정)",담당부서 이첩,문화관광체육과,,complaints_2024.xlsx,문화관광체육과
2024,177,2024-12-06,,익명,"불법소각으로 인한 피해 
민원인과 통화하여 조치 바람.(민원인께서 월요일에 전화하신다고 함.)
전민동 엑스포아파트*단지와 호남고속도로 지선 사이 비닐하우스촌으로 추정됨.",담당부서 이첩,청소행정과,,complaints_2024.xlsx,청소행정과
2024,178,2024-12-06,,유성경찰서,"엑스포로 ***번길 ** / 고라니사체 (공공용쓰레기봉투) 수거요청 
- 공공용 봉투에 담겨있어 환경관리요원이 수거를 하려고 놓고 간건지 착각하고 민원인 집에 두고 간건지 알 수 없어 처리하지 않고 있음
- 해당부서에서 확인 후 처리요청
민원인 연락처: 010-****-****",관련부서 이첩,청소행정과,,complaints_2024.xlsx,청소행정과
2024,179,2024-12-05,,익명,"구암동 ***-*번지 앞 주차된 차량 내에 있던 애완용앵무새 도난 당한 것으로 추정되어 주변 방범용 CCTV 열람 방법 문의.
구청 관할 방범용 CCTV인지는 당직실에서 확인이 불가하여 당직민원으로 등록하겠다고 답변함.
CCTV 열람 방법 등 유선상 안내 요망.",해당 부서 이첩,회계과,,complaints_2024.xlsx,회계과
2024,180,2024-12-05,,익명,불법주차단속 요청 / 노은동 ***-*번지 ,불법주정차 단속요청 및 담당부서 이첩,주차관리과,,complaints_2024.xlsx,주차관리과
2024,181,2024-12-05,,익명,로드킬 사체 처리요청 / 학하서로 *** 앞 쓰레기분리수거함 근처 상자안에 넣어둠. ,동물사체처리반 전달 및 해당부서 이첩,청소행정과,,complaints_2024.xlsx,청소행정과
2024,182,2024-12-04,,익명,"강아지 목줄 미착용 단속 요청
봉명동 홈플러스 인근 갑천산책로",담당 부서 이첩,지역산업과,,complaints_2024.xlsx,지역산업과
2024,183,2024-12-04,,익명,장대교 위 불법 주차 차량 단속 요청,담당 부서 이첩,주차관리과,,complaints_2024.xlsx,주차관리과
2024,184,2024-12-04,,익명,"유성IC삼거리 에서 유성 현충원 방향으로 현대오일뱅크 앞, 하수관 역류로 차량교행이 어려움(상수도)",시 당직실로 이첩(상수도) / 12.04. 08:39 시 현장출동팀에서 복구까지 1시간정도로 예상함,건설과,,complaints_2024.xlsx,건설과
2024,185,2024-12-03,,미상,북유성대로 *** 고라니 사체신고 ,동물사체처리반 전달 및 해당부서 이첩,청소행정과,,complaints_2024.xlsx,청소행정과
2024,186,2024-12-03,,미상,"세종에서 둔곡터널 방면, 터널진입 전 동물사체 신고(둔곡터널진입 전 구간단속 카메라 있는 곳)",동물사체처리반 전달 및 해당부서 이첩,청소행정과,,complaints_2024.xlsx,청소행정과
2024,187,2024-12-03,,익명,"엑스포로***번길 **번지 앞 보도블록 상에, 낙엽에 너무 많아 걷기가 힘들다고 하심.",해당 부서 전달,청소행정과,,complaints_2024.xlsx,청소행정과
2024,188,2024-12-03,,미상,"전민중학교 앞 도로변 주차시 낙엽이 치워지지 않은채로 방치되어 불만민원 신청
처리만 확실하게 요청하며 전화로 회신하는 등 처리 후 결과통보는 원치 않아 전화번호 기재하지 않음

>> 주차 후 내릴때 낙엽이 신발안으로 들어오는 등에 대한 불편사항으로 낙엽이 도로에 방치된 것으로 판단되어 건설과로 전달드립니다 -> 인도 내 낙엽 등 도로소관아닐 경우 해당부서로 이첩부탁드립니다.",해당부서 이첩,건설과,,complaints_2024.xlsx,건설과
2024,189,2024-12-03,,미상,"마을5 버스기사 불친절응대 신고
 -차량번호: ****(끝4자리/추정)
 -버스기사: 양승기
 -탑승시간: 19:20~19:30 경
 -민원내용: 버스정류장 앞에 승용차가 정차해있어 민원인이 정류장 바로 앞에서 버스를 타지못하고 멀리 떨어져 정차한 버스에 어렵게 탑승하였으나 버스기사가 한숨을 쉬는 등 불친절하게 응대하여 민원전화함
※민원인 번호 담당부서에 전달 관련해서는 따로 안내하지 않음 

",해당부서 이첩 ,교통정책과,,complaints_2024.xlsx,교통정책과
2024,190,2024-12-03,,[삭제],"화암동 **-*, 방향 표지판 빠짐 보수요청
(민원인이 임시조치는 하였다 함)",담당부서 이첩,건설과,,complaints_2024.xlsx,건설과
2024,191,2024-12-03,,[삭제],"송강동 **-* 공영주차장
카드리더기 고장, 차단기가 열리지 않아 출차 불가
(관리인 전화번호로 연락하였으나, 통화가 되지 않음) →010-****-****, 010-****-****",담당부서 이첩,주차관리과,,complaints_2024.xlsx,주차관리과
2024,192,2024-12-02,,미상,"궁동 ***-* 번지 앞  가로수 쓰러짐, 수거요청
(119 임시조치)
",담당부서 이첩,녹지산림과,,complaints_2024.xlsx,녹지산림과
2024,193,2024-12-01,,미상,원내로**번길** 수호커피 앞 주차장 사체(고양이) 수거 요청,담당부서 이첩,청소행정과,,complaints_2024.xlsx,청소행정과
2024,194,2024-12-01,,미상,유성지구대 옆 보도 위 불법 적치물(광고풍선/7080홍보)에 걸려 넘어져 정강이 부상 당함. 불법 적치물 조치 요청.(당직 휴대폰으로 관련 사진 전송한다 했는데 안옴),담당부서 이첩,건축과,,complaints_2024.xlsx,건축과
2024,195,2024-12-01,,[삭제],"대형폐기물 인터넷신청 취소요청
신청번호 : 빼기****-**** / 의자4개",담당부서 이첩,청소행정과,,complaints_2024.xlsx,청소행정과
2024,196,2024-12-01,,미상,장대동 ***-* / 황색 두줄선에 불법주차 ,불법주정차 단속요청 및 담당부서 이첩,주차관리과,,complaints_2024.xlsx,주차관리과
2024,198,2024-12-01,,미상,"볼라드, 도로표지판 손상 신고(누군가 차로 치고 간거같다고 하심)
주소: 원신흥동 ***, 빽다방 뒤쪽 횡단보도 ",담당부서 이첩,건설과,,complaints_2024.xlsx,건설과
2024,199,2024-12-01,,미상,관평천변로 지속적인 불법주정차 단속 요청 / 대책마련 필요하다고 의견 어필하심,주말단속반에 불법주정차 단속 요청 및 담당부서 이첩,주차관리과,,complaints_2024.xlsx,주차관리과
2024,200,2024-12-01,,미상,"흰색 실선으로 된 곳에 차량이 주차되어있어 본인차량 및 옆집에 주차된 차량 등 4대가 나가지를 못하는데, 구청에 전화를 하면 (같은 상황으로 어제도 전화하셨다고 하심) 흰색 실선에 주차된 차량이어서 불법 주정차가 아니라고 안내를 받는다며,  
주정차 문제 관련 몇번 이런일이 있어 불편함을 겪는다고 호소하심
장대동 ***-*",흰색 실선에 주차된 차량은 불법주정차 차량이 아니기에 도와드릴수 있는 점이 없다고 안내드림,주차관리과,,complaints_2024.xlsx,주차관리과
2024,202,2024-12-01,,[삭제],"방동 윤슬거리 데크길을 걸어서 주차장쪽으로 가던 중에, 중간에 공사를 해서 데크길을 내려오면서 갓길에 있는 낙엽을 밟고 넘어졌다고 하시면서 이에 대한 보상을 받을 수 있는지 물어보셨습니다. ",2곳이 지정이 안되어 관련부서 2곳 중 1곳으로 일단 지정함,공원과,,complaints_2024.xlsx,공원과
2024,203,2024-12-01,,미상,고양이사체 처리,펫레스규에 조치요청 및 담당부서 이첩,청소행정과,,complaints_2024.xlsx,청소행정과
2024,204,2024-11-30,,익명,"구즉로 **번길 **, 고양이 사체 처리요청",펫레스큐 전달 및 담당부서 이첩,청소행정과,,complaints_2024.xlsx,청소행정과
2024,205,2024-11-30,,익명,작은내 수변공원(봉명동 ****)에서 행사로 인한 소음발생,담당부서 이첩,푸른환경과,,complaints_2024.xlsx,푸른환경과
2024,206,2024-11-30,,익명,유기동물(진돗개) 구조요청,유기동물 구조 담당자 전달 및 담당부서 이첩,지역산업과,,complaints_2024.xlsx,지역산업과
2024,207,2024-11-30,,익명,대정동 ***-* 모다아울렛 주변 도로에 적치물(주차봉 등) 단속요청,담당부서 이첩,건설과,,complaints_2024.xlsx,건설과
2024,208,2024-11-30,,익명,도룡동 *-** 불법주정차 단속요청,담당부서 이첩,주차관리과,,complaints_2024.xlsx,주차관리과
2024,209,2024-11-30,,익명,상대동 ***-* 앞에 맨홀 분리로 인한 사고우려 / 소방서에선 출동하였음,담당부서 이첩,건설과,,complaints_2024.xlsx,건설과
2024,210,2024-11-30,,익명,장대동 ***(드림월드아파트) 주변 및 장대초등학교 인근 낙엽청소 요청,담당부서 이첩,청소행정과,,complaints_2024.xlsx,청소행정과
2024,211,2024-11-30,,익명,"봉명동 ***, 불법주정차 단속요청",주말 단속반 전달 및 담당부서 이첩,주차관리과,,complaints_2024.xlsx,주차관리과
2024,212,2024-11-30,,익명,"장대교, 유성시장쪽 불법주정차 단속요청",주말 단속반 전달 및 담당부서 이첩,주차관리과,,complaints_2024.xlsx,주차관리과
2024,213,2024-11-30,,익명,심폐소생술 교육 이수증 발급받고 싶음,담당부서 이첩,재난안전과,,complaints_2024.xlsx,재난안전과
2024,214,2024-11-30,,진잠파출소,"교촌동 ***-* 빌라주변 옹벽에 대나무 6그루
벌목을 하였음******-*******, 010-****-****)",담당부서 이첩,도시계획과,,complaints_2024.xlsx,도시계획과
2024,215,2024-11-30,,익명,성북동 ***-* 앞에 다리지나서 있는 가로등 누전우려가 있음,담당부서 이첩,건설과,,complaints_2024.xlsx,건설과
2024,216,2024-11-30,,익명,구암동 ***(구암역 3번출구쪽) 불법주정차 단속요청,주말 단속반 단속요청 및 담당부서 이첩,주차관리과,,complaints_2024.xlsx,주차관리과
2024,217,2024-11-30,,익명,원신흥동 *** 불법주정차 단속요청,주말 단속반에 전달 및 담당부서 이첩,주차관리과,,complaints_2024.xlsx,주차관리과
2024,218,2024-11-30,,익명,지족북로 **(천주교 성당 앞)에 도로 양옆에 불법주정차 단속요청,주말 단속반에 이첩,주차관리과,,complaints_2024.xlsx,주차관리과
2024,220,2024-11-29,,[삭제],"19시 7분경 충남대학교 앞 버스정류장에서 마을1번 버스를 타려고 대기중이었는데,  버스가 정류장에 정차하지 않고 지나감. 담당 부서에 조치 요청.",담당부서 이첩,교통정책과,,complaints_2024.xlsx,교통정책과
2024,221,2024-11-29,,한국전력공사,"- 위치 : 전민로 **(전민동주민센터 버스정류장 바로 앞)
- 내용 : 가로등 전선에서 스파크가 발생하는 것을 민원인이 목격. 한전에서 현장 방문하니 스파크는 발생하지 않고 가로등이 점멸된 상태로 확인됨. 추후 가로등 수리 요망. ",해당 부서에 당직민원 전달,건설과,,complaints_2024.xlsx,건설과
2024,223,2024-11-29,,유성지구대,"온천서로 **, 술값 시비를 중재하기 위해 출동하였다가 보건증 없이 접대등을 한 사항을 적발함. 
이와 관련하여 과태료 부과가 가능한지에 대한 문의
유성지구대 경위 ***",담당부서 이첩,위생과,,complaints_2024.xlsx,위생과
2024,224,2024-11-29,,익명,어은로 **번길 **에서 교통사고 당한 고양이를 발견함. ,유기동물 구조 담당자에게 해당사항 전달,지역산업과,,complaints_2024.xlsx,지역산업과
2024,225,2024-11-28,,익명,장대교 앙옆으로 차량들이 주차되어 있어 주정차 단속을 요청함,야간 단속반(B팀)에 주차단속 요청함(19:41),주차관리과,,complaints_2024.xlsx,주차관리과
2024,226,2024-11-28,,성명불상자,"노은동 열매 *단지 쪽에 대각선 주차
열매 *단지에서 우체국 가는 길 쪽에 주차단속 해달라는 민원
민원인 연락처 미상",담당부서 전달,주차관리과,,complaints_2024.xlsx,주차관리과
2024,227,2024-11-28,,익명,18시 50분경 노인복지회관 지나가는 마을버스3번이 승객을 보고도 지나침,담당부서에 이관,교통정책과,,complaints_2024.xlsx,교통정책과
2024,228,2024-11-27,,익명,"온천북로 **번길 ** 주변 소음/ 주택 인근에서 소음을 유발하는 유흥업소(또는 노래연습장)이 운영되는 것이 적법한지 문의하심
(전화 전에 문자로 먼저 남겨달라고 요청하심)",담당부서 이첩,푸른환경과,,complaints_2024.xlsx,푸른환경과
2024,229,2024-11-27,,[삭제],"가수원에서 원신흥방향 제설작업하면서
신호대기마다 염화칼슘 살포를 꺼야하는데 안꺼서
신호대기장소마다 쌓여있음",담당부서 이첩,건설과,,complaints_2024.xlsx,건설과
2024,231,2024-11-26,,익명,"구암동 포장도로 공사중인 박산로 
임시도로 상태가 안 좋아 주민들 차량손상이 우려됨",담당부서 이첩,건설과,,complaints_2024.xlsx,건설과
2024,232,2024-11-26,,미상,도안동로 근처 천변 자전거도로 자전거 보관소 번호 22-675 상판 유리 깨짐,담당 부서 이첩,건설과,,complaints_2024.xlsx,건설과
2024,233,2024-11-26,,반석초등학교,반석*단지계룡리슈빌 근처 자전거전용도로 표지판 기울어져 거의 누워있다고 함,담당 부서 이첩,건설과,,complaints_2024.xlsx,건설과
2024,234,2024-11-26,,미상,"유성대로 ***번길 **, 보훈회관 공사 소음 조치 요망",담당 부서 이첩,푸른환경과,,complaints_2024.xlsx,푸른환경과
2024,235,2024-11-25,,미상,"유성대로 ***번길전체 가로등 고장(23일 토요일부터 고장났다고 함), 빠른 조치 요망",담당부서 이첩,건설과,,complaints_2024.xlsx,건설과
2024,236,2024-11-25,,익명,"오피스텔 동대표 자격요건에 대해 문의(구청 업무 아닌 것 같다고 안내 드렸으나, 관련부서 설명을 원하심)",담당부서 이첩,건축과,,complaints_2024.xlsx,건축과
2024,237,2024-11-25,,익명,"원신흥동 홍도초등학교와 계단으로 연결된 홍도어린이공원에 있는 대리석이 고정되어 있지 않아서 위험해 보임. 우선 임의로 맞춰놓기는 하셨지만 아이들이 놀다가 다칠 수 있을 것 같아
보수를 요청하심",담당부서 이첩,공원과,,complaints_2024.xlsx,공원과
2024,238,2024-11-25,,익명,"도안 *단지와 *단지 사이 고가도로에서 노인일자리 교통지도해주시는 노인분이 보도블럭 아래까지 내려오셔서 교통지도를 하셔서 운전자 입장에서 위험해보여
담당부서의 당부 및 재교육을 요청.",담당부서 이첩,노인장애인과,,complaints_2024.xlsx,노인장애인과
2024,239,2024-11-25,,익명,통장으로 **만원이 입금되었는데(입금명세 : 한부모가족***) 어떤 지원금인지 문의 / 9시에 전화주시기를 요청함.,온천1동행정복지센터 담당자 연락 및 담당부서 접수,온천1동,,complaints_2024.xlsx,온천1동
2024,240,2024-11-25,,유성지구대,유성IC 나오는 방향에서 바로 우회전 하는 횡단보도 앞 30~40cm 포트홀,해당부서 전달,건설과,,complaints_2024.xlsx,건설과
2024,241,2024-11-24,,미상,장대동 공영주차장 인근 페인트 냄새,담당부서 전달,푸른환경과,,complaints_2024.xlsx,푸른환경과
2024,242,2024-11-24,,익명,"상대동 아이파크시티 *,*단지와 복용초등학교 사이 특정 장소에서 타는 듯한 냄새가 아침, 저녁으로 남. 원인 파악 및 문제 해결 요청",담당부서 이첩,푸른환경과,,complaints_2024.xlsx,푸른환경과
2024,243,2024-11-24,,익명,전민초등학교 정문 앞에 불법주정차 차량 있음. 견인 요청,주말단속반 문자 전달 및 담당부서 이첩,주차관리과,,complaints_2024.xlsx,주차관리과
2024,244,2024-11-24,,익명,대광로제비앙 악취 민원신고 / 순찰요청,담당부서 이첩,푸른환경과,,complaints_2024.xlsx,푸른환경과
2024,245,2024-11-24,,미상,"장대동 푸르지오 인근 공영주차장 옥상 페인트 작업으로 인한 냄새, 집에서 있기 힘들어 숙박비 지원 등 피해 보상안 있는지 문의",담당부서 전달,주차관리과,,complaints_2024.xlsx,주차관리과
2024,246,2024-11-24,,익명,장대동 푸르지오 아파트 ***~***동 앞 연립주택이 밀집해 있는 곳에서 원인 미상의 악취가 나서 신고함,담당부서 이첩,푸른환경과,,complaints_2024.xlsx,푸른환경과
2024,247,2024-11-24,,대전관제센터,교촌동 ***번지 교촌1공원 화장실 옆 화단에 있는 돌을 아이들이 통행하는 쪽으로 빼놔서 주민들이 다칠 위험이 있다고 대전관제센터에서 연락옴. 빠른 조치 요망. ,해당부서 이첩,공원과,,complaints_2024.xlsx,공원과
2024,248,2024-11-24,,미상,"본인 옆집 80대 혼자 사시는 할머니집에 주인 모르는 개가 새끼를 낳고 가버림. 할머니는 이 개들을 어떻게 처리할까 고민이라고 하셔서 문의 하심. 1~2일 내에 해결 요망
할머니분 번호: 042-****-****",해당부서 이첩,지역산업과,,complaints_2024.xlsx,지역산업과
2024,249,2024-11-24,,[삭제],계룡에서 진잠동 가는 서대전 톨게이트쪽 차량정체가 매우 심함. 도로체계 등 보완하여 해결 촉구,해당부서 이첩,대전광역시,,complaints_2024.xlsx,대전광역시
2024,250,2024-11-24,,미상,DCC쪽 팜플렛 및 음주운전 관련 현수막 등 제거 요청 ,해당부서 이첩,건축과,,complaints_2024.xlsx,건축과
2024,251,2024-11-24,,익명,신세계백화점 뒤편 불법주정차 단속 요청,단속반 전달 및 담당부서 이첩,주차관리과,,complaints_2024.xlsx,주차관리과
2024,252,2024-11-23,,미상,온천1동행복센터 무인민원발급기에서 가족관계증명서 발급중 고장으로 결제 후 출력물 못받음. ,담당부서 이첩,민원여권과,,complaints_2024.xlsx,민원여권과
2024,253,2024-11-23,,미상,개별주택조사로 방금 방문한 공무원에 대한 민원(신원 밝힘 없이 들어와서 집 사진 찍는 등 민원 제기) 담당자 월요일 통화 급히 요망,담당부처 이첩,세원관리과,,complaints_2024.xlsx,세원관리과
2024,254,2024-11-23,,미상,도룡동 성심당 근처 불법 주정차 단속 요청. 여러차레 신고했으나 개선되지 않고 있음,담당부서 이첩,주차관리과,,complaints_2024.xlsx,주차관리과
2024,255,2024-11-23,,미상,지족로***번길(지족동 kb콜센터 주변) 도로 글레이팅 관련 민원 (민원인 전화요망),담당부서 이첩,건설과,,complaints_2024.xlsx,건설과
2024,256,2024-11-23,,미상,"대전반려동물공원 관련 민원: 시 소관인줄은 아나, 유성구 담당직원에게도 민원 전달 바람(관련 봉사자 업무 미이숙 등 / 민원인 전화요망)",담당부서 이첩,지역산업과,,complaints_2024.xlsx,지역산업과
2024,257,2024-11-23,,미상,지하수 신고 관련 문의 / 전화 바람,담당부서 이첩,건설과,,complaints_2024.xlsx,건설과
2024,258,2024-11-23,,미상,"월드컵경기장 인근 대형버스 단속요청 / 사고 유발
- 점멸신호등이라 더욱 위험하다고 함",담당부서 이첩,교통정책과,,complaints_2024.xlsx,교통정책과
2024,259,2024-11-23,,[삭제],"신구교 주변, 관평동~송강동 가는 길, 대동 주변 불법 현수막 점검 요청 / 민원인전화요망",담당부서 이첩,건축과,,complaints_2024.xlsx,건축과
2024,261,2024-11-23,,미상,송강동 송강프라자 옆 공영주차장 관련 주차차단기 잦은 오작동으로 차량 나가는 것이 힘들며 관리자에게 연락을 하였으나 연락 또한 어려움. 민원인 전화 요망,담당부서 이첩,주차관리과,,complaints_2024.xlsx,주차관리과
2024,262,2024-11-23,,미상,상대동 트리풀시티 *~*단지 사이 불법 현수막 점검 요청,담당부서 이첩,건축과,,complaints_2024.xlsx,건축과
2024,263,2024-11-22,,미상,홈플러스 무인민원발급기 고장 신고,담당부서 이첩,민원여권과,,complaints_2024.xlsx,민원여권과
2024,265,2024-11-22,,미상,장대교 위 양쪽으로 불법주정차가 심하다며 단속요청. 또한 평소에도 불법주정차가 많다며 상시 단속 요청함.,단속팀 전달 및 관련부서 이첩,주차관리과,,complaints_2024.xlsx,주차관리과
2024,267,2024-11-21,,미상,아파트 내 허가된 각설이 분이 오셔서 시끄럽게 하는데 일정 데시벨이상 넘어가면 단속을 할 수 있는지 문의함,해당부서 이첩,푸른환경과,,complaints_2024.xlsx,푸른환경과
2024,268,2024-11-21,,미상,장명교 불법주정차 단속 요청,해당부서 이첩(평소 단속 요청),주차관리과,,complaints_2024.xlsx,주차관리과
2024,269,2024-11-21,,아파트 동 대표,대정동 드리움아파트 *단지 붕어빵 장사 불가한 이유 알려달라고 함(아파트 동대표는 허락했다고 함),해당부서 이첩,위생과,,complaints_2024.xlsx,위생과
2024,272,2024-11-21,,미상,*** ****** 아동 출산물품 꾸러미 변경 요청,해당부서 이첩,사회돌봄과,,complaints_2024.xlsx,사회돌봄과
2024,273,2024-11-21,,미상,"20일 오후 온천1동 동사무소(042-****-****)으로 유선연락하여 몰래카메라관련 내용을 문의하였으며 전화응대자가 담당자에게 전달하여 연락조치하겠다고 하였다고 안내받음
그러나 18시까지 연락이 오지않아 저녁 다시연락하였으나 통화가 되지않아 새벽에 재차 전화하여 당직실로 연결되어 해당내용 접수요청하며 담당자에게 오전 중 연락요청",담당부서 이첩,온천1동,,complaints_2024.xlsx,온천1동
2024,274,2024-11-21,,119 종합상황실 ***,하기동 ***번지 불,재난상황실 전달,재난안전과,,complaints_2024.xlsx,재난안전과
2024,278,2024-11-20,,미상,"봉명동에서 상한음식을 다수 서빙하여 섭취 후 이상증세 호소에 따라 조치요망
민원인에게 시료 인계받아서 당직실 냉장고에 보관하였으며 익일 위생과로 인계 예정","민원인에게 시료 전달받음. 위생과 전달예정
담당부서이첩",위생과,,complaints_2024.xlsx,위생과
2024,279,2024-11-20,,익명,"봉산동 ***-*번지 건물주이며 본인 건물에 주차된 차량 중 렌트카가있는데 연락처도없고 주차가 통행에 어려움을 주고있음(통행은가능) 
차주와 이야기나눠 해결하고싶으나 연락수단이없어 당직민원 요청하여 익일 전화요청",담당부서 이첩,주차관리과,,complaints_2024.xlsx,주차관리과
2024,280,2024-11-20,,미상,은구비서로 **번길 ** 불법주정차 주기적 단속요청,해당부서 이첩,주차관리과,,complaints_2024.xlsx,주차관리과
2024,281,2024-11-20,,미상,한우물로 *  인근(유성대로 -> 교도소 방향 우회전 인근) 교통사고 방치차량 있어서 차량통행 어려움. 처리요망,관련부서 이첩,건설과,,complaints_2024.xlsx,건설과
2024,282,2024-11-20,,익명,전민동 푸른아파트 ***동 배정 초등학교 문의,해당부서 이첩,전민동,,complaints_2024.xlsx,전민동
2024,283,2024-11-20,,[삭제],수급자인데 입금된 금액이 기존에 입금되던 금액과 달라서 문의,해당부서이첩,진잠동,,complaints_2024.xlsx,진잠동
2024,285,2024-11-19,,[삭제],"- 유성구청 주변 현수막은 허가(승인 등)를 받고 걸어 놓은것인지
- 허가(승인 등)를 받지 않고 걸어놓은것이라면 왜 철거, 단속 등을 하지 않는지 
답변 전화 요청",담당부서 처리 요청,건축과,,complaints_2024.xlsx,건축과
2024,286,2024-11-19,,진잠파출소,청소년 주류 판매로 신고 (대전 유성구 진잠로**번길 ***),담당부서 이첩,위생과,,complaints_2024.xlsx,위생과
2024,287,2024-11-18,,익명,신성동 충렬사 삼거리 쪽 가로등이 점등되지 않음,- 담당부서 이첩,건설과,,complaints_2024.xlsx,건설과
2024,288,2024-11-18,,미상,현충원을 지나고 계룡시로 들어가는 (동학사쪽이 아니고 좌측방향 ) 계룡시에 가까운 가로수 가지치기 해달라고 하심 (정확한 위치는 다시 전화하신다하심),"가로수 담당 부서와 전화 번호 알려달라 하셔서 알려드림.
담당부서 이첩",녹지산림과,,complaints_2024.xlsx,녹지산림과
2024,289,2024-11-18,,[삭제],"11.14. 21:30-23:00 CCTV 자료 보관요청
cctv 관리번호 ****-****/ 구암동 ***-**
오전중 통화 요망",해당부서이첩,주차관리과,,complaints_2024.xlsx,주차관리과
2024,291,2024-11-17,,익명,노은동 ***-* // 금요일부터 내놓은 음식물 쓰레기 수거가 되지 않아서 수거 요청 부탁,담당부서 이첩,청소행정과,,complaints_2024.xlsx,청소행정과
2024,292,2024-11-17,,익명,"치킨집에서 메뉴판에 없는 세팅비를 받으셔서 
메뉴판에 표기되어 있지 않은 돈을 받았을 때의 행정조치에 대해 문의 하심",담당부서 이첩,위생과,,complaints_2024.xlsx,위생과
2024,296,2024-11-17,,익명,"14시33분 한들어린이공원 테크노*단지에서 *단지 가는 방향(cctv에 촬영됐을 것) 목줄없이 산책중인 개(대형견은 아님)
상습적이며 신고인의 자녀도 이전에 해당 개에 의해 물림 사고 당할뻔 했음. 견주에게 직접 항의했으나 소용없었음.
조치 후 조치 결과 전화 회신 요청.
지역산업과 담당자(2133)와 같은 건으로 통화한 적 있음.",담당 부서 이첩,지역산업과,,complaints_2024.xlsx,지역산업과
2024,297,2024-11-17,,익명,"'가구주택기초조사'를 한다면서 자택에 유성구청 명찰을 한 조사원이 방문하여 농사를 짓고 있는지 여부를 확인하고 갔다고 함.
'가구주택기초조사'가 도대체 무엇인지 무슨 관련이 있어서 농사 여부를 왜 확인하는 것인지 상세한 설명을 담당자에게 통화 회신 원함.",담당 부서 이첩,기획예산과,,complaints_2024.xlsx,기획예산과
2024,299,2024-11-17,,익명,"수통골 초입(수통골로 *) 다리 진입시 대형버스가 회전할때 후진할 수 밖에 없는데 후진 시 조경수 훼손 등이 걱정되어 안내판 설치 관련하여 8월경 담당자(남자)와 전화통화를 했었다고함. 당시에 담당자가 현장에 나와본다고도 했었는데, 아무 조치가 없었다고 함. 결국 오늘 대형버스가 후진하다가 조경수 훼손 및 잔디등 파손 사고 발생함. 담당자와 통화 원하심. ",관련부서 이첩,건설과,,complaints_2024.xlsx,건설과
2024,304,2024-11-16,,익명,"유성시장 농협중앙회 부근 인도에 적치물로 인하여 장애인의 도로 이용이 어려움
※ 민원인이 전화 회신은 하지 않길 바람",담당부서 이관,건설과,,complaints_2024.xlsx,건설과
2024,305,2024-11-16,,유성지구대,유성지구대 신고사항. 구암동 인삼어린이공원 가로등 전체 안들어옴 조치바람.,부서이첩,공원과,,complaints_2024.xlsx,공원과
2024,306,2024-11-16,,익명,"엑스포로 ***번길icc웨딩홀 앞 3거리에 1차선을 막고 있어서 좌회전을 2차선에서 해야해서 위험하다고 함.
icc에서 1차선 통제하지말라고 제재부탁함.",담당부서 이첩,교통정책과,,complaints_2024.xlsx,교통정책과
2024,307,2024-11-16,,익명,"봉산동 ***-*번지 주현빌라 하수구가 역규하여 주차장이 물난리가남.
제작년에 유성구청 에서 처리해줬다고 (010-****-**** 유성구청 직원 번호) 올해도 해달라고 하심.
전화요망",담당부서 이첩,건설과,,complaints_2024.xlsx,건설과
2024,308,2024-11-16,,[삭제],"유성온천역4거리 2시30분경 단속차량이 차량진로 방해 해서 민원접수 
단속차량이 차량진로방해를 해도 되는건지 규정이 있는지 자세히 답변바란다고 화내심.
전화요망.",답당부서 이첩,주차관리과,,complaints_2024.xlsx,주차관리과
2024,309,2024-11-16,,익명,"금고동 쓰래기 매립장 공사중이여서 먼지가 많아 불편을 느끼심. 빠른시일내로 (1시간내로 처리) 처리 해달라고 화내심.
지금은 처리할수 없고 담당부서에 이첩하겠다고 말씀드렸으나 막무가내로 화내심. ",담당부서 이첩,푸른환경과,,complaints_2024.xlsx,푸른환경과
2024,310,2024-11-16,,익명,파머스마켓 앞 도로에 천막을 쳐서 진로에 방해가 됨. 처리 요망,담당부서 이첩,건설과,,complaints_2024.xlsx,건설과
2024,311,2024-11-16,,미상,"봉명동 ***-* 일반쓰레기 및 음식물쓰레기 매번 안가지고 간다고함.
-처리 후 연락달라고 하심(010-****-****)",담당부서이첩,청소행정과,,complaints_2024.xlsx,청소행정과
2024,312,2024-11-16,,익명,"반석천 주변 노은 꿈에  그린 인근 산책로(군수사령부에서 반석초 인근까지 500m정도)에 안전장치없이 포크레인과 트럭이 이동하며 공사중
안전장치없이 2달간 공사가 지속되어 위험한 상황이라 민원을 접수했다고 함.
5번째 민원을 넣었는데 해당과 해당 담당자는 연락 한번 안해준다고 많이 화가나심.",담당부서 이첩,재난안전과,,complaints_2024.xlsx,재난안전과
2024,313,2024-11-16,,미상,"노은서로***번길 ** 앞쪽 주차장입구에 폐기물 처리 요청
-폐기물 무단적치 된지 오래되었다고함. 주말(11/17)에 중요한 행사가 있어서 빠른처리요청
-042-****-**** 연락했으나 차가 없다고 다음주에 해준다고함.",담당부서이첩,청소행정과,,complaints_2024.xlsx,청소행정과
2024,314,2024-11-15,,미상,"온천서로 *을 이용하려 하는데 차량이 너무 크다며 경비원에게 주차거부당함, 
차종은 아반떼보다 작은 사이즈로 거부할 만한 합당한 이유가 없으며, 이것에 대해 신고하고 싶음 (연락 회신 바람)",관련 민원사항 해당 건물 관리자에게 전달할 예정임을 안내드림,건축과,,complaints_2024.xlsx,건축과
2024,315,2024-11-15,,미상,계백로 ***(진잠근린공원) 남자화장실 2칸 변기 막힘 -> 조치 바람,담당부서 이첩,공원과,,complaints_2024.xlsx,공원과
2024,316,2024-11-14,,미상,"아파트 단지 내 목줄 착용은 하였으나, 입마개 미착용한 강아지가 있어서 불편하시다고 하는데 견종에 대한 설명은 없으셨습니다.
전화 요청 하셨으며 입마개 착용이 필수인 견종이나 과태료 대상에 대해서 설명이 필요할거 같습니다.",담당부서 이첩,지역산업과,,complaints_2024.xlsx,지역산업과
2024,317,2024-11-14,,미상,유성구 테크노*로 **-** 회사에 까치둥지가 들어서 포획 및 처리요청,담당부서 이첩,푸른환경과,,complaints_2024.xlsx,푸른환경과
2024,318,2024-11-14,,119상황실,"도룡동 ***번지 대덕교회 맞은 편, 차선분리 봉이 몇 개 빠져있어 수거 및 재설치 요청",담당부서이첩,건설과,,complaints_2024.xlsx,건설과
2024,319,2024-11-14,,미상,"유성고등학교 앞 진터 어린이 공원 앞 공사 소음이 심하다고 하심.
수능날이니 더욱 주의 부탁하심.",해당부서 이첩,푸른환경과,,complaints_2024.xlsx,푸른환경과
2024,320,2024-11-13,,미상,"헬스장(체력단련장업)이 생활스포차지도사 자격증이 있는 직원이 상주하지 않고 불법운영하고 있다고 함.
관련 부서에서 2번 현장조사를 갔는데 운이 좋아 걸리지 않았기에 한 번 더 불시에 방문해주길 원함. (말하시기로는 주말에 더 없다고 주말에 조사해주시길 바람...)
조치 일자를 확답 들으시길 원하며 빠른 시일내에 조치 후 결과를 꼭꼭 전달받으시길 원하심.",해당부서 이첩,문화관광체육과,,complaints_2024.xlsx,문화관광체육과
2024,321,2024-11-13,,미상,불이 안 들어옴. 11/12 자로 담당자랑 통화하셨다고 하셨지만 아직 조치가 안 되었다고 한 번 더 전달해달라고 하심.,해당 부서 이첩,공원과,,complaints_2024.xlsx,공원과
2024,322,2024-11-13,,미상,삼양사중앙연구소 버스정류장(한국천문연구원 방면) 낙엽이 많아 버스에서 내릴때 발을 헛디딤. 청소요망(010-****-****),담당부서 이첩,청소행정과,,complaints_2024.xlsx,청소행정과
2024,323,2024-11-13,,미상,탑립동 *** 도로 (탑립동 *** 옆) 꿩 사체발견,담당부서 이첩,청소행정과,,complaints_2024.xlsx,청소행정과
2024,324,2024-11-12,,미상,궁동***-* 지하도로 불법현수막 제거요청,담당부서 이첩,건축과,,complaints_2024.xlsx,건축과
2024,325,2024-11-12,,미상,"용산동 ***-** 일원 새벽까지 통신공사 소음 발생. 구에서 허락 받고 하는건지 문의.

(skt, kt, lg 통신공사를 위한 굴착 작업 중으로 민원인이 확인 결과, 13일 새벽2시까지 작업해야 한다고 공사관계자가 말했다고 합니다. )",담당부서 이첩,건설과,,complaints_2024.xlsx,건설과
2024,327,2024-11-12,,미상,주민등록 변경 관련 구청 담당자 통화 요청,해당 부서로 이첩,마을자치과,,complaints_2024.xlsx,마을자치과
2024,328,2024-11-12,,미상,전민로 **-* 일원 불법 주차 단속 요청,해당 부서로 이첩,주차관리과,,complaints_2024.xlsx,주차관리과
2024,329,2024-11-12,,[삭제],"불법소각 관련 민원
 - 위   치: 교촌초등학교 뒤편
 - 민원인: 제이파크아파트 입주자 가 소방서에 연락해서 당직실로 연결  
 - 상   황: 소방서 출동하여 조치중에 있으나 해당 소각인이 막무가내로 소각한다고 함  / 소방서 출동관계자: 010-****-****.
 - 조   치: 해당 팀에게 연락 후 인계

 
 ",해당 부서로 이첩,청소행정과,,complaints_2024.xlsx,청소행정과
2024,330,2024-11-12,,미상,전민동***-* 렌트카(**호****) 장시간 주차로 통행에 방해됨,담당부서 이첩,주차관리과,,complaints_2024.xlsx,주차관리과
2024,331,2024-11-12,,미상,서당골근린공원(죽동 ***)에 고라니사체 //죽동칸타빌 ***동 쪽이라고 하심,담당부서이첩,공원과,,complaints_2024.xlsx,공원과
2024,333,2024-11-11,,미상,"전민동 성당, 엑스포코아 사이도로에서 노점상(오뎅) 단속 요청 ",담당부서 이첩,건설과,,complaints_2024.xlsx,건설과
2024,334,2024-11-11,,미상,봉산동 로제비앙 아파트 // 탄냄새가 난다고 함,해당부서이첩,푸른환경과,,complaints_2024.xlsx,푸른환경과
2024,335,2024-11-11,,미상,아침 7시부터 데시벨 90?이상으로 공사를 해서 시끄럽습니다. 궁동 ***-*번지,해당부서로 이첩,푸른환경과,,complaints_2024.xlsx,푸른환경과
2024,336,2024-11-10,,유성지구대,볼라드 파손 // 계룡로*** // 대국건설산업 건물 입구에 놓아두었다고 함,해당부서 이첩,건설과,,complaints_2024.xlsx,건설과
2024,337,2024-11-10,,익명,"대전광역시 유성구 용계동 ***-** 쓰레기 불법 소각중(매연 발생)
",주말단속반 단속 요청,청소행정과,,complaints_2024.xlsx,청소행정과
2024,338,2024-11-10,,익명,현대아울렛 주변 불법주정차 단속요청,주말단속반 조치요청,주차관리과,,complaints_2024.xlsx,주차관리과
2024,339,2024-11-10,,익명,"관평동 **** 맞은편 천변쪽 불법주정차로 인하여 교통마비
근본적인 대책이 필요할거같음",주말단속반 요청 및 해당부서 이첩,주차관리과,,complaints_2024.xlsx,주차관리과
2024,341,2024-11-10,,익명,도룡동 *-**번지 일원(성심당 icc점 앞) 불법주정차가 심함,주말단속반 불법 주정차 단속 요청,주차관리과,,complaints_2024.xlsx,주차관리과
2024,343,2024-11-10,,익명,"도안네거리(라도무스쪽) 불법주정차들이 많아  목대->충대방향쪽으로 우회전하기가 매우어려움 
주말마다 같은 현상이 발생하여 조치가 필요함",해당부서 이첩,주차관리과,,complaints_2024.xlsx,주차관리과
2024,344,2024-11-10,,익명,호미어린이공원 화장실 옆에 24시간 불법주차 단속요망(010-****-****),담당부서 이첩,주차관리과,,complaints_2024.xlsx,주차관리과
2024,345,2024-11-10,,익명,"유성구 장대동 ***,  하이마트하고 드림월드아파트사이에 낙엽이 많이 떨어져있음 청소요망. (010-****-****)",담당부서 이첩,청소행정과,,complaints_2024.xlsx,청소행정과
2024,346,2024-11-10,,익명,용산동 산**-**번지 일원(용산동 호반써밋 ***동 맞은편이라고 하셨음)에 며칠전부터 공사를 하고있는데 절개지에서 토사유출 등 위험해보여서 현장점검 요청하셨음,해당부서 이첩,공원과,,complaints_2024.xlsx,공원과
2024,347,2024-11-10,,익명,"휴먼시아 **단지 ****동앞 잔디밭에 한달전쯤부터 비둘기 수십마리 서식중, 모이주는 사람이 있는듯함. 처리후 유선연락요청(010-****-****)",담당부서 이첩,푸른환경과,,complaints_2024.xlsx,푸른환경과
2024,349,2024-11-10,,미상,성북동 **-*번지 (성북 3통마을회관 일원) 농지에 며칠전 발효되지 않은 축분을 다량(대형차량 10대분량) 두어 냄새가 심하다고 함,해당부서 이첩,지역산업과,,complaints_2024.xlsx,지역산업과
2024,350,2024-11-10,,[삭제],"유성IC근처 '위성주유소'에서 4000원치 결제됐으나 차량 주행가능거리에 변동없음-> 사무실에 문의했으나 다툼발생, 사기치는거같다고 하심
주유제대로 되고있는지 확인후 월요일 연락요구함",담당부서 이첩,지역산업과,,complaints_2024.xlsx,지역산업과
2024,351,2024-11-09,,[삭제],"**구**** 싼타페 은색차량에 구 장애인 주차표지판을 소지하고 다니는 것으로 확인.
적정한 표지판인지 확인 후 갱신대상이면 갱신안내
(장애인 주차구역에 주차를 하지 않았으나, 민원인이 장애인주차표지판을 허위로 사용한다고 경찰에 신고를 한 상황이며 경찰서에서는 허위 공문서위반혐의는 확인되지 않는다며 종결, 민원인에게는 별도 안내는 필요없음)",해당부서이첩,노인장애인과,,complaints_2024.xlsx,노인장애인과
2024,352,2024-11-09,,족욕장 이용자,족욕장에 발말리는 에어펌프의 호스가 없어서 연락 (수선 예정이라 없는 거면 다시 재설치만 해달라고 하심),담당부서 이첩,공원과,,complaints_2024.xlsx,공원과
2024,353,2024-11-09,,[삭제],"송강동 명성교회 앞. 대로변에 불법 주정차가 너무 많아 통행에 위험함.
그동안 여러번 시정요구하였으나 개선된 점 없음. 어떤 방식으로든 조치되기를 원함.",해당부서 이관.,주차관리과,,complaints_2024.xlsx,주차관리과
2024,354,2024-11-09,,미상,유성구 구암동 ***-* 벨포스트 건물 앞 공영주차장 옆 고양이 사체 1구. 처리 요망.,동물사체신고 업체에 해당 내용 전달 및 해당부서 이첨.,청소행정과,,complaints_2024.xlsx,청소행정과
2024,357,2024-11-09,,익명,송강동 구즉도서관 가기전 등산로 고라니 사체 처리 요망,동물사체처리업체 전달 및 담당부서 이첩,청소행정과,,complaints_2024.xlsx,청소행정과
2024,358,2024-11-09,,유성경찰서,추목동 ***-* 도로변 고라니 사체 처리 요청,동물사체처리 업체 전달 및 담당부서 이첩,청소행정과,,complaints_2024.xlsx,청소행정과
2024,359,2024-11-09,,[삭제],"계산동 마을회관 앞 도로로 덤프트럭이 운행하면서 흙이 계속 떨어지고 이로 인하여 먼지 발생하여 불편함. 
인근 캠핑장으로 덤프트럭이 오가는 것 같다고 함. 민원처리 요청함.",해당부서이첩,푸른환경과,,complaints_2024.xlsx,푸른환경과
2024,360,2024-11-09,,[삭제],"북대전IC 만남의 광장 근처 불법현수막이 너무 많아 지저분하고 위험함.
철거후 민원인에게 전화로 결과 보고 해달라고 함.",해당부서 이첩.,건축과,,complaints_2024.xlsx,건축과
2024,361,2024-11-09,,[삭제],"용계동 트위넌스 공사현장 근처(푸르지오, 우미린) 이면도로를 덤프트럭이 몇 백번을 다니는데 너무 위험하다고 함.
본인이 알아보기로는 푸르지오 건설현장의 흙을 우미린 공사현장으로 옮기는 것인데, 큰 도로도 아니고 좁은 이면도로를 너무 많이 지나가서 소음 및 분진으로 매우 불편함.",해당 부서 이첩,푸른환경과,,complaints_2024.xlsx,푸른환경과
2024,362,2024-11-09,,119,"자운로**번길 ***, 자운대아파트 ***동 앞 / 들개2마리가 고라니를 죽이고 누워있다.",팻레스큐 전화 후 동물 사체신고 접수대장 작성,청소행정과,,complaints_2024.xlsx,청소행정과
2024,363,2024-11-09,,유성지구대 *** 경위," ******-*******, 유성구 원신흥로**번길 **-**, ***호, 010-****-****
3개월간 아무것도 못먹은 상태로 거동을 못하여 옆으로 누워만 있으며, 거실에서 대소변을 보는 등 상태가 좋지 못함.
경찰에 신고가 들어와 소방서와 같이 방문하였으며, 당장은 119에서 응급후송 가능한 병원 알아보는 중인데 본인은 입원을 거부하는 중.
복지 관련 지원이 필요해보임",담당부서 이첩,생활보장과,,complaints_2024.xlsx,생활보장과
2024,364,2024-11-08,,진잠파출소 *** 경위,"도안북로 **-* 5층, 사장 *** 미성년자 술먹고있어서, 진잠파출소 *** 경위 청소년 보호법으로 출동함 행정처분 요청
",당직민원접수,위생과,,complaints_2024.xlsx,위생과
2024,365,2024-11-08,,[삭제],"신성동행정복지센터 / 17시 40분 쯤 지방세세목별과세증명서, 주민등록등본을 발급받으시면서 따로 가져갔던 문서를 민원대 데스크에 놓고 왔는데, 월요일날 찾으러 가고 싶음 / *** 주사님께 발급받음",담당부서 이첩,신성동,,complaints_2024.xlsx,신성동
2024,366,2024-11-08,,미상,평상시에도 세종에서 반석 가는길(남세종IC 부근) 막히는데 금요일은 더욱 길이 막힌다. 막히는거 어쩔수 없다 말하지말고 조치좀 취해줄 수 있게 대안을 해달라. ,당직민원등록,건설과,,complaints_2024.xlsx,건설과
2024,367,2024-11-08,,익명,대전 유성구 도룡동 ***-* 부근 팻말 손상 ,관련부서 이첩 ,건설과,,complaints_2024.xlsx,건설과
2024,368,2024-11-08,,노은지구대,지족동 롯데마트쪽 / 교통사고 발생으로 볼라드 및 가로수 손상,담당 부서 이첩,건설과,,complaints_2024.xlsx,건설과
2024,369,2024-11-08,,익명,"원촌삼거리에서 전민동으로 가는 방향, 고라니를 쳤는데 아직 살아있음
사고 위험이 예상되어 인계 요청",펫레스큐 연락,푸른환경과,,complaints_2024.xlsx,푸른환경과
2024,370,2024-11-07,,미상,죽동로 *** 고양이 사체 처리 요청,처리반에 인계,청소행정과,,complaints_2024.xlsx,청소행정과
2024,371,2024-11-07,,익명,방동 ***-*번지 도로 계룡방면 갓길 동물사체 처리 요망,담당부서 이첩,청소행정과,,complaints_2024.xlsx,청소행정과
2024,372,2024-11-07,,신성지구대,신성로 ** 청소년 주류 판매 적발,담당부서 이첩,위생과,,complaints_2024.xlsx,위생과
2024,373,2024-11-06,,익명,"홈플러스 유성점 부근, 4일전부터 무단방치차량(이삿짐센터 탑차)가 도로를 막고 있어 유성구청으로 오는 방향 차들이 통행에 불편이 있음",관련부서 이첩,교통정책과,,complaints_2024.xlsx,교통정책과
2024,374,2024-11-06,,익명,"신세계백화점 맞은편 버스정류장 부근, 출근시간에 도로를 막아놓고 제초 작업을 한다고 불편 호소, 출퇴근 시간은 피해달라고 하심/전화 회신은 따로 요하지 않음",관련 부서 이첩,건설과,,complaints_2024.xlsx,건설과
2024,376,2024-11-05,,익명,유성국화축제 이후 국화 화분 개인적으로 가져갈 수 있는지 문의,해당부서 이첩,녹지산림과,,complaints_2024.xlsx,녹지산림과
2024,377,2024-11-05,,익명,"s-oil 계룡주유소주소(주소 대전 유성구 현충원로 ***), 갑동 숯골원냉면(갑동***-*) 앞쪽 공주가는방향 현충원로 강아지 사체 처리 요청",해당부서 이첩,청소행정과,,complaints_2024.xlsx,청소행정과
2024,378,2024-11-04,,익명,학하초등학교~고속도로밑 굴다리(학하동***-*)방향 부근 진잠옛로 가로등 전부 불이 안들어 옴.,해당 부서 이첩,건설과,,complaints_2024.xlsx,건설과
2024,382,2024-11-03,,익명,"대덕초등학교 근처 횡단보도 앞에 큰 트럭 2대가 정차되어있음. 
트럭 이동 요청.",해당부서 이첩,주차관리과,,complaints_2024.xlsx,주차관리과
2024,384,2024-11-03,,익명,대전시 경찰 (112상황실)로 최초 접수 민원/ 덕명동 네오미아 쪽 불법 현수막 수거 요청(중소기업 정책자금 관련 내용 적혀있다고 하심.),해당 부서 이첩,건축과,,complaints_2024.xlsx,건축과
2024,385,2024-11-03,,익명,신세계 백화점 뒤편 (소화전/ 분홍색표시) 안전 신문고 통해 불법 주정차 관련 신고 했었는데 과태료 부과가 안된거 같아서 그 사유와 진행상황 및 처리결과 문의  ,해당부서 이첩,주차관리과,,complaints_2024.xlsx,주차관리과
2024,386,2024-11-03,,익명,"원내동 계백로 ***번길 **(시내버스 차고지 출구)에 대형버스가 지속적으로 주차하여 시내버스 출차가 어려움.
",해당 부서 이첩,주차관리과,,complaints_2024.xlsx,주차관리과
2024,387,2024-11-03,,익명,"지족동 ***-*번지 가게 앞 쓰레기 집하 문제(아들이 운영하던 가게 폐업으로 아버님이 속이 상해 전화하심) 
폐기물 업체별 쓰레기 수거가 각각 이루어지면서 쓰레기가 항상 적체돼있고, 정리가 잘 안됨. 개선 요청함",관련부서 전달,청소행정과,,complaints_2024.xlsx,청소행정과
2024,388,2024-11-03,,미상,"유성구 봉산북로 주변에서 두달전부터 진돗개(흰색)가 배회하고 다님. 포획 요청함
","유기동물 구조 담당자 연락
관련부서 전달",지역산업과,,complaints_2024.xlsx,지역산업과
2024,389,2024-11-03,,익명,"하천 물이 뿌옇게 되었으며, 오수 흘러들어가는거 같으니 확인 요망(에이트 카페 건너편 봉명동 *** 하천 부근에서 확인)",해당 부서 이첩,푸른환경과,,complaints_2024.xlsx,푸른환경과
2024,390,2024-11-03,,익명,"휴지, 쓰레기 등 처리요망(에이트 카페 건너편(봉명동 *** 하천)",해당 부서 이첩,재난안전과,,complaints_2024.xlsx,재난안전과
2024,391,2024-11-03,,익명,유성경찰서 앞 하천 정비공사 안전조치 미흡 - 조치요망,해당 부서 이첩,재난안전과,,complaints_2024.xlsx,재난안전과
2024,392,2024-11-03,,일직,유성구 탑립동 청벽산공원 사거리 인근 비닐하우스에서 상습적 불법소각 제보들어옴. 확인후 조치 요청.,당담부서 이첩,청소행정과,,complaints_2024.xlsx,청소행정과
2024,393,2024-11-02,,미상,"덕명동 정원유치원에서 현충원역 가는 방향 하천변 자전거, 보행길에 누군가 불법소각을 함 단속바람",담당부서 이첩,청소행정과,,complaints_2024.xlsx,청소행정과
2024,394,2024-11-02,,익명,송강동 ***-* 주변악취민원 접수 원인파악바란다고함.,담당부서 이첩,푸른환경과,,complaints_2024.xlsx,푸른환경과
2024,395,2024-11-02,,[삭제],복용동로 ***-* 도안뜰 공인중개사 인근 인도와 차도 경계 사이에 세워져있는 볼라드를 민원인이 차로 부딪혀 볼라드가 쓰러졌다고 함. 볼라드를 다시 세워놨는데 시멘트 작업이 필요할 것 같다는 민원 접수.,담당부서 이첩,건설과,,complaints_2024.xlsx,건설과
2024,396,2024-11-02,,익명,어은로 **번길 ** 글래드 어은빌라 입구쪽에 음식물쓰레기통과 봉투가 방치되어 있어 악취가 난다는 민원 접수,담당부서 이첩,청소행정과,,complaints_2024.xlsx,청소행정과
2024,397,2024-11-02,,익명,덕명동 하우스 스토리 앞과 신협 중앙연수원 사이에 개인형이동장치(업체명 터틀)가 방치되어 있어 위험하다는 민원 접수,담당부서 이첩,교통정책과,,complaints_2024.xlsx,교통정책과
2024,398,2024-11-02,,익명,"봉명동 도로에 불법주차로 인해 통행이 어려움.
손님들도 인해 주민들이 지속적으로 피해를 겪고 있으므로 업체에 연락을 해서 조치를 취할 수 있도록  해달라고 민원을 제기함.",담당부서 이첩,주차관리과,,complaints_2024.xlsx,주차관리과
2024,399,2024-11-02,,익명,"반석천 주변 노은 꿈에  그린 인근 산책로(군수사령부에서 반석초 인근까지 500m정도)에 안전장치없이 포크레인과 트럭이 이동하며 공사중
안전장치없이 2달간 공사가 지속되어 위험한 상황이라 민원을 접수했다고 함.
",담당부서 이첩,재난안전과,,complaints_2024.xlsx,재난안전과
2024,400,2024-11-02,,익명,민원인이 방동 저수지 앞 도로 주차장에 주차를 하려는중 방동한식 주인이 주차를 하지말라고 안내하여 민원 접수 ,담당부서 이첩,주차관리과,,complaints_2024.xlsx,주차관리과
2024,401,2024-11-02,,익명,"한진오피스텔 불법주정차(전기차 구역) 단속 요청
계속되는 불법주정차 문제로 계도 요청",담당부서 이첩,푸른환경과,,complaints_2024.xlsx,푸른환경과
2024,402,2024-11-02,,유성경찰서,"정지명령 차량이 운행하고있어서 계도조치 요청함.
**너**** / 주차장소: 문화원로***번길 * 에이스타운4차 GS편의점쪽",담당부서 이첩,교통정책과,,complaints_2024.xlsx,교통정책과
2024,403,2024-11-01,,미정,"봉명동 온천로 온천공원 장애인화장실에 장기노숙자가 있는데 조치를 취해달라고 함. 이불도 있고 밥통도 있고 정도가 지나침.
이미 수차례 구청에 말씀드렸었으나 일시적인 조치만 취해져서 확실한 조치를 원하심. ",담당부서 이첩,공원과,,complaints_2024.xlsx,공원과
2024,404,2024-11-01,,미상,"대덕초등학교 앞 불법현수막 30개정도 있는데 철거요청함.
학교 앞이라 교육적으로도 좋지 않음. 빠른 조치 요청함.",담당부서 이첩,건축과,,complaints_2024.xlsx,건축과
2024,406,2024-11-01,,익명,남세종ic - 안산동사이 도로 중간 로드킬 사체 처리 요청,해당부서 이첩,청소행정과,,complaints_2024.xlsx,청소행정과
2024,407,2024-11-01,,익명,자운대로 들어가는 입구 1차로에 동물 사체 처리요청,해당부서 이첩,청소행정과,,complaints_2024.xlsx,청소행정과
2024,408,2024-11-01,,익명,용산동 호반써밋 주변 악취가 심함,해당부서 이첩,푸른환경과,,complaints_2024.xlsx,푸른환경과
2024,409,2024-11-01,,*** 경사,무전취식자 관련 학하동행정복지센터 연락 요청 (무전취식자 : ***),학하동행정복지센터 전달,학하동,,complaints_2024.xlsx,학하동
2024,410,2024-10-31,,익명,"관평동 동화초등학교 주변에 며칠동안 타는듯한 냄새가 남 
담당자와 통화 원함",담당부서 이첩,푸른환경과,,complaints_2024.xlsx,푸른환경과
2024,411,2024-10-31,,익명,"할리스커피 도안마을점 앞 자전거도로 불법주차 차량 
신고를위해 담당자와 통화를 원함 ",담당부서 이첩,주차관리과,,complaints_2024.xlsx,주차관리과
2024,412,2024-10-31,,익명,사이언스 대덕어린이집 맞은편 깜빡이는 가로등 점검 요청,담당 부서 이첩,건설과,,complaints_2024.xlsx,건설과
2024,413,2024-10-31,,익명,"전민로 **-* 불법주차 차량 단속 요청, 이전에도 같은 내용으로 민원 접수를 했다고 함.",야간단속반 전달 및 해당부서 이첩,주차관리과,,complaints_2024.xlsx,주차관리과
2024,414,2024-10-31,,익명,유성 현충원에서 동학사 가는 방향 2차선에 고라니 로드킬. 처리 요청.,해당부서 이첩,청소행정과,,complaints_2024.xlsx,청소행정과
2024,415,2024-10-31,,익명,국제과학로*에서 너구리가 차에 치여 뒷다리를 다쳤다고 함. 해당 민원인이 인도 위에 올려두었으며 구조 요청함.,해당부서 이첩,푸른환경과,,complaints_2024.xlsx,푸른환경과
2024,416,2024-10-31,,익명,송강마을 *단지 근처 신구교 다리쪽에서 아침 6시부터 악취가 심하게 난다고 함. 항상 나는데 날씨가 흐린 날 유독 심하게 난다며 조치 요청.,해당부서 이관,푸른환경과,,complaints_2024.xlsx,푸른환경과
2024,417,2024-10-30,,[삭제],유성구 보건소 인근 고속버스 주차구역에 일반 차량이 주차되어 있어 불법주차 단속 요청하며 불법 차량에 과태료 부과 요청. 해당 구역은 불법주차지역이나 유성구에서 고속버스 주차를 허용해줬다고 주장함. 또한 유성구에서는 20시 30분 이후 야간 불법주차단속을 하지 않는지 여부를 궁금해하며 방안에 대하여 질의함.,해당부서 이첩,주차관리과,,complaints_2024.xlsx,주차관리과
2024,419,2024-10-30,,익명,"전민로 **-* 일대 불법주정차 단속 요청
",주말단속반 단속A팀에게 전화로 내용전달 완료,주차관리과,,complaints_2024.xlsx,주차관리과
2024,420,2024-10-29,,대전 119 특수구조단,유성구 테크노*로 * 유성소방서 옆 도로의 가로등 불 안들어옴으로 점검 요청함.,담당부서 이첩,건설과,,complaints_2024.xlsx,건설과
2024,421,2024-10-29,,익명,온천북로 **번길 **-** 지속적인 불법주정차로 장기적인 단속 요청,담당부서 이첩,주차관리과,,complaints_2024.xlsx,주차관리과
2024,422,2024-10-29,,익명,교촌동 미메이드 앞 쪽 대로변 버스정류장 앞에 아파트 관련 불법협수막 걸려있음 조치요망,해당부서 전달,건축과,,complaints_2024.xlsx,건축과
2024,423,2024-10-28,,익명,집 근처에서 상수도 공사 진행중.. 이른 아침부터 공사로 인한 소음 고통.. 공사시간 늦춰줄 수 없는지 문의,관련부서 이첩,푸른환경과,,complaints_2024.xlsx,푸른환경과
2024,424,2024-10-27,,익명,국화축제 방문객인것 같은데 어은동 식당앞에 함부로 주차하여 장사하는데 영향을 끼침.  행사기간 동안  개방된 주차공간 안내 및 가게 앞 등에는 주차 하지 않도록 안내해주셨으면 좋겠다고 말씀하심.(회신 요청은 x),해당부서 이첩,녹지산림과,,complaints_2024.xlsx,녹지산림과
2024,425,2024-10-27,,세종도시교통공사,반석역 1번 출구 앞 버스정류장 주변 현수막 철거 요청(버스 하차 시 현수막으로 인해 어려움),부서전달,건축과,,complaints_2024.xlsx,건축과
2024,426,2024-10-27,,익명,장대동**-*번지 부근 온천2동행정 복지센터 방면 우회전 차선에 직진차량들이 많아 교통혼잡으로 해당 끝 차선에 차단봉과 같은 조치 요청,담당부서 이첩,건설과,,complaints_2024.xlsx,건설과
2024,427,2024-10-27,,익명,"자운대네거리 버스정류장에서 27일 4시20분경 마을버스 1번이 정류장에서 정차하지 않고 그냥 지나갔다고 함
왜 그냥 지나갔는지 이유를 알고싶다고 함
담당부서에서 확인 후 민원인전화번호로 답변 요청했음",담당부서 이첩,교통정책과,,complaints_2024.xlsx,교통정책과
2024,428,2024-10-27,,복용파출소,학하동 ***-* 화종삼거리에서 오토월드 방면 도로변 가로등 사고(45정도 기울었다고 함),"담당부서 이첩, 담당자 통화 후 현장 확인했고 다음주 건설과 현장팀에서 조치예정",건설과,,complaints_2024.xlsx,건설과
2024,429,2024-10-27,,익명,도룡동*-* 신세계백화점 임시주차장쪽 가로등 하단부 점검요청(볼트가 빠져있고 문 같은게 열려있다고함),담당부서 이첩,건설과,,complaints_2024.xlsx,건설과
2024,430,2024-10-27,,익명,덕명동 ***-** 불법주정차 단속 요청 및 부서에서 주기적인 단속 요청,담당부서 이첩,주차관리과,,complaints_2024.xlsx,주차관리과
2024,431,2024-10-27,,익명,지족동 소음관련 민원으로 옥상축구장 불법건축물인지 확인 후 민원인 전화번호로 답변 요청,담당부서 이첩,건축과,,complaints_2024.xlsx,건축과
2024,433,2024-10-27,,익명,"10.26(토) 자운대 행사로 교육사령부 앞 큰 도로 쓰레기 수거 요청
방치된 쓰레기들을 까마귀들이 헤집어 도로에 쓰레기들이 날린다고 함 ",담당부서 이첩,청소행정과,,complaints_2024.xlsx,청소행정과
2024,434,2024-10-26,,익명,"장대동 ***-** 미소사랑치과의원 주차장입구에 번호판 없는 오토바이가 막고 있어서 단속요청. 
번호판 없는 오토바이 단속 후 처리절차가 궁금함.
담당자와 통화 원함. 010-****-****",해당부서이첩,교통정책과,,complaints_2024.xlsx,교통정책과
2024,435,2024-10-26,,익명,"도안동로 *** 작은내수변공원 앞(유성호텔기증 소나무기념동산 앞) 가로등 5-6개 모두 꺼져있음.
월요일에 전화달라고 하심. 010-****-****",해당부서이첩,건설과,,complaints_2024.xlsx,건설과
2024,436,2024-10-26,,익명,"계룡스파텔 앞 버스킹 소음이 너무 큼. 경찰서에도 몇번 신고했는데 이중창을 닫아도 소음이 크게 들린다며 이정도 소음이면 허가 해주지 말아야되는거 아니냐고 함.
담당자와 통화 원함.010-****-****",해당부서이첩,문화관광체육과,,complaints_2024.xlsx,문화관광체육과
2024,438,2024-10-26,,익명,화봉산~우성이산 쪽 큰 들개가 돌아다니고 있음. 조치 바람.,해당부서이첩,지역산업과,,complaints_2024.xlsx,지역산업과
2024,439,2024-10-26,,익명,"노은꿈에그린*단지 토담정 앞 공사 철거 쓰레기(못이 많은 목재) 수거 요청 
며칠전에도 수거요청했는데 수거되지 않았다고 함
담당자와 통화 원함",해당 부서 이첩,청소행정과,,complaints_2024.xlsx,청소행정과
2024,440,2024-10-26,,미상,"원내동 작은내수변공원 
꿈샘커뮤니티센터 아래쪽 징검다리 위 유리병 깨져있음
청소바랍니다. ",부서 전달,재난안전과,,complaints_2024.xlsx,재난안전과
2024,441,2024-10-26,,익명,금탄동 쓰레기매립장 공사하는데 먼지가 너무 많이 날려서 조치요청,담당부서 이관,푸른환경과,,complaints_2024.xlsx,푸른환경과
2024,442,2024-10-26,,미상,"궁동 스타트업 공사장 주변 정리가 제대로 되지 않아 공사장 자재가 도로를 점령하는 등 통행에도 불편하고 주차도 어려움
공사장 주변에 펜스 등을 설치하여 주변 주민들의 불편을 최소화 해주길 요청. 공사업체를 관리관독하는 기관에 전달바람",담당부서 이첩,건축과,,complaints_2024.xlsx,건축과
2024,443,2024-10-26,,익명,스마트시티 *단지 ***동 앞 건물 전광판이 24시간 켜있어서 조치바람. 며칠전에도 전화했는데 시정이 안된다고 빨리 조치해달라고 하심,담당부서 이첩,건축과,,complaints_2024.xlsx,건축과
2024,444,2024-10-26,,익명,구청 내 주차장 정자 앞에 주차하다가 튀어나온 경계석에 타이어가 찢어짐.  ,담당부서 이관,회계과,,complaints_2024.xlsx,회계과
2024,445,2024-10-26,,익명,상대동***번지 공사하는데 도로점용 허가를 받았는지 알고싶다고 함. ,담당부서 이관,건설과,,complaints_2024.xlsx,건설과
2024,446,2024-10-26,,익명,노은동***-*번지 고양이 5마리 중성화 시키고 싶음,관련부서 이첩,지역산업과,,complaints_2024.xlsx,지역산업과
2024,447,2024-10-26,,[삭제],"충남대학교 앞 오거리 불법 현수막 신고
제일고시빌딩 앞 나무에 주기적으로 현수막을 거는데 주말에 단속 없는걸 알고 그걸 피해서 건다고 함
현수막 단속 요청하며 근본적으로 현수막을 못 걸수있게 하는 대책을 바라심","평일에 불법현수막 단속 가능함 안내
담당자 유선 회신하겠다고 함",건축과,,complaints_2024.xlsx,건축과
2024,448,2024-10-26,,익명,"서브웨이대전충남대정문점 앞 불법현수막 제거 요청
- 정상적으로 옥외광고물 신고가 된 경우 제거 못한다고 안내",담당부서 이첩,건축과,,complaints_2024.xlsx,건축과
2024,449,2024-10-26,,익명,봉명동-유성구청 인근 음식물쓰레기 수거 요청,담당부서 이첩,청소행정과,,complaints_2024.xlsx,청소행정과
2024,450,2024-10-26,,"유성경찰서, 119상황실","하기1교 아래(하기동 ***-* 인근) 교통사고로 인한 가로등 쓰러짐(20m 이상 도로)
- 교통사고 잔해물은 시청 당직실에 보고 및 처리요청
- 가로등 수리 요청","- 교통사고 잔해물은 시청 당직실에 보고 및 처리요청(시청 즉시처리반 출동 후 처리예정, 270-7193)
- 가로등 수리 요청",건설과,,complaints_2024.xlsx,건설과
2024,451,2024-10-25,,미상,"학하동 ***-**,  도로 적치물(돗자리 위 농작물) 처리 요청, 차량 통행 불가(전화 요망)",담당부서 이첩,건설과,,complaints_2024.xlsx,건설과
2024,452,2024-10-25,,미상,봉산동 대광로제비앙 부근 악취민원으로 전화오심. 악취상황실 안내드렸으나 내일 또 전화하겠다고 하심,담당부서 이첩,푸른환경과,,complaints_2024.xlsx,푸른환경과
2024,453,2024-10-24,,미상,"엑스포로 ***번길스마트시티*단지, 도룡하우스 디어반 사이 주정차 단속 요청",담당부서 이첩,주차관리과,,complaints_2024.xlsx,주차관리과
2024,454,2024-10-24,,미상,대전 유성구 엑스포로***번길 ** 전광판 눈부심,담당부서 이첩,건축과,,complaints_2024.xlsx,건축과
2024,455,2024-10-24,,미상,카이스트 정문 -> 기상청 사이 구간 하천 자전거도로 가로등 고장,담당부서 이첩,하천관리사업소,,complaints_2024.xlsx,하천관리사업소
2024,456,2024-10-23,,미상,장현근린공원 예초기 작업으로 인해 차량 뒷유리 파손 피해,해당부서 이첩,공원과,,complaints_2024.xlsx,공원과
2024,457,2024-10-23,,미상,온천북로 **번길 **-** 지속적인 불법주정차로 장기적인 단속 요청,해당부서 이첩,주차관리과,,complaints_2024.xlsx,주차관리과
2024,458,2024-10-23,,[삭제],"유성구 유성대로 ***번길주스킹 건물 옆 공사 소음이 새벽6시마다 시작된다고 민원제기하심.
지난번에도 해결을 해주겠다고 했는데 아직도 해결이 안되었다고 하십니다 연락부탁드립니다.",관련부서 이송,푸른환경과,,complaints_2024.xlsx,푸른환경과
2024,459,2024-10-22,,진잠파출소,"세동에서 차가 가로등에 충돌해서 가로등이 기울어짐 (가로등번호:백운로-6035)
+ 세동으로 가는 가드레일도 휘었다고 추후에 진잠파출소에서 추가로 전화옴.","가로등 관련해서는 건설과 주사님과 통화하여 업체에서 조치해주기로 함.
가드레일도 건설과 소관으로 보임.",건설과,,complaints_2024.xlsx,건설과
2024,460,2024-10-22,,익명,"유성구 진잠로**번길 ** 건물뒤쪽 고양이 울음소리 3일내내 들림.
길고양이는 법적으로 구조대상이 아님을 말씀드렸으나, 갇혀있는것같다고 구조해달라고 하심.",해당부서 이첩,지역산업과,,complaints_2024.xlsx,지역산업과
2024,461,2024-10-21,,미상,덕명동 ***-*번지 앞 고양이 사체 처리 요청,펫레스큐에 조치요청,청소행정과,,complaints_2024.xlsx,청소행정과
2024,462,2024-10-21,,미상,현충원역삼거리(구암동 ***-**)에서 ▷ 후기성도교회(노은동 ***-*) 방향 좌측 도로 가로등 불 안들어옴. 조치 요망,담당부서 이첩,건설과,,complaints_2024.xlsx,건설과
2024,463,2024-10-21,,미상,죽동 ***-**일원(충대 서문 건너편 상점가) 음식물 쓰레기 수거 요청,담당부서 이첩,청소행정과,,complaints_2024.xlsx,청소행정과
2024,464,2024-10-21,,유성경찰서,침신대사거리 롯데마트앞 교통사로로 인한 기름유출 청소요망,해당부서 이첩,푸른환경과,,complaints_2024.xlsx,푸른환경과
2024,465,2024-10-20,,미상,엑스포로 ***번길*** 가로등 일부소등 확인 후 민원인 전화요청,해당부서 이첩,건설과,,complaints_2024.xlsx,건설과
2024,466,2024-10-20,,미상,"상대동 트리풀시티*단지 아파트 옆 천년근린공원 내 운동기구 훼손으로 정비 요청
20시 30분 현장 재난방지 안전띠 설치 완료 / 첨부사진 확인하세요",해당부서 이첩,공원과,,complaints_2024.xlsx,공원과
2024,467,2024-10-20,,미상,관평동 청지기 교회 인근 불법주정차 단속요망. 전에도 민원 신고를 했는데 개선되는 게 없음. 근본적인 개선 요망. ,주말불법주정차 단속요원에게 단속요청하였으나 민원인 자주 민원 넣었는데도 불구하고 시정이 안되니 관련 부서 이첩 요청하심. ,주차관리과,,complaints_2024.xlsx,주차관리과
2024,468,2024-10-20,,미상,자운대 근처 공원 길가에 쓰레기가 널부러져 있음 (음식물쓰레기 포함). 조치요망.,해당부서 이첩,청소행정과,,complaints_2024.xlsx,청소행정과
2024,469,2024-10-20,,미상,조폐연구소 화폐박물관 부근 벚나무 가지가 길어서  운행 중인 자동차와 닿는 상황임. 조치 요망. ,해당부서 이첩,녹지산림과,,complaints_2024.xlsx,녹지산림과
2024,470,2024-10-20,,미상,국화축제장 안 푸드트럭 앞에 있는 파라솔에 얼굴을 맞으심. (축제장 근무자 *** 주사님과 통화함. 알고 계시다고 함.),해당 부서 이첩,녹지산림과,,complaints_2024.xlsx,녹지산림과
2024,471,2024-10-20,,유성경찰서,유성구청 사거리에 걸린 현수막(유성구청 노동조합 현수막)이 교통정체시 사용하는 신호기조절박스를 가리고 있음. 신호기조절박스 가리지 않게 조정요망.,해당부서 이첩,운영지원과,,complaints_2024.xlsx,운영지원과
2024,472,2024-10-20,,익명,"버스기사 본인이 세종시에서 LH반석마을*단지아파트으로 가는 방향에서 가로수가 약 45도 각도로 기울어져 있는 걸 확인하여 민원 접수함.
사고 위험이 있어 조치요청. ",현장 방문하여 라바콘으로 도로 일부 통제하여 긴급조치 함. 담당부서 이첩,녹지산림과,,complaints_2024.xlsx,녹지산림과
2024,473,2024-10-20,,익명,대전 유성구 월드컵대로***번길 *(등원빌라) 주차장에 행사용 천막이 널부러져 있어 조치 요청하셨습니다.,"현장 방문 후, 천막을 접어 통행에 방해되지 않도록 조치함. 접어둔 천막은 처리 요청하셨습니다.",청소행정과,,complaints_2024.xlsx,청소행정과
2024,474,2024-10-20,,대덕구 당직자,북대전ic ~ 관평동 방향(투썸 커피숍 앞) 고라니 사체 처리요청,동물사체신고 업체 전달,청소행정과,,complaints_2024.xlsx,청소행정과
2024,475,2024-10-20,,미상 110연결,한남대 전민캠퍼스 앞 고라니 사체 처리 요청,동물사체신고 업체 전달,청소행정과,,complaints_2024.xlsx,청소행정과
2024,476,2024-10-20,,익명,한전원자력연료에서 북대전 IC 방향으로 빠져나가는 5차선 근처에 고라니 사체 처리 요청,사체처리반 문자 전송 및 담당부서 이첩,청소행정과,,complaints_2024.xlsx,청소행정과
2024,477,2024-10-20,,도룡지구대 경찰관,"DCC(대전컨벤션센터) 인근 도로에서 행사용 텐트 및 현수막들이 도로에 휘날리고 있어 조치 요청하셨습니다.
1차적으로 소방서에서 바람에 날아가지 않도록 조치를 취했다고 합니다.",담당부서 이첩,건축과,,complaints_2024.xlsx,건축과
2024,478,2024-10-19,,익명,도안어울림하트 **단지아파트 일대 가로등이 소등 되어있어 조치 요청하셨습니다.,담당부서 이첩,건설과,,complaints_2024.xlsx,건설과
2024,479,2024-10-19,,익명,유성구 학하북로 **-** 일대 가로등이 중간중간 소등되어 있기에 어둡다고 민원 전화주셨습니다.,담당부서 이첩,건설과,,complaints_2024.xlsx,건설과
2024,480,2024-10-19,,익명,갑천1블록  주정차단속카메라 전광판이 꺼져있음.  (10.18. 호우로 인한 고장같음),담당부서이첩,주차관리과,,complaints_2024.xlsx,주차관리과
2024,481,2024-10-19,,미상,유성구 수통골 공영주차장 가로등 및 계산동 화산교 불법주정차 단속 cctv 작동이 안됨.,담당부서 이첩,주차관리과,,complaints_2024.xlsx,주차관리과
2024,482,2024-10-19,,익명,10.19. (토) 라도무스 주변에 이중으로 불법주차를 해놨음.   카메라 단속은 안하는지?  너무 과하게 2중으로 주차를 해놓으니 통행 불편함,담당부서이첩,주차관리과,,complaints_2024.xlsx,주차관리과
2024,483,2024-10-19,,미상,10월 4일 장대동 유성시장 입구 근처 도로 좌판 적치물을 밟고 손목이 부러짐. 불법노점상 등에 대한 단속 촉구,담당부서 이첩,건설과,,complaints_2024.xlsx,건설과
2024,484,2024-10-19,,[삭제],"차량이 침수되어 제보함.  차량번호 **저**** 티볼리
자연재난관련 사항으로 구청에서 조치해주는게 있는지",관련부서이첩,재난안전과,,complaints_2024.xlsx,재난안전과
2024,485,2024-10-19,,익명,2024.10.19.(토) 오전 11시30분경   현대프리미엄아울렛  진입로 주변 불법주차차량들 때문에  통행에 어려움 발생.  주말 주차단속시 신경써주길 바람,담당부서전달,주차관리과,,complaints_2024.xlsx,주차관리과
2024,486,2024-10-19,,다솜차반,다솜차반 인근 공사장에서 토사가 흘러내려 진출입에 큰 방해가 됨. 이전에 유사한 건으로 민원접수가 있음.,담당부서 이첩,건설과,,complaints_2024.xlsx,건설과
2024,487,2024-10-19,,도룡포레미소지움 관리사무소,매봉산 근린공원 조성지 토사가 흘러내려 교통에 방해가 있음.,담당부서 이첩,공원과,,complaints_2024.xlsx,공원과
2024,488,2024-10-18,,미상,"국화축제 관련 임시주차장 시작점 고깔때문에 도로통행에 방해가 됨(유턴 불가), 임시주차장 표기(고깔) 위치 변경 요청
※ 좋은하루 아파트에서 홈플러스 구간",담당부서 이첩,주차관리과,,complaints_2024.xlsx,주차관리과
2024,489,2024-10-18,,미상,"학하동 수통골 공영주차장 전기가 나감
화산교 불법주정차 CCTV도 고장남",담당부서 이첩,주차관리과,,complaints_2024.xlsx,주차관리과
2024,490,2024-10-18,,미상,"자운대 수운교 본부 가로등이 다 나감, 현장조치 필요",담당부서 이첩,건설과,,complaints_2024.xlsx,건설과
2024,491,2024-10-18,,미상,"동명동 ***-*번지 근방 가로등이 50% 이상 꺼짐, 현장조치 필요",담당부서 이첩,건설과,,complaints_2024.xlsx,건설과
2024,492,2024-10-18,,미상,"전민로 **-* 일대 불법주정차 단속 요청
민원인에게 연락은 안 해도 된다고 함 / 주말단속반 단속A팀에게 문자로 내용전달 완료",담당부서 이첩,주차관리과,,complaints_2024.xlsx,주차관리과
2024,493,2024-10-17,,익명,전민로 **-* 인근 불법주정차 단속 요청,야간 불법 주정차 단속반 단속B팀 전달완료,주차관리과,,complaints_2024.xlsx,주차관리과
2024,494,2024-10-17,,미상,대정동 한진물류센터 주변 불법주정차에 대한 민원으로 **시30분이후 전화로 단속불가능하여 저녁단속시간에 단속요청하심,관련부서 이첩,주차관리과,,complaints_2024.xlsx,주차관리과
2024,495,2024-10-17,,미상,봉산로 ** 비비큐치킨 맞은편 하수구 철망이 몇군데 뚫려있어 발을 헛디뎌 넘어짐. 조치바람,관련부서 이첩,건설과,,complaints_2024.xlsx,건설과
2024,496,2024-10-16,,미상,반석동 꿈에그린 ***동 뒷편 국방연구소쪽  가로등이 입구에서부터  부대전체에 꺼져있으므로 조치바람,관련부서 이첩,건설과,,complaints_2024.xlsx,건설과
2024,497,2024-10-16,,미상,죽동 칸타빌 옆 서당골공원 운동기구쪽 가로등 꺼져잇음 조치바람,관련부서 이첩,건설과,,complaints_2024.xlsx,건설과
2024,498,2024-10-16,,[삭제],장대공영주차장 오른쪽 조명 꺼져서 조치요청 / 일주일째 처리되지 않아 정식민원 접수할 예정으로 당사자에게 연락 요청(*** / 010-****-****),담당부서 이첩,주차관리과,,complaints_2024.xlsx,주차관리과
2024,499,2024-10-16,,미상,라도무스 예식장에서 학하동 방면으로(학하동 **-* 추정) 1차로로 차선이 줄어드는 지점을 200m 정도 지난 지점 갓길에 고라니나 강아지로 보이는 큰 동물 사체가 있어 처리 요청,담당부서 이첩,청소행정과,,complaints_2024.xlsx,청소행정과
2024,500,2024-10-15,,미상,송강동 북부여성가족원 내 전기차충전소에 불법으로 주차된 차량 단속 요청,"담당부서 이첩 / 주,정차 단속반에 인계",푸른환경과,,complaints_2024.xlsx,푸른환경과
2024,501,2024-10-15,,미상,"가로등 고장 조명안들어옴 위치"" 자운대 수운교 본부앞 전날 조치요청햇으나 아직 안되어 있다고 재차 요청함.",담당부서 인계,건설과,,complaints_2024.xlsx,건설과
2024,503,2024-10-15,,[삭제],현재 서구에서 아이돌봄서비스를 이용하고 있는데 개인사정으로 유성에 체류하며 돌봄서비스를 이용하고 싶어 관련 안내를 받길 희망함. 회신요청,담당부서 이첩,사회돌봄과,,complaints_2024.xlsx,사회돌봄과
2024,504,2024-10-15,,[삭제],민방위훈련 일정 및 참여 문의 ,해당부서 전달하여 다시 연락드리겠다고 안내함. ,재난안전과,,complaints_2024.xlsx,재난안전과
2024,505,2024-10-14,,미상,자운대 내 수운교 법회당 쪽 가로등 1개 깜빡거림,담당부서 이첩,건설과,,complaints_2024.xlsx,건설과
2024,506,2024-10-14,,미상,봉명동 ***-** 앞 고양이 사체 처리 요청,펫레스큐 접수(010-****-****),청소행정과,,complaints_2024.xlsx,청소행정과
2024,507,2024-10-14,,미상,봉명동 ***-**번지(유성각) 기 민원넣은 건(가건물 철거여부?)에 대하여 조치가 되었는지 진행상황 알고 싶음/ 전화를 받지 않을 시 문자로 보내 주실 것,담당부서 이첩,건축과,,complaints_2024.xlsx,건축과
2024,508,2024-10-14,,익명,지방세 체납관련 확인요청 ,담당부서 전달 안내함.,세원관리과,,complaints_2024.xlsx,세원관리과
2024,510,2024-10-13,,미상,"대덕터널(대전광역시 유성구 문지로 **, 도룡삼거리) 터널 등이 접촉불량 등으로 인하여 꺼졌다 켜졌다를 반복함. 보수요청",담당부서 이첩,건설과,,complaints_2024.xlsx,건설과
2024,512,2024-10-13,,시청당직실,봉명동 ***-*와 유성컨벤션웨딩홀 사잇길 10. 11.(금)부터 가로등 점등 안 됨,담당부서 접수,건설과,,complaints_2024.xlsx,건설과
2024,513,2024-10-13,,미상,"유림공원에 부속되어 있는 주차장이 있음에도, 공원 내부에 차량이 많이 주차되어 있음.
행사(독서대전) 진행 시에 공원 내부에 차량이 주차되지 않도록 조치하여 주기를 바람.
(차후 행사 진행할 때에도 가급적 공원 내부에 차량이 진입하지 않도록 조치 바람)",담당부서 이첩,도서관운영과,,complaints_2024.xlsx,도서관운영과
2024,514,2024-10-13,,불명,"전민로 **-* 황색선 침범 불법주차
(한두 번 불법 주차하는 것이 아니며 오랜 기간 동안 불법 주차 중임)
주말 혹은 평일 저녁/밤 시간 동안 단속하여주기 바람(평일 주간 단속은 의미 없음)
10.13(일) 11:50, 14:35, 15:59 민원제기",담당부서 이첩,주차관리과,,complaints_2024.xlsx,주차관리과
2024,515,2024-10-13,,미상,"10.12. 9:31 접수된 쓰레기 투기 관련 당직민원
해당 건이 이미 해결되었으니 별도 조치 필요없다고 전달받음",담당부서 이첩,청소행정과,,complaints_2024.xlsx,청소행정과
2024,516,2024-10-13,,익명,대온천탕 앞에 어린이 물놀이형 수경시설에서 물이 계속 나온다고 함,관련부서 이첩,공원과,,complaints_2024.xlsx,공원과
2024,517,2024-10-13,,구즉지구대,봉산동 ***-* 청소년주류판매 적발,해당부서 이첩,위생과,,complaints_2024.xlsx,위생과
2024,518,2024-10-12,,[삭제],"고양이 분실 신고
 - 회사 사무실 고양이이고, 원래는 까만 고양이인데 입, 목덜미, 배, 앞발등은 하얀색임 / 뒷다리는 다 하얀색임 ",관련부서 이첩,지역산업과,,complaints_2024.xlsx,지역산업과
2024,519,2024-10-12,,[삭제],"라도무스에서 아이파크 가는 아파트 진입로에 트럭과 버스가 주차(차선침범)되어 있어 위험함 
주말마다 반복되어 주차단속 요청",관련부서 이첩,주차관리과,,complaints_2024.xlsx,주차관리과
2024,521,2024-10-12,,익명,"1. 은구비공원 축제 시 소음 지속으로 너무 시끄럽다고 호소
2. 축제를 없애달라.. 혈세 낭비라고 하심(구청장님 만나고 싶다고 함)
3. 4계절 내도록 축제를 하며 소음에 시달리고 있음을 호소
4. 축제를 열고 싶으면, 뻥 뚫린 공원이 아닌 특정 장소를 정해서 그곳에서만 할 수 있도록 요청
5. 소음측정 기준에 따라 데시벨 기준을 넘지 않도록 규제도 요청함",관련부서 이첩,마을자치과,,complaints_2024.xlsx,마을자치과
2024,522,2024-10-12,,익명,은구비공원 노은1동마을행사 관련 소음 불편 민원,관련부서 이첩,노은1동,,complaints_2024.xlsx,노은1동
2024,523,2024-10-12,,[삭제],"노은농수산물시장이 평소 월드컵경기장 행사시 주차구역 만차, 이중주차, 불법주차(친환경차량 주차구역 통로 주차) 등 
이용에 심한 불편을 겪고 있음. 특히 오늘 월드컵경기장 자선축구대회 관련 더 심함.
일단, 안전신문고로 신고예정이며 추후 유관기관 간담회 등 조치 마련 촉구.  ",관련부서 이첩,주차관리과,,complaints_2024.xlsx,주차관리과
2024,524,2024-10-12,,익명,은구비공원 인근 불법 주정차 단속 요청 ,관련부서 해당 내용 이첩,주차관리과,,complaints_2024.xlsx,주차관리과
2024,527,2024-10-12,,미상,"토사물이 크게 퍼져있어서 청소를 요청하심. 주말이라 불가, 월요일에나 해당민원 관련과로 이첩됨을 안내함. 월요일에 민원인에게 전화 후 상황 듣고 처리 여부 결정하기로 함.   ",관련부서 이첩,청소행정과,,complaints_2024.xlsx,청소행정과
2024,528,2024-10-12,,미상,관평천 미래남교에서 배울교 방향 사이에 하천을 건너는 다리가 파손되어 조치를 요청함.,관련 부서 이첩,재난안전과,,complaints_2024.xlsx,재난안전과
2024,529,2024-10-12,,미상,"라도무스 예식장 측에서 차량 통제 중인데 차량을 통제하지 않아야 할 구간에서도 차량통제를 하고 있어 주기적으로 심한 정체가 발생하고 있다고 함
공공기관에서 라도무스 측에 교통지도 원함
",관련부서 이첩,교통정책과,,complaints_2024.xlsx,교통정책과
2024,530,2024-10-12,,미상,대덕연구단지네거리에서 신성동 방향 도로에 고라니 사체 수거 요청,펫레스규에 연락함,청소행정과,,complaints_2024.xlsx,청소행정과
2024,531,2024-10-12,,미상,"대전 유성구 온천북로**번길 ** 리모델링 공사 관련, 해당 공사가 안전관련조치가 전혀 되지 않은 상태에서 진행되고 있어 안전관리담당자의 조치 및 계도를 원하심. 공사자재를 창문 밖으로 무분별하게 던지거나 하여 차량 파손이 염려되고, 안전펜스나 띠 등의 조치도 전혀 되어있지않아 염려된다고 함.",담당 부서 이첩,건축과,,complaints_2024.xlsx,건축과
2024,532,2024-10-12,,미상,유성 톨게이트 진입 전(유성선병원에서 유성톨게이트 방향) 신호기박스 근처 도로에 적재물이 있어 수거 등의 조치를 원하심.,담당 부처 이첩,건설과,,complaints_2024.xlsx,건설과
2024,533,2024-10-12,,미상,"전민로 **-* 일대 상습 불법 주정차 구간으로, 사후 불법주정차 단속이 아닌 본질적인 계도 방법을 원하심.",담당부서 이첩,주차관리과,,complaints_2024.xlsx,주차관리과
2024,534,2024-10-12,,미상,만년교-온천역 8번출구 방면으로 쓰레기 봉투 수거가 안되고 있다고 함. 빠른 수거 요청함,관련부서 이첩,청소행정과,,complaints_2024.xlsx,청소행정과
2024,535,2024-10-12,,미상,"현수막 철거 관련 민원이 접수됨. 용계동 ***, 동서대로 *** 정문 앞에 가게 오픈광고 2개를 달았는데, 다른 현수막은 철거가 안되고 본인 것만 철거가 되었다고 하심. 현수막 철거 관련 기준에 대한 답변을 듣고 싶어하심. 월요일에 전화 요청을 바라심. ",담청부서 이첩,건축과,,complaints_2024.xlsx,건축과
2024,536,2024-10-12,,미상,"장애인 불법 주정차 관련, 장애인 본인 및 장애인을 동반한 가족이 아닐 때의 불법주정차 신고 방법을 문의하심. 안전신문고를 통해 신고할 것을 권고 드렸으나, 해당 차량이 장애인스티커가 부착된 차량이라고는 하심. 이 경우 현장 사진을 남겨야하는지 등의 신고절차를 자세히 알고싶다고 하시며 연락줄 것을 요청하심.",담당 부처 이첩,노인장애인과,,complaints_2024.xlsx,노인장애인과
2024,537,2024-10-12,,미상,엑스포코아 아파트 후문에서 전민중 사이 불법주정차가 심각하여 매주 전화를 드리고 있음. 불법주정차 단속을 위해 단속반출동이 아닌 고정형 단속카메라 설치 등의 근본적인 해결 방법을 원하심.,담당 부처 이첩,주차관리과,,complaints_2024.xlsx,주차관리과
2024,538,2024-10-12,,미상,"노은역 3번 출구 과일, 건어물 판매 노점상 단속 요청",관련 부서 이첩,건설과,,complaints_2024.xlsx,건설과
2024,539,2024-10-12,,유성지구대,승적골삼거리에서 다름고개삼거리 (KT앞) 고라니사체 처리 요청,펫레스큐에 요청함.,청소행정과,,complaints_2024.xlsx,청소행정과
2024,540,2024-10-12,,미상,"차고지 안에 어떤 할머니가 쓰레기를 가져다 놓으셔서 치우라고 여러번 말씀드렸는데도 치우지 않고 쌓아두신다고 함
쓰레기 수거가 가능한지 문의함. 월요일날 민원인께서 전화부탁하심 
",관련부서 이첩,청소행정과,,complaints_2024.xlsx,청소행정과
2024,541,2024-10-12,,미상,도로에서 상습적으로 세차를 하여 거품 등 오수 등이 도로 및 하수로 유입 되어 오염이 염려 됨. 꼭 계도해주길 바람. / 대전시 유성구 원신홍로 **번길 **,관련 부처 이첩,푸른환경과,,complaints_2024.xlsx,푸른환경과
2024,542,2024-10-12,,미상,은구비공원 음수대 옆쪽 2~3m지점 수도 누수,담당자 전달,공원과,,complaints_2024.xlsx,공원과
2024,543,2024-10-12,,미상,봉산동 대광로제비앙 악취가 심하게 난다는 민원,담당부서 이첩,푸른환경과,,complaints_2024.xlsx,푸른환경과
2024,544,2024-10-11,,미상,"상대동 ***(상대동 *단지, *단지 사이 도로) 트럭 밤샘주차 단속 요청",담당부서 이첩,교통정책과,,complaints_2024.xlsx,교통정책과
2024,547,2024-10-11,,미상,봉산동 어린이공원 여자화장실 출입문 고장 -위에 적치물 떨어질 것 같다(?) ,"담당부서 이첩
",공원과,,complaints_2024.xlsx,공원과
2024,549,2024-10-10,,[삭제],"봉명동 ***-**번지 유성각 불법건축물 신고한 대상자인데 처리과정 안내 희망
연락이 안될 경우 문자 요청  ",담당부서 접수,건축과,,complaints_2024.xlsx,건축과
2024,550,2024-10-10,,미상,"대학로 ** 한진리조트 인도에 불법 주정차 신고 
처리 후 조치결과 문자 요청",담당부서 접수,주차관리과,,complaints_2024.xlsx,주차관리과
2024,551,2024-10-10,,미상,유성구종합스포츠센터에서 신성동 가는 방면 고가도로 쪽 가로등 전체가 점등이 안됨 ,담당부서 전달,건설과,,complaints_2024.xlsx,건설과
2024,553,2024-10-10,,익명,구성삼거리에서 카이스트후문 상공우주연구원삼거리까지 가로등 불이 꺼져 있다고 하며 점검 요청함.,해당부서 이첩,건설과,,complaints_2024.xlsx,건설과
2024,555,2024-10-09,,익명,"학하동 ** / 고라니 사체 처리 요청(차량 접촉사고로 인한)하여 펫레스큐에 조치 요청하였으나 조치시간이 지연되어 신고자(민원인)가 현장 대기하고 있는 와중에 고라니가 다시 숲풀속으로 뛰어 들어갔다고함 / 처리 상황은 확인 불가
- 처리 여부 확인 필요",담당부서 이첩,청소행정과,,complaints_2024.xlsx,청소행정과
2024,557,2024-10-09,,익명,도안 힐스테이트 *단지 공사 관련 민원,현장 방문 처리 및 관련부서 이첩,공동주택과,,complaints_2024.xlsx,공동주택과
2024,558,2024-10-09,,익명,노은동 안산 어린이 공원 내 시설물 하자로 어린이 안전 사고/ 시설물 하차 처리 및 사고 관련 전화 요청,해당부서 이첩,공원과,,complaints_2024.xlsx,공원과
2024,565,2024-10-09,,익명,온천역 사거리 용반들근린공원 화장실에서 샤워하고 밥짓는 노숙자 목격하여 조치요구(노숙자는 40대남성으로 추정되며 용모는 파마머리에 키 180cm로 보임),관련부서 이첩,공원과,,complaints_2024.xlsx,공원과
2024,566,2024-10-08,,익명,"원내동 한아름아파트 ***동과 진잠체육관 사이 진잠근린공원 내부 수도에서 물이 올라옴.  처리요망
(상수도사업본부 ***-****에서 민원이첩)",해당부서 이첩,공원과,,complaints_2024.xlsx,공원과
2024,567,2024-10-08,,익명,방동저수지 인근 주차장 올라가는 길 전체 가로등 나감,관련부서 이첩,건설과,,complaints_2024.xlsx,건설과
2024,568,2024-10-08,,익명,신성네거리 다리 위아래 가로등 다 꺼짐,관련부서 이첩,건설과,,complaints_2024.xlsx,건설과
2024,569,2024-10-08,,익명,"유성종합스포츠센터에서 신성동 가는 길(다리 옆쪽)에 가로등이 전부 나가서 너무 어두움
빠른 처리요망",해당부서 이첩,건설과,,complaints_2024.xlsx,건설과
2024,571,2024-10-08,,익명,"자운대 네거리에서 화암 네거리방향(애경케미컬 사거리) 우측 가로등 며칠째 깜박거림
수리요청",해당부서 이첩,건설과,,complaints_2024.xlsx,건설과
2024,572,2024-10-08,,익명,"문지동 효성해링턴에서 대덕터널 방향 상옥체육공원에서 클래스기업 도로 사이 크레인, 덤프트럭 등 불법주차 단속요청(황색선)",담당부서 이첩,주차관리과,,complaints_2024.xlsx,주차관리과
2024,573,2024-10-08,,익명,"유성홈플러스 인근 대로에서 출근시간에 차선 하나를 막고 가로수 전지작업을 하고 있는것이 맞는 일이냐고 항의함
",담당부서 이첩,녹지산림과,,complaints_2024.xlsx,녹지산림과
2024,574,2024-10-08,,[삭제],지족동 열매마을아파트 *단지 ***동 인근 도로 사고차량으로 인하여 도로에 유류누출,담당부서 이관,건설과,,complaints_2024.xlsx,건설과
2024,575,2024-10-07,,익명,"열매마을**단지에서 현대오일뱅크 가는 방향 갓길에 주차되어있는 차량 단속 요청.
주차단속반 연락했으나 수신 안됨.",관련부서 이첩,주차관리과,,complaints_2024.xlsx,주차관리과
2024,576,2024-10-07,,익명,원자력기술원 근처 (원자력기술원에서 송림마을 가는 방향) 고라니 사체 수거 요청.,관련부서 이첩,청소행정과,,complaints_2024.xlsx,청소행정과
2024,577,2024-10-07,,익명,구즉로 *** 일대 음식물쓰레기 수거 요망.,관련부서 이첩,청소행정과,,complaints_2024.xlsx,청소행정과
2024,578,2024-10-06,,동물협회회장,유기묘 보호중으로 구조 요청함.(전화상담 요청함)/발견 위치 : 장대동 ***-**,담당부서 이첩,지역산업과,,complaints_2024.xlsx,지역산업과
2024,579,2024-10-06,,미상,"생활소음 처리요청(대전도시과학고등학교 내 소음)/ 한아름아파트 ***동 맞은편(대전광역시 유성구 진잠로**번길 **)
** 신고 민원인 처리상황 안내전화 요청함(오후에 통화가능함)",담당부서 이첩,푸른환경과,,complaints_2024.xlsx,푸른환경과
2024,580,2024-10-06,,유성지구대/*** 경사,"봉명동 스승의 공원(온천로 **번지) 여자 화장실 입구에서 2번째 칸 비상벨작동 않함, 문이 열리지 않음.",담당부서 이첩,푸른환경과,,complaints_2024.xlsx,푸른환경과
2024,581,2024-10-06,,미상,방치차량 처분 요청(유성호텔 인근 일당 감자탕 뒷편  도로 끝)/ 차량 번호 7234(현대차량/차종 모름),담당부서 이첩,교통정책과,,complaints_2024.xlsx,교통정책과
2024,585,2024-10-06,,익명,인도 위에 음식물쓰레기 (원신흥동 생활체육관 앞 도야짬뽕 앞 인도) 수거 요청함.,담당부서 이첨,청소행정과,,complaints_2024.xlsx,청소행정과
2024,586,2024-10-06,,익명,나무로 인한 시야 가림으로 차량 접촉사고자 잦아 나무를 옮겨 달라고 함.(정확한 위치는 민원에게 전화주시면 안내해 준다고 함.),담당자에게 전달함.,녹지산림과,,complaints_2024.xlsx,녹지산림과
2024,587,2024-10-05,,익명,"유성국 계롱로**번길 **  / 가건물신고 시정명령, 이행강제금 관련 진행사항 확인 요청 / 월요일 필히 전화와 문자(담당자 파악 목적) 회신 요청 /",담당 부서 이첩,건축과,,complaints_2024.xlsx,건축과
2024,588,2024-10-05,,익명,"두드림공원 행사 관련 민원 발생(지자체 관련 사업 아닌 것으로 보임) / 인도(人道)에 차량 **우**** 등 올라와서 통행에 불편 (공연 마무리로 정리된 상태) 
+ 고질적 민원으로 사료 됨, 7일 이후 전화 회신 요청 (인도에 차가 올라오게 만든 것 자체에 불만 + 공연 주최 측 보다는 지자체에 대한 고질적, 지속적인 단순 불만으로 보임) 
-> 술을 드셔 감정적으로 격양되었으나 안정시켜드림, 차분하신 상태 ",담당부서 이첩,문화관광체육과,,complaints_2024.xlsx,문화관광체육과
2024,589,2024-10-05,,익명,"방동저수지 카페 진입로 삼거리 일대 불법주정차 다수 
* 민원인 필히 통화를 원함 (7일 월요일 오전 중)",담당 부서 이첩,주차관리과,,complaints_2024.xlsx,주차관리과
2024,590,2024-10-05,,노은지구대 ***,"- 노은동 동신수산(노은동 ***-**) 앞 도로쪽에서 교통사고로 인해 도로 시설물인 볼라드(기둥)이 파손되어 방치된 상태.
- 정확한 위치는 동신수산에서 월드컵경기장 육교 앞쪽 지점으로 보임.
- 사건처리는 유성경찰서 교통조사1팀으로 접수되었다고 함.(이쪽으로 연결하여 교통사고 낸 가해자 신원 확인 가능)",해당부서 이첩,건설과,,complaints_2024.xlsx,건설과
2024,591,2024-10-05,,미상,"- 마을1번 버스(충대농대종점 - 청벽산거리) 기사 불친절 문제가 심해서 민원 제기함.
- 차번호 ****번, 10월 5일 오후 3시~4시 사이 운행, 성함은 권경재로 추정(기사분 실제 얼굴과 사진이 일치하는 것 같진 않아서 확실하진 않다고 하심)
- 기사 교체 등의 해결방법을 요구함.",해당부서 이첩,교통정책과,,complaints_2024.xlsx,교통정책과
2024,592,2024-10-05,,미상,"솔부엉이 새끼 부상 구조 요청.
위치: 봉명초 운동장",해당부서 이첩 및 담당자 연락,푸른환경과,,complaints_2024.xlsx,푸른환경과
2024,593,2024-10-05,,미상,"엑스포코아 후문과 전민중 사이에 불법 주정차 문제.
주차 금지봉 or 주차단속 카메라 설치 요청하심.(전에도 국민신문고로 민원 제기하셨다고 함)",해당부서 이첩,주차관리과,,complaints_2024.xlsx,주차관리과
2024,594,2024-10-05,,익명,"용계동 *** 앞 버스정류장에 마을버스3번 운행 시간표가 게시되어 있지않아 불편호소, 게시요망 (민원인 전화 필요x)",담당부서 이첩,교통정책과,,complaints_2024.xlsx,교통정책과
2024,595,2024-10-05,,미상,성심당 dcc - 도룡kcc웰츠타워 사이 주차 혼잡문제,해당부서 이첩 및 담당자 연락,주차관리과,,complaints_2024.xlsx,주차관리과
2024,596,2024-10-05,,미상,"고양이 로드킬
반석에서 세종가는길 2차선 (gs칼텍스 외삼동 ***-* 부근)",해당부서 이첩 및 담당자 연락취함,청소행정과,,complaints_2024.xlsx,청소행정과
2024,597,2024-10-05,,장대푸르지오 관리사무소,"유기견 보호중
위치: 장대푸르지오 관리사무소",관련부서 이첩 및 담당자 연락,지역산업과,,complaints_2024.xlsx,지역산업과
2024,598,2024-10-05,,미상,"고양이 로드킬
화암사거리 - 대전디자인고등학교 방면",동물사체 담당자 연락,청소행정과,,complaints_2024.xlsx,청소행정과
2024,600,2024-10-05,,미상,"대형차량 불법주정차 문제
대형차 상습적으로 주차해놓는 탓에 교촌삼거리에서 롯데마트 가는 방향으로 우회전이 어려움","담당부서 이첩, 단속근무조 불법주정차 단속요청 , 민원인이 현장단속원에게 불법주정차 현수막 게시 요청 ",주차관리과,,complaints_2024.xlsx,주차관리과
2024,601,2024-10-05,,익명,"대전광역시 유성구 송강동 ***-** 쓰레기 수거가 자주 누락 된다고 함. 
수거 되지 않은 쓰레기는 치워주길 바라며, 누락되지 않게끔 주의 요청. (민원인 전화 필요X)",담당부서 이첩,청소행정과,,complaints_2024.xlsx,청소행정과
2024,602,2024-10-05,,미상,"가로등에 국기봉이 파손되어있고 차량과 부딪힐 위험 있음. 예전에도 민원 제기하셨었음.
위치: 도룡동 ***번지 (대덕공동관리 아파트와 gs칼텍스 사이에 있는 가로등)",해당부서 이첩,건설과,,complaints_2024.xlsx,건설과
2024,603,2024-10-05,,미상,"내용: 유기강아지 보호중
위치: 과학성장로 **",관련부서 이첩 및 담당자 연락,지역산업과,,complaints_2024.xlsx,지역산업과
2024,606,2024-10-04,,[삭제],봉명동 ***-**번지 이행강제금 부과 현황 등 문의(담당자와 연락 요청함),담당부서 이첩,건축과,,complaints_2024.xlsx,건축과
2024,608,2024-10-03,,익명,"불법주정차 단속, 까치A(도로명: 대학로 ***번길 **, 지번: 궁동 ***-*) 오토바이(대전유성 마 ****), 투산(**어****) 오늘(2024.11.3.) 아침부터 불법주차로 좁은 원룸골목에 차량 통행장애, 오토바이는 연락처 없고, 자동차 차주와는 연락안됨","처리부서 이첩, 불법주정차 단속요청하였으나 흰색선이라서 단속 불가능, 불법주정차 단속반에게 민원인에게 설명 요청",주차관리과,,complaints_2024.xlsx,주차관리과
2024,610,2024-10-03,,익명,유실견 구조 요청 - 학하리슈빌포레(학하동 ***) 아파트 경비아저씨가 잡고 있긴한데 아파트 내외 배회중이며 목줄은 있는데 풀림 ,유기동물 구조담당자(김명덕) 전달,지역산업과,,complaints_2024.xlsx,지역산업과
2024,611,2024-10-03,,익명,장명교(봉명동 ***) 위 25인승 버스 불법주정차 단속 요청,주말 주차단속반 전달,주차관리과,,complaints_2024.xlsx,주차관리과
2024,612,2024-10-03,,익명,"엑스포코아 후문 전민중학교 지나서 엑스포*단지아파트 도로(노란선) 불법주차, 상가이용불법주정차로 인하여 도로이용시 불법주정차 피해서 주행하여야 함,  여러차례 신고하였음 ","처리부서 이첩, 안전신문고 불법주정차신고 설명",주차관리과,,complaints_2024.xlsx,주차관리과
2024,613,2024-10-03,,익명,"불법주정차 단속요청
(장소) 교촌삼거리에서 제이파크아파트(나우리정신병원 맞은편) 앞 감속도로에서 밤새 불법주정차(덤프트럭 등)로 인하여 차량 사고 여러번 났음, 여러차례 단속요청, 담당자에게 상시주차단속 프랜카드 요청하였는데 아직 결과없음, 언제쯤 현수막 게시 가능한지 일정 답변 요청   ","담당부서 이첩, 단속근무조 불법주정차 단속요청 , 민원인이 현장단속원에게 불법주정차 현수막 게시 재요청 ",주차관리과,,complaints_2024.xlsx,주차관리과
2024,614,2024-10-03,,익명,연구단지종합운동장(대전 유성구 가정로 ***) 행사 소음으로 인한 주민 불편,"일시적 행사로 보이나, 관련부서 이첩[주관부서(대덕복지센터042-865-2272) 전화안받음]",푸른환경과,,complaints_2024.xlsx,푸른환경과
2024,616,2024-10-03,,익명,원신흥동 갑천트리풀시티1블럭 원신흥육교 아래 어린이보호구역 근처 및 택지구역 카메라 사각지대 불법주정차 단속 요청,주말 주차단속반 전달,주차관리과,,complaints_2024.xlsx,주차관리과
2024,617,2024-10-03,,익명,유성IC 월드컵경기장 삼거리 고양이 사체 처리 요망,pet rescue(이진호) 전달 및 동물사체처리대장 기재,청소행정과,,complaints_2024.xlsx,청소행정과
2024,618,2024-10-03,,익명,"(사고장소) 전자디자인고 근처 고가도로(도룡동)
(사고원인) 도로 파여서 타이거 파손(1차선만 도로 수리)
(차량번호) **조****, 쏘렌토(차량번호 유출금지)
도로수리 요청합니다. 차량보상가능여부도 확인, 동일내용 대전시청 당직실(***-****) 민원등록 안내
",담당부서 이첩,건설과,,complaints_2024.xlsx,건설과
2024,620,2024-10-02,,진잠파출소,구암동 ***번지 중앙분리대 사고로 인한 쓰레기처리 요망,담당부서이첩,청소행정과,,complaints_2024.xlsx,청소행정과
2024,621,2024-10-01,,진잠파출소,"위치: 용계동 ***-*
내용: 차량 공회전 소음 및 매연 발생 민원 현장 점검 및 과태료 부과 요청 / 민원 신고인 정보 미공개",담당부서 이첩,푸른환경과,,complaints_2024.xlsx,푸른환경과
2024,624,2024-10-01,,익명,"위치: 쑥들수변공원 앞 진잠천
내용: 휴일이나 공휴일 등 저녁시간(해질무렵)부터 뿌연 물이 흘러내려와 확인 요청",담당부서 이첩,푸른환경과,,complaints_2024.xlsx,푸른환경과
2024,625,2024-10-01,,익명,장대동공영주차장 1층이 너무 어두워 범죄 등 우려 된다며 조명 등 설치(또는 수리) 요청,담당부서 이첩,주차관리과,,complaints_2024.xlsx,주차관리과
2024,626,2024-10-01,,익명,둔곡동 둔곡초등학교 앞 공사 소음 관련 문의,담당부서 이첩,푸른환경과,,complaints_2024.xlsx,푸른환경과
2024,627,2024-10-01,,익명,도룡동 웰츠타워(성심당 맞은편 방향) 불법현수막 철거 요청,담당부서 이첩,건축과,,complaints_2024.xlsx,건축과
2024,629,2024-10-01,,익명,"구 유성터미널 앞에 주민들이 공사 중단하라는 내용의 불법현수막을 게시하여 인근 가게에 피해 발생
주민들이 자체 철거해도 되는지, 철거를 해주시는건지 전화달라고 하심.
",담당부서 이첩,건축과,,complaints_2024.xlsx,건축과
2024,630,2024-10-01,,익명,"유성구 소속으로 추정되는 청소차량이 '전민동 ***-*' 원룸 화단을 파손시키고 지나간 것 같음.
담당부서(청소과)에서 구청 차량인지 관리 업체 차량인지 확인 후 조치해줬으면 함.",담당부서 이첩,청소행정과,,complaints_2024.xlsx,청소행정과
2024,632,2024-10-01,,익명,"아동급식카드 교체 및 사용 관련 문의
",담당부서 이첩,온천2동,,complaints_2024.xlsx,온천2동
2024,636,2024-10-01,,[삭제],세금관련 문의-직업이 어부라 바다에 나가있어 연락 등 받기 어려움. 문자메세지로 세금관련 납부할 것 있으면 계좌 및 금액 발송 요청.,담당부서 이첩,세정과,,complaints_2024.xlsx,세정과
2024,638,2024-10-01,,익명,"상대동 아이파크*단지 앞 오피스텔 공사장 소음 민원
","공사시간 별도 제한 없음 안내했으나 추후 조치 요구 
",푸른환경과,,complaints_2024.xlsx,푸른환경과
2024,639,2024-10-01,,119상황실,"대전 mbc 뒤 도룡동 *-* 도로에 큰 가로수 쓰러져 있음 
처리바람 (경찰,소방대 현장 확인 완료)",관련부서이첩,녹지산림과,,complaints_2024.xlsx,녹지산림과
2024,640,2024-09-30,,익명,"관평동 현대아울렛 수변공원 근처 
우회전시 불법주차로 인해 버스 통행 어려움 
단속 및 CCTV 등 해결방법 원하심....담당자 회신 요청",소관부서 이첩,주차관리과,,complaints_2024.xlsx,주차관리과
2024,641,2024-09-30,,익명,유성구 은구비남로**번길 ** ***호 5:30부터 공사 소음 발생(뿌레카),담당부서 이첩,푸른환경과,,complaints_2024.xlsx,푸른환경과
2024,642,2024-09-29,,익명,장대동 공영주차장(장대동 ***-*) 내 조명이 꺼져 있어 점검 요청,담당부서 이첩,주차관리과,,complaints_2024.xlsx,주차관리과
2024,644,2024-09-29,,익명,유성구 용성로** 호반써밋그랜드파크 *BL 악취 민원,"119 안내, 악취종합상황실 안내",푸른환경과,,complaints_2024.xlsx,푸른환경과
2024,645,2024-09-29,,익명,"위치: 방동 저수지 윤슬거리 데크길 내 그네
내용: 그네가 기울어져 있고 그네를 고정하는 쇠사슬이 끊어져 있어 위험해 보인다고 하심 (조치요망)",담당 부서 이첩,공원과,,complaints_2024.xlsx,공원과
2024,647,2024-09-29,,[삭제],"수통골 국립공원 입구 앞 다리에서 미끄러져 부상.
보상여부 확인 및 접수요청.
(거주지: 경기도 시흥)",담당 부서 이첩,건설과,,complaints_2024.xlsx,건설과
2024,648,2024-09-29,,익명,"은구비네거리 늘사랑교회 앞 (지족동 ***) 
보도블럭을 드러내고 공사를 진행,
보행자 통로가 없어, 길을가다 자갈을 밟고 넘어짐.
사업자에게 보행자 통로 만들 것을 요구 및
다친것에 대한 민원제기 ",담당 부서 이첩,건설과,,complaints_2024.xlsx,건설과
2024,649,2024-09-29,,익명,"학의뜰아파트(계산동 ***) 거주, 
계산동 ***에서 폐지에 물을 뿌리는 해당 소음때문에 생활에 큰 어려움.
방음벽 설치 및 한길자원에 해당 사실 전달 요청
지속적으로 민원 제기 중이나, 변화가 없음에 대한 민원",담당 부서 이첩,푸른환경과,,complaints_2024.xlsx,푸른환경과
2024,651,2024-09-29,,익명,대전 유성구 테크노*로 *-** 아이디스 본사 앞 하천 다리 밑에서 몇년 째 골프를 치는 사람이 있음 지나가다가 행인이 맞을 수도 있고 위험해 보임 조치 요청,담당 부서 이첩,재난안전과,,complaints_2024.xlsx,재난안전과
2024,652,2024-09-29,,익명,힐스테이트도안리버파크 공사현장에서 새벽마다 흙탕물을 진잠천으로 쏟아냄 수질 오염 염려됨 조치 요청,담당 부서 이첩,푸른환경과,,complaints_2024.xlsx,푸른환경과
2024,653,2024-09-29,,유성소방서,"지족동 ***-* 2층 리모델링 공사 폐자재 운반하는 파이프관을 인도쪽으로 설치하여 안전사고 위험
건물주에게 알려서 조치 요함(010-****-****) / 소방서에서 위반사항에 대한 행정조치 요청함","담당부서 이첩.
2024.9.29.(일) 2:14경 건물주가 철거업체 시켜 2층에서 1층으로 건설폐기물 내리는 파이프 제거 등 인도변 위험물 제거 완료하였다고 답변함 ",건축과,,complaints_2024.xlsx,건축과
2024,654,2024-09-28,,익명,작은내수변공원에서 진행 중인 마을축제가 너무 시끄러움 어제도 늦게까지 시끄러웠음 문을 닫는 정도로는 해결이 안됨 축제 소음 관리 요청,담당 부서 이첩,원신흥동,,complaints_2024.xlsx,원신흥동
2024,658,2024-09-28,,익명,장대도 월드컵패밀리타운 아파트 정문 옆 도로 비둘기 사체 수거 요청,펫레스큐(이진호) 민원 전달,청소행정과,,complaints_2024.xlsx,청소행정과
2024,659,2024-09-28,,익명,"유성구 세동은 자연녹지 지역으로 벌목이 안되는 곳인데 
사봉 경로당 근처 천변 건너편 산에서 누군가 큰 나무들을 벌목하고 있다고 신고함.",담당 부서 이첩,도시계획과,,complaints_2024.xlsx,도시계획과
2024,660,2024-09-28,,익명,"원신흥동 마을 축제를 비롯하여 유성구, 대전시에서 열리는 행사 홍보가 잘 안되어 있고 
행사 프로그램 공유도 주민이 쉽게 알 수 있도록 되어있지 않아 매번 아쉬움이 크다고
이에 대한 개선이 필요하다고 민원 요청 함.",담당 부서 이첩,홍보과,,complaints_2024.xlsx,홍보과
2024,661,2024-09-28,,익명,주말마다 도룡동 ICC웨딩홀 뷔페에서 음식 탄 냄새가 심하게 올라와 인근에 사는 민원인이 불편함이 크다고 하심. ,해당 부서 이첩,푸른환경과,,complaints_2024.xlsx,푸른환경과
2024,662,2024-09-28,,미상,도룡동 스마트 시티 주변으로 불법현수막(노란색) 철거 조치 요청 / 약 20장 정도,담당부서 이첩,건축과,,complaints_2024.xlsx,건축과
2024,663,2024-09-28,,미상,"수통골 도덕봉가든 -> 코다리 각시 방향(네이버지도)으로 안쪽 공영 주차장에
어떤 분이 주차장을 개인 사유지처럼 사용(개인테이블, 의자 등을 갖다 놓고 주차자리를 사용 못하게 하고 있음. )",담당부서 이첩,주차관리과,,complaints_2024.xlsx,주차관리과
2024,664,2024-09-28,,미상,쌀 수급 신청을 했는데 아직 도착을 안했다고 함. 배달 업체 전화번호 요청,담당부서 이첩,온천1동,,complaints_2024.xlsx,온천1동
2024,665,2024-09-28,,익명,"봉명동 띠울석갈비 쪽 통행 방해를 지속적으로 하는 차량(차량번호 :**루****)이 있어 수차례 민원 넣으셨다고 함. 
지금도 통행에 방해되어 즉각적인 조치 요구하심",주정차 단속반 이첩,주차관리과,,complaints_2024.xlsx,주차관리과
2024,667,2024-09-27,,익명,대전광역시 유성구 유성대로***번길 **  수할인마트유성점 인근 공사 소음으로 인한 민원,담당부서 이첩,푸른환경과,,complaints_2024.xlsx,푸른환경과
2024,668,2024-09-27,,미상,노은4거리에서 현충원 3거리 방면 불법주정차(대형화물차 등)가 많아 운행에 어려움이 많음. 지속적으로 신고를 하고 있으나 계도 조치가 이루어지지 않아 연락을 다시하게됨. 처리 요망 ,담당부서 이첩,주차관리과,,complaints_2024.xlsx,주차관리과
2024,669,2024-09-27,,익명,관평동 **단지 화학약품 악취 민원 처리 요청하심.,관련부서 이첩,푸른환경과,,complaints_2024.xlsx,푸른환경과
2024,670,2024-09-26,,익명,"봉명동 ***-*번지 술집 창문을 불법개조하여 바(bar)로 만들어 영업중.
해당 업장 소음때문에 민원 넣음. 여러번 민원을 넣었음에도 시정이 안되어 강하게 단속 요청함.",관련부서 이첩,푸른환경과,,complaints_2024.xlsx,푸른환경과
2024,671,2024-09-26,,익명,"봉명동 ***-*번지 술집 창문을 불법개조하여 바(bar)로 만들어 영업중.
해당 업장 소음때문에 민원 넣음. 여러번 민원을 넣었음에도 시정이 안되어 강하게 단속 요청함.",관련부서 이첩,위생과,,complaints_2024.xlsx,위생과
2024,672,2024-09-26,,익명,"월드컵경기장 사거리 -> 현충원 방향 삼거리 3차선에 트럭, 일반 차량 등이 불법주차되어있어서, 일주일 전에도 구청에 신고를 했는데 조치가 취해지지 않고 있음.(해당 차선만 도로 보수도 이루어지지 않고 있는 상태)
담당부서에 전달하여 조치 바람",담당부서 이첩,주차관리과,,complaints_2024.xlsx,주차관리과
2024,673,2024-09-26,,익명,전민동->북대전 ic 방향 차로(좌측에 한남대학교 대덕밸리캠퍼스 건물)에 동물 사체 신고,관련부서 이첩(06시~09시 사이 신고),청소행정과,,complaints_2024.xlsx,청소행정과
2024,674,2024-09-26,,구즉경찰서,인도 안전봉 파손 신고(용산동 호반써밋 *단지 전 사거리 횡단보도) / 사고 현장 정리 요청 ,관련부서 이첩,건설과,,complaints_2024.xlsx,건설과
2024,675,2024-09-25,,미상,고라니 사체 처리 요망,담당부서 이첩,청소행정과,,complaints_2024.xlsx,청소행정과
2024,676,2024-09-25,,미상,유성구청네거리 시위 관련 노래(스피커) 소음 불편 조치 요청 / 회신X,관련부서 전달,푸른환경과,,complaints_2024.xlsx,푸른환경과
2024,677,2024-09-25,,미상,"빠른 조치 요청 / 무단 주차로 고물상 출입불가 / **우**** 
차량 소유주 연락 요청",담당부서 이첩,주차관리과,,complaints_2024.xlsx,주차관리과
2024,678,2024-09-25,,미상,유성구 인터시티 호텔 인근 불법주정차 위반 단속 강화 요청,담당부서 이첩,주차관리과,,complaints_2024.xlsx,주차관리과
2024,679,2024-09-24,,구즉지구대,"생활소음신고 (유성구 테크노*로 **-**) 
밤까지 이어지는 큰 음악 소리로 인해 주변 오피스텔에서 소음문제를 겪고 있다고 함.
1년 전에도 신고하여 조치 취한 적 있으나, 현재까지도 지속됨.
민원발생하여 구즉지구대에서 출동 후 현장 조치하였으나, 구청에서도 조치 바란다고 함.",담당부서 이첩,푸른환경과,,complaints_2024.xlsx,푸른환경과
2024,680,2024-09-24,,미상,송정동 **-** 일원 굴다리 야간에 불이 안들어와서 조치 요청,담당부서 이첩,건설과,,complaints_2024.xlsx,건설과
2024,681,2024-09-24,,미상,"유성구 봉명동 ***-**  유성각건물 불법가건물 확인 요청 
이전에 신고했으나 회신없어 다시 연락했다고 하며, 확인 여부 회신 원함.",담당부서 이첩,건축과,,complaints_2024.xlsx,건축과
2024,682,2024-09-24,,익명,대전체육고 앞 큰도로  불법주차 단속요망.,담당부서 이첩,주차관리과,,complaints_2024.xlsx,주차관리과
2024,683,2024-09-24,,익명,문지네거리에서 터널방면으로 트럭 갓길주차 처리요망.,담당부서 이첩,주차관리과,,complaints_2024.xlsx,주차관리과
2024,685,2024-09-23,,익명,대전 유성구 테크노중앙로 ** 앞 번호판없는 오토바이 처리요망,담당부서 이첩,교통정책과,,complaints_2024.xlsx,교통정책과
2024,686,2024-09-23,,익명,전민동 왕골근린공원 가로등 고장 차리요망,담당부서 이첩,공원과,,complaints_2024.xlsx,공원과
2024,687,2024-09-23,,익명,유성대로 ****번길가로등이 안나옵니다.,답당부서 이첩,건설과,,complaints_2024.xlsx,건설과
2024,689,2024-09-23,,익명,원내로 **-* 소음이 심하여 단속부탁 요망.,담당부서 이첩,푸른환경과,,complaints_2024.xlsx,푸른환경과
2024,690,2024-09-23,,미상,대전 서구 도안북로***번길** 부근에 고양이 사체가 있음. 조치바람.,관련부서 이첩,청소행정과,,complaints_2024.xlsx,청소행정과
2024,691,2024-09-23,,[삭제],은구비네거리에서 경찰서 가는 방향 죽동천교 가는 길에 LED 전광판 진입금지 -> 정상통행으로 변경 요청. ,관련부서 이첩,재난안전과,,complaints_2024.xlsx,재난안전과
2024,692,2024-09-23,,미상,"남세종 IC 진입 부위~서울쪽 진입 입구까지 일대가 가로등이 다 나감.
추석 전에도 건설과에 민원을 넣었는데 그대로라고 함. 전화번호는 밝히지 않음. 조치바람.",관련부서 이첩,건설과,,complaints_2024.xlsx,건설과
2024,693,2024-09-22,,미상,"노은농수산물시장 안 주차장을 차들이 다 막아놓고, 밖으로도 황색선에 주차하거나 이중주차 등
차가 다니는데 불편한 상황임. 단속 및 조치 바람.",관련부서 이첩,주차관리과,,complaints_2024.xlsx,주차관리과
2024,695,2024-09-22,,미상,"지쿠(전동 킥보드 대여업체명) 전동 킥보드가 본인 가게 노은동 ***-**번지 앞에 수시로 세워져 있어
불편함 발생, 앞으로 절대 세워놓지 않도록 강력하게 경고 및 본인에게 전화 요망",해당 부서 이첩,교통정책과,,complaints_2024.xlsx,교통정책과
2024,697,2024-09-22,,대덕초등학교 당직자,"대덕초등학교 뒷산 수목 유실로 서고쪽 건물 침범. 수목 제거 요망
학생 등교 시 위험할수 있으니 최대한 빠른 시간안에 처리바랍니다.",담당부서 이첩,녹지산림과,,complaints_2024.xlsx,녹지산림과
2024,699,2024-09-21,,[삭제],"신동 ***, 727 일대 가로등 점등 관련 통화원함 ",관련부서 이첩,건설과,,complaints_2024.xlsx,건설과
2024,700,2024-09-21,,[삭제],"신동 ***, 727 싸리나무 벌목 및 제초요청(보도포함)",관련부서 이첩,건설과,,complaints_2024.xlsx,건설과
2024,701,2024-09-21,,익명,노은동 열매마을 *단지 정문 인도에 박스안에 다친 새가 있음.,펫레스큐 전달,푸른환경과,,complaints_2024.xlsx,푸른환경과
2024,707,2024-09-21,,미상,은구비공원 배수로 막힘,공원과 전달,공원과,,complaints_2024.xlsx,공원과
2024,708,2024-09-21,,미상,폐기물 스티커 판매처를 행정복지센터 외 편의점 등에도 구입할수 있도록 요청 / 전화회신요망 010-****-****,관련부서 이첩,청소행정과,,complaints_2024.xlsx,청소행정과
2024,709,2024-09-21,,익명,금고동 ***번지 논밭으로 멧돼지가 출몰하여 쑥대밭이 됨. 전부터 포획관련 전화를 관련부서에 했었지만 조치되지 않음. 민원인분이 월요일에 담당자와 통화를 원함,관련부서 이첩,푸른환경과,,complaints_2024.xlsx,푸른환경과
2024,710,2024-09-21,,미상,원내동 ***-**번지 일대 침수 인근 우수관로 점검 및 조치요청 / 전화요망,관련부서 이첩,건설과,,complaints_2024.xlsx,건설과
2024,711,2024-09-21,,익명,장대동 ***-*번지 앞 도로에 호우로 인해 배수가 원활하지 않음  ,관련부서(건설과) 전달,건설과,,complaints_2024.xlsx,건설과
2024,712,2024-09-21,,익명,"토요일 주말아침에 통장님께서 문두들기면서 인구조사 한다고 오셨는데, 진짜인지 불안해서 안열어줬다고 함. 확인해서 전화달라고 요청.",관련부서 전달,온천2동,,complaints_2024.xlsx,온천2동
2024,713,2024-09-21,,미상,"오늘 주민등록증 교부해준다고 해서 온천2동 주민센터 방문했으나 아무도 없고 연락을 받지않음
온천2동 비상근무자에게 확인하였으나 그럴리 없다는 답변을 받아 민원인께 전달함(녹취파일 가지고 있고 민원제기 한다고함)",관련부서 이첩,온천2동,,complaints_2024.xlsx,온천2동
2024,714,2024-09-21,,미상,"장대동 ***-* 봄소와 가구점 뒤편 매장주차장에 환경미화원으로 보이는 사람이 쓰레기 투기해놓고 갔다고 함(매장 CCTV로 확인) 
전화요청",불법투기 단속반 전달 및 소관부서 이첩,청소행정과,,complaints_2024.xlsx,청소행정과
2024,715,2024-09-21,,익명,봉명동 하나로마트 뒤편 도로(봉명동 ****-**번지) 불법주정차 단속요청,주말 주정차단속반 전달,주차관리과,,complaints_2024.xlsx,주차관리과
2024,717,2024-09-21,,익명,유성구 장대동 호미공원~장대초등학교 일원 이면도로 내 불법주정차 단속요청,주말 주정차단속반 전달,주차관리과,,complaints_2024.xlsx,주차관리과
2024,718,2024-09-21,,익명,"장대동 호미공원~장대초등학교 일원 이면도로 내 배수로 정비 요청, 평소에도 낙엽으로 배수로가 많이 막혀서 신고 하였었음. 이면도로에 도로 청소차량 운영 등 조치희망","관련부서 전달(호우로 인한 배수로 현장 확인은 온천2동 행정복지센터에 전달 및 확인요청 하였으나, 평소에도 정비를 해달라는 요청사항은 건설과 소관사항)",건설과,,complaints_2024.xlsx,건설과
2024,719,2024-09-21,,익명,원내동 ***-** 건물 지하 침수.,해당부서에 민원 내용 이첩.,건설과,,complaints_2024.xlsx,건설과
2024,720,2024-09-21,,익명,"신구교 부근 갑천 범람으로 음악분수 관련 시설물로 추정되는 책상, 의자 및 천막 등이 떠내려갈 위험에 있음.","재난안전과, 시청 당직실, 하천관리사업소에 해당 민원 내용 이첩.",재난안전과,,complaints_2024.xlsx,재난안전과
2024,721,2024-09-21,,익명,전민동 세종아파트앞에서 전민네거리까지 큰 도로 하수도가 막혀 물이 넘치고있음,담당부서(건설과) 이첩완료,건설과,,complaints_2024.xlsx,건설과
2024,722,2024-09-21,,익명,학하남로**번길 **-** 하수구 막혀서 인도에 물 범람.,건설과에 대응 요청.,건설과,,complaints_2024.xlsx,건설과
2024,723,2024-09-21,,복용파출소,구암교 네거리 시골막국수 근처. 파손된 차단막 펜스를 인도쪽에 치워둠. 수거 요망.,해당부서로 이첩,청소행정과,,complaints_2024.xlsx,청소행정과
2024,725,2024-09-20,,익명,성북동 ***-* 소나무가 쓰러짐으로 인하여 논밭 주위에 쌓아둔 흙과 함께 물이 범람함. 119에서 통행에 방해되지 않도록 소나무는 옆으로 치웠음. 논밭이 사유지인데 주인은 소나무 및 흙을 치우지 않겠다고 함. 민원인에게 전화로 사후 처리 전달 부탁함. ,담당부서로 이첩,지역산업과,,complaints_2024.xlsx,지역산업과
2024,726,2024-09-20,,익명,유성시장 이화목재철물 앞 도로 상 고양이 사체 처리 요청,해당부서 이첩,청소행정과,,complaints_2024.xlsx,청소행정과
2024,727,2024-09-19,,미상,관평천 - 대전용산고등학교 맞은편 가로등 1개만 새벽 내내 켜져있어서 전력 낭비 우려하며 조치 요청하심 / 조치 후 전화 달라고 하셨음,담당 부서 이첩,재난안전과,,complaints_2024.xlsx,재난안전과
2024,728,2024-09-18,,미상,노은역 광장 근처 불법 주정차 단속 요청,담당 부서 이첩,주차관리과,,complaints_2024.xlsx,주차관리과
2024,729,2024-09-18,,익명,노은동 ***-** 카페 울타리에 멧돼지 걸쳐있음 / 시청 당직실(***-****)에서 전화옴,담당부서(푸른환경과) 조치 요청드림,푸른환경과,,complaints_2024.xlsx,푸른환경과
2024,730,2024-09-18,,익명,대덕테크노밸리운암네오미아*단지 앞 관평천 자전거도로에 차량 돌아다님 / 조치 요망,담당부서 이첩,재난안전과,,complaints_2024.xlsx,재난안전과
2024,731,2024-09-18,,익명,용산*로 ** 앞 경남아너스빌쪽 주차금지구역에 불법주차 20대가량 있음 / 조치 요망,단속반 연락 / 1차 단속 후 4대 차량이동시킴 / 나머지 차량 추후 파킹벨 울리면 빠질 예정 안내드림,주차관리과,,complaints_2024.xlsx,주차관리과
2024,733,2024-09-18,,익명,"유성ic에서 충남대방향쪽 임시버스정류장 뒤쪽에 있는 도로편에 다리 부러진 것 같아 보이는 까치 있음 / 조치요망
* 보호센터 휴관 안내 및 담당부서 이첩으로 빠른 조치 취할 수 있도록 하겠다고 안내드림
",담당부서 이첩,푸른환경과,,complaints_2024.xlsx,푸른환경과
2024,734,2024-09-18,,119상황실,"교촌삼거리~제이파크아파트쪽 허스키 목줄없이 돌아다님 / 구조대, 소방차 출동 / 관련부서 통보 요청",담당부서 이첩,지역산업과,,complaints_2024.xlsx,지역산업과
2024,735,2024-09-18,,익명,"대덕대로 *** 사이언스빌리지 까치 보호조치 중이니 빠른시일내에 보호센터 이송조치요망
* 보호센터 휴관에 따라 목요일날 업무처리가 가능하다고 안내드림",담당부서  이첩,푸른환경과,,complaints_2024.xlsx,푸른환경과
2024,736,2024-09-18,,익명,덕명중학교~ 당산네거리 인근 부분 고양이 사체 처리 요청,당직민원 등록 후 연계업체에 처리요청하였음,청소행정과,,complaints_2024.xlsx,청소행정과
2024,737,2024-09-18,,유성지구대,"온천로 **, 공차 앞 교통사고로 인한 잔해물 처리 요청",도로에 있는 잔해물 보도 나무에 치워둠 / 추후 수거 요청,청소행정과,,complaints_2024.xlsx,청소행정과
2024,738,2024-09-17,,유성지구대,"유성구 온천로 **, 공차 앞 분수대 도로조명 파손","안전띠 설치 및 담당부서 이첩 / 추후 조치요망
- 라바콘 회수 후 구청 분리수거장 옆에 놔주세요.",공원과,,complaints_2024.xlsx,공원과
2024,739,2024-09-17,,미상,진잠도서관 화재경보기 오작동(21:35분경) 확인 요망,진잠도서관 화재경보기 오작동(21:35분경) 확인 요망,도서관운영과,,complaints_2024.xlsx,도서관운영과
2024,740,2024-09-17,,미상,대전 유성구 엑스포로***번길 * / 하수가 넘치지는 않는데 평소보다 물 흐름 줄기가 세 확인 요청,담당부서 이첩,건설과,,complaints_2024.xlsx,건설과
2024,741,2024-09-17,,익명,"장대동 ***-* 투다리 건물 측면에 새끼고양이(태어난지 일주일미만)이있어 보호조치 중이니 빠른시일내에 보호센터 이송조치요망
* 보호센터에 연락하였으나 추석연휴기간 휴관에 따라 목요일날 업무처리가 가능하다고 회신받음",담당부서이첩,지역산업과,,complaints_2024.xlsx,지역산업과
2024,742,2024-09-17,,익명,"고양이사체처리요청
장대동 ***-*, -*번지 건물사이 ",당직민원 등록 후 연계업체에 처리요청하였음,청소행정과,,complaints_2024.xlsx,청소행정과
2024,743,2024-09-17,,익명,"반석*단지 공동주택
소방차전용주차공간 관련 문의하였으며 담당자와 유선통화 원함",담당부서 이첩,공동주택과,,complaints_2024.xlsx,공동주택과
2024,744,2024-09-17,,익명,유성종합스포츠센터 앞 신성동>>북대전세무서 방향 차로에 고라니 사체 처리요청,당직민원 접수 후 사체처리반에 문자통보,청소행정과,,complaints_2024.xlsx,청소행정과
2024,745,2024-09-17,,익명,세종에서 대전 오는 방향 남세종ic교차로 지나서 안산동 *차선 도로에 고라니 사체 있어서 처리 요청,펫레스큐로 이첩,청소행정과,,complaints_2024.xlsx,청소행정과
2024,746,2024-09-17,,익명,"고라니 사체 처리 요청
가정동 유플러스 R&D센터 근처(카이스트후문에서 시민천문대 가는 방향)",사체신고업체 전달,청소행정과,,complaints_2024.xlsx,청소행정과
2024,747,2024-09-16,,익명,"유성온천공원 족욕체험장 근처 불법주정차 단속 요망 , 24시간 단속카메라 설치 요청, ",담당부서 이첩,주차관리과,,complaints_2024.xlsx,주차관리과
2024,748,2024-09-16,,익명,용산동 푸르지오하임*단지 정문쪽 차도 고라니새끼 사체 처리 요청,펫레스규로 이첩,청소행정과,,complaints_2024.xlsx,청소행정과
2024,749,2024-09-16,,[삭제],"1~2개월 된 아기강아지(말티즈) 보호 중, 이틀 전 밤에 당근에서 공원에 혼자 돌아다닌다는 글 보고 사료 주려고 보호 하고 있는데, 주인이 나타나지 않음, 키울수가 없어서 전화함.",구조 담당자님께 문자 전함.,지역산업과,,complaints_2024.xlsx,지역산업과
2024,750,2024-09-16,,익명,엑스포아파트 음식물통 수거 요청,환경사업조합에 알려드림,청소행정과,,complaints_2024.xlsx,청소행정과
2024,751,2024-09-16,,익명,"호반써밋 2차아파트 3블럭, 푸르지오 하임 *단지 사이 큰거리쪽 보도블럭 바로 및 고라니 사체 있음",청소행정과로 민원 전달,청소행정과,,complaints_2024.xlsx,청소행정과
2024,752,2024-09-16,,익명,"복명동 ***-** 유성각 불법 가건물 신고 했는데 통보나 전화 받은게 없다. 철거, 처리하고 바로 전화 달라고 하심. 명절 끝나고 전화 달라고 하심.",담당부서에 민원 내용 이첩한다고 안내해드림.,건축과,,complaints_2024.xlsx,건축과
2024,753,2024-09-16,,익명,구암동에서 오토월드 사이 4차선 도로(학하동 ***m 표지판 부근) 고라니 사체,펫레스큐 인계,청소행정과,,complaints_2024.xlsx,청소행정과
2024,754,2024-09-16,,익명,"남세종IC 교차로(안산동) 부근 출구에서 진입로 고가 일대 및 육교 밑 가로등 고장 제보. 발신자 표시 제한으로 전화왔으며, 국토부 소속임을 주장하나 본인 신분(성명, 전화번호 등)을 밝히기를 거부함. 건설과 쪽으로 당직민원을 접수해 달라고 요청하였으며, 감사실이나 청와대에도 민원을 넣겠다고 함.",담당부서 이첩,건설과,,complaints_2024.xlsx,건설과
2024,755,2024-09-15,,[삭제],유성구 노은서로 *** 주택 앞 고라니 사체 처리 요청,펫레스큐 문자발송 및 전화,청소행정과,,complaints_2024.xlsx,청소행정과
2024,756,2024-09-15,,미상,"굴착기 사용을 한다,  이와 관련한 재능기부(ex.제설 작업 할 때 굴착기 사용 등)을 하고싶다  ",관련부서 접수,건설과,,complaints_2024.xlsx,건설과
2024,757,2024-09-15,,미상,"화암교 밑 화암동 ***-**, 사각 배수관이 튀어올라 지나가는 차마다 차 바닥이 긁혀서 조치를 취해야 할 것 같다. ",숙직인원 2명 현장방문하여 확인. 민원사항 일시 해소되었으나 주기적으로 발생하는 민원임을 주장하여 담당부서 현장 확인 요망.,재난안전과,,complaints_2024.xlsx,재난안전과
2024,758,2024-09-15,,미상,"건축물 내부에 있는 계량기에 전선이 난잡해 있어서 깔끔하게 정리 하려고하는데, 한전 직원도 아니고 자격증 없는 일반인이 만져서 감싸달라고 할 수 있는건지??",관련부서 이첩,건설과,,complaints_2024.xlsx,건설과
2024,759,2024-09-15,,[삭제],"행려자 숙박 지원
연락처:010-****-****
주소:울산 동구","숙박을 요청하는 행려자가 있어 명절기간 교통권 발급이 어렵기 때문에, 상아장모텔 숙박을 안내함.
신청서(영수증)을 받고자 숙소에서 대면요청하였으나, 바로 외부로 이동중이어서 직접 신청서를 받지 못함.
숙소 업주로 하여금 요청자가 입실 할 때 신청서를 작성하여야 입실할 수 있음을 안내하며, 
업주에게 신청서(영수증)를 전달하고 복귀함 ",생활보장과,,complaints_2024.xlsx,생활보장과
2024,760,2024-09-15,,미상,"계산동 ***-** 인근 인도에 큰 새 사체가 있어서 종량제봉투에 넣은 후, 인근 건물 주변 박스 안에 종량제봉투 넣어놨으니 처리 부탁한다.",팻레스규(이진호) 전달 완료,청소행정과,,complaints_2024.xlsx,청소행정과
2024,761,2024-09-15,,미상,장대동 ***-* 불법현수막이 달려있다. 제거 요청 ,추석연휴 후 처리 전화 안내,건축과,,complaints_2024.xlsx,건축과
2024,763,2024-09-15,,미상,"민원인은 교촌동 미메이드 아파트 ***동 ***호 거주자로, 윗집에서 지속적인 불법 쓰레기 투기가 있는 것으로 보임.
조치가 가능한지 연락바람",담당부서 이첩,청소행정과,,complaints_2024.xlsx,청소행정과
2024,764,2024-09-15,,보험회사,자운대 안 국군대전병원 앞 도로 나무 쓰러짐,차주가 근무지원단에 연락하여 해결하기로 함,녹지산림과,,complaints_2024.xlsx,녹지산림과
2024,765,2024-09-14,,미상,송강로 **인근 재활용품 미수거,관련부서 이첩,청소행정과,,complaints_2024.xlsx,청소행정과
2024,766,2024-09-14,,미상,"집 앞 농로에 주차된 본인의 차를 다른 다른 차가 치고 도망감. 
집 앞의 농로의 차 출입 문제 해결 혹은 도로 입구에 사고시 확인할 수 있는 CCTV 등 설치 요청",담당부서 이첩,지역산업과,,complaints_2024.xlsx,지역산업과
2024,767,2024-09-13,,[삭제],둔산대교부터 DCC사거리 인근 가로등 소등 및 점등상태 확인 요청 ,담당부서 이첩,건설과,,complaints_2024.xlsx,건설과
2024,768,2024-09-13,,익명,버스정류장 원불교유성교당 근처 불법주차 단속요청,담당부서 이첩,주차관리과,,complaints_2024.xlsx,주차관리과
2024,769,2024-09-13,,익명,"용반네거리 불법현수막 민원
****-**** 천만원으로 내집마련 ",담당부서 이첩,건축과,,complaints_2024.xlsx,건축과
2024,770,2024-09-13,,익명,"로드킬 동물사체 처리
(유성IC로 빠지는 좌회전 도로 *차선, 궁동 -> 월드컵경기장 방향)",조치할 수 있도록 담당자 연락하겠다고 함.,청소행정과,,complaints_2024.xlsx,청소행정과
2024,772,2024-09-12,,[삭제],"봉명동 ***-**번지 상 건축물 불법건축물 신고건 처리결과 및 진행상황을 통보해주기 바람.
(어제도 연락했었는데, 연락주겠다고 해놓고 오지 않아서 꼭 연락해주기를 바람.)",담당부서 이첩.,건축과,,complaints_2024.xlsx,건축과
2024,773,2024-09-12,,미상,모다아울렛 건너편 제방 둘레길(대정교 부근) 제초 작업 요망 // 정확한 위치는 민원인한테 연락 요망,해당부서이첩,재난안전과,,complaints_2024.xlsx,재난안전과
2024,775,2024-09-12,,미상,신성네거리에서 송림*단지 방향 2차선 // 고라니 사체 처리 바람,해당부서 이첩,청소행정과,,complaints_2024.xlsx,청소행정과
2024,776,2024-09-11,,익명,금일 가건축물 관련 전화 준다고 하셨는데 안와서 기다린다고 바로 전화 달라고 하심(봉명동 ***-** 무허가 창고 관련 민원),해당부서 이첩,건축과,,complaints_2024.xlsx,건축과
2024,777,2024-09-11,,미상,주정차 민원 전화요망(안전신문고 앱 이외 신고 방법),해당부서 이첩,주차관리과,,complaints_2024.xlsx,주차관리과
2024,778,2024-09-11,,익명,구암동 천하제일복권명당 유성점 인근 맨홀뚜껑 뒤집어져 안이 보임.,건설과 정강진주무관(010-****-****) 민원접수내용 문자 전송,건설과,,complaints_2024.xlsx,건설과
2024,779,2024-09-11,,익명,에스오일 방동제일주유소(대전 유성구 계백로 ***) 건너편 도로 끝차선에 걸쳐 있는 고라니 사체 처리 요청 / 방동에서 송정동 가는 방향,담당부서 이첩,청소행정과,,complaints_2024.xlsx,청소행정과
2024,781,2024-09-11,,[삭제],행려 귀향여비 문의 후 현금 일만원 받아감  / 다음날 평일에 방문한다고 하였음,담당부서 이관 / 영수증 첨부,생활보장과,,complaints_2024.xlsx,생활보장과
2024,782,2024-09-10,,[삭제],국민콜 통해 접수 / 도로 드릴 뚫는 소리 때문에 너무 시끄러움 ,관련부서이관,푸른환경과,,complaints_2024.xlsx,푸른환경과
2024,783,2024-09-10,,익명,유성대로***번길 ** 위담한의원 출입문 도로 고양이 사체 처리 ,동물사체처리반(010-****-****) 문자 전송 ,청소행정과,,complaints_2024.xlsx,청소행정과
2024,784,2024-09-10,,[삭제],"어미 고양이 1마리 새끼 고양이 3마리가
자꾸 찾아옴 
중성화 수술이라도 시켜줬으면 함 ",담당부서 이관,지역산업과,,complaints_2024.xlsx,지역산업과
2024,785,2024-09-10,,[삭제],"유성구 지족동 열매마을 ***동 큰대로변쪽에 나무를 새로 심어놨는데 죽은 나무(?)로 심어놔서 보기가 안좋음 
연락 부탁드립니다  ",담당부서 이관,공원과,,complaints_2024.xlsx,공원과
2024,786,2024-09-10,,익명,온천공원 두드림공연장 부근 가로등 점멸로 산책 시 불편을 겪음. 한달 전에도 민원 접수 하였는데 안 고쳐졌다고 항의 하셨습니다.,담당부서 이관,건설과,,complaints_2024.xlsx,건설과
2024,787,2024-09-09,,익명,유성대로 ****번지 부근 사이언스 대덕복지센터 아래부터 가로등 점멸로 인한 불편을 겪어 담당자 통화를 원함,담당부서 이관,건설과,,complaints_2024.xlsx,건설과
2024,788,2024-09-09,,미상,봉명동 띠울석갈비 뒷편 골목 불법주정차가 너무 많고 혼잡해 단속요청,담당부서 이첩,주차관리과,,complaints_2024.xlsx,주차관리과
2024,789,2024-09-09,,익명,"관평동~송강동 방면 천변 야구장, 축구장에서 골프 연습하는 사람들(3~4명)에 대한 민원",해당부서이첩,문화관광체육과,,complaints_2024.xlsx,문화관광체육과
2024,790,2024-09-09,,익명,탑립동 ***-* 주정차 단속 요청(흰색선),담당부서 요청,주차관리과,,complaints_2024.xlsx,주차관리과
2024,791,2024-09-09,,익명,충대정문~월드컵경기장 방면 지하차도 출구쪽 고양이 사체,업체전달,청소행정과,,complaints_2024.xlsx,청소행정과
2024,792,2024-09-09,,복용파출소 *** 경위,청소년 주류 판매업소(상대동로**번길 **),담당부서 이첩,위생과,,complaints_2024.xlsx,위생과
2024,793,2024-09-08,,익명,용계동 ***-* 힐스테이트 도안2차 4블럭~7블럭 사이 인도위에 주정차 신고,담당부서 이첩,주차관리과,,complaints_2024.xlsx,주차관리과
2024,794,2024-09-08,,미상,관평동 현대아울렛 사비아나 필리피 매장 바깥부분 다친 비둘기 있음,해당부서 이첩,푸른환경과,,complaints_2024.xlsx,푸른환경과
2024,795,2024-09-08,,미상,행복주택 주거급여 수급자 조건 관련 문의사항 >민원인: 전화 답변요청,해당부서 이첩,생활보장과,,complaints_2024.xlsx,생활보장과
2024,796,2024-09-08,,미상,"봉산동 셀프주차장 앞 쓰레기 투척(해당 차종 흰색 카니발, **버****, 민원인 cctv 확보했다고 함)",담당부서 이첩,청소행정과,,complaints_2024.xlsx,청소행정과
2024,797,2024-09-08,,미상,"민원인은 위 주소의 옆집 사람으로, 위 주소 마당에서 길고양이 사체가 썩어서 냄새가 매우 나기에 치워 달라함
(위 주소의 주인이 치워야 할것으로 생각된다고 말씀드렸으나 집에 안들어온지 오래되어 썩어서 냄새가 너무 심하다기에 민원인의 전화번호와 함께 민원등록 해드린다고함)",해당부서로 등록,청소행정과,,complaints_2024.xlsx,청소행정과
2024,798,2024-09-08,,미상,도룡동 스마트시티 정전 ,소관부서 이첩,건설과,,complaints_2024.xlsx,건설과
2024,799,2024-09-08,,한빛주아파트 주민,"무상점검의 취지는 좋으나 차들이 아파트 안까지 들어와서 너무 불편하니, 번호표를 배부 하는것이 어떻냐며 의견을 전달해달라고 함",해당부서로 ,교통정책과,,complaints_2024.xlsx,교통정책과
2024,800,2024-09-08,,익명,농협 궁동 지구대옆 용달차 확성기 소음,해당부서 이첩,푸른환경과,,complaints_2024.xlsx,푸른환경과
2024,801,2024-09-08,,익명,둔곡동 하나로마트 인근 공사장 소음민원,관련부서 이첩,푸른환경과,,complaints_2024.xlsx,푸른환경과
2024,802,2024-09-07,,익명,학하동 별밭음악축제 관련 소음 민원으로 추후 축제진행을 하지 않았으면 함.,해당부서 이첩,학하동,,complaints_2024.xlsx,학하동
2024,803,2024-09-07,,익명,봉명동(마을커뮤니티공간꿈샘)작은내수변공원 가로등이 안들어옴,관련부서 이첩,공원과,,complaints_2024.xlsx,공원과
2024,804,2024-09-07,,익명,봉명동 ****번지 작은내수변공원 가로등이 안들어옴,해당부서 이첩,공원과,,complaints_2024.xlsx,공원과
2024,805,2024-09-07,,익명,지족동 ***-* 두루봉근린공원 여자화장실 변기가 고장으로 물이 계속 내려감(현장확인 완료) ,해당부서 이첩,공원과,,complaints_2024.xlsx,공원과
2024,806,2024-09-07,,익명,차량등록사업소 입구쪽 대형화물차 불법 주정차 민원 대상차량 경남** 사****,해당부서 이첩,주차관리과,,complaints_2024.xlsx,주차관리과
2024,807,2024-09-07,,익명,두루봉 근린공원 옆 *단지 *단지 쪽 공중화장실에서 물이 새고 있음,관련부서 이첩,공원과,,complaints_2024.xlsx,공원과
2024,808,2024-09-07,,익명,한샘근린공원(대정로 **)쪽에 뱀 출몰로 조치 요청,담당부서 이첩,공원과,,complaints_2024.xlsx,공원과
2024,809,2024-09-07,,미상,"성세병원 맞은편 철거공사 중 가림락 미설치로 비산먼지, 소음 발생",관련부서 민원 전달,푸른환경과,,complaints_2024.xlsx,푸른환경과
2024,810,2024-09-07,,익명,계룡로 ** 씨제이나인파크 세븐일레븐쪽 앞 노란선 상시 불법 주차,"20240907 10:18, 14:28 두 차레 주차단속반에 요청 및 민원인께 결과 전달 요청",주차관리과,,complaints_2024.xlsx,주차관리과
2024,811,2024-09-07,,익명,야외주택 불법소각 성북2통 마을회관,담당부서 이첩,녹지산림과,,complaints_2024.xlsx,녹지산림과
2024,813,2024-09-06,,익명,"볼링공 폐기법 문의
구청 홈페이지 대형폐기물 목록에 볼링공 검색 안됨
→ 처리부서에서 폐기법 안내 바란다고 함",처리부서 지정,청소행정과,,complaints_2024.xlsx,청소행정과
2024,814,2024-09-06,,익명,"노은 해랑숲 마을 *단지 편의점 010-****-****(점주번호)

도시락 섭취 후 복통(유통기한 안지남) → 해당 편의점에서 환불처리 받음 → 점주 쪽에서는 판매만 했을 뿐, 공장에 직접 문제 제기 하라고 함
→ 식중독 사고 신고 하고 싶음",처리부서 지정,위생과,,complaints_2024.xlsx,위생과
2024,818,2024-09-05,,[삭제],"22:40분경, 죽동 천년나무 *단지 앞 건물 실외기(?) 소음공해 민원, 몇달째 소음 지속중, 빠른처리 요망 / 민원인 정보( ***, 010-****-****)
",해당부서이첩,푸른환경과,,complaints_2024.xlsx,푸른환경과
2024,819,2024-09-05,,미상,"21:34, 개목줄 미착용으로 인한 피해신고민원들어옴(아이한테 달려듦), 휴먼시아 *단지 ***동 농구장 앞,  견주정보(***, 010-****-****),복용파출소 042-****-**** 통화결과 가해자 신상정보 이첩받기로함(동물보호법 위반)
피해자 민원인(010-****-****)에게 민원진행절차나 진행상황 연락요망.",해당부서이첩,지역산업과,,complaints_2024.xlsx,지역산업과
2024,820,2024-09-05,,미상,"19:37분, 주차차단봉 파손/ GS대전 대정점 앞 도로 주차차단봉 파손(**나****)",해당부서 이첩,건설과,,complaints_2024.xlsx,건설과
2024,821,2024-09-05,,미상,장현교(궁동***-*)에 흰색차량 주차 중. 연락처가 없어 차량을 이동해달라 연락을 못하시니 구청에서 조회에서 연락부탁하심,담당 부서 이첩,주차관리과,,complaints_2024.xlsx,주차관리과
2024,822,2024-09-05,,미상, 스타벅스 유성점(구리베라호텔) 건너편 2차선도로에 역주행방향 주차 민원,담당부서 이첩,주차관리과,,complaints_2024.xlsx,주차관리과
2024,823,2024-09-05,,미상,"죽동네거리에서 출근시간에 공사 중. 덤프트럭 등으로 이동 불편에 대한 민원
인도 쪽 공사 중이라고 함
",담당 부서 이첩,건설과,,complaints_2024.xlsx,건설과
2024,824,2024-09-05,,도룡지구대,전민동 엑스포공원(전민초부근)에서 외부 수도꼭지 물이 샌다는 민원 전달,담당 부서 이첩,공원과,,complaints_2024.xlsx,공원과
2024,825,2024-09-04,,미상,"지족북로*에서 공공형쓰레기 봉투 안 개인용 쓰레기봉투를 넣어놓았다는 이유로 메모를 남기고 공공형쓰레기봉투 그대로 수거하지 않음. 
-> 공공형 쓰레기 봉투 안애 개인용 봉투가 있을 경우 수거 하지 않는다는 규정이나 법적 근거 요청 및 조치요구 ( 민원요구사항: 오전 10시 전까지 전화회신요청)
",담당 부서 이첩,청소행정과,,complaints_2024.xlsx,청소행정과
2024,826,2024-09-04,,미상,"대학로 **/ 벤츠매장 주차장 들어가는 곳의 배수로(?)가 낙엽 등으로 막혀서 물이 넘쳐 흐른다고하심.  요즘 빈번하게 이런 일이 발생한다고 하심.
5일 오전 중으로 해결해달라고 하셔서 담당부서에 빠른 처리 부탁드리겠다고 말씀드림. ",담당부서 이첩,건설과,,complaints_2024.xlsx,건설과
2024,829,2024-09-04,,미상,"동화교 아래(슈어띵카페 앞) 산책로 차량 통행으로 인해 안전관련 불편사항 신고
(통행 금지 안내판 또는 차단막 설치 요청)",담당 부서 이첩,재난안전과,,complaints_2024.xlsx,재난안전과
2024,830,2024-09-04,,미상,"9.3 오전 8-9시경 구즉동 도로 위 수목 전도 신고 하였으나 
미처리로 재민원",담당부서 이첩,녹지산림과,,complaints_2024.xlsx,녹지산림과
2024,831,2024-09-04,,미상,장대동 ***-** 부근 포트홀 조치 요청,관련 부서 이첩,건설과,,complaints_2024.xlsx,건설과
2024,832,2024-09-04,,미상,지족동 *** 부근 도로가 울퉁불퉁하여 하단부가 낮은 차량이 긁히는 상황 → 개선 조치 요청,관련 부서 이첩 (도로폭이 대로 3류로 시 건설관리본부 시설정비과 소관으로 판단됨),건설과,,complaints_2024.xlsx,건설과
2024,833,2024-09-03,,미상,노은3지구(현충원 후문 쪽) 제초작업을 새벽 5시부터 작업차(화물차)가 빵빵거리면서 작업을 진행하여 불편사항 관련 전화로 조치 요청함,담당 부서 이첩,녹지산림과,,complaints_2024.xlsx,녹지산림과
2024,834,2024-09-02,,미상,대전 유성구 장대로 **-* 가게 주인/ 도로 공사 시작한 이후로 가게 바닥에서 물이 솟음/ 가게 주인은 공사 중에 수도관을 건드린 것 같다며 항의함/ 공사로 인한 수도관 파손인지 인과관계 파악 후 전화 회신 필요해보임...,담당 부서 이첩,건설과,,complaints_2024.xlsx,건설과
2024,835,2024-09-02,,미상,온천북로**번길 **-** 탑노래방 건물 뒤쪽 풍선 큰 것 옥외광고 신고,담당 부서 이첩,건축과,,complaints_2024.xlsx,건축과
2024,836,2024-09-02,,미상,"방치차량 신고
죽동 천년아파트 정문 ***동 지하주차장쪽
- 아파트 미등록차량 / 민원인얘기로 한달째 방치되어있음
- 1톤트럭 **다****",담당부서 이관,교통정책과,,complaints_2024.xlsx,교통정책과
2024,837,2024-09-02,,유성경찰서,"미성년자 술판매
- 테크노중앙로 **에서 방금전 미성년자(남2여3) 소주마심",담당부서 이첩,위생과,,complaints_2024.xlsx,위생과
2024,838,2024-09-02,,미상,"택시 승차거부
민원인: 유성구->동구 용운동 요청 / 이후 택시기사가 서구 용문동으로 알아들었으며, 용운동은 못간다며 용문동에서 내리라고하였음. -> 기사가 다른 택시부름 -> 요금때문에 택시기사 간 다툼 및 승객 승차거부
- 해당 승차거부 건 처리 및 민원인에게 연락 요청
- 대전시에 등록되어있는 기사가 맞는지 문의(등록기사가 아닌거 같아 범죄연루 의심)
- 차량번호: 대전 **바****(젊은기사)",담당부서 이관,교통정책과,,complaints_2024.xlsx,교통정책과
2024,839,2024-09-01,,[삭제],학하동 덕명네거리 한밭대학교 방향 고양이 로드킬 사체 처리 요청,펫레스큐에 조치요청,청소행정과,,complaints_2024.xlsx,청소행정과
2024,840,2024-09-01,,미상,"반석동 ***번지 인근 산책로에 공무수행 차량(포터, 번호 미상)이 쓰레기 봉지 20여 개 투기",담당부서 이첩,청소행정과,,complaints_2024.xlsx,청소행정과
2024,841,2024-09-01,,미상,계룡로** 건물앞 불법주차로 인하여 건물안과 밖으로 차량통행불가. 불법주차차량(**누****) 소유주(010-****-****)와 통화하였으나 차량이동은 바로 하기 어렵다고 함.  민원인(건물주)에겐 경찰에게 업무방해로 신고할것을 안내함,담당부서 이첩,주차관리과,,complaints_2024.xlsx,주차관리과
2024,842,2024-09-01,,미상,"부상 멧비둘기 구조요청
봉명동 ***-*",펫레스큐에 전달,푸른환경과,,complaints_2024.xlsx,푸른환경과
2024,843,2024-09-01,,미상,"구암동 ***-*번지 인근 상습 불법주정차 지역으로, 
일제 주차단속 및  민원확인 후 바로 연락 요청",담당부서 이첩,주차관리과,,complaints_2024.xlsx,주차관리과
2024,844,2024-09-01,,익명,"재활용쓰레기
궁동 ***번지
말통 잔뜩 놔둠 수거 요망",소관부서 이첩,청소행정과,,complaints_2024.xlsx,청소행정과
2024,845,2024-09-01,,시청 도로관리소,"전민동 ***-** 한의학연구원 정문 앞 싱크홀
깊이 3m가까이","소관부서 이첩
하수팀 김영철팀장, 정강진 공무직, 담당자 윤종선 유선보고
비상연락망 문자 보고",건설과,,complaints_2024.xlsx,건설과
2024,846,2024-09-01,,익명,계룡로 **(미성샤르망) 버스정류장 앞 버스 정차구간에 이삿짐트럭이 몇시간째 주차 후 작업증,소관부서 이첩(단속반 전달),주차관리과,,complaints_2024.xlsx,주차관리과
2024,847,2024-09-01,,익명,"관평동 ****, 1356 롯데마트 대덕점 앞 공사현장 주말새벽부터 소음",소관부서 이첩,푸른환경과,,complaints_2024.xlsx,푸른환경과
2024,848,2024-09-01,,익명,죽동 수헤어살롱 앞 부상당한 새 구조 요청 (사체 처리 완료),펫레스큐 전달,청소행정과,,complaints_2024.xlsx,청소행정과
2024,849,2024-08-31,,구즉지구대,"미성년자 주류판매업체 적발 내용 전달 
구즉로**번길 **",담당부서 전달,위생과,,complaints_2024.xlsx,위생과
2024,850,2024-08-31,,미상,도룡동 고속시외터미널 도로 맞은편 가로등이 깜빡거려서 조치부탁,담당부서 전달,건설과,,complaints_2024.xlsx,건설과
2024,852,2024-08-31,,미상,둔곡동 우미린아파트 일대 목줄없는 대형견 돌아다님,"유성구 유기동물 구조 담당자분한테 연락 취함(두달째 못잡고 있다고함,,)",지역산업과,,complaints_2024.xlsx,지역산업과
2024,853,2024-08-31,,익명,"○ 민원대상 : 마을1번 버스
○ 민원장소 : 유성온천역 6번 출구
○ 민원내용 : 마을1번버스가 어플 및 정류장에 설치된 안내시스템에 대기시간이 떴는데 갑자기 없어진 적이 있어(지난번 및 오늘 총 2차례) 버스사용에 불편함이 많음. 회신은 따로 필요 없으나 이런 오류에 대해 꼭 조치해주기를 당부함.",담당부서 전달,교통정책과,,complaints_2024.xlsx,교통정책과
2024,854,2024-08-31,,익명,"※ 필독 : 민원인 전화번호 누출 주의 철저 요망 및 2일(월) 회신 필수 요청
○ 민원장소 : 학하서로**번길 *-**
○ 민원내용 : 주변에서 1년째 거주중인데, 비눗물도 사용하고 시끄러운 음악을 틀어놓으며 '소음'이 아주 심하다고 함.  ",담당부서 전달,푸른환경과,,complaints_2024.xlsx,푸른환경과
2024,855,2024-08-31,,[삭제],"대전시청자미디어센터 지하주차장 장애인 주차구역 옆쪽으로 주차했는데 10만원이 나옴. 왜이렇게 많이 나왔는지 궁금해하심. 
2일(월) 전화 필히 회신 요청하심",담당부서 전달,노인장애인과,,complaints_2024.xlsx,노인장애인과
2024,856,2024-08-31,,익명,"성북동 산림욕장 내 화장실 여닫이문으로 되어있어서 열고닫기가 힘듦. 관리사무소에 연락하니, 구청에다 당직민원신청하라고 안내받았다고 함.",담당부서 전달,녹지산림과,,complaints_2024.xlsx,녹지산림과
2024,857,2024-08-31,,[삭제],"자녀가 주민세 영수증 용지를 받지 못해 어떻게 처리하면 좋을지 안내받기를 요청
9월 2일(월) 전화를 꼭 요청함",해당부서 이첩,세원관리과,,complaints_2024.xlsx,세원관리과
2024,859,2024-08-31,,익명,"노은동 월드컵경기장에서 현충원역(천양원쪽) 가능방향(첨부파일 - 지도)에 화물차들이 장기로 불법주차 되어있음.
현장확인 후 조치 요청",담당부서 전달,교통정책과,,complaints_2024.xlsx,교통정책과
2024,860,2024-08-31,,[삭제],"○ 사고일 : 2024. 8. 13. 저녁
○ 대상자 : ***
○ 장    소 : 봉명동 공원 내 공원화장실
○ 사고내용 : 13일 저녁 공중화장실 내 세면기가 떨어져서 발을 다쳐 119 실려감
○ 민원내용 : 2일전 보상관련 전화하였으나 답이 없어서 다시한번 전화함. 월요일(2일) 오전 전화 필히 요망",담당부서 전달,공원과,,complaints_2024.xlsx,공원과
2024,861,2024-08-31,,익명,"유성교 유성만두 맞은편 불법현수막 걸려있음. 장명교 및 수통골 주변 등 현재 금요일 오후부터 주말(토~일) 사이 불법현수막이 많이 걸려있어 처리요망.
주말에 근무 안하면 앞으로 할 수 있도록 추진계획 수립 및 월요일(2일) 회신 요청",담당부서 전달,건축과,,complaints_2024.xlsx,건축과
2024,862,2024-08-31,,익명,"주정차위반 과태료 납부하였는데, 완납되었는지 궁금하심. 회신 요청",담당부서 전달,주차관리과,,complaints_2024.xlsx,주차관리과
2024,864,2024-08-31,,익명,"차량 출입시설 부과 관련 고지서를 받았는데, 미납되어 금액이 추가된 것으로 확인됨. 
금액을 정확하게 알고싶으니, 월요일(2일)에 꼭 회신 요청바람.",현재 정확한 금액은 알기 어려우니 월요일(2일) 담당부서에서 정확하게 금액 파악 후 연락드린다고 하고 통화 종료,건설과,,complaints_2024.xlsx,건설과
2024,865,2024-08-31,,미상,"원신흥로 ***번길 **-** 앞에 쓰레기 투기 하지 말라고 환경과에서 팻말도 붙여 놓았으나 여전히 쓰레기 투기가 이루어져
CCTV 등을 통해 해결이 되길 원함",소관부서에 민원 등록,청소행정과,,complaints_2024.xlsx,청소행정과
2024,866,2024-08-30,,익명,방죽어린이공원(구암동) 약산수가 나오지 않아 조치 요청,관련부서 이첩,재난안전과,,complaints_2024.xlsx,재난안전과
2024,867,2024-08-30,,익명,구룡저수지에서 산 올라가는 방향 나무 전도로 인한 조치 요청,관련부서 이첩,녹지산림과,,complaints_2024.xlsx,녹지산림과
2024,868,2024-08-30,,진잠파출소,"원내동 샘물타운아파트 4거리 주변 불법주차 단속 요청(금일 토요일)
금일이 어려우면 주말에 불법주차 단속 요청함",해당부서 이첩,주차관리과,,complaints_2024.xlsx,주차관리과
2024,869,2024-08-30,,익명,"학하동 포레나아파트 신축공사 현장에서 새벽 5시부터  공사진행으로 인해 소음이 너무 심함
최근에 민원을 제기하였으나 연락도 못받았다고 함(아이가 공사소음으로 힘들어함)
정확한 조사 및 민원답변 요구",해당부서 이첩,푸른환경과,,complaints_2024.xlsx,푸른환경과
2024,870,2024-08-30,,익명,관평동 *** 대우마트 앞 도로 고양이 사체 신고,펫 레스큐 전달,청소행정과,,complaints_2024.xlsx,청소행정과
2024,871,2024-08-30,,익명,카이스트 정문 앞 족제비 사체 신고,펫레스큐 전달,청소행정과,,complaints_2024.xlsx,청소행정과
2024,872,2024-08-30,,익명,"원신흥동 어울림하트 주민으로, 주민세 납부 문의 및 상담요청함",관련부서 이첩,세원관리과,,complaints_2024.xlsx,세원관리과
2024,873,2024-08-30,,익명,"지족동 **** 횡단보도 부근 블럭 공사 현장 부근 지나는 중 타이어 휠 교체 
비용 청구 관련 문의",담당부서이첩,건설과,,complaints_2024.xlsx,건설과
2024,874,2024-08-30,,익명,송강동 두리초 공사 소음 관련 민원,담당부서이첩 및 교육청 문의 요청,푸른환경과,,complaints_2024.xlsx,푸른환경과
2024,875,2024-08-29,,익명,"*** *****에서 식사 후 일행 모두 식중독 증상(장염, 발열, 식은땀 어지러움 등) : 21:22 전화, 22:36 전화 
식당에 전화를 해서 이미 음식물을 폐기했을 수도 있다는 생각이 듦. 오전 연락 요망.",담당부서이첩,위생과,,complaints_2024.xlsx,위생과
2024,876,2024-08-29,,익명,세종시에서 관평동으로 넘어오는 BRT정류장 근처 악취가 심하게 남.,"악취종합상황실 근무반 내용 문자 전달, 담당부서 이첩",푸른환경과,,complaints_2024.xlsx,푸른환경과
2024,877,2024-08-29,,익명,"용계동 ***-*(목원대 앞, 맥도날드-베스킨라빈스 횡단보도) 새 사체 신고",펫레스큐 전달 완료,청소행정과,,complaints_2024.xlsx,청소행정과
2024,878,2024-08-29,,익명,"8.28. 12:10경 테크노*로 **-*번지 부근에서 교통사고 발생
블랙박스가 없어서 혹시 근처 cctv영상 받아볼 수 있는지 문의",담당부서이첩,회계과,,complaints_2024.xlsx,회계과
2024,879,2024-08-29,,익명,"구암동 **-*번지 근처 놀이터, CCTV 녹화중 안내 문구 현판이 떨어져 있어 옆에 치워 놓았다 함.",해당부서 이첩,회계과,,complaints_2024.xlsx,회계과
2024,880,2024-08-29,,익명,서한이다음*단지 → *단지(과학성장로 **) 하얀 진돗개 출현,유기동물 구조 담당자 연락 완료(반복민원으로 덫 설치해놓았다고 하심),지역산업과,,complaints_2024.xlsx,지역산업과
2024,881,2024-08-29,,익명,"송강동 한마을아파트, 냄새(악취)가 난다고 함.",담당부서 이첩,푸른환경과,,complaints_2024.xlsx,푸른환경과
2024,882,2024-08-29,,익명,"학하초 정문앞, 집앞 문이 열려있고 강아지 5마리 목줄없이 주위 활보, 주인은 보이지 않고 행인들 향해 짖음.","유성구 유기동물 구조 담당자에게 내용 전화, 문자 전달",지역산업과,,complaints_2024.xlsx,지역산업과
2024,883,2024-08-29,,익명,"신성동 탄동농협 본점 부근 불법주정차 문제로 인해 차량 이동 불가
**모****(폭스바겐), 제네시스g80(**더****) 등 불법 주정차 차량으로 신고",담당부서이첩,주차관리과,,complaints_2024.xlsx,주차관리과
2024,884,2024-08-29,,유성지구대,"상대지하차도 버스전용차로 및 중앙 차선에 있는 낙하물은 가장자리로 치워놨지만,  가장자리의 것들이 중앙에 흩뿌려질 위험이 있음.
해당 낙하물들을 치워줄 것을 요청함",담당부서 이첩,청소행정과,,complaints_2024.xlsx,청소행정과
2024,885,2024-08-28,,구즉지구대,"송강동 ***번지(킹스파 사우나 앞) 오른쪽 끝차선 맨홀이 이탈됨
현장에서 조치는 하였으나, 점검요청",담당부서 이첩,건설과,,complaints_2024.xlsx,건설과
2024,886,2024-08-28,,익명,장대동 ***-* 도로 위 고양이사체,펫레스큐 인계,청소행정과,,complaints_2024.xlsx,청소행정과
2024,887,2024-08-28,,112상황실,대전 유성구 계룡로***번길 ** 동화장 유성하늘채 하이에르 공사장 입구에 무단 주정차 차량으로 인해 공사를 못하고 있음.,해당부서 이첩,주차관리과,,complaints_2024.xlsx,주차관리과
2024,888,2024-08-28,,익명,만년교 위 고양이 사체,펫레스큐 인계,청소행정과,,complaints_2024.xlsx,청소행정과
2024,890,2024-08-28,,익명,"도안 7블럭앞 작은내 수변공원 근처 새벽5시 부터 풀 깍는 소리가 너무 심하게 들린다고 함
중지요청(민원인 요청사항: 공원과 지정, 담당자 바로 유선 연락해 중지조치해달라며 강하게 요구함)",담당부서 이첩,공원과,,complaints_2024.xlsx,공원과
2024,891,2024-08-28,,익명,계룡로 *** 코젤병원 주차장 입구 쪽 코너 차량 밑에 고양이 사체 신고,펫레스큐 인계,청소행정과,,complaints_2024.xlsx,청소행정과
2024,892,2024-08-27,,한라비발디 아파트 관리실,한라비발디 아파트  후문 불법 주정차,해당부서 이첩,주차관리과,,complaints_2024.xlsx,주차관리과
2024,893,2024-08-27,,익명,한국기계연구원(대전 유성구 가정북로 ***) 밤낮으로 소음이 심하다고 연락오심. ,해당부서 이첩,푸른환경과,,complaints_2024.xlsx,푸른환경과
2024,894,2024-08-27,,익명,"열매마을 *단지 701~은구비서로 **-* 사이, 다이소뒷편 일대 불법주정차차량 지속적인 단속요청",담당부서 이첩,주차관리과,,complaints_2024.xlsx,주차관리과
2024,895,2024-08-27,,익명,대전 유성구 계룡로 ** 1층 부상당한 비둘기 있음. 지족동 ****-* 고라니 사체 있음. ,담당부처 이첩,청소행정과,,complaints_2024.xlsx,청소행정과
2024,896,2024-08-27,,익명,화암네거리에서 자운대로 향하는 길목 가로등이 현 시각 (8시 22분) 기준 아침에 켜져 있어 가로등 점등 시간 조정 요청 후 문자 등으로 결과 확인 원하신다고 함,담당부서 이첩,건설과,,complaints_2024.xlsx,건설과
2024,897,2024-08-27,,익명,원신흥동 ***에서 제초작업 시 안전장비 미사용,당당부서 이첩,공원과,,complaints_2024.xlsx,공원과
2024,898,2024-08-26,,유성지구대,대전 유성구 온천북로**번길 **에 노점상이 있음 허가 받은것인지 확인 부탁함,담당부서 이첩,건설과,,complaints_2024.xlsx,건설과
2024,899,2024-08-26,,익명,"- 악취로 인한 민원 제기(연락 요망) / 송강동 한마음아파트 거주 중으로  밤 8~9시쯤에는 공단 사거리 우측에서 똥냄새 비슷한게 나며, 다음날 새벽6시 쯤에는 다른악취가 남 / 무더운 날씨에 문을 전혀 열어놓을 수 없음   ",담당부서 이첩 ,푸른환경과,,complaints_2024.xlsx,푸른환경과
2024,901,2024-08-25,,익명,"스티커 미부착한 대형폐기물로 인해 편의점 영업 매우 어려운 상황 월요일에 바로 조치해달라고 함 
편의점 앞에 3인용 소파 3개, 1인용 소파1개, 탁자를 폐기물 스티커도 붙이지 않고 편의점 앞에 버리고 감. 영업이 어려운 상황으로 빠른 조치 요망 ",담당부서 이첩 ,청소행정과,,complaints_2024.xlsx,청소행정과
2024,902,2024-08-25,,미정,충남대학교 방면 갑천대교 밑 산책로(둔치~하천사이) 위 전등불이 전부 꺼짐,관련부서이첩,건설과,,complaints_2024.xlsx,건설과
2024,903,2024-08-25,,익명,(번호판 없는 오토바이) 봉명동 ***-**번지 / OK빌 지하주차장에 번호판없는 하얀 오토바이  빠른 조치 조치요망  ,담당부서 이첩 ,교통정책과,,complaints_2024.xlsx,교통정책과
2024,904,2024-08-25,,유성지구대,계룡로**(봉명동) 제일다방 인근 / 중앙분리대가 여러개 부서짐. 빠른 조치 요망 ,담당부서 이첩 ,건설과,,complaints_2024.xlsx,건설과
2024,905,2024-08-25,,미상,"아스팔트 크랙을 따라 물이 땅밑에서 뿜어져 나와 하수관이 터졌는지 의심되어 민원 접수. 확인 후 처리 요청.
주소: 은구비서로**번길 ** (은구비커피로스터즈 카페 앞)",담당부서 이첩,건설과,,complaints_2024.xlsx,건설과
2024,906,2024-08-25,,노은지구대,"차량 전면 번호판 분실로 노은지구대에서 분실물 습득건이 있는지 확인 요청함.
영치 안내문이 있었는지 물었으나 없었다고 함.
차량번호: **누****
차종: 스포티지
차주: ***",관계부서 이첩,세원관리과,,complaints_2024.xlsx,세원관리과
2024,907,2024-08-25,,익명,방동저수지 인근 계룡방면 고라니 사체 처리 요청,펫레스큐 인계,청소행정과,,complaints_2024.xlsx,청소행정과
2024,908,2024-08-24,,익명,방동 저수지(방동 ***번지) 일원 지속적인 불법주차 단속 요청,담당부서 이첩,주차관리과,,complaints_2024.xlsx,주차관리과
2024,909,2024-08-24,,[삭제],유기견을 발견하여 보호중,펫레스큐 인계,푸른환경과,,complaints_2024.xlsx,푸른환경과
2024,910,2024-08-24,,익명,전민동 '한여름밤 마을축제' 관련 소음으로 인한 피해 대책 마련 요구,담당부서 이첩,전민동,,complaints_2024.xlsx,전민동
2024,911,2024-08-24,,익명,궁동로 **번길케이글라스 궁동점 일대 도로옆 주차금지하기 위해 세워둔 부서진 돌 잔해가 도로에 있다고 함. 치워달라는 민원 요청옴.,담당부서 이첩,건설과,,complaints_2024.xlsx,건설과
2024,912,2024-08-24,,익명,장대동 ***-** 우회전하는 도로 지나치게 넓어서 다른차량이 추월해서 사고가능성이 높다고 도로 축소 민원들어옴.,담당부서이첩,건설과,,complaints_2024.xlsx,건설과
2024,913,2024-08-24,,익명,유성구 구(옛날)보건소자리 앞 도로에 하수구 역류민원 발생함.,당담부서이첩,건설과,,complaints_2024.xlsx,건설과
2024,914,2024-08-24,,익명,"마을버스 5번 12시30분경 테크노밸리 *단지 하차시 검정색 끈이 달린 하얀색 슬리퍼 분실하였다고 신고함.
확인 후 민원인 연락바람.",담당부서 이첩,교통정책과,,complaints_2024.xlsx,교통정책과
2024,915,2024-08-24,,익명,지족동***-** 이편한빌 앞 폐기된 오토바이 장기간(3~4년)방치로 인한 불편 신고 접수 수거요청함.,담당부서이첩,교통정책과,,complaints_2024.xlsx,교통정책과
2024,916,2024-08-24,,익명,양우내안애 아파트 ***동 옆 단독전원주택 공사 토요일 아침부터 시작하여 소음 발생. 소음 발생되지 않도록 조치 요청,담당부서이첩,푸른환경과,,complaints_2024.xlsx,푸른환경과
2024,917,2024-08-24,,익명,"학하동 행정복지센터 근처 팀 보고(Team Bogo)라는 매장의 고객차량이 근처 제초작업중 돌이 튀어 차량 손상(기스)이 발생 했다고 함.
민원인 연락요청함. ",담당부서 이첩,녹지산림과,,complaints_2024.xlsx,녹지산림과
2024,918,2024-08-24,,익명,오토월드(복용동) 하천 제방도로 제초작업 요청,담당부서이첩,재난안전과,,complaints_2024.xlsx,재난안전과
2024,919,2024-08-24,,아파트관리사무실,노은 한화꿈에그린*단지내 ***동 1층 앞 소방도로 표시되어있는 곳에 장기 주차중(**마****). 아파트 관리사무실에서 연락바람.,당담부서 이첩,주차관리과,,complaints_2024.xlsx,주차관리과
2024,920,2024-08-24,,[삭제],유성구 상대동 상대초등학교 앞 보도블럭 돌출로 넘어져서 다쳤다고 함. 담당자 민원인 연락요청함.,담당부서 이첩,건설과,,complaints_2024.xlsx,건설과
2024,921,2024-08-24,,익명,상대근린공원( 목련아파트 ***동 앞쪽) 열매 벌레 잔뜩 먹어서 떨어져 있음. 땅에 벌레 가득함. 소독 요청,담당부서이첩,공원과,,complaints_2024.xlsx,공원과
2024,922,2024-08-24,,익명,관들*로 *-**앞 공영주차장 이중주차로 차 못 나감. 조치요청,담당부서이첩,주차관리과,,complaints_2024.xlsx,주차관리과
2024,923,2024-08-24,,익명,불법주차로 차 못 나감,담당부서이첩,주차관리과,,complaints_2024.xlsx,주차관리과
2024,924,2024-08-23,,유성지구대,홈플러스 앞 지하차도 양가 차량 불법 주정차 때문에 중앙선 침범 잦음. 관리요청.,관련부서이첩,주차관리과,,complaints_2024.xlsx,주차관리과
2024,925,2024-08-23,,미상,왼쪽 날개 다친 새 구조 / 원내동 한아름아파트 인근 공원,펫레스규 인계,푸른환경과,,complaints_2024.xlsx,푸른환경과
2024,926,2024-08-22,,미상,스마트시티 mbc방송국 쪽 파머스마켓(엑스포로***번길 **) 옆 많은 낙엽과 쓰레기가 방치되어 있으니 청소 바란다는 민원 접수,담당부서 이첩,청소행정과,,complaints_2024.xlsx,청소행정과
2024,927,2024-08-22,,[삭제],엘케이펩티모(대전 유성구 복용동로 **) 옆 복용동로 길가가 차도와 인도의 구분이 없어 너무 위험함. 평소에도 계속 지나다녀야 하는 길이므로 인도 차도 구분이 가능하게 조치 부탁드리고 조치상황 담당자 답변 바람.,담당부서 이첩,건설과,,complaints_2024.xlsx,건설과
2024,928,2024-08-22,,미상,덕명동 한밭대학교와 덕명중학교 사잇길 쓰레기 투기 지역에 쓰레기를 수거하여도 항상 잔여 쓰레기가 남아서 더럽고 냄새가 나니 담당 부서에서 한번 더 확인바란다는 민원 접수,담당부서 이첩,청소행정과,,complaints_2024.xlsx,청소행정과
2024,929,2024-08-22,,미상,자운로 **번길 ***에 새 한마리가 날지도 못하고 기력없이 있다고 연락옴,펫레스큐전달,푸른환경과,,complaints_2024.xlsx,푸른환경과
2024,930,2024-08-22,,익명,"이륜차가 사유지 주차장 앞에 연락처도 없이 주차되어 신고인의 차를 막고 있음
이륜차 번호 조회하여 전화번호가 나오면 구청에서 이륜차 소유자에게 전화해주기를 요청함
신속하게 처리해줄 것을 강력히 말씀하심",담당부서 이첩,교통정책과,,complaints_2024.xlsx,교통정책과
2024,931,2024-08-22,,익명,"주차관리과에서 등기가 발송 되었는데 사정상 직접 수령이 어려워 우편내용이 궁금함
주차관리과에 해당 등기가 무엇인지 확인하고 싶어하심",담당부서 이첩,주차관리과,,complaints_2024.xlsx,주차관리과
2024,932,2024-08-22,,익명,"유성경찰서와 선병원 사이 냇가(반석천)에 부상당한 아기고라니가 발견됨
",펫레스큐 인계,푸른환경과,,complaints_2024.xlsx,푸른환경과
2024,933,2024-08-22,,"유성경찰서, *** 외",덕산삼거리~도리미삼거리 사이 네이처뷰아파트 ***동 맞은편 인도에 고라니가 부상당하여 앉아있음,펫레스큐 전달,푸른환경과,,complaints_2024.xlsx,푸른환경과
2024,934,2024-08-22,,미상,"유기견 민원 전화 (12시 48분)
복용동 ***-*번지 
구조담당자(***)에게 연락하였으나 12시 이후이므로 불가하다고 거절
당직실에서 현장 출동하였으나 유기견은 이미 사라진 뒤였음, 해당 신고인께서 익일이라도 현장 방문하여 구조해주길 요청함 
유기동물 특징: 진돗개, 흰바탕에 갈색 얼룩무늬 있음, 진돗개보다 조금 작음",해당부서이첩,지역산업과,,complaints_2024.xlsx,지역산업과
2024,935,2024-08-21,,익명,"반려견 분실에 따라 10일 전부터 당직실로 로드킬 당직민원 접수 현황 확인하고 있는 미원인임
반려견 분실된지 몇주가 지났고 10일 넘게 반려견 확인 신고가 들어오지 않아 로드킬 되었는지라도 알고 싶어하심
펫레스큐에서 사체 처리시 해당 반려견 사진을 미리 확인한 후에 비슷한 사체가 있으면 사체라도 인계받고 싶어하심

해당 유기견 사진은 첨부파일로 첨부하였습니다.
",담당부서 이첩,청소행정과,,complaints_2024.xlsx,청소행정과
2024,936,2024-08-21,,도룡지구대,도룡삼거리 가운데에 교통사고로 인한 잔해물이 남아있어서 위험하다며 치워달라고 요청함. ,"- 현장 출동하여 확인하고 도로 한가운데에 있는 잔해물들을 어느정도 치웠음.
- 남아있는 것들에 대하여 수거 요청드림.",청소행정과,,complaints_2024.xlsx,청소행정과
2024,937,2024-08-21,,미상,"방치차량 신고
유성구 장대동 ***-*번지에 2달째 탑차(**라****)가 주차되어 있음
앞뒤바퀴 모두 펑크난 상태로 자동차 검사일자도 모두 지났음
",담당부서 이첩,교통정책과,,complaints_2024.xlsx,교통정책과
2024,938,2024-08-21,,미상,"탑립동 강변모터스(대전광역시 유성구 탑립동 ***-*) 입구쪽 폐기물차량, 크레인차량이 무단 주차되어있다고 단속요청
매번 얘기하는데 달라지는게 없다고 함 / 단속 후 민원인이 연락달라고 함.",해당부처이첩,주차관리과,,complaints_2024.xlsx,주차관리과
2024,939,2024-08-20,,익명,미왕물류(구암동 ***-*) 뒷골목에 나무가 쓰러져 있다고 함,답당부서이첩,녹지산림과,,complaints_2024.xlsx,녹지산림과
2024,941,2024-08-20,,익명,유성생명과학고등학교 유기견 보호중 ,유기동물구조업체 김명덕(010-****-****) 연락완료,지역산업과,,complaints_2024.xlsx,지역산업과
2024,942,2024-08-20,,미상,"학하포레나 건설현장 이른 새벽공사로 시끄러워 잠을 자지 못함. 수일째 지속되고 있어 아주 괴로움
그동안에도 수차례 민원제기하였으나 전혀 개선되지 않았고, 오늘은 더 이른 시간에 작업을 진행하고 있음.
현장 점검 후 소음 등 행정처분 바람",담당부서 이관,푸른환경과,,complaints_2024.xlsx,푸른환경과
2024,943,2024-08-20,,구즉지구대,"송강동 ***-*에서 주류제공 및 도우미 2명이 적발되었음
관련내용에 대해 전달 요청",담당부서 이첩,문화관광체육과,,complaints_2024.xlsx,문화관광체육과
2024,944,2024-08-19,,익명,"탑립동 ***-*번지  입구에 3일째 대형차 및 승용차가 양방향으로 주차되어 있어 시야확보와 진입이 어려우니 조치바람
차량이 한쪽으로만 주차될 수 있도록 조치바람
2차선도로이며, 차량번호 확인못함
",담당부서 이첩,주차관리과,,complaints_2024.xlsx,주차관리과
2024,945,2024-08-19,,익명,"교촌동 ***-**번지 횡단보도 위 새끼고양이 사체 처리
(교촌대정로 **, 모다아울렛에서 농업기술센터 방향)",펫레스큐(010-****-****)에 문자발송,청소행정과,,complaints_2024.xlsx,청소행정과
2024,946,2024-08-19,,익명,관평동 테크노**단지 인근 악취,악취종합상황실 재택근무자(환경 6 김미희) 전달,푸른환경과,,complaints_2024.xlsx,푸른환경과
2024,947,2024-08-19,,[삭제],수통골 가로등 불 안 들어옴(며칠 됨),담당부서 이첩,건설과,,complaints_2024.xlsx,건설과
2024,948,2024-08-19,,[삭제],대전시립박물관 전기충전소 옆 밑 돌계단 주위 칡넝쿨 서식으로 인한 민원인 통행 불편으로 넝쿨 제거 요청,담당부서 이첩,재난안전과,,complaints_2024.xlsx,재난안전과
2024,949,2024-08-19,,[삭제],대전시립박물관 옆 가로수(산수유 나무) 해충 때문에 소독 필요,담당부서 이첩,녹지산림과,,complaints_2024.xlsx,녹지산림과
2024,950,2024-08-19,,[삭제],대전시립박물관 전기충전소 방향 도안문화공원~시립박물관 사이에 가로등 불 안 들어옴,담당부서 이첩,건설과,,complaints_2024.xlsx,건설과
2024,951,2024-08-19,,익명,궁동로**번길 ** 앞 쓰레기 수거 요청.,담당부서 이첩,청소행정과,,complaints_2024.xlsx,청소행정과
2024,953,2024-08-18,,[삭제],"방동저수지 인근 4차선 도로에서 반려견(웰시코기 흰색바탕, 갈색반점) 발견하여 보호 중이다.
",유기동물 구조담당자(010-****-****)에게 연락,지역산업과,,complaints_2024.xlsx,지역산업과
2024,954,2024-08-18,,익명,"주택가(봉명동 ***-*, ***-*) 이면도로에 주민이 쓰레기(가구 등)을 무단으로 적치하여, 사람 및 차량 통행에 매우 큰 불편을 주고 있음
*참고: 신고인 말로는 쓰레기를 갖다 놓는 사람이 ***-* 주택에 거주하는 사람이라고 하였음.",담당부서 이첩,청소행정과,,complaints_2024.xlsx,청소행정과
2024,955,2024-08-18,,성명불상,관평동 **** 예미지오피스텔 건축 현장에서 건축 자재 등 도로에 적치,해당부서 인계,건설과,,complaints_2024.xlsx,건설과
2024,957,2024-08-18,,성명불상,백운로(대전 →공주방향) 진입 초반에 고라니 1마리 피 흘리고 쓰러져 있다. (사체 아님),(펫레스큐 문자 보내고) 해당부서 인계,푸른환경과,,complaints_2024.xlsx,푸른환경과
2024,958,2024-08-18,,익명,어은동 *** 일원 길거리에 너무 더러운데 요즘 청소를 안하시는 것 같다고 하시며 청소 보완 요청,담당부서 이첩,청소행정과,,complaints_2024.xlsx,청소행정과
2024,959,2024-08-18,,익명,"번호판 없는 오토바이 1대(핑크와 검정, VF모델)가  봉명동 G마트 앞 인도변(대학로**)에 방치되어 있으니 처리바람.",담당부서 이첩,교통정책과,,complaints_2024.xlsx,교통정책과
2024,961,2024-08-18,,익명,호반써밋 악취 민원,해당부서 이관,푸른환경과,,complaints_2024.xlsx,푸른환경과
2024,962,2024-08-18,,유성지구대,"대학로 **
청소년 출입 적발",해당부서 이관,문화관광체육과,,complaints_2024.xlsx,문화관광체육과
2024,963,2024-08-18,,구즉지구대,"구즉로**번길 **
청소년 대상 주류 판매 적발",해당부서 이관,위생과,,complaints_2024.xlsx,위생과
2024,964,2024-08-18,,익명,식당 내 흡연으로 인한 민원 /  식당 대상으로 금연 교육 하는지 여부 확인 요청,해당부서 이관,보건소,,complaints_2024.xlsx,보건소
2024,965,2024-08-17,,[삭제],"구암역에서 (구)리베라호텔 방향 사거리 맨홀보강공사로 인해 아스팔트 턱으로 인한 자동차 휠 손상에 따른 보상
해당 지점에서 추가 피해 발생 가능성 있으니 조치바람.",해당부서 이관,건설과,,complaints_2024.xlsx,건설과
2024,966,2024-08-17,,익명,학하동 유성숲아파트쪽 유성유스호스텔 폐건물에서 형광등 불이 번쩍번쩍거려서 화재가 걱정됨.,해당부서 이관,교육과학과,,complaints_2024.xlsx,교육과학과
2024,967,2024-08-17,,익명,복용남로 **-*번길 가로등 불 안들어옴,해당부서 이관,건설과,,complaints_2024.xlsx,건설과
2024,969,2024-08-17,,유성경찰서,봉명동 온천칼국수 앞 도로에서 교통사고가 발생해 도로에 잔해물이 남아있어 조치 요청 ,"도로 위에 작은 장애물은 현장에 나가 정리하였으나, 앞범퍼는 인근 인도에 올려져 있어 조치 필요 ",건설과,,complaints_2024.xlsx,건설과
2024,975,2024-08-17,,미상,도안대로***번길 ***(베르디움*단지 하나로마트 앞 도로) 황색선인데 다른 차들도 주차가 되어있어 민원인도 주차를 하면 단속이 걸리지 않을지 알고싶어 전화하심,월요일에 담당 주무관님과 통화하길 원하셔서 해당 부서에 인계 ,주차관리과,,complaints_2024.xlsx,주차관리과
2024,976,2024-08-17,,미상,대형폐기물을 수거해가지 않아 동양산업에 전화했는데 계속 날짜를 미루고 내일 다시 전화하라는 식의 응대만 하여 업체를 바꿔달라는 민원을 넣으심(화가 많이 나셨고 국민신문고에 글 올리실 것 같음),담당자와 통화를 원하여 해당 부서에 인계,청소행정과,,complaints_2024.xlsx,청소행정과
2024,978,2024-08-17,,유성경찰서,"도안대로 ***-**번지(1층 SK텔레콤 PS&M)에서 바닥타일공사를 해 소음이 발생함 / 정식으로 허가받고 공사하는지 여부가 궁금하시다고 함
민원인 전화번호 010-****-****",해당 부서 인계,건축과,,complaints_2024.xlsx,건축과
2024,979,2024-08-17,,미상,"대전광역시 콜센터(042-120)에 접수된 민원으로, 봉명동 ***-*(레전드호텔) 앞 코오롱 건설현장 앞에 불법주차가 되어있다고 신고가 들어옴 ",주말단속반(010-****-****) 에게 인계함. ,주차관리과,,complaints_2024.xlsx,주차관리과
2024,980,2024-08-17,,미상,송림로**번길 *-**(하기중학교) 후문(두리빌 맞은편) 황색선 주차차량 계도 및 조치 요청,"주말단속반(010-****-****)에 내용전달 했으나, 연락처조회가 불가능해서 견인 및 계도가 당일은 불가능하다고만 민원인에게 안내함.",주차관리과,,complaints_2024.xlsx,주차관리과
2024,981,2024-08-17,,익명,"유성구 계룡로 **에 고양이가 새끼 5마리를 낳아서 민원인이 생활하는데 불편을 느낌, 조치 요망",담당부서 이첩,지역산업과,,complaints_2024.xlsx,지역산업과
2024,983,2024-08-16,,익명,유성 상무초밥 앞(대학로 **) 불법 현수막(헬스광고) 철거 요청,담당부서 이첩,건축과,,complaints_2024.xlsx,건축과
2024,984,2024-08-16,,미상,"1. 맨하탄모텔(온천북로**번길 *-**) 앞 흰색선인데 다른 차량 주차를 못하게 라바콘으로 막아놓음 처리요청
2. 계룡스파텔 뒤편 도로 다수의 불법주정차 단속요청",담당부서 이첩,주차관리과,,complaints_2024.xlsx,주차관리과
2024,985,2024-08-16,,[삭제],"학하동 통장(010-****-****)님이 20시30분 넘은시각에 전입신고 사실조사를 하시고 아들과 여러 번 통화하며 강압적으로 말씀하셨다고 하심
너무 황당하여 동장님의 연락도 요청하심",담당부서 이첩,학하동,,complaints_2024.xlsx,학하동
2024,986,2024-08-16,,미상,한진택배대전종합물류센터(유성구 대정로 **) 출입구 앞 다수의 불법주정차 차량 단속 요청,담당부서이첩,주차관리과,,complaints_2024.xlsx,주차관리과
2024,987,2024-08-16,,미상,대정동 유통단지네거리 다수 불법차량 단속 요망,단속반 근무시간이 지나서 담당부서 이첩 ,주차관리과,,complaints_2024.xlsx,주차관리과
2024,988,2024-08-16,,미상,취득세 경정 청구를 하여 일주일 후(수요일)쯤 환급예정 이라고 연락을 받았는데 받지못함.,담당부서 이관,세정과,,complaints_2024.xlsx,세정과
2024,989,2024-08-16,,미상,"유성구 송정동쪽 나무 가지치기 작업중인거 꼭 출근길에 해야하는건지 차가 너무 막힌다고 민원.
회신 달라고 하심",담당부서 이관,녹지산림과,,complaints_2024.xlsx,녹지산림과
2024,990,2024-08-16,,미상,"대전 지적장애인 스포츠 협회에서 문의할거 있다고 하심
(일본과 자매결연 관련)",담당부서 이관,문화관광체육과,,complaints_2024.xlsx,문화관광체육과
2024,992,2024-08-15,,신성지구대,행려자 방문으로 귀향여비 지원 요청(첨부파일 확인),"귀향여비 지급(20,000원) / 첨부파일 확인",생활보장과,,complaints_2024.xlsx,생활보장과
2024,993,2024-08-15,,미상,"어은 어린이공원 내 페트병 수거함에 페트병 50개를 넣었는데 수거함에 페트병이 가득차니 종료버튼 없이 바로 화면이 꺼져서 제대로 적립된건지 알 수가 없음
-> 전화는 어려우니 문자로 적립여부 회신 바람 ",담당부서 이첩,청소행정과,,complaints_2024.xlsx,청소행정과
2024,994,2024-08-15,,미상,상대동 트리풀시티 5블록 9블록 사이길에 큰트럭(경기**자****)이 상습적으로 주차중 단속요청,담당부서 이관,주차관리과,,complaints_2024.xlsx,주차관리과
2024,995,2024-08-15,,미상,상대교와 대전시립박물관 있는 쪽 풀이 너무 많이 자라서 깎아달라고 요청,담당부서 이관,재난안전과,,complaints_2024.xlsx,재난안전과
2024,996,2024-08-15,,미상,유성온천역 7번/8번출구 근처에 불법현수막 철거요청,담당부서 이첩,건축과,,complaints_2024.xlsx,건축과
2024,997,2024-08-15,,미상,온천북로 ** 주변으로 불법주차 단속 요망,주말단속반 근무시간이 지나서 담당부서 이첩 ,주차관리과,,complaints_2024.xlsx,주차관리과
2024,998,2024-08-15,,미상,온천북로 ** 도로가에 음식물쓰레기나 폐기물 수거 요망 ,담당부서 이첩,청소행정과,,complaints_2024.xlsx,청소행정과
2024,999,2024-08-15,,익명,"진잠옛로 ***번길 **, 길 앞에 재활용쓰레기를 내놓았는데 3주째 수거를 안해간다고 함.
이전에도 수거를 안해가서 동에 문의하여 수거됐었음.
해당 장소가 수거 장소가 아닌지, 재활용 내놓는 장소가 따로 있으면 연락 달라고 함.",담당부서 이첩,청소행정과,,complaints_2024.xlsx,청소행정과
2024,1000,2024-08-15,,[삭제],"봉산로 **-*, 건물사이 골목에 고양이 유기 신고",구조 담당자에게 문자 전달,지역산업과,,complaints_2024.xlsx,지역산업과
2024,1002,2024-08-15,,익명,마을버스1번에 카드 놓고내림. ,마을버스사 번호 안내 후 운영 시간에 전화 안내,교통정책과,,complaints_2024.xlsx,교통정책과
2024,1003,2024-08-15,,익명,"엑스포로 ***, 방송국 앞 그늘막 안펴져 있다고 함. 내일이라도 펴달라고 함.",담당부서 이첩,재난안전과,,complaints_2024.xlsx,재난안전과
2024,1004,2024-08-15,,익명,"도룡동 *-**, *-**번지 사이 대덕연구개발특구쪽 소화전 앞 두대 불법주정차 신고",단속반에 문자 전달,주차관리과,,complaints_2024.xlsx,주차관리과
2024,1005,2024-08-15,,익명,"구암동 농협과 새마을금고 사이 방죽어린이공원 내 음수대(구암약수) 일주일째 물이 안나오고 있음(현재 어떤상태인지 안내문이라도 부착 요청)
평소 음수대 스위치를 누르면 6~7개 동시 작동되어 물낭비가 심하며 2개정도만 작동되도록 요청",담당부서 이첩,재난안전과,,complaints_2024.xlsx,재난안전과
2024,1006,2024-08-15,,익명,구암동 구 터미널(전 유성터미널 자리) 공사 중 소음민원,소관부서 이첩,푸른환경과,,complaints_2024.xlsx,푸른환경과
2024,1007,2024-08-15,,서울우유 대전송강대리점,"**러**** 불법 주정차 신고 및 견인 요망(인근 주정차카메라로 확인 요청), 가게 앞 불법 주정차량 발생 빈도가 높아 새벽 물류차량 진입이 어려워 지속적인 주정차 단속 요망 및 조치계획 회신요망","불법주정차량에 대하여 민원 인계 예정이며 현재 견인 불가함을 안내함,
불법 주정차량 빈도가 높아 이에대한 조치계획 회신요망",주차관리과,,complaints_2024.xlsx,주차관리과
2024,1008,2024-08-14,,익명,"본인 주택 죽동 ***-*번지 앞에 고라니 사체 수거 요청
- 위탁 업체에 내용 전달함",해당부서 전달,청소행정과,,complaints_2024.xlsx,청소행정과
2024,1009,2024-08-14,,익명,"노은고등학교 근처 골목(정확한 위치 물어봤으나 말 안해줌) 아침부터 계속 도로 공사중임. 시끄러워서 죽겠다고..(..)
민원을 넣을때마다 처리를 안해준다고 이번엔 꼭 담당자 연락달라고하심.",담당부서 이첩,건설과,,complaints_2024.xlsx,건설과
2024,1011,2024-08-13,,미상,"연구단지운동장(신성동) / 물놀이장 주변 산책 중 박혀있는 말뚝?(텐트고리?같다고 함)에 넘어져서 무릎 다침.
119불렀다고..   전화 반드시 해달라고 당부함. 
전화한 사람은 남편, 넘어진 사람은 그 배우자임.",해당부서 이첩,공원과,,complaints_2024.xlsx,공원과
2024,1012,2024-08-13,,경찰,"죽동 칸타빌 옆 천변 차도에 물차올라 차량 통행이 안되는 상황이라, 차량통행이 안되도록 조치바람",재난안전상황실 통해 차단기 내려 진입통제 조치함(19:58),재난안전과,,complaints_2024.xlsx,재난안전과
2024,1013,2024-08-13,,112센터,"갑작스런 폭우로 충대오거리 지하차도 물 차오름이, 112센터로 신고들어옴",해당부서 이첩,건설과,,complaints_2024.xlsx,건설과
2024,1014,2024-08-13,,익명,현충원대로 전체 가로등에 불이 들어오지 않음 ,해당 부서 전달 및 가로등 확인 완료(19:50분 점등됨),건설과,,complaints_2024.xlsx,건설과
2024,1015,2024-08-13,,유성경찰서,"궁동 ***-*번지 gs편의점앞
포트홀 생겨서 일단 경찰서에 라바콘 처리는 해놨는데, 후속조치가 필요하다고 하심.",담당부서 이첩,건설과,,complaints_2024.xlsx,건설과
2024,1016,2024-08-13,,익명,"테크노밸리*단지에서 관평중으로 우회전 하는 방향의 보도블록에,
잡초가 많이 자라있어 제초 요청함.",해당부서 전달,건설과,,complaints_2024.xlsx,건설과
2024,1017,2024-08-13,,익명,"온천북로 **번길 **-**~** 거리
음식물쓰레기 건
도로 흰색선에는 음식물쓰레기통을 두면 안되는 것으로 알고있는데 그 거리에 많다고 함.
오늘 민원넣었던 내용인데 처리가 아직 안돼있다고 처리 해달라고 요청.
결과통보 꼭 해달라고 함.",담당부서 이첩,청소행정과,,complaints_2024.xlsx,청소행정과
2024,1018,2024-08-13,,익명,"봉명동 벤츠매장 앞 불법현수막 미처리건 (현수막 여러개 걸려있음)
8.12. 건설과로 2~3번이나 넣은민원인데 아직도 처리가 안됐다고 하심
결과통보를 본인에게 꼭 해달라고 몇번 당부함",해당부서 이첩,건축과,,complaints_2024.xlsx,건축과
2024,1019,2024-08-13,,익명,"08.12. 에 넣은 민원인데 오늘(2023.08.13.) 처리한다더니 아직 처리가 안되어있다고 함.
궁동***-* 앞에 있는 깔대기 빨리 처리해달라고 요청.",해당부서 이첩,건설과,,complaints_2024.xlsx,건설과
2024,1020,2024-08-13,,익명,"학하동에서, 금일 출생신고 후 등본을 확인하였는데,
자녀의 한자가 본인신청과 달리 등록됨을 확인하여 정정코가자함. → 내일 오전 9시 이후 바로 동 주민센터로 연락하여 문의하도록 함.",담당부서 전달,학하동,,complaints_2024.xlsx,학하동
2024,1021,2024-08-13,,익명,"교통사고로 인해 봉명동 ****-*번지 앞 L1-4  가로등 기울어짐. 
","대전시 건설본부 _ 도로관리소에서 교통사고 잔해물 제거 , 그 외 가로등 정비요청 ",건설과,,complaints_2024.xlsx,건설과
2024,1022,2024-08-12,,[삭제],"궁동 *** 도로적치물 
궁동 ***-** 도로적치물
궁동 ***-* 도로적치물
궁동 ***-* 도로적치물
봉명동 ***-* 현수막 6개 / 유성 벤츠 사거리 현수막 2개 

그외 유성구 노상적치물 단속 요청(건설과로 반복 민원 넣는다고 함....)",담당부서 이첩,건설과,,complaints_2024.xlsx,건설과
2024,1023,2024-08-12,,익명,"대전디자인고등학교 뒷편 쓰레기 소각 신고(최초: 07시 56분) / 민원인 주소 화암동 ***-**번지 → ***반장님께 문자와 전화로 해당민원사항 안내
08시 10분 재차 신고전화 옴 / 빠른 출동이 안된다고 민원인 항의",관련부서 이첩,청소행정과,,complaints_2024.xlsx,청소행정과
2024,1025,2024-08-11,,익명,봉명동 ***-** / 가건물 설치 신고했는데 처리내용 및 처분결과 등 유선으로 회신 요청함.,관련부서 이첩,건축과,,complaints_2024.xlsx,건축과
2024,1026,2024-08-11,,익명,전민동 엑스포아파트 *단지 상가앞 차량 견인 요청(차주와 통화가능한지 및 피해보상 관련도 문의하심) / **고****,야간단속반 운영시간 지나 관련부서 이첩,주차관리과,,complaints_2024.xlsx,주차관리과
2024,1028,2024-08-11,,익명,노은성당에서 한밭대로 방면 불법주정차 신고,주말단속반 전달,주차관리과,,complaints_2024.xlsx,주차관리과
2024,1029,2024-08-11,,익명,부상당한 제비 신고 / 원내네거리 앞 엘림혼수타운 근처,펫레스큐 구조요청,푸른환경과,,complaints_2024.xlsx,푸른환경과
2024,1030,2024-08-11,,익명,노은역 버거킹 근처 불법주정차 단속 요청,주말단속반 연락완료,주차관리과,,complaints_2024.xlsx,주차관리과
2024,1031,2024-08-11,,미상,"1. 교촌동 ***번지(농지) 하수도 뚜껑을 해주세요.

2. BK꿈사랑유치원 뒷편 산에서 마을 안길 쪽으로 참나무가 넘어져서 제거 요청.
(쓰러진 참나무는 임야의 주인이 치워야 한다고 안내해 드렸지만 남겨달라고 하여 남김)",관련부서 전달,지역산업과,,complaints_2024.xlsx,지역산업과
2024,1032,2024-08-11,,익명,정림동 엑스포로 *** / 전봇대 앞 종량제봉투 안에 음식물쓰레기를 넣어놨는지 구더기가 밖으로 나오고 있다며 빠른 수거를 요청함.,관련부서 이첩,청소행정과,,complaints_2024.xlsx,청소행정과
2024,1033,2024-08-11,,익명,"<쓰레기 및 악취 민원>
교촌동 농업기술센터 앞에서(학하동 수통골 가는 방면으로) 굴다리 말고 좌회전해서 400~500미터 정도 가면 도로 옆에 콩나물, 쓰레기 등 많이 쌓여 있어서 파리, 벌레들이 많고 악취가 심하다고 함.",관련부서 이첩,청소행정과,,complaints_2024.xlsx,청소행정과
2024,1034,2024-08-11,,미상,"신세계백화점 앞 게이트A 입구쪽 보도블럭에 걸려 넘어짐.
보도블럭이 움푹파여 있어서 넘어졌다고 함.
부상 관련해서 보험받을 수 있는지 절차는 어떻게 되는지 문의 하심.
보도블럭 사진 찍어놓았다고 하심.",관련부서 이첩,건설과,,complaints_2024.xlsx,건설과
2024,1035,2024-08-10,,[삭제],사회복무요원 보수 지급이 안 됐다고 하심,당직 민원 접수,사회돌봄과,,complaints_2024.xlsx,사회돌봄과
2024,1036,2024-08-10,,미상,"영업장 앞 불법 주차. 불법 주차 신고하고 싶다하시고, 유선 연락 바람.","영업장 앞 불법 주차. 불법 주차 신고하고 싶다하시고, 유선 연락 바람.",주차관리과,,complaints_2024.xlsx,주차관리과
2024,1037,2024-08-10,,미상,원신흥로 **번길 **~**(휴먼시아**단지 아파트와 대전체육고등학교 사이 대로변) 주차 민원. 대형차량 불법주차 신고하고 싶다하시고 유선 연락 부탁하심.,원신흥로 40번길 55~59(휴먼시아10단지 아파트와 대전체육고등학교 사이 대로변) 주차 민원. 대형차량 불법주차 신고하고 싶다하시고 유선 연락 부탁하심.,주차관리과,,complaints_2024.xlsx,주차관리과
2024,1038,2024-08-10,,익명,"송림마을 *단지 이노스빌아파트 **모****차량 16시 30분경 쓰레기 불법투기 목격
(12시 이후 조치사항 민원인께 직접 연락 원하셨음)",담당부서 접수,청소행정과,,complaints_2024.xlsx,청소행정과
2024,1039,2024-08-10,,익명,부상당한 고양이가 있음(덕명서로*번길 ** 유성할인마트 앞),부상 동물 접수,지역산업과,,complaints_2024.xlsx,지역산업과
2024,1040,2024-08-10,,익명,계산초 인근 화산천에서 취사 중,담당 부서 이첩,재난안전과,,complaints_2024.xlsx,재난안전과
2024,1041,2024-08-10,,익명,11Kg 가량 강아지 로드킬 사체 접수된 건 있는지 문의하셨음,소관 부서 접수,청소행정과,,complaints_2024.xlsx,청소행정과
2024,1042,2024-08-10,,익명,구암사 올라가는 길(북유성대로***번길) 고라니 사체 ,동물사체신고(접수대장 기재 완료),청소행정과,,complaints_2024.xlsx,청소행정과
2024,1043,2024-08-10,,익명,도룡동 파머스161 맞은편 불법주정차 단속 요청,주차단속반 연락 완료,주차관리과,,complaints_2024.xlsx,주차관리과
2024,1044,2024-08-10,,익명,유성홈플러스-벤츠매장까지 양옆으로 불법 주정차가 너무 많음,주차단속원 연락 완료,주차관리과,,complaints_2024.xlsx,주차관리과
2024,1045,2024-08-10,,익명,남세종IC에서 반석동BRT도로 합류지점 고양이 로드킬,펫레스규 접수,청소행정과,,complaints_2024.xlsx,청소행정과
2024,1046,2024-08-10,,익명,"상대동 ***(아이파크오피스텔) 3차선 도로점용(공사) 불편 민원
 - 3차선을 모두 막아  통행이 불가함.",담당부서 이첩,건설과,,complaints_2024.xlsx,건설과
2024,1047,2024-08-10,,익명,불법현수막 철거 요청(2024.8.12. 월요일에 다시 연락 주시기로 하셨음),담당 부서 이첩,건축과,,complaints_2024.xlsx,건축과
2024,1048,2024-08-10,,익명,불법주차 단속요청(봉명동 ****-*번지) ,단속반 전달 완료,주차관리과,,complaints_2024.xlsx,주차관리과
2024,1049,2024-08-10,,익명,유기견 직접 보호중,구조대 연락 완료,지역산업과,,complaints_2024.xlsx,지역산업과
2024,1050,2024-08-10,,익명,새끼고양이 구조 요청,구조대 연락 완료,지역산업과,,complaints_2024.xlsx,지역산업과
2024,1052,2024-08-10,,익명,"진잠로 ***번길 ** 민원인 본인 운영 식당 앞 견주들이 개똥을 너무 안치워서
이런 경우 조치 방법이 있는지 문의(담당자분 연락 부탁하셨습니다)",담당 부서 이첩,지역산업과,,complaints_2024.xlsx,지역산업과
2024,1053,2024-08-10,,익명,반련동물 의료비 지원사업 유무 확인 요청,담당부서 이첩,지역산업과,,complaints_2024.xlsx,지역산업과
2024,1054,2024-08-10,,[삭제],송강동 ***번지 텃밭 물나오는 곳 고장남,담당부서 이첩,지역산업과,,complaints_2024.xlsx,지역산업과
2024,1055,2024-08-09,,익명,"봉명동 ***-** / 건축물 무단 증측 신고자인데, 조치 및 처분 결과 알고싶다고 전화달라고 하심 ",해당부서 이첩 ,건축과,,complaints_2024.xlsx,건축과
2024,1057,2024-08-09,,미상,봉명동 세움펠리피아 근처 불법주정차 단속 요청,해당 부서 이첩,주차관리과,,complaints_2024.xlsx,주차관리과
2024,1058,2024-08-09,,미상,유성경찰서 건너 하천에 보안등이 한달동안 불이 안들어옴/ 처리완료 연락은 안주셔도 괜찮다고 하심,해당 부서 이첩,재난안전과,,complaints_2024.xlsx,재난안전과
2024,1059,2024-08-09,,[삭제],애완견(노란색 풍산개) 분실신고,해당 부서 이첩,지역산업과,,complaints_2024.xlsx,지역산업과
2024,1060,2024-08-09,,익명,"대형폐기물을 본인 집앞에 버려둠 (폐기물 스티커 일련번호: 6207), 조치 및 회신 요망 ",담당부서 이첩 ,청소행정과,,complaints_2024.xlsx,청소행정과
2024,1061,2024-08-09,,미상,관평동 악취민원 / 근래 늦은 밤부터 새벽까지 일어남 ,악취종합상황실 전달 및 해당부서 이첩,푸른환경과,,complaints_2024.xlsx,푸른환경과
2024,1062,2024-08-08,,미상,"내용: 고라니 로드킬 사체 처리
장소: 도안대로에서 관저동 가는방향의 작은 터널 부근 
        (도안우미린아파트 -> 숲속농장정가네(대정동 산 *-*) 사이 작은 터널부근) / 2차선",동물사체 처리반 연락 및 해당부서 이첩,청소행정과,,complaints_2024.xlsx,청소행정과
2024,1063,2024-08-08,,노은지구대,반석로 * 더존타워 1층 출입구(건물안) 검정색오토바이가 있으나 번호판이 없어 확인 할 수 없음,담당부서 이첩,교통정책과,,complaints_2024.xlsx,교통정책과
2024,1065,2024-08-08,,미상,"내용: 도로 규제봉 파손, 방치되어 조치 필요함
장소: 도룡동 대덕문화센터 도룡동고속시외무인정류소 도로 부근( 대덕대로 *** 부근)",해당부서 이첩,건설과,,complaints_2024.xlsx,건설과
2024,1066,2024-08-08,,미상,화폐박물관 가는길에 벚나무 쓰러져 있음 ,해당부서 이첩,녹지산림과,,complaints_2024.xlsx,녹지산림과
2024,1067,2024-08-08,,익명,송강동 *** 텃밭에 물컵이 없음,해당부서 이첩,지역산업과,,complaints_2024.xlsx,지역산업과
2024,1068,2024-08-07,,미상,용성로 ** 호반써밋그랜드파크*단지 앞 공원에 깨를 널고 있음 - 단속 요청,해당 부서 이첩,공원과,,complaints_2024.xlsx,공원과
2024,1069,2024-08-07,,익명,자운대한의원과 빽다방 사이 사거리 씽크홀 발견,해당부서 이첩,건설과,,complaints_2024.xlsx,건설과
2024,1073,2024-08-06,,익명,"공업지대 인근에서 불어오는 바람을 타고 오는 악취냄새로 인해 자다가 깼음.
해마다 반복되는 악취냄새인데 근원적 해결이나 미리 예방을 할 수 없었는지에 대한 문의와 
올해 여름에 악취민원에 대한 신고가 없었는지 묻고는 그에 대한 처리를 어떻게 했는지 문의함
또한, 오늘 악취관련 민원이 있었는지 묻고는 어떻게 처리가 되었는지 악취상황실에 확인해 보고 연락달라고 함",당직상황에서 응대할 수 있는 부분인 금일 신고 건에 대한 악취상황실 처리결과를 확인하려고 악취상황실 근무자에게 연락함 / 악취상황실 근무 주무관님이 직접 응대하기로 함,푸른환경과,,complaints_2024.xlsx,푸른환경과
2024,1077,2024-08-06,,익명,"19시 30분에 봉산동기점에서 출발한 5번 마을버스가 19시 54분에 공동관리아파트에서 승객 하차를 위해 정차함. 이때, 연로하신 승객이 교통카드 하차 태그가 잘 되지 않아 내리지 못하고 있었는데, 하차문이 열린 상태에서 버스가 출발하여 위험한 상황이 발생할 뻔함. 관련하여 유성마을버스 측에 개선을 요구함.(민원처리결과 안내 거부)",담당부서 이첩,교통정책과,,complaints_2024.xlsx,교통정책과
2024,1078,2024-08-06,,익명,유성구 청소년 수련관에서 유성 선병원 방향으로 **M 지점 분전반이 열려 있어 건설과 이첩 요청,담당부서 이첩,건설과,,complaints_2024.xlsx,건설과
2024,1079,2024-08-06,,익명,"덕명동 원룸촌에서 삼성화재연수원 쪽 가는 길 인도(왼쪽)에 까마귀 사체가 며칠째 방치되어 있음  
* 왕복 6차선이상 도로여서 시 당직실에 접수요청하였으나
도시계획조례에 의거 인도(보도)에 있는 동물 사체는 구에서 처리해야한다고 말씀하셔서 당직민원접수함",담당부서 이첩,청소행정과,,complaints_2024.xlsx,청소행정과
2024,1080,2024-08-05,,익명,"유성구 문화원로 ** 1층 투썸플레이스 유성봉명점 앞 하천 가로등 불이 꺼져있어 밤늦게 위험할 것 같음
조치 요청",담당부서 이첩,건설과,,complaints_2024.xlsx,건설과
2024,1081,2024-08-05,,익명,도안 엘에이치 행복*단지 아파트 앞 진잠천 공중화장실 물비누가 두달째 비어있음. 조치 요청,담당부서 이첩,재난안전과,,complaints_2024.xlsx,재난안전과
2024,1083,2024-08-05,,유성지구대,"신고들어와서 순찰나가보니 다방 영업신고증에 식품접객업이라고 되어있음. 일반 음식점으로 헷갈릴 수 있으니 업종 변경해야하는 게 아닌가 싶어 문의 차 연락
유성구 계룡로 **",담당부서 이첩,위생과,,complaints_2024.xlsx,위생과
2024,1086,2024-08-04,,[삭제],도안 힐스테이트 모델하우스 앞쪽 불법 떴다방 단속 요청(처리 결과 회신 요청),담당부서 이첩,토지정보과,,complaints_2024.xlsx,토지정보과
2024,1087,2024-08-04,,[삭제],도안 힐스테이트 리버파크 모델하우스 앞에 불법 떴다방 단속 요청(처리 결과에 대한 회신을 요청),담당부서 이첩,토지정보과,,complaints_2024.xlsx,토지정보과
2024,1088,2024-08-04,,익명,장대동 드림월드아파트 ***동 앞 일요일 공사 소음 민원,담당부서 이첩,푸른환경과,,complaints_2024.xlsx,푸른환경과
2024,1089,2024-08-04,,[삭제],원내동 관저 가구단지내 송충이 수목소독 요청 (사유지 안내 했으나 꼭 담당자와 주중에 통화를 원함),담당부서 이첩,녹지산림과,,complaints_2024.xlsx,녹지산림과
2024,1091,2024-08-03,,익명,구암동 ***-* 김밥에서 햄이 상한걸 계속 판매하고 있음.  위생점검 요청,담당부서 이첩,위생과,,complaints_2024.xlsx,위생과
2024,1092,2024-08-03,,익명,"봉명로 **, 천년마을 **단지 인근도로, 원신흥초 도로에 화물차 주차 단속 요청함",담당부서 이첩,교통정책과,,complaints_2024.xlsx,교통정책과
2024,1093,2024-08-03,,익명,"온천1동 행정복지센터 앞 가로등 3개가 불이 나가 운전자와 보행자 모두 다니기 위험하다고 함. 
이전에도 조치 요청했지만 아직 시정되지 않아 빠른 조치 바란다고 함. ",담당부서 이첩,건설과,,complaints_2024.xlsx,건설과
2024,1094,2024-08-03,,익명,은구비공원 트랙쪽에 새끼고양이 구조요청 -> 유기동물 구조담당자에게 연락함,담당부서 이첩,지역산업과,,complaints_2024.xlsx,지역산업과
2024,1095,2024-08-03,,익명,"봉명동 천성감리교회 주차장에 큰 새(종류 모름)가 다쳐서 쓰러져 있다고 신고, 야상동물구조(펫 레스큐) 담당자에게  연락함",해당부서 이첩,푸른환경과,,complaints_2024.xlsx,푸른환경과
2024,1096,2024-08-03,,익명,"원신흥로 **번길인근도로(6차선) 대형버스, 대형트럭 불법주정차 단속 요청",담당부서 이첩,교통정책과,,complaints_2024.xlsx,교통정책과
2024,1099,2024-08-03,,익명,"장대동 갤러리빌 옆 놀이터에 선풍기를 설치해주셨는데, 동네 어르신들이 말씀하시기를
바람세기 조절이 되지 않고 시원하지 않아서 조금 더 큰 선풍기로 교체 요청하셨다고 합니다(...)",담당부서 이첩,공원과,,complaints_2024.xlsx,공원과
2024,1101,2024-08-03,,익명,"유성홈플러스 후문에서 bmw 매장으로 이어지는 골목 양쪽에 항상 차량이 많이 주차되어 있어 통행이 매우 불편함. (황색선)
신고인 본인도 차량 통행 중 위험한 상황이 여럿 있었다고 함.
구청에 시정조치할 것을 여러 번 요구하였으나, 조치가 딱히 이루어지지 않아 다시 연락하심.
교통봉을 양쪽에 설치하거나 단속카메라 강화 등 강력한 조치를 원하심.","1. 주말단속반 연락
2. 담당부서 이첩",주차관리과,,complaints_2024.xlsx,주차관리과
2024,1103,2024-08-03,,익명,"*콜센터를 통해 접수된 민원으로, 민원인 연락처 불명
신성동 제1 공영주차장(금성초등학교 정문 앞)에 밤색 산타페차량이 수개월 방치되어 있는 상황. (**러****)
차량 안쪽에 벌집이 생겨서 주위에 말벌이 많이 날아다니고, 이에 따라 주차장 이용객들이 자유롭게 돌아다니지 못하고 굉장히 불편을 겪고 있음. (벌이 너무 많아서 차주 연락처가 적힌 쪽으로 이동도 못 하는 상황임)
차주에게 연락 후 이동조치해주시기 바람.",담당부서 이첩,주차관리과,,complaints_2024.xlsx,주차관리과
2024,1104,2024-08-03,,익명,"원내동 진잠도서관 앞 골목 교차로 가로등 불이 일주일째 들어오지 않으므로 조치 해주기 바람
(도서관 시설 내 가로등이 아니라 골목 교차로라고 하셨으며 위치 확인차 전화 드릴 수 있다고 안내함)",담당부서 이첩,건설과,,complaints_2024.xlsx,건설과
2024,1106,2024-08-03,,익명,"장대동 ***-** 가로등이 낮에도 안꺼지고 계속 켜져 있으니 조치해주기 바람
(정확한 위치 확인을 위해 담당자분 출근해서 연락 드리기로 함)
",담당부서 이첩,건설과,,complaints_2024.xlsx,건설과
2024,1108,2024-08-03,,익명,"생계지원금 관련 안내를 받고싶다고 하심.
만약 타 지역 혹은 타 자치구로 이사가게되면 기존에 받던 생계지원금은 못 받게 되는지 등등 궁금해하심.",관련부서 이첩,생활보장과,,complaints_2024.xlsx,생활보장과
2024,1109,2024-08-03,,익명,"용산동 호반써밋 그랜드파크 1블럭 인근 모든 가로등이 점등되어 있음.(오전 7시 55분 기준)
날이 밝아서 가로등 소등할 필요가 있다고 민원 주셨습니다.",담당부서 이첩,건설과,,complaints_2024.xlsx,건설과
2024,1110,2024-08-03,,익명,"유성구 가정로 ***-*(도룡동 SK뷰 아파트) 주말마다 이른 새벽에 대형 폐기물 수거로 인한 소음으로 어려움을 겪음.
혹시 폐기물 수거를 늦게할 수 있는지 문의하셨습니다.",담당부서 이첩,청소행정과,,complaints_2024.xlsx,청소행정과
2024,1111,2024-08-03,,[삭제],"유성구 대덕대로 ***(전자디자인고에서 현대오일뱅크로 가는 방향)에 개 3마리가 인도 주변에 묶여 있음. 
주변을 지나갈 때마다 개들이 크게 짖어 위협을 느낀다고 하신다고 민원 접수 요청하셨습니다.",담당부서 이첩,지역산업과,,complaints_2024.xlsx,지역산업과
2024,1112,2024-08-03,,[삭제],"유성홈플러스 앞 (월평동에서 충남대학교로 가는 방향) 중앙분리대 인근,
오전 5시 20분쯤 녹지산림과 *** 반장님께서 예초기를 돌리어 본인 치량이 손상됨. ",담당부서 이첩 ,녹지산림과,,complaints_2024.xlsx,녹지산림과
2024,1117,2024-08-02,,미상,계산동 한길자원 부근 매일 아침 7시 이전 소음,담당부서 이첩,푸른환경과,,complaints_2024.xlsx,푸른환경과
2024,1119,2024-08-01,,미상,"대전 유성 유스호스텔 청소년 수련시설
건물 내부 전구 고장으로 확인 요청",담당부서 이첩,교육과학과,,complaints_2024.xlsx,교육과학과
2024,1122,2024-08-01,,익명,"노은역 뒤쪽 골목길 지족동 ***(SKT 대리점 앞) 횡단보도에 상습적으로 차들이 불법주정차를 하여 유모차 이동이 불가함. 지속적인 단속 요청.
- 야간단속반에서 오늘 불법주정차한 차는 단속함 / 향후에도 지속적으로 해당 지역에 대한 단속 요청함",담당부서 이첩,주차관리과,,complaints_2024.xlsx,주차관리과
2024,1123,2024-08-01,,미상,봉산동 ***-*번지 사거리 부근 포트홀 조치 요청,담당부서 이첩,건설과,,complaints_2024.xlsx,건설과
2024,1124,2024-08-01,,[삭제],긴급생계지원금 8월 2일 통화 요청,담당부서 이첩,생활보장과,,complaints_2024.xlsx,생활보장과
2024,1125,2024-08-01,,유성지구대 소속 경찰,유성IC에서 구암교 방면 우회전하는 도로에 교통사고로 인해 가드레일 파손됨. 현장 출동 경찰이 구청 담당자가 현장 확인 후 수리 조치해야할 것 같다고 전화함.,담당부서 이첩,건설과,,complaints_2024.xlsx,건설과
2024,1126,2024-08-01,,미상,도룡동 ***-** 길고양이 사체 처리요청/ 민원인 연락 요청,담당부서 이첩,청소행정과,,complaints_2024.xlsx,청소행정과
2024,1127,2024-08-01,,익명,해당 화장실 에어컨에 먼지가 많아 위생상 좋지 않아보임. 조치 요망,해당부서 이첩,재난안전과,,complaints_2024.xlsx,재난안전과
2024,1128,2024-08-01,,익명,해당 공원 내 화장실에 세제가 없어서 불편함. 조치요청,해당부서 이첩,푸른환경과,,complaints_2024.xlsx,푸른환경과
2024,1129,2024-08-01,,미상,계룡대교네거리 스피드메이트 인근 예초작업으로 인해 자동차에 돌이 튐./개인 사유지인지 확인 필요/민원인 연락요청,담당부서 이첩,녹지산림과,,complaints_2024.xlsx,녹지산림과
2024,1132,2024-07-31,,미상,엑스포로 *** 탑립커피(탑립커피를 오른쪽으로 두는 방향) 앞 도로 고양이 사체 . 연락처 전달하겠다고 공지함. ,담당부서 이첩(06-09 접수건),청소행정과,,complaints_2024.xlsx,청소행정과
2024,1133,2024-07-31,,[삭제],디오토몰쪽 복용동로 *에서 **가는길 배수철망?이 휘어서 튀어나와있음. 끼워맞추긴했으나 조치가 필요할 듯 함.,담당부서 이첩,건설과,,complaints_2024.xlsx,건설과
2024,1134,2024-07-30,,미상,송림근린공원 남자화장실 수도관파열. 따로 회신요청은 하지 않았음.,담당부서 이첩.,공원과,,complaints_2024.xlsx,공원과
2024,1136,2024-07-30,,미상,유성경찰서 뒤편 천변쪽 가로등 꺼짐. ,담당부서 전달,건설과,,complaints_2024.xlsx,건설과
2024,1137,2024-07-30,,[삭제],"☆★☆★☆★ 차고지 외 밤샘주차단속관련 민원. 정확히 뭘 요구하는지 모르겠으나 *** 주무관님 찾음. 
계속 담당자 연결하라고만해서 내일 통화가능하다니까 본인이 전화하기 손아프다고 꼭 전화하라고하심.  본인은 꿈에그린에 사는 사람이라고하심.",담당부서 이첩.,교통정책과,,complaints_2024.xlsx,교통정책과
2024,1140,2024-07-30,,미상,봉명동 신안인스빌더시티 앞 내일 단속할때 더 중점적으로 단속해주길 바람. 앞에 4-5대 불법주차되어있다고하심.,담당부서 이첩,주차관리과,,complaints_2024.xlsx,주차관리과
2024,1142,2024-07-29,,익명,"- 노은3동 주민센터 건너편(삼화문구 건물 뒷편과 앞편) 일대 가로등 고장으로 주민 불편 접수
- 민원인께 조치 내용 및 예정 등 연락 부탁드립니다. (토요일에도 접수했으나, 처리가 되지 않아 불편을 겪고 있음)",담당 부서 이첩,건설과,,complaints_2024.xlsx,건설과
2024,1143,2024-07-29,,[삭제],"- 관평동 파스쿠찌(송강동 ***) 주변 가로등 스파크 발생 및 화재 접수
- 가로등 고장 관련 ","- 재난상황실 전달(화재 관련)
- 가로등 관련 부서 이첩",건설과,,complaints_2024.xlsx,건설과
2024,1144,2024-07-29,,익명,"무인민원발권기 이용자. 2천원넣고 200원 돌려받아 발권기 업체에 문의하여 1800원 돌려받았으나 확인하지않고 돈만 주면되냐는 식의 반응으로 기분이 좋지않음.
구즉동에 전화하였으나 당직실로 연결됨. 내일 무인민원발급 담당자가 전화해주길 바람. ",담당자 연락처 남기고 회신예정 안내,구즉동,,complaints_2024.xlsx,구즉동
2024,1146,2024-07-28,,미상,"- 방동윤슬거리 개장으로 인해 차가 너무 막힌다고 하심
- 방동저수지에서 계백로로 나가는 신호가 평소에는 한번만 기다리면 되는데 30~40분 기다려서 나가야 한다고 함
- 교통관리 하는 사람을 더 보내주던지 신호를 더 길게 해주던지 조치해주라고 건의하셨음",관련부서 이첩,공원과,,complaints_2024.xlsx,공원과
2024,1147,2024-07-28,,미상,용계동 ***-*번지 차고지 앞 불법주정차 단속요청,주말 단속반 요청,주차관리과,,complaints_2024.xlsx,주차관리과
2024,1149,2024-07-28,,미상,목원대->모다아울렛 가는 1차로에 큰 돌 청소 요청,남부지역 환경관리요원 문자연락함,청소행정과,,complaints_2024.xlsx,청소행정과
2024,1150,2024-07-28,,미상,"- 주정차 단속 요청 / 위치: 목원대에서 나와서 어울림하트 가는 사거리
- 유튜버라고 하면서 영상찍고 있으니 신고 후 몇분내에 나오는지 지켜보겠다고 하셨음
- 30분마다 주차단속 돌면서 딱지 끊는 걸로 알고 있는데 오늘은 안하는 이유를 설명해 달라고 하심",단속반 출동요청,주차관리과,,complaints_2024.xlsx,주차관리과
2024,1151,2024-07-28,,미상,"목원대 싸이 흠뻑쇼 콘서트 주차단속 민원, 월요일 전화통화 (강력민원)
통화녹음본 달라고하심",담당부서 이첩,주차관리과,,complaints_2024.xlsx,주차관리과
2024,1152,2024-07-28,,미상,용계동 모델하우스 앞쪽 견인 요청,담당부서 이첩,주차관리과,,complaints_2024.xlsx,주차관리과
2024,1153,2024-07-28,,익명,"문지로 **, 한국과학기술관리아파트 *동 앞. 다친 새 구조요청.",펫레스큐 전달,푸른환경과,,complaints_2024.xlsx,푸른환경과
2024,1154,2024-07-28,,익명,지하1층 식당공사 관련에서 일을 하셨는데 임금을 못받으셔서 건설사명 문의.,관련부서 이첩,운영지원과,,complaints_2024.xlsx,운영지원과
2024,1155,2024-07-28,,익명,"도안대로 ***. 주말마다 한 차선을 다 사용해서 불편함을 여러차례 호소했음. 차량 통행 가능하도록 벌금, 과태료등 시정조치 요청.",관련부서 이첩,주차관리과,,complaints_2024.xlsx,주차관리과
2024,1156,2024-07-28,,[삭제],유성구 대덕대로***(도룡동 승리스포츠) 주변 새끼고양이 발견하여 신고,구조자님께 인계,지역산업과,,complaints_2024.xlsx,지역산업과
2024,1157,2024-07-28,,익명,"유성시장 안 본인 가게 앞 황색 1줄에 불법주차를 하였는데, 휴일인데 왜 끊었냐고 민원제기.",관련부서 이첩,주차관리과,,complaints_2024.xlsx,주차관리과
2024,1158,2024-07-28,,불특정인,관평동 테크노밸리 *단지 아파트 매주 금요일 장터. 도보를 막아놔서 통행불편. 쓰레기 발생. 대표민원으로 전화했고,관련부서 이첩,건설과,,complaints_2024.xlsx,건설과
2024,1159,2024-07-28,,익명,유성구 장현교 다리 아래 보안등이 한달가까이 꺼져있어 조치 요청함,소관부서 이첩,재난안전과,,complaints_2024.xlsx,재난안전과
2024,1160,2024-07-28,,미상,교통사고 잔해물 처리 요청,"유성구청 분리수거장에 이송, 평일 청소행정과 처리요청",청소행정과,,complaints_2024.xlsx,청소행정과
2024,1161,2024-07-28,,유성경찰서,음주운전자가 홈플러스에서 둔산동 가는 방향(한밭대로)의 가로등과 충돌,"현장출동 상황 파악 후 관련 부서 이첩
- 가로등 번호: L4-7 (온천동로-2)",건설과,,complaints_2024.xlsx,건설과
2024,1164,2024-07-27,,익명,방동저수지에서 계룡시 가는 도로 옆 사면 나무가 기울어져 있어 조치가 필요해 보임(방동 산 ***-*번지 부근),해당부서 이첩,건설과,,complaints_2024.xlsx,건설과
2024,1166,2024-07-27,,익명,용산동 호반서밋 3차와 4차 아파트 사이 상가 골목 불법주정차로 평일 주말 계속 불편(주말단속반 전달 완료),주말단속반 전달(14시 이후 계도 예정) 및 담당부서 이첩,주차관리과,,complaints_2024.xlsx,주차관리과
2024,1167,2024-07-27,,익명,전민동 탑립삼거리에서 신탄진 가능 방향 도로낙하물(철판) 처리 요청,해당부서 이첩,건설과,,complaints_2024.xlsx,건설과
2024,1168,2024-07-27,,익명,관평동 일원 불법주정차 많아 계도 요청(시 당직실에서 이첩),해당부서 이첩,주차관리과,,complaints_2024.xlsx,주차관리과
2024,1169,2024-07-27,,미상,도안대로 불법현수막 철거 요청 / 일부가 떨어져 길에 방치됨. (용계동 목원대쪽 새로 공사중인 도로 인근),해당부서 이첩,건축과,,complaints_2024.xlsx,건축과
2024,1170,2024-07-27,,미상,장대동 현대오일뱅크~태전마트(장대로 ** 추정) 일원 도로상태(공사 등) 불만민원. 현장에 나와 직접 보고 조속히 해결바람.,해당부서 이첩,건설과,,complaints_2024.xlsx,건설과
2024,1171,2024-07-27,,신성지구대,고라니 사체 처리 요청,담당부서 이첩,청소행정과,,complaints_2024.xlsx,청소행정과
2024,1172,2024-07-27,,재난상황실,장대동 **-**번지 가로등 화재로 복구 필요,"119 출동하여 화재 진압 및  2024년 재해보고(화재, 호우/2024.7.1.) 명단자 문자 보고 완료(추가 피해 없음)",건설과,,complaints_2024.xlsx,건설과
2024,1173,2024-07-26,,익명,봉명동 덕명서로 **번길가로등 전체가 꺼져있음 -> 가로등 고장으로 정비 요청,담당부서 이첩,건설과,,complaints_2024.xlsx,건설과
2024,1174,2024-07-26,,대전유성서상황실,"봉명동 우산거리 관련 소음민원이 상황실로 지속적으로 들어와 업무에 차질이 있음. 수차례 출동하였고 주최측에 여러번 연락하였으나 해결되지 않아 민원 지속 발생. 
행사 허가 후 실제 행사진행 시 관련 부서도 진행현황 파악 및 발생 민원에 적극 대응해주기를 요청함.
 - 지속적인 소음으로 인하여 민원인들이 격앙되는 등 강력 민원 발생 및 사고로 번질 수 있어 담당에게 관련내용 전달 바람. ",해당부서 이첩 ,일자리정책과,,complaints_2024.xlsx,일자리정책과
2024,1175,2024-07-26,,익명,송강동 그린아파트 상가 정우마트 쪽 파라솔에서 불법 노점상이 파라솔을 점유하고 있어 조치해주기 바람,담당부서 이첩,건설과,,complaints_2024.xlsx,건설과
2024,1176,2024-07-26,,미상,"원신흥동 산사태 보수와 관련하여 수차례 담당자와 통화했으나(공원과 *** / 여자)(?) 민원처리가되지 않아 연락함
산사태 관련 처리 현황 민원인에게 연락 희망",해당부서 이첩,공원과,,complaints_2024.xlsx,공원과
2024,1177,2024-07-26,,미상,성북2통 마을회관 바로 앞 가로등 휘어짐 조치요망 ,해당부서 이첩,건설과,,complaints_2024.xlsx,건설과
2024,1178,2024-07-25,,익명,"(동물사체) 구암동 ***-** 성은피아노 건물 을 마주보고 오른쪽 주차장 에 길고양이 사체 처리 요청 
* 수건으로 덮혀져 있다 함",담당부서 이첩 (06~09시 신고 건),청소행정과,,complaints_2024.xlsx,청소행정과
2024,1179,2024-07-25,,익명,"(가로등 소등) 현충원 후문(?) 에서 대전노은3지구영무예다음에코타운 앞 덕삼삼거리 로 이어지는 도로 구간에, 22시 이후에도 가로등 소등 상태 가 유지 되고 있음",담당부서 이첩,건설과,,complaints_2024.xlsx,건설과
2024,1180,2024-07-25,,대덕테크노밸리 관리사무소,"(약수터 누수) 대덕테크노밸리 **단지 의 방아다리어린이공원 약수터, 수도꼭지 고장으로 누수 발생  * 민원인 전화번호(042-****-****)",담당부서 이첩,공원과,,complaints_2024.xlsx,공원과
2024,1181,2024-07-24,,미상,"고양이 로드킬 사체처리 요청
배울*로 ** 상가 ***호 (GS매장)쪽",해당부서 이첩,청소행정과,,complaints_2024.xlsx,청소행정과
2024,1182,2024-07-24,,미상,"고라니 로드킬 사체 처리 요청
외삼동 세인트빌 들어가는 길목",해당부서이첩,청소행정과,,complaints_2024.xlsx,청소행정과
2024,1183,2024-07-24,,[삭제],"봉명동 ***-**
가건물 신고 
관련해서 단속 및 전화요청하심",해당부서 이첩,건축과,,complaints_2024.xlsx,건축과
2024,1184,2024-07-24,,[삭제],"봉명동 ***-**
에어풍선 18~19시 불법광고물 
관련해서 단속 및 전화요청하심",해당부서 이첩,건축과,,complaints_2024.xlsx,건축과
2024,1185,2024-07-24,,[삭제],봉명동 ***-** 음식점 보건증 검사 했는지 확인 및 전화요청,해당부서 이첩,위생과,,complaints_2024.xlsx,위생과
2024,1186,2024-07-24,,[삭제],"어은동 한빛프라자 굿샷 피팅센터관련,
7. 24.(수) 푸른환경과 담당자 방문때에는 화약약품을 사용 안했는데, 
그 후에 다시 굿샷피팅센터에서 화약약품  18:48쯤 사용해, 냄새로 민원 다시 제기함. 해당부서 이첩으로 전달드린 상황",해당부서 이첩,푸른환경과,,complaints_2024.xlsx,푸른환경과
2024,1187,2024-07-24,,[삭제],"월드컵경기장-농수산물 1정문 대나무숲 쪽 썩은 냄새 민원,  모기도 많이 생긴다는 민원",해당부서 이첩,푸른환경과,,complaints_2024.xlsx,푸른환경과
2024,1189,2024-07-24,,대전시청콜센터,도안네거리 ~  진잠교 사이에 3군데 정도 태극기 게양된게 바닥에 떨어져 있다고 신고들어옴. ,관련부서 이첩,진잠동,,complaints_2024.xlsx,진잠동
2024,1190,2024-07-24,,익명,상대동 아이파크시티 *단지 앞(상대동 ***번지 일원) 및 용계동 힐스테이트 인근(용계동 ***-*번지 일원) 주정차 단속 요청,관련부서 이첩,주차관리과,,complaints_2024.xlsx,주차관리과
2024,1191,2024-07-24,,익명,연구단지 종합운동장에서  한국전자통신연구원 가는 방향 다름고개 삼거리 넘자마자 도로에 쓰레기가 많이 깔려있음.  청소요청,해당부서 이첩,청소행정과,,complaints_2024.xlsx,청소행정과
2024,1193,2024-07-23,,미상,"도룡동 ICC 예식장 주차장 입구 삼거리에서 쓰레기 수거차 2차선에 주차해놓고 공무외 다른용무를 지속적으로 보는 듯 하여 민원접수
대략 6:10~ 6:30사이에 주기적으로 *차선에 주차되어있다고 함.
쓰레기수거요원에게 주의시켜주기 바라신다고 함.",해당부서이첩,청소행정과,,complaints_2024.xlsx,청소행정과
2024,1194,2024-07-22,,119상황실,둔곡동 산**-* 차량사고 잔해물(오일) 처리요청,해당부서이첩,청소행정과,,complaints_2024.xlsx,청소행정과
2024,1195,2024-07-22,,유성소방서,"둔곡동 산**-* 교통사고 발생으로 가로등 파손
",해당부서이첩,건설과,,complaints_2024.xlsx,건설과
2024,1196,2024-07-22,,[삭제],"봉명동 ***-** 보건증 미구비 신고
(전화달라고 요청하셨습니다.)",해당부서이첩,위생과,,complaints_2024.xlsx,위생과
2024,1197,2024-07-22,,[삭제],"봉명동 ***-** 불법건축물, 불법광고물(풍선형)신고 
(신고자 성명 밝히지 말라하심)",해당부서이첩,건축과,,complaints_2024.xlsx,건축과
2024,1199,2024-07-22,,미상,충대후문 횡단보도 교통섬 현수막 제거요청,해당부서이첩,건축과,,complaints_2024.xlsx,건축과
2024,1200,2024-07-22,,미상,"유성온천역3번출구 횡단보도 앞 노점상단속 요청 
오후 6시이후에 노점상 단속 미운행 문의하셨음 전화답변 부탁드립니다.",해당부서이첩,건설과,,complaints_2024.xlsx,건설과
2024,1201,2024-07-22,,미상,고양이 사체를 본인이 맡고 있다며 처리 요청(대정동 ***-*),해당부서 이첩,청소행정과,,complaints_2024.xlsx,청소행정과
2024,1203,2024-07-22,,이동명 경장,유성구 온천서로 **-* 미성년자 혼숙 적발하여 담당부서 통보 요청,관계부서 이첩,위생과,,complaints_2024.xlsx,위생과
2024,1204,2024-07-22,,미상,원내동 ***-*번지 청룡어린이공원 등이 2~3일 전부터 켜지지 않음,관계부서 이첩,공원과,,complaints_2024.xlsx,공원과
2024,1205,2024-07-22,,미상,"반석마을*단지 호반베르디움 ***, ***동 뒷쪽의 산에 있는 밭에 야생멧돼지 출현하여 밭을 헤집어 놓고 있다며 처리 요청",전국수렵인참여연대 이용우(010-****-****) 전달 / 해당부서 이첩,푸른환경과,,complaints_2024.xlsx,푸른환경과
2024,1206,2024-07-21,,미상,관평동 배울네거리(대덕테크노밸리*단지와 맞은편 KB국민은행 사이 횡단보도 중간)에 작은 포트홀 발생하여 처리 요청,관련부서 이첩,건설과,,complaints_2024.xlsx,건설과
2024,1209,2024-07-21,,익명,대전디자인진흥원- > 현대아울렛 방면 도로에 큰 포트홀이 2개 있음. 조치하여 주시기 바람.,관련부서 이첩,건설과,,complaints_2024.xlsx,건설과
2024,1210,2024-07-21,,익명,봉명네거리 정류장 근처의 포트홀로 인하여 넘어져서 상해를 입으심. 피해보상을 요청함.,포트홀 관련 보수 문제는 건설과에 전달 / 상해 관련하여 우선 대전 시민안전보험 안내드림.,건설과,,complaints_2024.xlsx,건설과
2024,1211,2024-07-21,,익명,유성구 봉명동에 주차를 해놓았는데 차량이 사라짐. 견인 된 것 같은데 견인사업소에 방문해봐도 차량이 없음. 혹시 차량 현황을 알 수 있는 방법이 없는지 문의하심.,관련부서 이첩,주차관리과,,complaints_2024.xlsx,주차관리과
2024,1214,2024-07-21,,익명,복용동 ***-*번지 앞 가로등이 계속 꺼져있는 상태임. 조치를 요청드림.,관련부서 이첩,건설과,,complaints_2024.xlsx,건설과
2024,1218,2024-07-21,,익명,밭으로 나무 전복. 조치 요청,관련부서 이첩,녹지산림과,,complaints_2024.xlsx,녹지산림과
2024,1220,2024-07-21,,익명,기초생활수급자 / 담당부서와 통화를 원하심,관련부서 이첩,생활보장과,,complaints_2024.xlsx,생활보장과
2024,1221,2024-07-21,,복용파출소,"복용동 *** 경관녹지 수목이 보도로 전도, 119에서 응급조치 예정이며 산물 수거 필요",관련부서 이첩,공원과,,complaints_2024.xlsx,공원과
2024,1222,2024-07-21,,익명,진잠로 ***번길파출소 옆 가로등이 계속 켜져있는 상태임. 조치를 요청함.,관련부서 이첩,건설과,,complaints_2024.xlsx,건설과
2024,1224,2024-07-21,,미상,"테크로 **과 **단지 사이 보행자전용도로(용산동 *** / ****동과 ****동 사이) 수목 전도에 따른 수거 필요
 * 사람 다닐 수 있게 한쪽으로 치워놓았음.",관련부서 이첩,녹지산림과,,complaints_2024.xlsx,녹지산림과
2024,1225,2024-07-20,,[삭제],학하동 구 도로쪽으로 우회전해서 한밭대가는 가는 자전거도로에서 시설물이 파손된 채 방치되어 있는 상태에서 킥보드를 타고 가다 넘어지져서 다치셨다고 함.  민원인에게 월요일 오전 중으로 빠른 연락 및 처리 요망,담당부서 이첩,건설과,,complaints_2024.xlsx,건설과
2024,1226,2024-07-20,,대전시청,원내동 **-*(진잠로***) 보안등이 낮에는 켜지고 밤에는 꺼짐. 조치 요청하심,관련부서 이첩,건설과,,complaints_2024.xlsx,건설과
2024,1227,2024-07-20,,익명,"갑천1 트리풀시티 힐스테이트 ***동 앞쪽(원플러스 부동산쪽) 도로 옆 유리 펜스가 파손됨(파편이 날라다니지는 않지만 조금만 쳐도 무너질 것처럼 위험하시다고 하심)
처리 요청",관련 부서 이첩,건설과,,complaints_2024.xlsx,건설과
2024,1228,2024-07-20,,익명,덕명동 시간공원 쪽에 새끼 고양이가 2주째 방치되어 있음. 구조 요청함,담당 과로 이첩,지역산업과,,complaints_2024.xlsx,지역산업과
2024,1229,2024-07-20,,익명,진잠로 ***번길 ** 청송빌쪽 도로 가로등이 약해서 어둡다고 하심. 가로등 교체 요청,관련 부서 이첩,건설과,,complaints_2024.xlsx,건설과
2024,1231,2024-07-20,,유성지구대,"주소: 유성구 원신흥로***번길 ** 하나님의교회 앞 대로 *,4차선
(원신흥네거리에서 옥녀봉네거리 방면)

내용 : 도로에 깔려있는 강판이 흔들려 위험성이 있습니다. 관련부서 통보 후 조치 요청드립니다.
(강판에 산소용접 일부 부분 이음새가 떨어져 흔들리고 있음)

유성지구대",담당부서 이첩,건설과,,complaints_2024.xlsx,건설과
2024,1233,2024-07-20,,익명,동서대로***번길 ** 주변 불법현수막(광고물)이 철거요청. ,담당부서로 이첩 및 일부 철거(철거해도 계속해서 설치),건축과,,complaints_2024.xlsx,건축과
2024,1234,2024-07-20,,익명,반석역~탄동농협 반석지점 길 불법현수막 철거 요청,담당부서 이첩 및 일부 철거,건축과,,complaints_2024.xlsx,건축과
2024,1236,2024-07-20,,익명,용산동 공원 대형견을 공원 내 테이블있는 벤치에 출입가능한지 문의남김,담당부서 이첩,공원과,,complaints_2024.xlsx,공원과
2024,1237,2024-07-20,,익명,용산동 공원 대형견을 입마개없이 산책시켜 접수요청하였음. 단속 및 처벌을 요청.,담당부서 이첩,지역산업과,,complaints_2024.xlsx,지역산업과
2024,1240,2024-07-20,,익명,대전 유성구 유성대로***번길 *** (봉명동) 근처 공사장 심한 먼지 날림,담당부서 이첩,푸른환경과,,complaints_2024.xlsx,푸른환경과
2024,1242,2024-07-20,,익명,도룡동 *-** 출입구쪽(성심당 근처) 불법주차 단속 요청및 CCTV 설치 요청,주말단속반에 인계 및 해당부서 이첩,주차관리과,,complaints_2024.xlsx,주차관리과
2024,1247,2024-07-20,,익명,노은역 환승주자장 들어가기 전 입구 도로(지족동***번지 **번길) 중앙분리대 설치 요청함,담당부서 이첩,건설과,,complaints_2024.xlsx,건설과
2024,1248,2024-07-20,,익명,햄스터 두마리 캐이지채 유기함. 월요일에 담당부서로 이첩안내. (현재 임시보호 중),담당부서 이첩,지역산업과,,complaints_2024.xlsx,지역산업과
2024,1249,2024-07-20,,익명,원신흥동 ***-*번지 불법건축물(천막) 신고. 일주일 전 신고했는데 미처리되어 재연락.,담당부서 이첩,건축과,,complaints_2024.xlsx,건축과
2024,1250,2024-07-20,,익명,사이언스빌3가삼거리에서 문지네거리 방향 갓길 아스팔트 (인도 아님) 포트홀 발생 후 계속 침하중. 신속한 조치 부탁함.,담당부서 이첩,건설과,,complaints_2024.xlsx,건설과
2024,1251,2024-07-20,,익명,자동차 매연 신고(**부****) 해당 번호로 신고함.,담당부서 이첩,푸른환경과,,complaints_2024.xlsx,푸른환경과
2024,1252,2024-07-20,,익명,대전디자인고등학교에서 도룡동방향 도로에 고양이 사체 처리 관련 민원,동물사체신고 업체 전달 후 담당부서 이첩,청소행정과,,complaints_2024.xlsx,청소행정과
2024,1253,2024-07-20,,익명,궁동 ***-* 일원 화단 관리 요청 민원,담당부서 이첩,건설과,,complaints_2024.xlsx,건설과
2024,1254,2024-07-20,,미상,세벽 5시 40분 경 봉명동***-*번지에서 내부 공사로 추정되는 공사소음으로 인한 강한 민원 제기(2번 전화함),담당부서 이첩,푸른환경과,,complaints_2024.xlsx,푸른환경과
2024,1255,2024-07-19,,진잠파출소,진잠파출소 앞 라인 가로등이 전부 점멸되었음,담당부서 이첩,건설과,,complaints_2024.xlsx,건설과
2024,1256,2024-07-19,,익명,구암동 ***-**번지 며칠 전부터 매일 소각을 하여 신고함(불법소각 단속반에 문자를 남겼음),담당부서 이첩,청소행정과,,complaints_2024.xlsx,청소행정과
2024,1257,2024-07-19,,익명,자운대 수운교 솔밭 부터 금병산 입구까지 가로등이 점멸되어 불편을 겪음,담당부서 이첩,건설과,,complaints_2024.xlsx,건설과
2024,1258,2024-07-19,,익명,원내동 **-**번지 가로등이 점멸되어 불편을 겪음(3일 전부터 민원을 제기하셨다고 함),담당부서 이첩,건설과,,complaints_2024.xlsx,건설과
2024,1259,2024-07-19,,익명,유성대로(한국한의학연구원에서 투썸플레이스  대전전민점 구간) 한 라인의 가로등이 점멸되어 통행에 불편을 겪음(민원인이 따로 연락을 요청하진 않았음),담당부서 이첩,건설과,,complaints_2024.xlsx,건설과
2024,1260,2024-07-19,,익명,"진잠로 ***번길 ** 부근에 부러진 ""횡단보도 표지판"" 회수를 요청함",담당부서 이관,건설과,,complaints_2024.xlsx,건설과
2024,1261,2024-07-19,,미상,"전민동 ***-* 일원 / 양수기 설치로 인한 우회도로가 파손되어 차량이 지나다닐 수 없는 상황. 빠른 조치 요망, 민원인 전화통화 필요.",담당부서 이첩,지역산업과,,complaints_2024.xlsx,지역산업과
2024,1262,2024-07-19,,미상,노은서로***번길도로 CCTV 밑 계량기 덮개 파손으로 조치 요망 / CCTV 관리번호: 15-374,담당부서 이첩,회계과,,complaints_2024.xlsx,회계과
2024,1263,2024-07-19,,미상,충대농대 버스 기점지 앞 인도에 나뭇가지가 덮쳐 사람들이 인도로 통행하지 못하고 차도로 다니는 상황. 조치 요망.,담당부서 이첩,건설과,,complaints_2024.xlsx,건설과
2024,1264,2024-07-18,,미상,장동 롯데케미칼연구소(장동 **-*) 주변 도로 가로등 고장으로 조치 요망,담당부서 이첩,건설과,,complaints_2024.xlsx,건설과
2024,1265,2024-07-18,,[삭제],"원내동 ***-* 지역에 400년된 보호수가 있는 집 앞마당에  cctv 카메라가 설치되었는데  어느관청에서 관리를하는지 어떤 사유에서 설치가 되었는지 궁금하다고 합니다.
오후 2시이전에 민원인 전화번호로 연락 바랍니다.",담당부서로 이첩,문화관광체육과,,complaints_2024.xlsx,문화관광체육과
2024,1266,2024-07-18,,미상,원내동 **-** 일원 가로등 고장으로 수리 요망. / 2024. 7. 17. 동일 민원으로 접수이력 있음. 작동 안한 지 4일 정도 되어 빠른 수리 요청.,담당부서 이첩,건설과,,complaints_2024.xlsx,건설과
2024,1267,2024-07-18,,미상,용계동 하천에서 물이 솟아오른다고 함. 물이 넘치거나 하는 상황은 아님. / 성세재활원 주변에 새로 지은 철 다리 근처라고 하십니다.,담당부서 이첩,재난안전과,,complaints_2024.xlsx,재난안전과
2024,1268,2024-07-18,,[삭제],집 뒤편에 나무가 쓰러져 지붕 손상. 당장 생활에 문제는 없으나 천장이 우그러지는 등 피해가 발생했다고 함.,담당부서 이첩,녹지산림과,,complaints_2024.xlsx,녹지산림과
2024,1269,2024-07-18,,[삭제],"장애인 등록 여부 관련 질의 / 장애인 등록이 잘 안되어있는 것 같다고 하심 (***, ******)",담당부서 이첩,노인장애인과,,complaints_2024.xlsx,노인장애인과
2024,1270,2024-07-17,,미상,"라도무스아트센터 앞 동물 사체(고양이) 발견
정확한 위치는 민원인에게 확인 요망",담당부서 이첩,청소행정과,,complaints_2024.xlsx,청소행정과
2024,1271,2024-07-17,,유성지구대,"유성구 문화원로**번길 ** 
야외테이블 및 데크 설치 적법 여부 검토요망",담당부서 이첩,건축과,,complaints_2024.xlsx,건축과
2024,1272,2024-07-17,,미상,"유성호텔 철거에 따라 발생하는 폐가구를 활용하여
불우이웃 및 취약계층 등을 지원하는 방안을 건의하고자 합니다.",담당부서 이첩,문화관광체육과,,complaints_2024.xlsx,문화관광체육과
2024,1273,2024-07-17,,미상,원내동 **-**번지 일원 가로등 조치 요청,담당부서 이첩,건설과,,complaints_2024.xlsx,건설과
2024,1274,2024-07-17,,미상,"봉명동 ***-** 지점 건축물 공사로 인하여 비산먼지 피해 발생
유동인구가 많고 주변에 병원이 위치하고 있어 지역 주민의 건강에 위해를 끼치고 있음.
먼지 피해가 지속되지 않도록 조치하여 주시기 바람.",담당부서 이첩,푸른환경과,,complaints_2024.xlsx,푸른환경과
2024,1275,2024-07-17,,미상,"유성온천역 3번출구 지점 불법 노점 단속 요망(이불 판매)
단속을 피해서 저녁시간대에 노점을 운영하고 있음. 매일 나오는 것은 아니며 부정기적으로 장사를 함. 
노점단속시 위 사항 유념하여 집행 바람.",담당부서 이첩,건설과,,complaints_2024.xlsx,건설과
2024,1276,2024-07-17,,익명,방동 *** (계백로 ***번길) 버섯농장 근처 나무 쓰러져서 전선 끊어짐. 신속하게 조치요청함  / 한전에는 신고상태 ,담당부서 이첩 ,녹지산림과,,complaints_2024.xlsx,녹지산림과
2024,1277,2024-07-17,,대전시인재개발원,"장동 **-*번지 일원 (대전광역시 인재개발원과 한국수력원자력연구원 사이 길)
전도목 조치요청",담당부서 이첩(급박시 119 신고 안내함),녹지산림과,,complaints_2024.xlsx,녹지산림과
2024,1279,2024-07-16,,유성경찰서,관평초등학교(관평동 ***) *단지 옆 오솔길쪽 맨홀뚜껑이 빠져있어서 조치 요청(닫아 놓긴 했으나 잠금장치 없음) / 당직실 핸드폰에 사진 저장됨(010-****-****) / 구즉지구대 연락처(042-****-****),"재난상황실 전달함, 담당부서 이첩 ",건설과,,complaints_2024.xlsx,건설과
2024,1280,2024-07-16,,익명,궁동 ***-* 앞 배수로 막힘 조치요청,담당부서 이첩,건설과,,complaints_2024.xlsx,건설과
2024,1281,2024-07-16,,유성경찰서,옥녀봉 지하차도 물 차고있음. 조치요청 ,"재난상황실 전달함, 담당부서 이첩 ",건설과,,complaints_2024.xlsx,건설과
2024,1282,2024-07-16,,익명,"방동 ***-*, 7.16. 새벽경
멧돼지 출몰로 인한 경작지 훼손",담당부서 이첩,푸른환경과,,complaints_2024.xlsx,푸른환경과
2024,1285,2024-07-16,,익명,노은동 ***-* 건물경계에 있는 하수구멍에 땅꺼짐 발생하여 조치요청 ,해당부서 이첩 / 건설과 담당팀에 내용전달하여 민원인 통화완료 ,건설과,,complaints_2024.xlsx,건설과
2024,1286,2024-07-16,,미상,"- 대성종이컵 앞
- 고양이사체",담당부서 지정,청소행정과,,complaints_2024.xlsx,청소행정과
2024,1287,2024-07-16,,미상,"- 아파트 정문 근처, 교차로에 공사차량 매일 여러대 주차로 인해 매우 혼잡하고 사고 위헠 높음",담당부서 지정,주차관리과,,complaints_2024.xlsx,주차관리과
2024,1288,2024-07-16,,유성경찰서,"- 미성년자 혼숙
- 청소년보호법 위반 단속",담당부서 지정,위생과,,complaints_2024.xlsx,위생과
2024,1289,2024-07-15,,미상,LED가로등 다수 고장,담당부서 지정,건설과,,complaints_2024.xlsx,건설과
2024,1290,2024-07-15,,미상,"- 온천로** 봉명동 힐스테이트 공사현장
- 공사 분진 심하게 발생",담당 부서 지정,푸른환경과,,complaints_2024.xlsx,푸른환경과
2024,1291,2024-07-14,,미상,원내동 ***-*(누리주택) 볼라드 훼손되어 조치 요청.,해당부서 이첩,건설과,,complaints_2024.xlsx,건설과
2024,1292,2024-07-14,,미상,장대동 **-**(장대아파트) 오수관 계속 역류 중. 조치 요청.,해당부서 이첩,건설과,,complaints_2024.xlsx,건설과
2024,1293,2024-07-14,,시청 당직실,"어은초 정문 앞 도로 고양이 사체 처리 요청
시청당직실에서 연락 전달받음 (시청 직원: 민원인 연락처 모름)",해당부서 이첩,청소행정과,,complaints_2024.xlsx,청소행정과
2024,1294,2024-07-14,,유성지구대 순경,"갑천대교에서 충대로 가는 길 방향으로 **m 지나, 1차로에 중앙분리대 쓰러져 있어 잔디쪽으로 치워 임시조치함. 추후 조치 요청.",해당부서 이첩,건설과,,complaints_2024.xlsx,건설과
2024,1295,2024-07-14,,유성지구대,봉명동 ***-*(온천로 **) 공사 현장 소음 조치 요청.,해당부서 이첩,푸른환경과,,complaints_2024.xlsx,푸른환경과
2024,1296,2024-07-14,,미상,봉명동 ***-*(온천로 **) 공사 진행 중 발생 소음 조치 요청.(21:00~ 공사 진행 중으로 추정),해당부서 이첩,푸른환경과,,complaints_2024.xlsx,푸른환경과
2024,1297,2024-07-14,,익명,송강동에서 신탄진공단 가는 신구교 다리 밑 운동기구 다 뽑혀있음. 운동할 수 있도록 빠른 복구 요청함.,해당부서 이첩,공원과,,complaints_2024.xlsx,공원과
2024,1298,2024-07-14,,익명,갑천다안산책로(용신교~문평대교) 가로등 2개 쓰러져있음(퇴치관리번호21-04 / 222),해당부서 이첩,건설과,,complaints_2024.xlsx,건설과
2024,1299,2024-07-14,,미상,장대동 **-**(장대아파트) 도로 오수관 14일 낮부터 역류 중. 민원 접수 당시 역류량 더 많아짐.,해당부서 이첩,건설과,,complaints_2024.xlsx,건설과
2024,1300,2024-07-14,,미상,봉명동 ***-*(온천로 **) 공사 진행으로 인한 소음발생.,해당부서 이첩,푸른환경과,,complaints_2024.xlsx,푸른환경과
2024,1301,2024-07-14,,미상,"신고자(010-****-****)에게  방동저수지쪽 검은개가 유기됐다고 24.7.14일 16:15, 16:23, 16:31분 3차례 신고전화옴.
유기동물 구조담당자에게 구조 전화하여 해당동물 대전동물보호센터로 인계함.
17:09분 검은개 주인(민원인)한테 연락옴. 유기된 개가 아니라며 관광객이 유기견인 줄 오인하여 주인있는 개를 유기동물 구조자가 데려갔다 함.
대전동물보호센터에서 1일 이상 보호할 시, 보호비용 청구되나 본인은 개를 납치당한 입장이므로 보호비용 낼 수 없으니 어떻게 처리해야되냐며 민원제기함. 
또한 유기동물 담당자(***)에게 폭언을 당했다며 경찰에 민원접수했다함
",해당부서 이첩,지역산업과,,complaints_2024.xlsx,지역산업과
2024,1302,2024-07-14,,익명,"호반2블럭(봉명동) 아파트 옥상 테라스에 개인시설물 설치하여 배수구가 막혀 이번 장마 때 비피해를 입음
아파트 관리소에 문의하니 옥상 부분은 공용부분이며 사적이용 공간이 아니라는 안내를 받았다고함.
피해를 입은 것이 이번이 처음이 아니고 동영상 등 증거자료를 수집하였으며 구청장님 앞으로 내용증명 민원을 보낼 것이고, 담당 부서 및 담당자, 담당과 성함을 문의하여 안내해드림.
담당 부서로 민원서류를 보내는 것이 어떠시냐고 안내드렸지만 구청장님께 보낸다고 함
(참고하세요)",해당부서 이첩,공동주택과,,complaints_2024.xlsx,공동주택과
2024,1303,2024-07-14,,미상,"수통골 앞 개울가 강아지 목줄 안 하고 개울에 풀어놓아 주민들 피해가 큼
목줄 과태료 부과를 원하셨고 유관부서 관련 법령 안내 필요.",해당부서 이첩,지역산업과,,complaints_2024.xlsx,지역산업과
2024,1304,2024-07-14,,익명,"진잠로**번길(홈플러스익스프레스 대전원내점과 메가커피 사이 도로)에 한뼘정도의 싱크홀 발생
->보수요망",해당부서 이첩,건설과,,complaints_2024.xlsx,건설과
2024,1305,2024-07-14,,유성지구대 경찰관,"봉명동 ***-*번지 철거중인 watto 건물 옥상 위에 포크레인 있음. 
하중을 못견딜 시, 붕괴 위험 있어보인다며 유성지구대 경찰관으로부터 민원신고옴(1차)

2차로 유성경찰지구대에서 민원전화옴. 
철거 허가난 곳으로 옥상에 포크레인 있는게 불법인 것이 아니라 안내했으나
현장에서 실제로 보면 위험해보인다며 현장으로 나와볼 수 있는지 문의함(042-****-**** / 유성경찰 지구대)",해당부서 이첩,건축과,,complaints_2024.xlsx,건축과
2024,1306,2024-07-14,,[삭제],"전민동 ***-*번지 회전교차로쪽 나무가 쓰러져있다고 119에서 신고접수됨
",해당부서 이첩,녹지산림과,,complaints_2024.xlsx,녹지산림과
2024,1307,2024-07-14,,유성구 노은지구대,"유성구 노은서로 ***번지 위치한 철로 된 하수구망이 휘어져서 빠져있음.
지구대에서 임시로 다시 끼어놨으나 휘어진 상태로 다시 빠질 위험있기에 보수 요청함.
하수구망 위에 cctv 설치되어 있음. cctv 관리번호 16-467",해당부서 이첩,건설과,,complaints_2024.xlsx,건설과
2024,1308,2024-07-13,,미상,장대동 *** 호미어린이공원 부근 상습 불법 주차 차량 단속 요청 (차량번호: **마****),해당 부서로 이첩,주차관리과,,complaints_2024.xlsx,주차관리과
2024,1309,2024-07-13,,당직근무자,지하주차장에서 별관으로 가는 통로에 자물쇠 시건장치 고장남 / 조치요청 (당직순찰시 확인),해당 부서로 이첩,회계과,,complaints_2024.xlsx,회계과
2024,1310,2024-07-13,,미상,죽동로 ***번길 **-* 옆건물 환풍구로 인한 생활악취 민원. 연락부탁드립니다.,담당부서 이첩,푸른환경과,,complaints_2024.xlsx,푸른환경과
2024,1311,2024-07-13,,미상,용계로 **번길진입직전 가감속 차로에 주말간 화물차 상습 주차로 진입이 어려움. 연락 요청하셨습니다.,담당부서 이첩,교통정책과,,complaints_2024.xlsx,교통정책과
2024,1312,2024-07-13,,미상,관평동 **단지 신세계마트 주변 도로포장중 /  지반다짐용 롤러차량 이동 시 안전요원없이  진행하고 있어서 위험에 보임/ 안전요원 배치하도록 지도요청/,해당부서 이첩,건설과,,complaints_2024.xlsx,건설과
2024,1313,2024-07-13,,노은지구대,수정초교4거리 횡단보도  가장자리(노은 => 덕명동 방향) 에  낙하물(나무목 20개 정도)놓여있음  /  수거요청,해당부서이첩,건설과,,complaints_2024.xlsx,건설과
2024,1314,2024-07-13,,온천2동 3통 통장,유성시장  장대노인회관 2층  누수발생 / 현장확인 및 보수요청,해당부서 이첩,노인장애인과,,complaints_2024.xlsx,노인장애인과
2024,1315,2024-07-13,,미상,죽동칸타빌 북쪽 까사포레오피스텔 공사현장  덤프트럭  이동시 바퀴에 흙묻은 상태로 이동하여 비산먼지 발생  / 시정요청,해당부서 이첩,푸른환경과,,complaints_2024.xlsx,푸른환경과
2024,1316,2024-07-13,,미상,"서구청 당직실에서 민원 전달
민원 내용 : 둔곡동 ***-*와 ***-* 사이에 있는 사거리에 맨홀 뚜껑이 반쯤 열려있음",해당 부서 이첩,건설과,,complaints_2024.xlsx,건설과
2024,1317,2024-07-13,,미상,"유성지구대 신고 내용(042-****-****)
: 봉명동 ***-* 앞 도로에 파라솔 대와 의자 불법 점용으로 인한 불편",해당 부서 이첩,건설과,,complaints_2024.xlsx,건설과
2024,1318,2024-07-12,,미상,진잠근린공원 조명등 고장으로 인한 해결바람,해당부서 이첩,공원과,,complaints_2024.xlsx,공원과
2024,1319,2024-07-12,,익명,"지족동 ***-* ""개 짖음"" 소음이 너무 심하여 주변 이웃에서도 계속 민원을 제기하였음
소음 민원 제기 방법에 대해 설명을 듣기를 원함(전화 요망)",해당부서 이첩,푸른환경과,,complaints_2024.xlsx,푸른환경과
2024,1320,2024-07-12,,미상,장대동 *** 호미어린이공원 부근 상습 불법 주차 차량 단속 요청 (차량번호: **마****),소관부서 이첩,주차관리과,,complaints_2024.xlsx,주차관리과
2024,1321,2024-07-12,,미상,덕명네거리에서 수정초등학교 올라오는 도로에 적치물이 있음. 치워주기바람,담당부서 이첩,건설과,,complaints_2024.xlsx,건설과
2024,1322,2024-07-12,,미상,장동 *-* 북대전 방향 고라니 사체 처리요청,소관부서 이첩,청소행정과,,complaints_2024.xlsx,청소행정과
2024,1323,2024-07-12,,미상,"용계동***-*번지 주민
인접 공사현장(용계동 ***-*번지 추정)에서 현재 야간 작업 소음(철근 떨어뜨리는 소리 등) 발생으로 수면 방해 조치 요망",소관 부서 이첩,푸른환경과,,complaints_2024.xlsx,푸른환경과
2024,1324,2024-07-11,,미상,"전민동 *** 대덕복지센터부터 내려오는 길 따라 가로등 작동 안함 조치 요망
(기 민원 제기한 사항인데 조치가 안되어 피해 입음 조속히 조치 요청)",소관부서 이첩,건설과,,complaints_2024.xlsx,건설과
2024,1325,2024-07-11,,미상,"용산동 ***번지 근린생활시설 공사현장 야간 공사로 인한 소음 피해 조치 요망
(민원 몇번 제기 했는데 시정이 안됨)",소관 부서 이첩,푸른환경과,,complaints_2024.xlsx,푸른환경과
2024,1326,2024-07-11,,미상,진잠근린공원 내 가로등 보수 요청 (2개 제외하고 모두 불이 안들어옴),소관 부서 이첩,공원과,,complaints_2024.xlsx,공원과
2024,1327,2024-07-11,,익명,"유성구 지족중학교와 열매마을*단지 아파트 사이길에 가로등 불이 며칠째 안들어옴
수리 처리 요청",담당부서 이첩,건설과,,complaints_2024.xlsx,건설과
2024,1328,2024-07-11,,미상,원촌동**-* 도로 침하(유성112 상황실 현장 확인 결과 포트홀로 추정) 발생 민원 / 현장 확인 후 조치 요청,담당부서 이첩,건설과,,complaints_2024.xlsx,건설과
2024,1329,2024-07-11,,세동 통장님,세동 ***-*번지 뚝방 무너짐 수혜복구 요청/세동 통장님 연락오심,재난안전과 하천팀 유선 내용전달 / ,재난안전과,,complaints_2024.xlsx,재난안전과
2024,1330,2024-07-11,,[삭제],덕명동 달빛카페 ***-*번지 세븐일레븐쪽 주정차단속 요청 / 몇달 째 특정 택배차(충남**더****)가 주차하여 통행 어려움 / 단속요청/ 이 차 때문에 다른차 다 우회해서 간다고함/,담당부서 이첩,주차관리과,,complaints_2024.xlsx,주차관리과
2024,1334,2024-07-11,,미상,열매**단지아파트 정문 새벽 시간 공사 소음으로 민원 제기(민원인 전화 회신 요청),담당부서 이첩,푸른환경과,,complaints_2024.xlsx,푸른환경과
2024,1335,2024-07-10,,미상,원내동 **-*번지~*번지 라인 가로등이 이틀째 안들어옴,담당부서 이첩,건설과,,complaints_2024.xlsx,건설과
2024,1336,2024-07-10,,미상,"반석역 지하철역에서 지족동 방향, 한달 넘게 큰 덤프트럭이 주차되어있어 운전 시야 방해(단속 요청)",담당부서 이첩,주차관리과,,complaints_2024.xlsx,주차관리과
2024,1338,2024-07-10,,[삭제],전민동 LH연구원 산책로쪽 가로등 안들어옴/ 빠른 조치 요청 및 민원인 연락 요청,담당부서 이첩,건설과,,complaints_2024.xlsx,건설과
2024,1339,2024-07-10,,미상,유성대로***번길 **(세이빌) 근처 사각 맨홀뚜껑에서 물이 계속 솟구쳐올라옴,담당부서 이첩,건설과,,complaints_2024.xlsx,건설과
2024,1340,2024-07-10,,미상,유성 선병원 인근 교회 건너편에 나뭇가지가 쓰러져 있음 ,담당부서 이첩,녹지산림과,,complaints_2024.xlsx,녹지산림과
2024,1341,2024-07-10,,[삭제],지족동 열매마을 *-*단지 골목 가로등 나감/ *단지 우체국 사이 큰길도 가로등 나감/ 7월7일(일)에도 전화하셔서 접수 하셨다고 함/ 빠른처리요청,담당부서 이첩,건설과,,complaints_2024.xlsx,건설과
2024,1342,2024-07-10,,[삭제],"본인 제외 쓰레기봉투 다 받았다고 하심. 복지센터에서 문자만 받았는데 다음달부터 20L 복지센터 방문 찾아가라고 했다고 하심.
통장님에게 문의하니 본인 수급 리스트에 없다고 했다고 하심. 왜 본인만 누락됬는지 문의하심. 연락달라고하심",해당부서 이첩,원신흥동,,complaints_2024.xlsx,원신흥동
2024,1343,2024-07-10,,미상,성북동 수해 피해 접수(재난안전과 담당자와 통화 했었음),담당부서 이첩,재난안전과,,complaints_2024.xlsx,재난안전과
2024,1344,2024-07-10,,[삭제],"전민중학교에서 전민초 쪽 어린이보호구역인데 주정차 단속 해달라고 요청하심
아침 출근길에도 다 주정차 되어있다고 하심",해당부서 이첩,주차관리과,,complaints_2024.xlsx,주차관리과
2024,1345,2024-07-10,,민원,"전기킥보드, 스쿠터 관리 미흡 
무분별한 방치 및 관리 미흡으로 인한 민원",해당부서 이첩,교통정책과,,complaints_2024.xlsx,교통정책과
2024,1346,2024-07-10,,대전경찰청,세동로 ***-** 건축물 북측 사면 호우로인한 토사유출로 인한 피해 및 침수관련 접수요청,담당부서이첩,진잠동,,complaints_2024.xlsx,진잠동
2024,1347,2024-07-10,,익명,원신흥동 양우내안애 아파트와 갑천1힐스테이트아파트 사이 불법주정차 단속요청,담당부서 이첩,주차관리과,,complaints_2024.xlsx,주차관리과
2024,1348,2024-07-10,,익명,온천서로*건물이 위치한 리베라 4거리에 고라니 출몰하여 조치요청,담당부서 이첩,푸른환경과,,complaints_2024.xlsx,푸른환경과
2024,1349,2024-07-10,,미상,유성온천 족욕장 인근 출근시간 길 주정차 단속 요청,해당부서 이첩,주차관리과,,complaints_2024.xlsx,주차관리과
2024,1350,2024-07-10,,미상,갑천1트리풀시티 및 갑천2트리풀시티 사이에 부상당한 고라니 신고,담당부서이첩,푸른환경과,,complaints_2024.xlsx,푸른환경과
2024,1351,2024-07-10,,미상,노은성당으로부터 현충원 방향 등산로 호우로 인한 정비가 필요한 사항임 (회신요청),담당부서 이첩,지역산업과,,complaints_2024.xlsx,지역산업과
2024,1352,2024-07-10,,미상,덕명동 *** 도로의 유지관리 관련 민원을 제기하는내용으로 담당자와 통화를 원함,담당부서 이첩,건설과,,complaints_2024.xlsx,건설과
2024,1353,2024-07-10,,미상,용계로 ***-*번지 건축물 침수피해 접수,담당부서 이첩,진잠동,,complaints_2024.xlsx,진잠동
2024,1354,2024-07-10,,미상,갑천1블럭 ***동 인근 천변도로에 족제비 구조필요,해당부서 이첩,푸른환경과,,complaints_2024.xlsx,푸른환경과
2024,1355,2024-07-10,,익명,성북동 ***-* 토지주이며 호우로 인한 복구작업을 구청에서 진행하는 도중 상부에서 내려오는 물길조정을 따로하지않아 대지로 우수가 유입되어 조치요청,담당부서 이첩,건설과,,complaints_2024.xlsx,건설과
2024,1356,2024-07-10,,미상,도안12블럭(어울림하트) 후문 뒷편 산에서 토사 쓸려내려옴,해당부서 이첩,공원과,,complaints_2024.xlsx,공원과
2024,1357,2024-07-10,,미상,봉산동 **번지 농장주로 피해접수 요청,담당부서 이첩,지역산업과,,complaints_2024.xlsx,지역산업과
2024,1358,2024-07-10,,익명,"용계동 ***-**번지 비닐하우스 소유주이며, 대지 앞 학하천 범람으로 피해접수 요청
+ 범람방지를 위한 공사 및 농수로 보수관련 질의 사항 있어 연락원함",담당부서 이첩,지역산업과,,complaints_2024.xlsx,지역산업과
2024,1359,2024-07-10,,미상,송정동 **-* 인근 농로 다리 제방 유실,해당부서 이첩,지역산업과,,complaints_2024.xlsx,지역산업과
2024,1360,2024-07-10,,미상,성북1통 일원 맨홀 역류로 인한 도로 침수 / 조치시 민원인 연락요청,해당부서 이첩,건설과,,complaints_2024.xlsx,건설과
2024,1361,2024-07-10,,미상,전민동 **번지 침수와 관련하여 천변 배수펌프 관련 담당자와 통화를 원함,담당부서 이첩,지역산업과,,complaints_2024.xlsx,지역산업과
2024,1362,2024-07-10,,미상,갑천1블럭 지하 침수 및 역류,재난안전과 상황전파 및 해당부서 이첩,건설과,,complaints_2024.xlsx,건설과
2024,1363,2024-07-10,,미상,대정동 ***-* 일원 도로 하수도 역류 조치 필요 / 모래주머니 추가 요청 / 부재중 시 010-****-**** 연락요청,해당부서 이첩,건설과,,complaints_2024.xlsx,건설과
2024,1364,2024-07-10,,미상,하늘숲블루베리농장 농장주이며 집중호우로 인한 피해접수 요청,담당부서 이첩,지역산업과,,complaints_2024.xlsx,지역산업과
2024,1365,2024-07-10,,미상,원촌동 싸이언스빌 주출입 도로(원촌동 *** 인근) 나무가 쓰러져 차량 이동 불가,재난안전과 상황 전파 및 해당부서 이첩,건설과,,complaints_2024.xlsx,건설과
2024,1366,2024-07-10,,세동2통 통장,세동*통 일원 도로 유실 다수 장비 지원 요청(세동 *통 통장),해당부서 이첩,건설과,,complaints_2024.xlsx,건설과
2024,1367,2024-07-10,,미상,"세동 ***번지 비닐하우스 소유자이며, 하천범람으로 인해 하우스가 침수되어 조치요청",담당부서 이첩,지역산업과,,complaints_2024.xlsx,지역산업과
2024,1368,2024-07-10,,[삭제],"구청 청사 7층 옥상(회계과 방향 비상계단) 물넘침
6층 건축과 천장 물샘(텍스 떨어짐)",임시조치(물 넘치지 않도록 추가 보완) 및 해당부서 이첩,회계과,,complaints_2024.xlsx,회계과
2024,1369,2024-07-10,,119 상황실,송정동 *** 축대 무너짐,"재난안전과 상황전파, 해당부서 이첩",녹지산림과,,complaints_2024.xlsx,녹지산림과
2024,1370,2024-07-10,,유성경찰서 상황실,"1. 방동 두마교차로 인근 나무 쓰러짐(01:53) -> 나무 정리 완료(유성경찰서 - 02:40)
2. 나무 쓰러지며 인근 전주 파손(02:40) -> 일대 가로등 미동작","재난안전과 상황전파 완료, 해당 부서 이첩(건설과)",건설과,,complaints_2024.xlsx,건설과
2024,1371,2024-07-10,,119상황실,"계룡터널인근 송정동 산 21-5 나무 쓰러짐(신고자 010-****-****)
","재난안전과, 시 상황실 상황전파 완료(시 현장 출동 확인)",재난안전과,,complaints_2024.xlsx,재난안전과
2024,1372,2024-07-09,,유성경찰서,반석동 ***-* 건물 주변 인도에서 기포가 올라옴. 신고자는 가스로 추정된다고 하여 도시가스에 연락하였으며 구청에도 알림전파,담당부서 이첩,지역산업과,,complaints_2024.xlsx,지역산업과
2024,1373,2024-07-09,,익명,"복용동 ***-*번지 건물부터 천변도로 따라 가로등이 켜지지않아 어두움.
점등이 안된지 3일정도 지난거 같다고 주장하며 빠른조치요청",담당부서 이첩,건설과,,complaints_2024.xlsx,건설과
2024,1374,2024-07-09,,익명,"관평동 수변공원에 대형견을 입마개없이 산책시켜 접수요청하였음(사진첨부)

단속 및 처벌을 요청",담당부서 이첩,지역산업과,,complaints_2024.xlsx,지역산업과
2024,1375,2024-07-09,,미상,"신성동 대림두레아파트 인근 주정차 단속 카메라 상시 단속 요청
(아파트 입구쪽에서 과일장사 트럭이 상시 장사하는데 주정차 단속 요청)",해당부서 이첩,주차관리과,,complaints_2024.xlsx,주차관리과
2024,1376,2024-07-09,,익명,전민동 *** ~전민동 ***-* 일원 나무가 도로를 막고 있다고 함(일차선으로 통행에 지장). 처리 요청,관련부서 이첩,녹지산림과,,complaints_2024.xlsx,녹지산림과
2024,1377,2024-07-09,,익명,"산에서 나무가 뽑혀 길을 막고 있다고 함. 처리 요청
 - 전민동 행정복지센터 ~ 투썸플레이스 방향(삼성푸른아파트에서 KT연구소 방향)",관련부서 이첩,녹지산림과,,complaints_2024.xlsx,녹지산림과
2024,1379,2024-07-08,,익명,"방수물품(모래주머니) 함 위치 문의
",담당부서 이첩,재난안전과,,complaints_2024.xlsx,재난안전과
2024,1380,2024-07-08,,익명,호우피해 관련 양수기 지원(대여) 문의,담당부서 이첩,재난안전과,,complaints_2024.xlsx,재난안전과
2024,1382,2024-07-08,,익명,"지족역 근처 kb국민은행콜센터 일원 도로에 포트홀 발생, 처리 요청 / 포트홀 피하다 핸들 돌아갔다고 피해 보상 요구 예정(전화 요청)
 - 몇주전부터 포트홀 발생했고, 비가 와서 더 커진 상황",담당부서 이첩,건설과,,complaints_2024.xlsx,건설과
2024,1384,2024-07-08,,테크노밸리 5단지 관리사무소,관평동 ***(배울골 어린이공원) 수도꼭지 고장,담당부서 이첩,공원과,,complaints_2024.xlsx,공원과
2024,1385,2024-07-08,,119상황실,배울골어린이공원(관평동 ***) 수도꼭지 고장으로 물이 샘,담당부서 이첩,공원과,,complaints_2024.xlsx,공원과
2024,1386,2024-07-08,,익명,열매마을 *단지쪽 가로등 불이 안들어옴 (처리 후 전화 요청),담당부서 이첩,건설과,,complaints_2024.xlsx,건설과
2024,1387,2024-07-08,,익명,은구비공원 내 가로등 불이 안들어옴 / 가로등 몇시에 켜지는지 문의,담당부서 이첩,공원과,,complaints_2024.xlsx,공원과
2024,1388,2024-07-08,,익명,배울골어린이공원(중일고등학교 뒤) 안에 수도꼭지가 빠져서 물이 샘,담당부서 이첩,공원과,,complaints_2024.xlsx,공원과
2024,1389,2024-07-08,,익명,봉명동 ***-** 세븐일레븐 앞 쓰레기 불법투기 단속요청,담당부서 이첩,청소행정과,,complaints_2024.xlsx,청소행정과
2024,1390,2024-07-08,,익명,봉명동 유성자이아파트 사거리쪽 신호등 그늘막이 부서져있음,담당부서 이첩,재난안전과,,complaints_2024.xlsx,재난안전과
2024,1391,2024-07-08,,익명,"온천로 **(봉명동 ***-*, 쿠우쿠우건물) 7~8층에서 새벽 2시에도 공사중, 소음 등 심함",소관부서 이첩,푸른환경과,,complaints_2024.xlsx,푸른환경과
2024,1392,2024-07-07,,노은지구대,"열매*단지~은구비네거리(지족동 ***, 지족동 ***) 가로등 불이 안들어옴",해당부서이첩,건설과,,complaints_2024.xlsx,건설과
2024,1393,2024-07-07,,익명,지족동 *** / 열매5~*단지 사이 가로등이 전부 안들어옴,담당부서 이첩,건설과,,complaints_2024.xlsx,건설과
2024,1394,2024-07-07,,익명,방동저수지 윤슬거리 20:00 음악공연 안하는 건지 질문,소관부서 이첩,공원과,,complaints_2024.xlsx,공원과
2024,1395,2024-07-07,,익명,반석동 ***-*번지 장애인주차구역에 비장애인차 상시 주차,소관부서 이첩,노인장애인과,,complaints_2024.xlsx,노인장애인과
2024,1396,2024-07-07,,대덕테크노11단지 관리사무소,"용산동 방아다리어린이공원(대덕테크노밸리 **단지-**단지 사이) 수도가 터져 메인 수도관을 막았으니, 담당자 확인되면 조치요청.",소관부서 이첩,공원과,,complaints_2024.xlsx,공원과
2024,1397,2024-07-07,,미상,"교촌동 ***-*번지 도로부지 내 나무 파레트가 위험하게 불법 적치되어 있음.
조치요망",담당부서 이첩,건설과,,complaints_2024.xlsx,건설과
2024,1398,2024-07-07,,익명,장대동 ***-* 빌라 주차장에 부상당한 길고양이 구조요청,구조대에 민원사항 인계,지역산업과,,complaints_2024.xlsx,지역산업과
2024,1399,2024-07-07,,익명,"은구비남로**번길(하나은행, 스타벅스 인근) 주차단속 요청",주말단속반에 민원사항 인계,주차관리과,,complaints_2024.xlsx,주차관리과
2024,1400,2024-07-07,,익명,한밭대로***번길(황태고을-하이엔드미친등심 사이) 주차와 중앙선 볼라드로 인하여 통행에 불편하므로 불법주차해소 및 사고예방을 위해 갓길에도 볼라드 설치 요청,해당부서 이첩,주차관리과,,complaints_2024.xlsx,주차관리과
2024,1401,2024-07-07,,익명,송강근린공원 부지 안에 설치된 자전거 보관소 지붕이 파손되어 정리 요청.(구즉국민체육센터에 설치된 자전거 보관소 아님 확인),소관부서 이첩,공원과,,complaints_2024.xlsx,공원과
2024,1402,2024-07-07,,119종합상황실,전민동 ***-*(LH토지주택대학교) 정문 인근 나무 전복으로 인한 도로 통행을 막아놓은 상황 조치,소관부서 이첩,건설과,,complaints_2024.xlsx,건설과
2024,1403,2024-07-07,,미상,엑스포로***번길 ** (로컬푸드파머스161) 인근 불법주차 단속 요청,주말단속반 인계,주차관리과,,complaints_2024.xlsx,주차관리과
2024,1404,2024-07-07,,미상,유성온천공원 족욕장에 뜨거운 온천수가 잠기지 않고 계속 나오는 상황이라 고장확인 요청함.,담당부서 이첩,공원과,,complaints_2024.xlsx,공원과
2024,1405,2024-07-07,,미상,두루봉공원 부지 수목이 노은도서관 주차장 진입로 전도,공원인접 주차장 이용제한 및 소관부서 이첩,공원과,,complaints_2024.xlsx,공원과
2024,1406,2024-07-06,,익명,"어린이보호구역에 트럭이 주차되어있음.
차주께 연락했더니 폐차업체에서 월요일에 견인하기로 예정되어있다고함. 차가 움직이지 않아 주차해놓았다고 하심.
민원인께 해당내용 전달했음에도 담당부서 전달 원하심. 월요일에도 주차 되어있을 시 다시 연락주신다고 하심.",담당부서 이첩,주차관리과,,complaints_2024.xlsx,주차관리과
2024,1407,2024-07-06,,익명,"방동윤슬거리 음악분수 관람가능일 블로그 등에 7월 개장으로 홍보되어 있어 6일 토요일 저녁
200여명이 관람을 위해 모임
현수막이나 블로그 등에 정확한 관람일자 공지바람",담당부서 이첩,공원과,,complaints_2024.xlsx,공원과
2024,1408,2024-07-06,,익명,"송강동 ***-*(송강동 공주칼국수) 골목 주차단속 요망
매번 신고하나 단속이 한번도 이루어지지 않음
전화요청 바람",담당부서 이첩,주차관리과,,complaints_2024.xlsx,주차관리과
2024,1410,2024-07-06,,익명,송강동(봉산로 **) 신통치킨 가게 앞 인도에 불법 구조물 확인(시멘트로 지저분하게 인도에 발라져있음.)하여 적법한 사항인지 확인하여 회신 요청.,해당 부서 이첩,건설과,,complaints_2024.xlsx,건설과
2024,1411,2024-07-06,,익명,"유림공원 내에 버스킹공연 관련 문의
- 공연의 질, 소음 등을 고려한 허가사항인지 문의
(당직원 출동 하여 확인->어르신들 동호회 수준의 공연이라 판단됨, 관람객 전혀 없음, 공원 앞에 무단 차량 3대 주차하여 이동조치함.)",해당 부서 이첩,공원과,,complaints_2024.xlsx,공원과
2024,1412,2024-07-06,,익명,구룡동 경로당(구즉동) 앞 맨홀 쪽에 바휘가 막고있음. 하수배출 우려되어 민원 접수함.,해당 부서 이첩,건설과,,complaints_2024.xlsx,건설과
2024,1413,2024-07-06,,익명,유성구 장대동 성원상떼빌 정문 앞 가로등 여러개가 낮에도 계속 켜있음. 조치요망,해당 부서 이첩,건설과,,complaints_2024.xlsx,건설과
2024,1414,2024-07-06,,실버복지센터,"실버복지센터 노인맞춤서비스 담당자가 ***(차상위)님 댁 방문하였는데 다리 부상으로 거동 전혀 불가 상태 확인하여 민원실로 접수
전날 119 통해 선병원 방문하셨으나 선병원에서 치료 불가로 상급병원으로 이송 안내드렸으나 집으로 귀가하셧다고 함.","선병원 통해 치료 불가 사유 확인 후(선병원 규모 케어 불가능) 119통해 상급병원 재이송 안내 드림.
실버복지센터 담당자: 010-****-****
등록된 가족:010-****-****(연락X)",노은1동,,complaints_2024.xlsx,노은1동
2024,1416,2024-07-06,,익명,반석동 ***-* 번지 일대 맷돼지 출현(농작물 피해) 포획 조치 요청,해당부서 이첩,푸른환경과,,complaints_2024.xlsx,푸른환경과
2024,1417,2024-07-06,,익명,계룡스파텔 옆 유성온천공원(족욕체험장) 물 나오는 수도꼭지 고장으로 계속 물이 흐르고 있음,해당 부서 이첩,공원과,,complaints_2024.xlsx,공원과
2024,1418,2024-07-06,,익명,은구비서로**번길 ** 건물 앞 주차방지봉 설치되어서 차량 통행 방해 조치요청,해당 부서 이첩,건설과,,complaints_2024.xlsx,건설과
2024,1419,2024-07-06,,익명,관평동 **** 한신에스메카 앞 음식물 쓰레기 미수거 민원,해당 부서 이첩,청소행정과,,complaints_2024.xlsx,청소행정과
2024,1420,2024-07-06,,익명,구암동 ***-** 횡단보도에 오랜 기간동안 전기 자전거와 킥보드를 주차하여 통행에 방해,관련부서 이첩,교통정책과,,complaints_2024.xlsx,교통정책과
2024,1423,2024-07-05,,익명,남세종ic에서 반석역 방향에 ic지나서 바로 육교 밑 2차선 동물사체 여러구 부패중,담당부서 이첩,청소행정과,,complaints_2024.xlsx,청소행정과
2024,1424,2024-07-05,,[삭제],갑천로 *** 대형차 고치는 곳 - 화물차 통행 어렵다고 함,관련부서 이첩,주차관리과,,complaints_2024.xlsx,주차관리과
2024,1425,2024-07-05,,익명,"도룡동 *-**번지 청년하우스 가로수(대형 수목) 전도되어 차선 하나를 완전히 막고 있음(반대 차선엔 주차된 차량으로 인해 차량통행불가)
즉시 처리 필요한 사안이라 판단되어 119 협조 요청. 119 현장 출동 후 조치하겠으나 후속조치는 구청에서 할 것","119상황실 신고 및 담당부서 이첩, 녹지산림과 녹지팀에 유선보고",녹지산림과,,complaints_2024.xlsx,녹지산림과
2024,1427,2024-07-05,,"익명, 119상황실","기계연구원에서 한화연구소 가는 방면 네거리(고가철길?!) 바로 옆으로 나무가 쓰러져 있음(눈에 잘 띄지 않아 교통사고 유발 위험 매우 높음 빠른 처리 필요)
119에도 같은 신고 접수되어 현장 상황 전달받음(쓰러진 나무가 차도를 넘어 자전거도로까지 침범, 그 범위가 3M이상 되어보임, 즉시 조치가 필요하다고 판단되어 침범한 부분의 나무 절단 하여 한쪽으로 치워놓겠음)",담당부서 이첩,녹지산림과,,complaints_2024.xlsx,녹지산림과
2024,1428,2024-07-05,,유성경찰서,"방동저수지 도로 보수 공사 지점에 불법주정차 차량이 유성경찰서에 신고 접수
우천시 2차 사고 발생이 우려되어 견인 조치 요청
주차단속반 및 견인사업소 근무 외 시간으로 즉시 해결 어려움을 설명
담당부서에 빠른 전달토록 하겠음",담당부서 이첩,주차관리과,,complaints_2024.xlsx,주차관리과
2024,1429,2024-07-04,,익명,"장대동 ***-*번지에서 불법홍보물(풍선)과 연결된 전기회선(50M이상 추정) 배수로 밑으로도 통과하여 도로에 길게 적치중
배수로 덮개에 전기회선이 끼어있기도 하여 우천시 감전 사고가 우려됨",담당부서 이첩,건설과,,complaints_2024.xlsx,건설과
2024,1430,2024-07-04,,익명,"지족동 ***-*번지 아이캔유치원 앞 도로(노은서로***번길) 쓰레기 수거차량이 떨어뜨린 종량제봉투가 터져 차량통행을 방해한다는 민원 접수
도로관리팀 현장 확인 후 한쪽으로 치워두었음
우천 예보가 있어 밤사이 빗물에 쓸려갈 것이 우려됨",담당부서 이첩,청소행정과,,complaints_2024.xlsx,청소행정과
2024,1431,2024-07-04,,익명,죽동 ***-*번지 가로등 2개 고장(며칠째 점등 안됨),담당부서 이첩,건설과,,complaints_2024.xlsx,건설과
2024,1432,2024-07-04,,노은3동자율방범대장,노은3동 방범초소에 설치된 안심벨을 누르면 해당 부서로 연결이 되는지 궁금하다는 민원입니다 주민들이 많이 문의한다고 합니다,담당부서 이첩,마을자치과,,complaints_2024.xlsx,마을자치과
2024,1433,2024-07-04,,익명,유성구 견인차량보관소 앞 인도 산업폐기물 쌓여있고 유리도 깨져있어서 위험한 상황이라고 함 3번째 전화하는 것이고 해결되지 않은 것에 강한 불만을 표시함  빠른 조치해달라고 함,담당부서 이첩,청소행정과,,complaints_2024.xlsx,청소행정과
2024,1434,2024-07-04,,익명,동서대로***번길인근 편의점에서 업소용 콜라를 판매중,담당 부서 이첩,위생과,,complaints_2024.xlsx,위생과
2024,1435,2024-07-04,,익명,"봉명동 ***-** 앞 도로 중앙에 **하****(검은색 아우디) 차량 불법주정차 신고(건설현장 근처)
이동조치 및 단속요청(조치사항 안내 요망)",담당부서 이첩,주차관리과,,complaints_2024.xlsx,주차관리과
2024,1436,2024-07-04,,유성경찰서,"전민동 ***-*에서 주류제공한 것이 적발되었음
관련내용에 대해 확인 후 행정처분 등 요청(무허가 노래연습장인 것 까지는 확인하지 못한 상황) ",담당부서 이첩,문화관광체육과,,complaints_2024.xlsx,문화관광체육과
2024,1437,2024-07-03,,익명,봉명동*통경로당 파도타는 운동기구가 고장나서 점검 및 수리 요청 ,담당부서 이첩,공원과,,complaints_2024.xlsx,공원과
2024,1438,2024-07-03,,익명,"유성구 견인사업소 앞 인도 쓰레기 무단투기로 인해 통행 불편
이전에도 민원을 넣었는데 해결되지 않고 있다고 함",담당부서 이첩,청소행정과,,complaints_2024.xlsx,청소행정과
2024,1439,2024-07-03,,미상,관평교 일원 하천에 불법경작 단속 요청,부서전달,재난안전과,,complaints_2024.xlsx,재난안전과
2024,1440,2024-07-03,,익명,송림마을*단지~*단지 사거리쪽부터 송림마을*단지(아파트 단지 내)까지 심한 악취가 나고 있다는 불편 민원,담당부서 이첩,푸른환경과,,complaints_2024.xlsx,푸른환경과
2024,1441,2024-07-03,,119상황실,"전민동 ***-*번지 도로에 가로수 쓰러져 있어 119에서 출동하여 통행에 지장이 없도록 조치하였으나, 잔해는 수거해야함. ",해당부서 이첩,건설과,,complaints_2024.xlsx,건설과
2024,1442,2024-07-02,,미상,유성구 봉명동 온천공원 족욕장 근처 나무데크에 있는 조명 3~4개 교체요청(한달 전 동일 제보),해당부서 이첩 ,공원과,,complaints_2024.xlsx,공원과
2024,1443,2024-07-02,,[삭제],전민동 엑스포코아아파트 학교 앞에 불법주차로 차량 통행에 큰 지장이 있음. 주차금지 차단봉 설치를 요청함.,담당부서 이관,주차관리과,,complaints_2024.xlsx,주차관리과
2024,1444,2024-07-01,,주민,대학로 **번길(연래춘 뒷길). 인도에 쓰레기가 너무 많아 통행에 어려움이 있음. 평소에도 이 지역에 쓰레기를 버리는 경우가 많으니 관심있게 봐주길 원함.,담당부서 이관,청소행정과,,complaints_2024.xlsx,청소행정과
2024,1446,2024-07-01,,미상,한우물로 ***(기혼교회) 인근 도로에 고라니 사체 신고 접수, 펫레스규에 위치 및 신고자 연락처 전송,청소행정과,,complaints_2024.xlsx,청소행정과
2024,1447,2024-07-01,,미상,구암역 1번출구 맞은편& 3번출구 맞은편에 쓰레기 대량으로 적치되어 통행 불편 호소. 환경관리요원 근무시간 외라 즉시 처리 어려움 안내,관련 부서 이첩,청소행정과,,complaints_2024.xlsx,청소행정과
2024,1448,2024-07-01,,유성경찰서,용계동 **-*번지 인근 가로수(약 15m) 전도(경찰서 직원 현장 출동하여 확인),관련 부서 이첩,녹지산림과,,complaints_2024.xlsx,녹지산림과
2024,1449,2024-07-01,,미상,"- 봉명나이트(봉명동 ***-*번지) 건물 5층에서 공사에 따른 소음 발생하여 피해 소호, 즉시 공사 중단 요청하였으나 즉시 규제 불가함 설명(연락 필요 없음)",관련 부서 이첩,푸른환경과,,complaints_2024.xlsx,푸른환경과
2024,1450,2024-07-01,,미상,"- 봉명나이트(봉명동 ***-*번지) 건물 5층에서 공사에 따른 소음 발생하여 피해 소호, 즉시 공사 중단 요청하였으나 즉시 규제 불가함 설명
- 연락 요함",관련 부서 이첩,푸른환경과,,complaints_2024.xlsx,푸른환경과
2024,1451,2024-07-01,,미상,"(6.29. 접수건 0000014775 관련 추가 민원) 대전 유성구 봉명동 ***-*, 그랑펠리체 아파트 뒷편 자전거도로 공사로인하여 자전거 운행중 사고당함
- 위 사건 관련 보상 신청 시 피해 사진 제출 여부(파손된 자전거 사진을 못 찍었는데 이 경우 보상이 안되는 건지 문의)
- 전화요청",관련부서 이첩,건설과,,complaints_2024.xlsx,건설과
2024,1452,2024-07-01,,미상,"- 복용동 ***번지상의 고물상(국제자원)에 차량이 화물을 하차 시 소음(유리병 깨지는 소리 등)이 수시로 발생하여 불편 호소(야간, 새벽에도 하차를 실시하는 경우 빈번)
- 고물상에 야간에 하차를 지양하도록 중재 요청 및 담당자와 직접 연락 희망(7. 1. 오전 중)",관련부서 이첩,푸른환경과,,complaints_2024.xlsx,푸른환경과
2024,1453,2024-06-30,,미상,구암역 인근 3차선까지 불법주차가 많아 통행에 불편,담당부서 이첩,주차관리과,,complaints_2024.xlsx,주차관리과
2024,1454,2024-06-30,,익명,"반석사거리 가기 전 노은지하차로(대전>세종방향), 지하에 라바콘이 떨어져 있음. 5시 10분경에 목격했고 해결연락 안줘도 됨","담당자 연락 완, 관련부서 이첩",건설과,,complaints_2024.xlsx,건설과
2024,1456,2024-06-30,,119상황실,"테크노 풋살장 앞 들개4마리 배회중, 119에서도 출동할테니 관련 담당자에게 전달부탁함","유기동물 담당자(김명덕) 연락 완, 계속 나오는 들개라 축산팀(동물정책팀)에 이관하여 처리부탁함",지역산업과,,complaints_2024.xlsx,지역산업과
2024,1457,2024-06-30,,익명,sk행복충전 서대전충전소 맞은편 대로 트레일러 등 차량 6~7대 상시 주차 / 교통지도요청,담당부서이첩,교통정책과,,complaints_2024.xlsx,교통정책과
2024,1459,2024-06-30,,익명,문지동 ***번길/이틀에 한번 차 트렁크에 쓰레기를 싣고 와 건물 앞에 불법투기함 (차량번호:**주****) 근처에 씨씨티비가 있어 확인가능할 것으로 보임. 본인에게 피해없도록 익명으로 처리부탁하심,관련부서 이첩,청소행정과,,complaints_2024.xlsx,청소행정과
2024,1460,2024-06-30,,익명,전민동 엑스포코아 정문 앞 인도/주말마다 인도앞에 인테리어 광고 텐트를 설치하고 통행에 많은 어려움을 줌 6월 15일에 같은 민원을 제기하였으나 단속이 전혀 되지 않아 불편함이 지속되고 있다고 하심 주말에만 오는 것 같으니 단속처리 부탁함,담당부서 이첩,건설과,,complaints_2024.xlsx,건설과
2024,1461,2024-06-30,,익명,도로 양쪽으로 불법주청자가 많아 아이들이 차량에 치일뻔하는 등 불편있음,주말 단속반(김현욱) 담당자 문자 후 관련부서 이첩,주차관리과,,complaints_2024.xlsx,주차관리과
2024,1462,2024-06-30,,익명,봉명동 ***-* 피카소모텔 앞 천변쪽 도로 오수관 뚜껑 들어가고 옆에 어른 손바닥 크기 포트홀 생김 계속 커지는 중이라 조치 부탁함,사진 담당자 전달 후 관련부서 이첩,건설과,,complaints_2024.xlsx,건설과
2024,1463,2024-06-30,,익명,유성구 용산동 ***-* 29일 기업 내부에 있는 우수관 고압세척 했는데 비가 와도 배수가 되지 않음 근처 하수구 막혀있는 것 같으니 확인바람,담당부서 이첩,건설과,,complaints_2024.xlsx,건설과
2024,1464,2024-06-30,,익명,"불법주차, 도안동로 *** 힐스테이트 맞은편 유턴하는 쪽에 트럭(차량번호 **우****, 미니굴착기 올려놓음) 처리 후 핸드폰으로 연락바람 ","주말 단속반(010-****-****) 전달 완
(13시경) 처리결과 재연락와서 단속반 처리 완료 확인 후 문자 안내 완/ 관련내용 부서 전달하겠다고 함",주차관리과,,complaints_2024.xlsx,주차관리과
2024,1465,2024-06-30,,익명,유성온천공원 청주해장국 근처 횡당보도 인근 흰색선을 황색선으로 변경 요청 / 노점상 트럭 등 장기주차로 불편사항 발생,부서이첩,주차관리과,,complaints_2024.xlsx,주차관리과
2024,1466,2024-06-30,,[삭제],"자동차세 고지서 관련, 차량번호(**나****) 고지서 받지 못함",관련부서 이첩,세정과,,complaints_2024.xlsx,세정과
2024,1467,2024-06-30,,119상황실, 대덕터널 ->국립문화유산연구원 (문지동 ***-**번지) 가는길 가로수가 쓰러져 도로를 막고있음,"담당부서 이첩(녹지산림과, 윤재식반장 010-****-****)",녹지산림과,,complaints_2024.xlsx,녹지산림과
2024,1468,2024-06-30,,경찰서상황실,복용동 ***-*번지 건물 외벽이 무너져 옆 비닐하우스에 떨어짐,재난상황실에 보고 후 담당부서 이첩,건축과,,complaints_2024.xlsx,건축과
2024,1469,2024-06-30,,익명,"둔곡터널, 오봉터널 공사중 입간판에서 현수막이 반쯤 떨어져 도로쪽으로 휘날림",시당직실로 이첩,건축과,,complaints_2024.xlsx,건축과
2024,1470,2024-06-30,,익명,"도룡동 산*번지 스마트시티, 도룡분교장 도로변 나무가 쓰러져 있음","119에서 출동 했고, 뒷처리는 건설과에서 하기로 함(조한원)",건설과,,complaints_2024.xlsx,건설과
2024,1471,2024-06-30,,익명,금고동 산**-* 진입로에 나무가 쓰러져있다고 함.,담당부서 이첩(소방서에서 나무 제거 후 뒷처리는 건설과에서 하기로함),건설과,,complaints_2024.xlsx,건설과
2024,1472,2024-06-30,,익명,구즉도서관(송강동 ***번지) 뒷쪽 도로에 나무가 쓰러져 있음.,비상근무조에 문의 후 담당부서 이첩,녹지산림과,,complaints_2024.xlsx,녹지산림과
2024,1473,2024-06-30,,익명,원신흥동 천년나무 **단지 ****동 앞 사거리쪽 가로수 쓰러져있다고 소방서로 부터 상황전파 받음. ,비상근무조에 문의 후 담당부서 이첩,녹지산림과,,complaints_2024.xlsx,녹지산림과
2024,1474,2024-06-30,,익명,"지족동 **-*번지 선병원 앞 대로변 가로수 쓰러져, 소방서에서 출동했다고 연락받음.",비상근무조에 문의 후 담당부서 이첩,녹지산림과,,complaints_2024.xlsx,녹지산림과
2024,1475,2024-06-30,,익명,"세종 -> 구즉 터널(둔곡, 오봉)에 달려있는 플랜카드가 반쯤 떨어저 날리고 있다고 함.",담당부서 이첩(월요일에 담당 팀이 처리 가능하다고 함),건축과,,complaints_2024.xlsx,건축과
2024,1476,2024-06-30,,익명,원내동 *** 공영차고지 앞 삼거리 고라니사체처리 민원,펫레스큐 연락 및 민원등록,청소행정과,,complaints_2024.xlsx,청소행정과
2024,1477,2024-06-29,,익명,"진잠 타운아파트 근처 화물차들이 불법주차 되어있는데, 몇달동안 민원을 넣어도 달라지지 않는다 함.",담당부서 이첩,주차관리과,,complaints_2024.xlsx,주차관리과
2024,1478,2024-06-29,,익명,장대동 ***-*번지(학사마을 한밭대로변 앞) 우수관로가 낙엽에 막혀 빗물이 빠지지 않는다고 함. ,재난안전상황실에 보고하였고 건설과 하수팀에서 출동하여 확인하겠다고 함,건설과,,complaints_2024.xlsx,건설과
2024,1479,2024-06-29,,미상,봉산동 **번길 *-**번지 주변 호우시 물역류 지역으로 미리 우수관로 정비 요청,담당부서 이첩,건설과,,complaints_2024.xlsx,건설과
2024,1480,2024-06-29,,미상,"연타발(봉명동 ***-*)과 리베라 아이누리 사잇길 도로에 비가와서
웅덩이가 져있음. 배수로 정비요청 / 전화요청함",담당부서 이첩,건설과,,complaints_2024.xlsx,건설과
2024,1481,2024-06-29,,미상,자운초등학교에서 국방과학연구소 방향 고양이 사체처리 요청,동물사체신고업체 인계,청소행정과,,complaints_2024.xlsx,청소행정과
2024,1482,2024-06-29,,미상,"원신흥동 ***-*에서 불법주정차를 하도록 주차안내하고있어
인근주민으로 매번 불편함을 느끼고 있어 처리 후 전화 요청함",담당부서 이첩,주차관리과,,complaints_2024.xlsx,주차관리과
2024,1483,2024-06-29,,미상,"대전 유성구 봉명동 ***-*, 그랑펠리체 아파트 뒷편 자전거도로 공사로인하여 자전거 운행중 사고당함
전화요청",담당부서 이첩,재난안전과,,complaints_2024.xlsx,재난안전과
2024,1484,2024-06-29,,익명,"병해충 방제 요청 / 대전 유성구 한밭대로***번길 **-*(궁동, 커피인터뷰)와 반석천 사이 ",담당부서 이첩,재난안전과,,complaints_2024.xlsx,재난안전과
2024,1485,2024-06-29,,[삭제],야생동물 구조 요청(통화 원함) / 건물 내에 부상당하지 않은 야생동물(비둘기),담당부서 이첩,푸른환경과,,complaints_2024.xlsx,푸른환경과
2024,1486,2024-06-29,,미상,정부양곡 택배 미수령,담당부서 이첩,희망복지과,,complaints_2024.xlsx,희망복지과
2024,1487,2024-06-29,,미상,송강동  제2어린이공원 쓰레기 무단 투기 단속 및 수거요청,담당부서 이첩,청소행정과,,complaints_2024.xlsx,청소행정과
2024,1488,2024-06-29,,미상,장대동 지주공사 오전 5시30분 소음 관련(통화요청),담당 부서 이첩,푸른환경과,,complaints_2024.xlsx,푸른환경과
2024,1489,2024-06-28,,미상,봉명동 문화원로 ***번길유성지구대 뒷편골목 불법주정차 단속요청,야간 불법 주정차 단속반에 연락하여 단속 요청함.,주차관리과,,complaints_2024.xlsx,주차관리과
2024,1490,2024-06-28,,[삭제],구암동 일원 도시락공장으로 악취 민원(민원인 연락 요망),담당부서 이첩,푸른환경과,,complaints_2024.xlsx,푸른환경과
2024,1491,2024-06-28,,익명,송림근린공원 남자 화장실 변기 막힘,담당부서 이첩,공원과,,complaints_2024.xlsx,공원과
2024,1493,2024-06-27,,익명,신세계 백화점 버스정류장 앞 고양이 사체 처리요청,펫레스큐 전달 및 담당부서 이첩,청소행정과,,complaints_2024.xlsx,청소행정과
2024,1494,2024-06-27,,익명,"노은동**-* 횡단보도 인근,  학하삼거리 인근 횡단보도 가로등 고장 조치요청(민원인 전화 자제 요청)",담당부서 이첩,건설과,,complaints_2024.xlsx,건설과
2024,1495,2024-06-27,,익명,학하교회 인근 도로에 불법주정차로 인해 도로통행 위험으로 단속요청,담당부서 이첩,주차관리과,,complaints_2024.xlsx,주차관리과
2024,1496,2024-06-27,,[삭제],이번주 교통사고 당하여 거동 어렵고 지원 필요한 상태(국가유공자) 전화요망.,관련부서이첩,사회돌봄과,,complaints_2024.xlsx,사회돌봄과
2024,1497,2024-06-27,,미상,관평동 ****번지 건너편 공사 분진 발생하여 민원 제기하였는데 해결되지 않음.,관할 부서 이첩,푸른환경과,,complaints_2024.xlsx,푸른환경과
2024,1498,2024-06-27,,[삭제],"유성구청 장애인팀에서 문자가 왔는데 모르고 삭제하여, 다시한번 안내바람. ",해당부서 이첩,노인장애인과,,complaints_2024.xlsx,노인장애인과
2024,1499,2024-06-27,,미상,유성구 온천로** 콘크리트 공사장 야간 소음 심각. ,관련 부서 이첩,푸른환경과,,complaints_2024.xlsx,푸른환경과
2024,1500,2024-06-27,,미상,"학하남로**번길부근 통신매물공사 이후 맨홀뚜껑 같은 것이 잘 닫히지 않아 차량, 사람 지나갈 때마다 매우 덜컹거리고 소음 발생. 신속한 해결 요청",관련 부서 이첩,건설과,,complaints_2024.xlsx,건설과
2024,1501,2024-06-26,,미상,"용산동 국제학교, **단지 사이 사거리 밤늦게 하수구 청소 발전기 소음 민원. ",해당부서 이첩,푸른환경과,,complaints_2024.xlsx,푸른환경과
2024,1502,2024-06-26,,미상,장대동 kt유성지점 근처 밤늦게 보도블럭 공사 소음 민원. ,해당부서 이첩,푸른환경과,,complaints_2024.xlsx,푸른환경과
2024,1503,2024-06-26,,미상,계룡로**번길 **(봉명동) 인도에 쓰레기가 넘쳐서 통행이 불가능함. 쓰레기 처리바람,담당부서 이첩,청소행정과,,complaints_2024.xlsx,청소행정과
2024,1504,2024-06-26,,"관리사무소, 익명 다수","용산동 골프장 옆 도로 가로등 꺼져있으므로 빠른 처리 요망.
(담당자 유선전달함)",담당 부서 이첩,건설과,,complaints_2024.xlsx,건설과
2024,1505,2024-06-26,,미상,용산*로 ** 부근 가로등이 다 꺼져있음,처리부서 이첩,건설과,,complaints_2024.xlsx,건설과
2024,1506,2024-06-26,,익명,"노은동 은구비공원 배수로 공사 후 공사 뒷정리 미흡.
처리 후 전화 요망.",관련 부서 이첩,공원과,,complaints_2024.xlsx,공원과
2024,1507,2024-06-26,,익명,"원신흥로 **번길 **-**(원신흥초등학교 주변 등하교 보행자 전용도로, 놀멍 옆) 폐기물, 쓰레기가 통학로 점유하여 건의. 
지속적인 쓰레기 처리와 무단투기 금지 홍보 부탁.
",담당부서 이첩,청소행정과,,complaints_2024.xlsx,청소행정과
2024,1508,2024-06-26,,미상,도안7블럭(예미지)~월평동 가는 다리 밑에 건널 수 있도록 나무다리나 돌다리 설치 가능하신지 문의,해당부서 이첩,재난안전과,,complaints_2024.xlsx,재난안전과
2024,1509,2024-06-26,,미상,유성 웰리스병원~홈플러스 뚝방 길(벚꽃나무 길) 벌레가 너무 많음. 소독해주길 바람,해당부서 이첩,보건소,,complaints_2024.xlsx,보건소
2024,1510,2024-06-26,,미상,폐기물수거차량이 도로를 막고 차량들 위험한 방향으로 돌아가라고 했다고 하심,소관 부서로 이첩,청소행정과,,complaints_2024.xlsx,청소행정과
2024,1511,2024-06-26,,미상,불법 노점상 단속 요청,소관 부서로 이첩,건설과,,complaints_2024.xlsx,건설과
2024,1512,2024-06-26,,미상,음식물쓰레기 수거를 안 해간다고 하심(개업한 지 얼마 안 됐다심),소관 부서로 이첩,청소행정과,,complaints_2024.xlsx,청소행정과
2024,1513,2024-06-26,,유성경찰서,복용동***-*번지 교통섬에 가로등이 차량충격으로 인하여 손상됨 처리 요함,해당부서 이첩,건설과,,complaints_2024.xlsx,건설과
2024,1514,2024-06-26,,미상,"봉명동 유성네거리 근방 포트홀로 인한 차량 파손, 2024. 6. 25. 07:00경에 연락하였으나 응답 없어 재연락. 블랙박스 영상 등 확보 됐다시고, 추가적으로 다른 차량들도 파손 위험이 있으니 포트홀 정비도 요청하심.",소관 부서로 이첩,건설과,,complaints_2024.xlsx,건설과
2024,1515,2024-06-25,,미상,기계연구원 매연이 넘어온다고 하심. 꼭 전화달라고 요청하심.,소관 부서로 이첩,푸른환경과,,complaints_2024.xlsx,푸른환경과
2024,1516,2024-06-25,,미상,죽동 *교 밑 자전거도로 보안등 6개가 작동 안 한 지 오래 되었다고 정비를 요청하심.,소관 부서로 이첩,건설과,,complaints_2024.xlsx,건설과
2024,1517,2024-06-25,,익명,"대전 유성구 온천북로 *(레자미멀티홈아파트상가) 앞 인도에 쓰레기 적치되어있어 수거 조치 요함
(쓰레기 수거만 요청. 전화 답변 안해주셔도 됨)",해당부서 이첩,청소행정과,,complaints_2024.xlsx,청소행정과
2024,1518,2024-06-25,,익명,"용산동 하임*단지아파트에 거주하고, 아침 일찍부터 제초작업하는 소리가 굉장히 큼. 며칠 전부터 발생한 소음으로 참다가 전화했고, 작업 시작 시간 등 개선이 되었으면 함.  ",해당부서 이첩,녹지산림과,,complaints_2024.xlsx,녹지산림과
2024,1519,2024-06-25,,대한 폐기물업체 직원,반석동 **-* 경인어린이집 앞 방범용카메라 전봇대에 설치되어있는 박스 기둥 고리가 빠짐. 임시로 묶어 놓고 오긴 했다고 함. ,해당 부서 이첩,회계과,,complaints_2024.xlsx,회계과
2024,1520,2024-06-25,,익명,"봉명동 유성네거리쪽  포트홀 , 출근길이라 정확한 위치는 블랙박스 봐야 확인할 수 있고, 타이어 파손 됐다고 함.  민원인은 5시 이후 블랙박스 확인 가능.",해당 부서 이첩,건설과,,complaints_2024.xlsx,건설과
2024,1521,2024-06-24,,익명,"1. 봉명동 ***-* 옥외영업 신고 여부 질의
2. 옥외영업 신고 영역 외 불법 영업 의심되므로 단속 요청
(민원인 정보 비밀유지 철저 요청)",관련 부서 이첩,위생과,,complaints_2024.xlsx,위생과
2024,1522,2024-06-24,,[삭제],"장대동 꼭두배어린이공원 내 가로등 전부 꺼져있어서 위험하여 조치 요청 / 2번째 민원 제기하신 것이라 함 
",처리부서 이첩,공원과,,complaints_2024.xlsx,공원과
2024,1523,2024-06-24,,익명,대전보건환경연구원과 대전기상지방청 출입구 사이 도로변 쪽 운동시설 놓여있는 공원 내 고라니사체 신고,펫레스큐 연락 및 당직민원 등록,청소행정과,,complaints_2024.xlsx,청소행정과
2024,1524,2024-06-24,,익명,"구암교네거리쪽 마늘파는 트럭이 아직도 장사를 한다고 함. 오후 3시쯤에도 관련 전화를 했었는데, 왜 아직도 조치가 이루어지지 않은 건지 의문을 제기. 해당 차량은 차선을 사용할 수 없게 만들어 퇴근길에 불편함을 겪는 상황. 
만약 제대로 조치가 이루어지지 않는다면 본인도 가만 있지 않겠다고 함. 
",해당부서이첩,주차관리과,,complaints_2024.xlsx,주차관리과
2024,1525,2024-06-23,,미상,유성구청에서 카이스트 방면으로 ***M 고양이 사체 처리요청,해당부서이첩,청소행정과,,complaints_2024.xlsx,청소행정과
2024,1526,2024-06-23,,[삭제],구암동 ***-** 인근 도로 고라니 사체 처리 요청,관련부서 이첩,청소행정과,,complaints_2024.xlsx,청소행정과
2024,1527,2024-06-23,,익명,"용계동 ***-*번지 인근 도로(오피스텔 근처) 불법주차 단속 요청
(지속적으로 불법주차가 있으며, 민원 장기간 접수함, 조치 요청)",관련부서 이첩,주차관리과,,complaints_2024.xlsx,주차관리과
2024,1528,2024-06-23,,미상,구암동 ***-** 앞 오토바이 불법도로점용 및 소음공해 계도 요청(민원인 전화요청),해당부서이첩,푸른환경과,,complaints_2024.xlsx,푸른환경과
2024,1529,2024-06-23,,[삭제],"전광어린이공원(전민동)내 비상벨 오작동으로 인한 조치 요청(일요일 낮, 저녁 2회 이상 오작동 발생)",관련부서 이첩,푸른환경과,,complaints_2024.xlsx,푸른환경과
2024,1530,2024-06-23,,익명,"전민동 **-*번지 풋살장근처 유기견 4마리 조치 요청
(유기동물 구조담당자(***) 전달 드렸으며, 주인이 있는것으로 판단되어 관련부서 이첩 요청)",관련부서 이첩,지역산업과,,complaints_2024.xlsx,지역산업과
2024,1531,2024-06-23,,미상,꼭두배어린이공원 내 조명 고장,해당부서이첩,공원과,,complaints_2024.xlsx,공원과
2024,1532,2024-06-23,,익명,"반석동 ***-*이 야외바베큐장 형식으로 되어 있으며, 저녁에 연기, 냄새 등이 인근 아파트 단지로 넘어오고 있어 이에 대한 조치 요청",관련부서 이첩,푸른환경과,,complaints_2024.xlsx,푸른환경과
2024,1533,2024-06-23,,익명,상대근린공원 앞 도로 중앙분리대 파손으로 인한 조치 요청,관련부서 이첩,건설과,,complaints_2024.xlsx,건설과
2024,1534,2024-06-23,,[삭제],신성로 **번길 ** 경계석 위 설치한 조명에 상해를 입음. 불법시설물인지 점검 요청,해당부서이첩,건설과,,complaints_2024.xlsx,건설과
2024,1535,2024-06-23,,익명,용산동 호반써밋 *단지 근처에서 싸이렌 비슷한 소음이 다수 발생하여 민원 접수함.,담당부서 이첩,푸른환경과,,complaints_2024.xlsx,푸른환경과
2024,1536,2024-06-23,,익명,화암사거리 신성동에서 충대방면으로 가는 도로 인도에서 제초작업중 풀과 돌이 많이 튄다고 민원 발생./ 예초작업이 구청에서 하는건지는 확인 불가함./ 조치부탁한다고 민원들어옴.,담당부서 이첩,건설과,,complaints_2024.xlsx,건설과
2024,1537,2024-06-23,,익명,"원촌교부터 하수처리장 방향쪽으로 송충이 등 해충이 너무 많음.
소독요청 바람",담당부서 이첩,예방의약과,,complaints_2024.xlsx,예방의약과
2024,1538,2024-06-23,,익명,엑스포코아에서 원촌동으로 나가는 길 중앙분리대 옆으로 나와 있어 위험해보인다고 하십니다. ,해당부서 이첩,건설과,,complaints_2024.xlsx,건설과
2024,1539,2024-06-22,,익명,노은서로** 주변 나무가 전기선에 닿아 위험해보인다고 하십니다. 전화요청하셨습니다. ,해당부서 이첩,건설과,,complaints_2024.xlsx,건설과
2024,1540,2024-06-22,,미상,노은동 열매마을 *단지 앞 불법주정차 관련으로 cctv설치 요청 및 전화요청,담당부서 이관,주차관리과,,complaints_2024.xlsx,주차관리과
2024,1541,2024-06-22,,[삭제],"관평동, 용산동 인근 하천 정비사업 관련하여, 배울교 다리 밑에 흙을 더 많이 퍼내달라고 요청하심
공사기간 7.11일까지로 시행사 시온산업(***-****)에 연락하니 구청 사업 담당자에게 연락하라고 안내 받았다고 함. 
6.24.(월)에 연락 요청함

",담당부서이첩,재난안전과,,complaints_2024.xlsx,재난안전과
2024,1542,2024-06-22,,미상,노은역1번출구 앞 버스정류장쪽 뒤 주상복합에서 버스정류장 방향으로 비추는 CCTV유무 확인 요청 /  어머님께서 주상복합에서 나오시다가 자전거랑 부딪혔는데 기억이 안난다고하셔서 따님께서 전화가 왔습니다 ,"담당부서 민원 전달
(민원인분께서 노은지구대에도 전화했었는데 유성구청으로 전화해보라고 하셨다고 해가지고 이쪽으로 전화주셨습니다. 저희가 CCTV유무 확인이 당장 어려워 담당부서에 전달해놓을테니 민원인분께는 월요일에 전화드린다고 하였습니다.)",회계과,,complaints_2024.xlsx,회계과
2024,1543,2024-06-21,,익명,진잠네거리(유성방면쪽 도로) 중앙선 끝 부분 정지선 부근 멘홀 근처에 싱크홀 발생,담당부서 이첩,건설과,,complaints_2024.xlsx,건설과
2024,1544,2024-06-20,,익명,죽동 ***-*번지 집앞 쓰레기 무단투기 신고,해당부서 이첩,청소행정과,,complaints_2024.xlsx,청소행정과
2024,1545,2024-06-20,,미상,"유성지구대 뒤 '해담'이라는 가게 근처 노란선 두줄이 그어져 주정차금지 지역이나 어떤 차량이 차선 하나를 막고 있음. 민원인께서 즉시 단속해주시기를 원해 담당자에게 안내하겠다하였으나. 즉시 나올 수 있냐 재차 물으셔서 당직실에 고지된대로 금일(6.20.) 주차단속은 18시 종료되어 야간근무가 없고, 주차민원 연락시 당직민원으로 남겨 놓겠다 말씀드렸으나 즉시해결이 되지 않는 것에 갑자기 화를 내시며 당직자(김은영)의 성명과 소속과를 묻고 행정안전부에 민원 넣겠다고 끊어버리심. ",담당부서 이첩,주차관리과,,complaints_2024.xlsx,주차관리과
2024,1546,2024-06-20,,[삭제],완충녹지(노은동***-*)에 철봉 설치요청,담당부서 이첩,공원과,,complaints_2024.xlsx,공원과
2024,1547,2024-06-20,,유성경찰서,학하네거리에 철판이 10장정도 떨어져있어 위험해보임. 일단 비비마트쪽으로 치워두셨다고함,담당부서이첩,청소행정과,,complaints_2024.xlsx,청소행정과
2024,1548,2024-06-20,,익명,대덕대학교 정문에서 우회전 할 때 큰 돌이 도로에 떨어져있음.,담당부서 이첩,건설과,,complaints_2024.xlsx,건설과
2024,1549,2024-06-20,,익명,"송강동 두리초등학교 인근 화물차 야간 불법 주차(노란실선) 관련 단속 요청
담당자 통화 원하셨음.",담당 부서 이첩,교통정책과,,complaints_2024.xlsx,교통정책과
2024,1550,2024-06-19,,익명,"전기차충전구역 내에 첨부 사진과 같이 내연기관 차량이 주차중(이틀연속) 
처리상황 꼭 전화 달라고 하셨음.",담당부서 이첩,푸른환경과,,complaints_2024.xlsx,푸른환경과
2024,1551,2024-06-19,,익명,"노은중학교, 노은 *단지/**단지 사이 공사현장 경광등 및 펜스 설치 요망",담당부서 이첩,건설과,,complaints_2024.xlsx,건설과
2024,1552,2024-06-19,,익명,노은 열매마을 *단지 *단지쪽 불법주정차 심함(특히 대각선 주차) 단속 요망,관련부서 이첩,주차관리과,,complaints_2024.xlsx,주차관리과
2024,1553,2024-06-19,,미상,'24.6.19.(수) 16시20분경 전민동에서 마을버스1번을 탑승하였는데 버스기사의 불친절과 욕설로 인해 매우 불편하여 민원제기함.,해당부서 이첩,교통정책과,,complaints_2024.xlsx,교통정책과
2024,1554,2024-06-19,,미상,원신흥초등학교 주변 보행자 도로 쓰레기 청소요청 민원 사진(당직폰메시지) 보내심. 청소 요청,해당부서 이첩,청소행정과,,complaints_2024.xlsx,청소행정과
2024,1555,2024-06-19,,미상,"목원대-진잠 왕복 동서대로 왕복 2차선 및 6차선 도로 가로등이 일출인데도 켜져있다는 민원으로 왕복 6차선 도로는 시 당직실에 민원전달함. 
2차선 도로의 가로등 일출시 소등 및 확인요청",해당부서 이첩,건설과,,complaints_2024.xlsx,건설과
2024,1557,2024-06-18,,[삭제],"진잠다목적 체육관 주차장 출구 (황색실선 두줄) 대형트럭 잦은 불법 주차로 단속 및 개선 요청, 담당자 통화 원함",해당부서 이첩,주차관리과,,complaints_2024.xlsx,주차관리과
2024,1558,2024-06-18,,익명,"불법주정차를 3분간격으로 촬영했으며, 신고해서 벌금형 등 처벌하고 싶다고 하심
안전신문고 안내했으나, 전화로도 접수할 수 있다고 전화접수 원하심. 담당자분에게 본인에게 전화 달라고 요청하심",해당부서 이첩,주차관리과,,complaints_2024.xlsx,주차관리과
2024,1559,2024-06-18,,익명,상대동 아이파크시티 *단지 공사 소음으로 인한 불편,해당부서 이첩,푸른환경과,,complaints_2024.xlsx,푸른환경과
2024,1560,2024-06-18,,진잠파출소,사기막골네거리(학하동→진잠동방향) 가로등 밑에 부분이 찌그러져서 전도위험이 있다고함,해당부서 이첩,건설과,,complaints_2024.xlsx,건설과
2024,1561,2024-06-18,,익명,대학로 **번안길 ** 음식물쓰레기 수거함 정확한 수거 주기 및 일자 알고 싶어하심. 더 빠른 수거 요청,해당 부서 이첩,청소행정과,,complaints_2024.xlsx,청소행정과
2024,1562,2024-06-18,,유성경찰서,"온천서로 **-*
식품위생법, 영업장 준수사항위반(단란주점으로 영업허가를 받았지만 유흥주점 형태로 운영했다고 함)
",해당부서 이첩,위생과,,complaints_2024.xlsx,위생과
2024,1563,2024-06-17,,익명,복용동 ***-** 앞 2차선 왕복 차도에 가로수 쓰러져 있어 자동차 통행이 어려움,해당부서 이첩,녹지산림과,,complaints_2024.xlsx,녹지산림과
2024,1564,2024-06-17,,익명,자운동 ***-* 하이넷 자운대 수소충전소 앞 고라니 사체처리 요청,펫레스큐 연락(전화 및 문자) 후 해당 부서 이첩,청소행정과,,complaints_2024.xlsx,청소행정과
2024,1565,2024-06-17,,익명,"야간에 상대근린공원 내 목줄없이 다니는 큰개들이 많음
단속, 지도 요청",해당부서 이첩,지역산업과,,complaints_2024.xlsx,지역산업과
2024,1566,2024-06-17,,익명,유성소방서 앞 대덕대로 중앙분리대옆 부상당한 고라니 구조 요청,펫레스큐 연락(전화 및 문자) 후 해당부서 이첩,푸른환경과,,complaints_2024.xlsx,푸른환경과
2024,1567,2024-06-17,,익명,송강동 일원 야생물오리 습득(집에서 보관 중),펫레스큐 연락(전화 및 문자) 후 해당부서 이첩,푸른환경과,,complaints_2024.xlsx,푸른환경과
2024,1568,2024-06-17,,익명,"도안동로 *** 정문 어린이보호구역, 사설 유료주차장 옆
트럭(미니포크레인상차)이 며칠째 보도위에 주차하여 단속부탁하심 
차량번호 - **러****",해당부서 이첩,주차관리과,,complaints_2024.xlsx,주차관리과
2024,1569,2024-06-17,,미상,"송강마을 *단지 ***동 주변 이사 사다리차 도로점유로 인한 민원발생.
도로점용에 따른 과태료 부과 요청, 요청결과 회신전화부탁드립니다. (점유사진 찍어놓으셨다고 합니다..)",담당부서 이첩,건설과,,complaints_2024.xlsx,건설과
2024,1570,2024-06-17,,노은중학교,"지금 열매마을 *단지와 **단지사이 도로교체작업진행중인데 공사 적재물이 쌓여있어 치월줄것요구
담당자 현장확인요청 / 노은중학교관계자임 ",담당부서이첩,건설과,,complaints_2024.xlsx,건설과
2024,1571,2024-06-16,,[삭제],지족동 열매마을 ***동 옆 골목길 주차단속 요청 (골목길에 불법주정차가 많이되어있어 교통사고 위험있음 주차 단속요청),담당부서 이첩,주차관리과,,complaints_2024.xlsx,주차관리과
2024,1572,2024-06-16,,미상,유성구 신성로 **번길 ** 천복 수제만두 주차장 내 다친 고양이 처리 요청,야생동물 또는 유기동물에 해당이 안됨을 안내 드렸으나 방문하여 처리해달라는 민원 지속 제기. 민원으로 접수해달라고 요청하심.,푸른환경과,,complaints_2024.xlsx,푸른환경과
2024,1575,2024-06-16,,미상,"엑스포코아 상가 정문 앞 횡단보도 불법 점유 신고
- 인테리어 업체 광고 텐트 등(주말마다 상주하여 계도 필요)",담당부서 이첩,건설과,,complaints_2024.xlsx,건설과
2024,1576,2024-06-16,,미상,테크노 단지 신구교에서 관평교 사이 천변 뚝방길 방역 요청,담당부서 이첩,예방의약과,,complaints_2024.xlsx,예방의약과
2024,1580,2024-06-16,,유성지구대 경찰관,차량 사고로 인한 볼라드 2개 파손(대학로 **번길* / 시루향기 대전유성점에서 온천교 방향 다리 건너는 지점),담당부서 이첩,건설과,,complaints_2024.xlsx,건설과
2024,1581,2024-06-16,,시청 당직실,고라니 사체 처리 요청(장동 **-**번지 한수원중앙연구원 신관 앞 도로위),펫레스규 연락 및 동물사체신고 대장 기재,청소행정과,,complaints_2024.xlsx,청소행정과
2024,1582,2024-06-15,,익명,"화물차 밤샘주차 단속요청(원내동 대전도시과학고부터 진잠타운까지)
반복민원으로 담당자 전화 요청",담당부서 이첩,교통정책과,,complaints_2024.xlsx,교통정책과
2024,1583,2024-06-15,,익명,고라니 로드킬 사체 처리 요청(신성동 산 **-**),펫레스규 연락 및 동물사체신고 대장 기재,청소행정과,,complaints_2024.xlsx,청소행정과
2024,1584,2024-06-15,,익명,"고라니 사체 처리 요청(유성 하기동 ***-* 부근 노은로 *차로 추정)
",펫레스규 연락 및 동물사체신고 대장 기재,청소행정과,,complaints_2024.xlsx,청소행정과
2024,1585,2024-06-15,,익명,작은내수변공원 앞 공연으로 인한 소음 민원 다수 신고,"- 유성경찰서에 신고 접수하여 현장 출동하였음 (유성경찰서 담당자 번호 : 010-****-****)
- 공연담당자측 확인 결과 공원과에서 허가된 버스킹공연이었으나 다수의 민원이 접수되어 추후 조치 필요",공원과,,complaints_2024.xlsx,공원과
2024,1586,2024-06-15,,유성경찰서,"중앙분리대파손신고
장소:구암동 ***-* 착한낙지 유성점 앞 대로변 중앙분리대 파손",담당부서 이첩,건설과,,complaints_2024.xlsx,건설과
2024,1588,2024-06-15,,익명,상대동 트리풀시티*단지 후문 경비실 앞 횡단보도 봉 파손으로 한쪽에 치워둠 / 수거 및 보수 요청,담당부서 이첩,건설과,,complaints_2024.xlsx,건설과
2024,1589,2024-06-15,,익명,대금로 ***번길 **-* 길가에서 고라니 사체가 썩어서 냄새 및 벌레가 꼬이고 있다고 함(처리 부탁),펫레스규 연락 및 동물사체신고 대장 기재,청소행정과,,complaints_2024.xlsx,청소행정과
2024,1590,2024-06-15,,익명,서대전IC~두계3가 공사관련 공사종료시기 문의(현수막 안내와 다르다고 함),담당부서 이첩,건설과,,complaints_2024.xlsx,건설과
2024,1591,2024-06-15,,119상황실,"교촌동 ***번지 한승미메이드아파트 버스정류장(40150) 맞은편 도로에 나무가 쓰러져 차량 통행에 방해를 준다고 함
119에서 출동할거고, 나무 치워 놓을 예정으로 추후 가지,나무 파편 정리 및 수거 부탁함.",담당부서 이첩,녹지산림과,,complaints_2024.xlsx,녹지산림과
2024,1592,2024-06-15,,익명,용계동 ***번지 지하차도 옆 도로 / 대형 화물차들이 매주 도로에 불법주차를 한다고 함 / 사고 위험이 높아 조치가 필요하다고 함.,담당부서 이첩,주차관리과,,complaints_2024.xlsx,주차관리과
2024,1593,2024-06-15,,[삭제],"민원인 배우자 전입신고 사후확인서 관련 통장님이 방문하여 서명하였으나 관할 통장님인지 믿지 못하겠고, 개인정보 유출 등을 걱정하며 서명한 서류(전입신고 사후확인서) 폐기 요청함","전민동 6통장님과 통화 / 약간의 다툼이 있었음.
민원인은 통장님이 전입신고 사후확인서 제출하시면 본인에게 연락달라고 함.",전민동,,complaints_2024.xlsx,전민동
2024,1594,2024-06-15,,익명,전민동 엑스포코아 정문쪽 인도에서 매주 주말 텐트를 치고 홍보물을 배부한다고 함. 통행 불편 민원 접수,담당부서 이첩,건설과,,complaints_2024.xlsx,건설과
2024,1595,2024-06-15,,익명,계룡1터널(세동에서 유성쪽으로 나오는 방향) 나와서 고라니 사체 치워달라는 민원 ,펫레스규 연락 및 동물사체처리대장 기재,청소행정과,,complaints_2024.xlsx,청소행정과
2024,1596,2024-06-15,,익명,박산로 ***-** 악취 관련 민원,담당부서 이첩,푸른환경과,,complaints_2024.xlsx,푸른환경과
2024,1597,2024-06-15,,[삭제],신성동 삼성하늘아파트 인근 자동세차장 소음이 너무 심함 / 2년전에도 얘기했었는데 아무 소식이 없다고 함 / 담당자 통화 요망,담당부서 이첩,푸른환경과,,complaints_2024.xlsx,푸른환경과
2024,1599,2024-06-15,,미상,봉산동 대광로제비앙 악취가 심함.,담당부서 이첩,푸른환경과,,complaints_2024.xlsx,푸른환경과
2024,1600,2024-06-14,,미상,"불법주청자 단속 요청(유성NC백화점 뒷편 ~ 계룡스파텔사이에 골목들 전부) / 주정차가 매우 위험하게 되어있음(중앙선 침범, 이중주차 등) 해당사항 신속하게 조치부탁드림.
토요일 주차단속과 월요일 저녁 야간단속 부탁드림",안전신문고 안내 및 담당부서 이첩(토요일과 월요일 단속반 부탁드림 / 해당 내용 당직자에게 전달 예정) / 당직폰으로 사진 전달받음.,주차관리과,,complaints_2024.xlsx,주차관리과
2024,1601,2024-06-14,,미상,온천2동 주민센터 앞 공원(꼭두배 어린이공원)에 방치된 오토바이가 있음(번호판이 없음). 신속하게 처리해주시기 바람.,담당부서 이첩,교통정책과,,complaints_2024.xlsx,교통정책과
2024,1602,2024-06-14,,신원미상,"구암교 장대교 사이 산책로(자전거도로)에 차량이 내려와 있음.조치바람.
장대교 위에 불법주청자 차량이 많으니 빨리 조치바람.",불법 주정차 차량 단속반에 연락드림 / 담당부서 이첩,주차관리과,,complaints_2024.xlsx,주차관리과
2024,1603,2024-06-14,,신원미상,대형폐기물 스티커를 부착하고 업체에서 수거해감 → 그 안에 개인소지품이 들어있어 해당 소지품을 찾고 싶음(폐기물 스티커 / 성함 : *** / 품명: 장롱 / 주소 :관평동 테크노벨리 ***동),담당부서 이첩,청소행정과,,complaints_2024.xlsx,청소행정과
2024,1604,2024-06-14,,유성지구대,장대동 ***-*번지 주차장에 한 달동안 방치된 차량 존재(**루**** / 창문이 열려 있음) 처리요청,담당부서로 이첩,교통정책과,,complaints_2024.xlsx,교통정책과
2024,1608,2024-06-14,,미상,도솔대교에서 만년동 방면 고양이 사체,담당부서 이첩,청소행정과,,complaints_2024.xlsx,청소행정과
2024,1609,2024-06-14,,익명,봉명동 ***-*번지 불법주차구역 단속 요망.,담당부서 이첩,주차관리과,,complaints_2024.xlsx,주차관리과
2024,1610,2024-06-14,,익명,도안 예미지 *단지 아파트 단지 내 쓰레기 청소기계로 인한 소음불편. 관리사무소에 여러번 연락 하여 불편을 호소 하였으나 나아지는게 없어 구청에 신고함.,담당부서 이첩,푸른환경과,,complaints_2024.xlsx,푸른환경과
2024,1611,2024-06-14,,익명,진잠동 솔마루공원 미끄럼틀 옆 하수구 뚜껑이 떨어져 위험한 상태. 조치 요망,담당부서 이첩,공원과,,complaints_2024.xlsx,공원과
2024,1612,2024-06-14,,익명,**모****차량 불법주차로 구암농협 앞 간판 철거 작업을 못하고 있음. 조치 요망,답당부서 이첩,주차관리과,,complaints_2024.xlsx,주차관리과
2024,1613,2024-06-13,,익명,"수정초등학교 사거리 - 월드컵 방향 200m 자전거 도로에 나무가 쓰러져서 도로에 불편함이 있음. 현제 소방서와 협조하여 자전거도로에 불편함이 없을 정도로만 조치를 취함.
","소방서와 협조하여 자전거도로에 나와있는 나뭇가지정도만 정리해놓은 상태. 
나무 잔해조취 요망.",녹지산림과,,complaints_2024.xlsx,녹지산림과
2024,1614,2024-06-13,,[삭제],도룡동 SK뷰아파트(유성구 가정로***-*) 근처 노란 선 불법 주정차 단속 후  전화로 조치 내용 답변 달라고 하심,담당 부서 이첩,주차관리과,,complaints_2024.xlsx,주차관리과
2024,1616,2024-06-12,,미상,지족동 영무예다음아파트 정문 앞 불법 현수막 철거 요청,담당 부서 이첩,건축과,,complaints_2024.xlsx,건축과
2024,1617,2024-06-12,,119상황실,화암네거리 3차선(버스정류장 43490 근처) 나무 쓰러져서 119상황실에서 출동하여 나무 옆으로 치우심 - 나무 잔여물 처리 요청,담당 부서 이첩,녹지산림과,,complaints_2024.xlsx,녹지산림과
2024,1618,2024-06-12,,미상,도안동로 *** 주변 어린이보호구역 불법 주정차 단속 요청,단속반에 해당 내용 전달함,주차관리과,,complaints_2024.xlsx,주차관리과
2024,1619,2024-06-12,,미상,유성구 대학로 ** 골목 불법주정차 단속 담당자 전달 요망(즉시 단속 요청은 아니라 단속반 전달X),담당자 전달,주차관리과,,complaints_2024.xlsx,주차관리과
2024,1620,2024-06-11,,미상,"탑립동 파크골프장 인근 주정차단속요청
",관련부서이첩,주차관리과,,complaints_2024.xlsx,주차관리과
2024,1621,2024-06-11,,미상,송강중학교->둔곡동 구룡달전로 앞 300m 지점 고양이사체 ,관련부서 이첩,청소행정과,,complaints_2024.xlsx,청소행정과
2024,1622,2024-06-11,,미상,"현대아울렛, 한미르cc 사이 테크노중앙로 도로 내 박스 등 쓰레기 방치 중",담당자 전달,청소행정과,,complaints_2024.xlsx,청소행정과
2024,1623,2024-06-11,,복용파출소,복용동 ***번지 맞은편 고라니사체 처리요망,동물사체처리업체 접수처리,청소행정과,,complaints_2024.xlsx,청소행정과
2024,1624,2024-06-11,,익명,유성대로(대정동 한진물류~모다아울렛 사이 대로변) 동물사체(고라니) 처리요청,동물사체처리업체 전달 완료(2024.06.11. 22:30),청소행정과,,complaints_2024.xlsx,청소행정과
2024,1625,2024-06-11,,미상,봉명동 ****-*번지 야간 공사 소음으로 인한 소음민원,관련부서 이첩,푸른환경과,,complaints_2024.xlsx,푸른환경과
2024,1626,2024-06-11,,미상,아래관들어린이공원 수도꼭지 고장,담당자와 연락하여 임시조치 후 관련부서 이첩,공원과,,complaints_2024.xlsx,공원과
2024,1627,2024-06-11,,미상,북유성대로***번길야생동물 사체 처리요청,동물사체처리업체에 전달,청소행정과,,complaints_2024.xlsx,청소행정과
2024,1629,2024-06-11,,신원미상,"고라시 사체
위치: 남세종ic 산동교차로(대전->세종방향)",담당부서 이첩,청소행정과,,complaints_2024.xlsx,청소행정과
2024,1630,2024-06-11,,신원미상,"로드킬 강아지
위치: 카이스트앞 버스정거장(42870) 구성3거리 ",담당부서 이첩,청소행정과,,complaints_2024.xlsx,청소행정과
2024,1631,2024-06-11,,신원미사,"고라니 사체
위치: 유성구 구성동 대전과학고등학교 근처",담당부서 이첩,청소행정과,,complaints_2024.xlsx,청소행정과
2024,1632,2024-06-10,,신원미상,"불법주장차 위치: 도안도로 ***(어린이보호구역)
차량번호: 충남**바 *****(해당차량: 학원차/ 학원번호 042-****-****)
신고자는 3번이상 동일신고 하였음에 과태료등의 처벌을 원함

",담당부서 이첩,주차관리과,,complaints_2024.xlsx,주차관리과
2024,1634,2024-06-10,,익명,관저동에서 유성방면 도안대로 굴다리 지나 교차로에서 고라니 사체 발견. 처리요청,야생동물 처리업체 연락 완료,청소행정과,,complaints_2024.xlsx,청소행정과
2024,1635,2024-06-10,,신원미상,강아지 배설물 안 치우고 가는 사람 처벌을 원함 -> 관련 부서와 접수방법을 알고자 함,담당부서 이첩,지역산업과,,complaints_2024.xlsx,지역산업과
2024,1636,2024-06-10,,익명,"전민동 ***-* 엑스포코아에서 탑립동 넘어가는 길, 로드킬 고양이 사체","업체 미전달, 담당부서 이첩",청소행정과,,complaints_2024.xlsx,청소행정과
2024,1637,2024-06-10,,미상,노은동***-** 빌라앞쪽 분리수거 제품 내놓았을때 박스를 수거해가지 않음. 매너 박스만 수거해가지 않아 문의를 넣음 / 전화요청 ,담당부서 접수,청소행정과,,complaints_2024.xlsx,청소행정과
2024,1639,2024-06-09,,미상,"유성구 반석서로 ** 육하원칙 음식점
연기 발생으로 인하여 인근 주민들의 불편이 심함.
영업장에 불이익이 가는 것은 원치 않으며, 연기로 인한 불편 개선을 원함.",담당부서 이첩,푸른환경과,,complaints_2024.xlsx,푸른환경과
2024,1642,2024-06-09,,익명,"수통골 공영 주차장 소음민원
낮에 단속팀 다녀간 후 주차장 내에서 파란 천막치고 버스킹. 허가받고 하는건지도 문의하심
",담당부서 이첩,주차관리과,,complaints_2024.xlsx,주차관리과
2024,1643,2024-06-09,,익명,"엑스포로***번길 ** 파머스161 불법 주정차 문제가 심각함. 오늘도 후진하다가 사고날뻔함.
단속카메라 작동여부 문의,단속강화 요청하셨습니다.. ",담당부서 이첩,주차관리과,,complaints_2024.xlsx,주차관리과
2024,1644,2024-06-09,,익명,용산동 용신교에 조명이 들어오지 않아서 불편하니 조치바람,담당부서 이첩,건설과,,complaints_2024.xlsx,건설과
2024,1645,2024-06-09,,익명,"노점상 행위가 너무 시끄러워 주말마다 일상생활에 방해가 됨 / 사진3장 첨부
위치: 봉명동 ****-*",담당부서 이첩,건설과,,complaints_2024.xlsx,건설과
2024,1648,2024-06-08,,익명,"지족동 ****-* 빌라건물 앞 주택 사이에 가로등 꺼짐
",담당부서 이첩,건설과,,complaints_2024.xlsx,건설과
2024,1649,2024-06-08,,익명,"대덕중학교 뒷편 사이언스 길 산책로에 표지판이 제대로 안되어 있어서 갇혔다고 하심. 정비 등 연락요청 
월요일 오전중 필히 연락요청함. ",담당부서 전달하겠다고 안내함.,녹지산림과,,complaints_2024.xlsx,녹지산림과
2024,1650,2024-06-08,,익명,국립중앙박물관 앞 자전거 도로에 갑천에서 나온 큰 거북이 신고,펫레스규 담당자에 해당내용 전달하여 현장 나가보기로 하심.,푸른환경과,,complaints_2024.xlsx,푸른환경과
2024,1651,2024-06-08,,익명,"마을버스1번 안에서 넘어질뻔한 사고로 후유증에 대한 보상 요청함.
버스사에서는 구청에 연락하라고 답변받았다고 함.",해당과 확인 후 월요일 연락드리기로 함.,교통정책과,,complaints_2024.xlsx,교통정책과
2024,1652,2024-06-08,,익명,"대정동 **, 한진물류택배 좌회전 들어가기전 중앙분리대쪽 고라니 사체신고",펫레스규 담당자에 해당내용 전달함.,청소행정과,,complaints_2024.xlsx,청소행정과
2024,1653,2024-06-07,,미상,덕명동 하우스토리에서 하천변으로 내려가는 쪽 풀숲 보행에 지장이 있어 정비 요청,해당부서 이첩,재난안전과,,complaints_2024.xlsx,재난안전과
2024,1654,2024-06-07,,미상,궁동 로데오사거리 음식물쓰레기 수거 안함 / 240606 저녁에도 연락했었으나 오늘 또 수거 안해감 전화요망,담당부서이첩,청소행정과,,complaints_2024.xlsx,청소행정과
2024,1655,2024-06-07,,익명,열매마을**단지 내 부상당한 새 구조 요청,대전야생동물구조관리센터 민원 전달 및 담당부서 이첩,푸른환경과,,complaints_2024.xlsx,푸른환경과
2024,1656,2024-06-06,,익명,"불법 주차 차량이 주차장 입구 막고있어 차량 이동에 어려움이 있으니 상시적으로 단속 요청함.
주소: 유성구 지족북로**번길 ** (도로-주차장 접하는 부분)
차량번호: **저****
처리 결과 통보 바람.",6/7 단속반 A팀에 단속 요청 및 담당부서 이첩,주차관리과,,complaints_2024.xlsx,주차관리과
2024,1657,2024-06-06,,미상,궁동 로데오거리 음식물 쓰레기 전일(6.5일)부터 수거 안되고 있다고 함. 식당가라서 빠른 처리요청,담당부서 이첩,청소행정과,,complaints_2024.xlsx,청소행정과
2024,1658,2024-06-06,,익명,"지족역 부근 국민은행콜센터 바로 앞 횡단보도 포트홀 조치 바람.
전화통화 요청하심.",담당부서 이첩,건설과,,complaints_2024.xlsx,건설과
2024,1659,2024-06-06,,익명,"노은2동 돗자리영화제 관련, 상영 예정 영화 등 기타 자세한 사항 안내 요청하셨음.","일시/장소는 안내드렸으나, 기타 문의사항 있다고 하셔서 관련 부서 이첩함.",노은2동,,complaints_2024.xlsx,노은2동
2024,1661,2024-06-06,,익명,"*당일 2시쯤 동일민원 제기하심
도룡동 골프존~DCC 일대 불법주차 단속 요청 ",관련 부서 이첩 (단속 종료),주차관리과,,complaints_2024.xlsx,주차관리과
2024,1662,2024-06-06,,익명,전민로 **맞은편 방면 도로 인도에 새 사체 ,펫레스큐 문자메세지 바송 후 동물사체 대장 기입 ,청소행정과,,complaints_2024.xlsx,청소행정과
2024,1663,2024-06-06,,익명,"행정복지센터에서 폐기물 스티커 구매 후 예정배출일보다 배출이 좀 늦어졌음.
(배출장소: 하기동 ***-* 부근, 배출 품목: 카페트)오늘 배출했으니 수거해가길 바람","행정복지센터에서 폐기물 스티커 구매 시 신청서에 해당 전화번호를 작성하셨다고 하심. 영업일에 관할 행정복지센터(노은 2동)로 연락하시라고 안내하였으나, 구청에서 기록 남기길 원하셔서 당직민원등록하니 확인 후 처리바랍니다. ",노은2동,,complaints_2024.xlsx,노은2동
2024,1666,2024-06-06,,익명,"도룡동 조이마루, dcc일대 교차로 불법주정차 단속 요청",주말 단속반에 단속 요청 및 관련 부서 민원 접수 ,주차관리과,,complaints_2024.xlsx,주차관리과
2024,1667,2024-06-06,,미상,"모다아울렛 인도 점용하여 행사진행중 통행에 불편 조치 바람  
근무일에 위반사항(인도 점유) 지속되는지 점검 요청 
","모다아울렛에 인도 확보 요청 전화 
",건설과,,complaints_2024.xlsx,건설과
2024,1668,2024-06-06,,익명,봉명동 bmw·렉서스·엔제리너스 있는 골목 일대 (한밭대로 ***번길 *부근) 불법주정차 단속 요청 ,"주말 단속반에 단속 요청하였으며, 관련 부서 전달 ",주차관리과,,complaints_2024.xlsx,주차관리과
2024,1669,2024-06-06,,익명,"현충원 앞 현충원로 일대 국기 조기계양 방식이 틀리다는 민원 접수(현충일인데 국기가 깃대 중간에 안걸려있고 깃대 가장 위에 걸려있음)
당장 조치 안되면 유튜브, 언론사 등 제보한다고 하셨으며 조치 후 회신 요청",관할 동에 해당 내용 전달 (학하동)-> 학하동 조치 완료 후 민원인 회신 완료 -> 조치 중 온천 1동 관할 도로에서도 조기계양이 안되어 있는 것을 확인하여 온천1동에도 해당사항 유선 전달 ,학하동,,complaints_2024.xlsx,학하동
2024,1670,2024-06-06,,익명,"승적골 3거리 (신성동->도룡동 방면 가정로, 연구단지종합운동장 제2주차장 위치 쯤 도로) 가로등이 기울어져 있으니 조치 바람. ",관련 부서 민원 전달 ,건설과,,complaints_2024.xlsx,건설과
2024,1673,2024-06-06,,익명,"현충원 앞 현충원로 일대 국기 조기계양 방식이 틀리다는 민원 접수(현충일인데 국기가 깃대 중간에 안걸려있고 깃대 가장 위에 걸려있음)
용역주고 검수가 안된것같다는 말씀 같이 하심 ",관련 부서 전달(학하동 행정복지센터),학하동,,complaints_2024.xlsx,학하동
2024,1674,2024-06-06,,미상,"계룡에서 유성가는 방향으로 계룡터널 전 과속단속카메라 위치 도로에 고라니 사체 있음. 처리요청.
동물사체신고 접수대장에 기재 및 업체에 전달함.
",담당부서 이첩 및  처리업체에 해당내용 전달,청소행정과,,complaints_2024.xlsx,청소행정과
2024,1675,2024-06-06,,익명,"봉명동 ***번지 부근 철거공사하는데 먼지, 소음 심하며 철거방식도 의심스럽다고 함.",관련 부서 민원 전달 ,푸른환경과,,complaints_2024.xlsx,푸른환경과
2024,1676,2024-06-06,,미상,"장대네거리에서 죽동네거리 방향 차량운전 중 포트홀로 인해 타이어 파손됨 
해당 건에 대한 배상 요청함
담당자 근무일에 민원인에게 전화 요망",담당부서 이첩,건설과,,complaints_2024.xlsx,건설과
2024,1677,2024-06-06,,익명,"관평동 윗관들어린이공원 내 정자 밑 기둥부분 곰팡이 등으로 인해 썩어있음. 본인이 한달 전에도 봤었는데 지금 더 심화됐다며 추후 무너질 염려 등이 있으니 유지보수 요청하심. 
이번 건은 본인이 신고하지만 구청에서 주기적으로 점검 및 유지보수가 필요하다 요청 ",관련 부서 민원 등록,공원과,,complaints_2024.xlsx,공원과
2024,1678,2024-06-06,,익명,"관평동 ****번지 맞은편에서 공사중인데, 먼지 발생이 매우 심하여 조치 바람. ",관련부서 민원 등록,푸른환경과,,complaints_2024.xlsx,푸른환경과
2024,1679,2024-06-06,,익명,"세종-BRT 
대전 들어오자마자 1차선 도로에 동물 사체(훼손 심함) ",펫레스큐(이진호 010-****-****) 내용전달 및 담당부서 이첩,청소행정과,,complaints_2024.xlsx,청소행정과
2024,1680,2024-06-06,,미상,한무울네거리에서 교촌동으로 가는 우회전방향의 도로에 화물차 주차 / 상시적 단속 요청 ,관련부서 민원등록,주차관리과,,complaints_2024.xlsx,주차관리과
2024,1681,2024-06-06,,익명,죽동 *** 인근 교차로에 공사차량이 자재를 내리려고 교차로를 막고 불법으로 주정차되어 있습니다.,단속반 전달 및 담당부서 이첩,주차관리과,,complaints_2024.xlsx,주차관리과
2024,1684,2024-06-06,,도룡지구대,전민동 ***-* 내 위치한 GS25 편의점에서 노상에 테이블과 탁자를 놓고 불법적으로 영업하여 소음신고가 접수됨.,담당부서 이첩,위생과,,complaints_2024.xlsx,위생과
2024,1691,2024-06-05,,익명,과학로 대덕특구영유아보육센터에서 연구단지종합운동장사이 도로의 가로등을 누군가 충격하여 곧 넘어갈 듯 위험해 보임.,담당부서 이첩,건설과,,complaints_2024.xlsx,건설과
2024,1692,2024-06-05,,익명,송강동 산**-*에서 불법소각이 지속적으로 이루어지고 있음. 과태료 부과 등 조치를 취하여 재발방지 할 수 있도록 요청.,담당부서 이첩,청소행정과,,complaints_2024.xlsx,청소행정과
2024,1693,2024-06-05,,익명,새미래아파트 *단지 정문에서 은구비서로 **번길까지 불법 주정차 단속 요청,단속반 전달 및 담당부서 이첩,주차관리과,,complaints_2024.xlsx,주차관리과
2024,1694,2024-06-05,,[삭제],"관평천 우림필유 **,**단지 쪽 산책로 위쪽 비탈면 예초가 필요해 보임.",담당부서 이첩,재난안전과,,complaints_2024.xlsx,재난안전과
2024,1695,2024-06-05,,미상,"- 장애인 주차구역 위반 고지서 관련 문의사항 있음(사회돌봄과)
- 지족네거리 부근에서 불법주정차 위반 사실 있는데, 정확한 위치를 알고 싶음(주차관리과)

- 6월 7일 9:30~10:00사이에 전화로 안내받고 싶음
",담당부서 이첩,노인장애인과,,complaints_2024.xlsx,노인장애인과
2024,1696,2024-06-05,,익명,죽동초교네거리 인근에 불법주정차 차량이 많아 통행에 지장이 있음.,단속반 전달 및 담당부서 이첩,주차관리과,,complaints_2024.xlsx,주차관리과
2024,1697,2024-06-05,,익명,"길고양이 사체 처리 부탁
수통골 선우치매요양원 근처 쭉 올라가면 산길하나 있는데, 상자에 고양이 사체 넣어놓음 
올때 연락주면 민원인이 나오신다고 하셨음",담당부서 이관,청소행정과,,complaints_2024.xlsx,청소행정과
2024,1698,2024-06-05,,익명,가정로 *** 대덕연구단지종합운동장 제2주차장 입구쪽 가로등을 차로 추돌하셨다고 자진신고,담당부서이첩,건설과,,complaints_2024.xlsx,건설과
2024,1699,2024-06-04,,익명,"음식물쓰레기가 며칠째 미수거(유성대로***번길 **) 중, 수거요청
쓰레기수거 기사님 연락처도 달라고 하심",담당부서 이첩,청소행정과,,complaints_2024.xlsx,청소행정과
2024,1700,2024-06-04,,유성지구대 *** 경위,"청소년보호법 위반, 청소년에게 주류 및 담배판매로 사건 접수하였다고 연락받음.
계룡로 ***번길 **",담당부서 이관,교육과학과,,complaints_2024.xlsx,교육과학과
2024,1701,2024-06-04,,유성지구대 *** 경위,"청소년보호법 위반, 청소년에게 주류 및 담배판매로 사건 접수하였다고 연락받음.
계룡로 ***번길 **",담당부서 이관,일자리정책과,,complaints_2024.xlsx,일자리정책과
2024,1702,2024-06-04,,미상,구룡동 **-**번지 에서 둔곡동방향 쪽으로 인도 100m 거리 사이에 고양이 사체 2구 처리 요망,담당부서 이첩,청소행정과,,complaints_2024.xlsx,청소행정과
2024,1703,2024-06-03,,미상,"관평동 ***, 배울초등학교와 중앙하이츠빌*단지아파트 사이에서 대덕테크노밸리 *단지 *단지 사이까지 이어진 길 전체에 가로등 불이 들어오지 않음. 조치 요망.",담당부서 이첩,건설과,,complaints_2024.xlsx,건설과
2024,1704,2024-06-03,,충남대학교 주차관제실,"충남대학교 정문 쪽 노점상 불법영업에 따라 이동 요청하였으나 거부, 업무시간 종료에 따라 단속 불가 안내, 민원인 담당부서 민원 이첩 요청에 따라 접수",담당부서 이첩,건설과,,complaints_2024.xlsx,건설과
2024,1705,2024-06-03,,익명,"노블레스 타워(대전광역시 유성구 대학로 **) 네네치킨 부근 포트홀 신고
포트홀로 인해 휴대폰 액정 파손되어 보상이 가능한지 해당 건 통화 필히 요청하심",담당부서 이첩,건설과,,complaints_2024.xlsx,건설과
2024,1708,2024-06-02,,익명,"학하삼거리
솔라가드(썬팅업체 쪽) 쪽 라인 길 전체 가로등 불이 다 꺼져있는 상태로 조치 원함.
며칠 전 공사로 인한 것인지 의심된다고 하심",담당부서 이첩,건설과,,complaints_2024.xlsx,건설과
2024,1709,2024-06-02,,유성경찰서,"유성지구대에서 포트홀(싱크홀) 확인 후 연락
도로 꺼짐이 있어 빠른 조치 요망 / 민원인 까다로움
(민원인: 010-****-****)",담당부서 이첩,건설과,,complaints_2024.xlsx,건설과
2024,1710,2024-06-02,,유성경찰서,"궁동 ***-*, 유성문화원 싱크홀 신고 
",담당부서 이첩,건설과,,complaints_2024.xlsx,건설과
2024,1711,2024-06-02,,도룡지구대,"전민동 문지초에서 우성이산 올라가는 산길 초입 장기방치차량 신고 접수되어 통보
차량번호: **서****(셰보레 크루즈 회색)",관련부서 이첩,교통정책과,,complaints_2024.xlsx,교통정책과
2024,1712,2024-06-02,,익명,반석천변 산책 중 반석교 밑에서 큰 뱀이 인도에 나타나서 늘어져있음. 아이들도 산책을 많이 하는 길이라 안전사고 우려됨. 안전주의 등의 안내 요망 / 사진2매 첨부,해당부서 이첩,푸른환경과,,complaints_2024.xlsx,푸른환경과
2024,1714,2024-06-02,,미상,가정집에 까치가 둥지를 틀어 사람을 공격하여 둥지 제거 요청(유성구 죽동로 ***-**),관련부서 이첩,푸른환경과,,complaints_2024.xlsx,푸른환경과
2024,1715,2024-06-02,,미상,방동 파스쿠찌 앞이 주말마다 차량이 많아 이동이 매우 어려움. 향후 주말엔 주차단속하시는 분을 배치해주시던지 해야할것 같음 ,단속반 요청 및 담당부서 이첩,주차관리과,,complaints_2024.xlsx,주차관리과
2024,1716,2024-06-02,,구즉지구대,오토바이 번호판 미부착 적발 통보연락처: 010-****-****,해당부서 이첩,교통정책과,,complaints_2024.xlsx,교통정책과
2024,1720,2024-06-02,,도룡파출소,"전민동 ***-* 앞에서 옥외영업을 하고있으며 그로인해 음주 후 소음이 발생하여 피해발생
지속적으로 민원을 넣었으나 해결되지 않아 스트레스 받고있음 전달받기론 민원 강도가 강하여 빠른조치를 요청한다는 파출소의 전화",담당부서 이첩,위생과,,complaints_2024.xlsx,위생과
2024,1721,2024-06-01,,익명버스기사,"골프존 뒤쪽 스마트시티*단지 ***동 앞 회전교차로에 상습적으로 주말마다 주차가 발생하여
버스가 회전이 안될정도로 통제가 되지 않고 있습니다.
주차단속 계획을 진행하여 주말마다 발생하는 주차문제를 해결해달라는 민원인의 전화",담당부서 이첩,주차관리과,,complaints_2024.xlsx,주차관리과
2024,1722,2024-06-01,,익명,"까치 사체 처리 요청 제2엑스포교 앞 도룡동 ***-* 위치 
",담당부서 이첩,청소행정과,,complaints_2024.xlsx,청소행정과
2024,1724,2024-06-01,,익명,"유성소방서 부터 기초과학연구원 ~ mbc까지 매주 불법주차가 발생하고 있으니 
주말단속을 진행하여 주말에 불법주차가 지속적으로 발생하지 않도록 조치해달라는 민원의 전화",담당부서 이첩,주차관리과,,complaints_2024.xlsx,주차관리과
2024,1725,2024-06-01,,익명,"전민초등학교와 엑스포*단지 사이 불법현수막으로 인해 통행 불편함
전민중학교와 엑스포*단지 사이에도 불법현수막 게시",철거요청,건축과,,complaints_2024.xlsx,건축과
2024,1726,2024-06-01,,익명,"- 민원인: 인근 주민
- 위치: 윗관들어린이공원
- 주최자: 뿌리와새싹어린이집
- 내용: 단오축제를 하여 꽹과리 사용 및 마이크로 노래 부르고 공연을 하여 소음발생 -> 행사 중지 요청
           17년째 행사 진행 중이라 추후에 금지 요청
           현재 경찰 출동","- 어린이집 관계자분께 연락하여 마이크 볼륨 줄이고 사용 최소화하도록 안내함 -> 수용, 마이크 볼륨 줄인 것 확인함
- 꽹과리 사용 중지 요청 -> 수용, 사용 중지
- 남은 국악공연은 마이크 사용 자제 요청 -> 수용
- 추후 주택 인접지역인 아랫관들어린이공원에서 공원 사용 자제 및 다른 부지(ex. 관평천)에서 행사를 진행하는 것도 검토해보라고 안내 -> 수용",공원과,,complaints_2024.xlsx,공원과
2024,1727,2024-06-01,,익명,"충남대학교 정문 사거리 불법으로 추정되는 현수막 철거 요청
- 정당현수막 게시되어 있음",적법한 신고 후 게시된 현수막은 철거 불가능하며 확인해보겠다고 안내함,건축과,,complaints_2024.xlsx,건축과
2024,1728,2024-06-01,,익명,"유성온천역 3번 출구 할매낙지 옆 건물(봉명동 ***-**) 철거작업 중으로 추정되며(스캐폴딩 설치 작업 중이라고 함) 작업 확인 요청 및 가림막이 없어 추후 보행자가 위험할 수 있다고 우려
- 현재 경찰서에서 출동하여 구청에서 현장 확인 요청 함(유성경찰서 042-****-****)","건축안전팀에서 현재 철거 행위허가 승인 난 것이 없다고 안내받았으며 추후 현장을 확인할 예정이라고 함
- 유성경찰서에는 단순 가시설설치로 문제없다고 안내함",건축과,,complaints_2024.xlsx,건축과
2024,1729,2024-06-01,,익명,"용계동 ***
- 가게 앞 사거리에 주정차 이동단속 카메라 있으며 갓길 주차된 차량을 바라보고 있다고 합니다. 카메라에 차량이 잡힌 후 몇 분동안 이동주차 하지 않으면 과태료가 부과되는지 회신을 요청하셨습니다",회신 요청,주차관리과,,complaints_2024.xlsx,주차관리과
2024,1730,2024-06-01,,익명,원신흥동 ***-* 위너스풋살파크에서 열리는 풋살대회때문에 매주 주차난 조치요청,"담당부서 이첩, 단속반 전달",주차관리과,,complaints_2024.xlsx,주차관리과
2024,1731,2024-06-01,,익명,"원신흥동 ***-* 위너스풋살파크에서 주말마다 풋살대회하는데 주말 이른 아침부터 마이크 사용하여 방송함에 소음 스트레스 심각
조치 후 전화 요청",담당부서 이첩,푸른환경과,,complaints_2024.xlsx,푸른환경과
2024,1732,2024-05-31,,구즉지구대 ***,용산동 호반서밋(용산동 ***-**) 인근 도로 아스팔트 포장 공사를 위한 구조물 설치한 것 사고낸 차량으로 추정되는 번호판을 찾았음.  차량번호 **로****. 수사예정임,당직민원 접수,건설과,,complaints_2024.xlsx,건설과
2024,1733,2024-05-31,,익명,용산동 ***-**번지 푸르지오하임 *단지 옆 차도에 차량이 도로 시설물 파괴하여 사고잔해물로 도로 막혔으니 잔해물 처리 요청,당직민원 접수,청소행정과,,complaints_2024.xlsx,청소행정과
2024,1734,2024-05-31,,도룡지구대 *** 경사,한빛탑 맥주축제장내 비어위크앤특이한우에서 청소년에게 주류를 판매함. 22:00에 청소년보호법 위반으로 단속함.,"지구대 민원 접수, 추후 도룡지구대에서 위반사항 보내겠다고 안내 받음",위생과,,complaints_2024.xlsx,위생과
2024,1735,2024-05-31,,익명,충남대학교 삼정풋살파크 2번구장 앞 부상당한 참새 조치 요청,펫 레스큐 전달 및 조치 요청,푸른환경과,,complaints_2024.xlsx,푸른환경과
2024,1736,2024-05-31,,익명,지방세 가상계좌 납부 안됨. 확인 및 전화 요망,담당부서 이첩,세정과,,complaints_2024.xlsx,세정과
2024,1737,2024-05-31,,익명,"도안동로 ***번길/ 주정차 점점 늘어나고 있음, 같은 차가 늘 주차되어있음 조치 요청
과태료나 처리과정 등 안내받고 싶음","단속반 연락(문자), 담당부서 이첩",주차관리과,,complaints_2024.xlsx,주차관리과
2024,1738,2024-05-31,,진잠파출소 *** 경위,"용계동 ***-*번지 교통사로고인한 반사경 파손(절단)
차량번호: **노****

보험접수 번호 확인 후, 조치하여 청구요청",담당부서 이첩,건설과,,complaints_2024.xlsx,건설과
2024,1739,2024-05-31,,익명,"유성구 사설유기견 쉼터(시온)이 토지주?건축주로부터 퇴거요청 받음. 유성구청에서 중재하여 원만히 해결될 수 있도록 조치 요청.
유기동물 관련 사업 문의",담당부서 이첩,지역산업과,,complaints_2024.xlsx,지역산업과
2024,1740,2024-05-31,,익명,관평동 테크노벨리*단지아파트 1층에 고양이 사체가 있음. 부패한지 2개월 정도 지난 것으로 보임. 아파트 내 고양이 밥을 주고있어서 담당자와 같이 사채처리 확인하고 싶음. 현장 확인 시 연락바람.,담당부서 이첩,청소행정과,,complaints_2024.xlsx,청소행정과
2024,1741,2024-05-31,,익명,덕명중학교 인근 불법주차 차량이 많아 아침 출근시간에 학생들이 등교시에 시야확보가 매우 어려움. 학교 인근 우선 단속 바람.,담당부서이첩,주차관리과,,complaints_2024.xlsx,주차관리과
2024,1742,2024-05-30,,성명불상,문지동 ***-* 앞 도로 로드킬당한 고라니 사체 처리요청,펫레스큐(이진호 010-****-****) 내용전달 및 담당부서 이첩,청소행정과,,complaints_2024.xlsx,청소행정과
2024,1743,2024-05-30,,성명불상,수통골삼거리 정류장 앞 도로에 고양이 사체 있음,"펫레스규(이진호 010-****-****) 내용전달 및
딤당부서 이첩",청소행정과,,complaints_2024.xlsx,청소행정과
2024,1744,2024-05-30,,성명불상,"도룡동 대전문화방송 인근인데
너무 시끄럽다고 함...",담당부서 이첩,푸른환경과,,complaints_2024.xlsx,푸른환경과
2024,1745,2024-05-30,,성명불상,"고양이 사체 처리요청
위치 : 덕명동 도안골프(덕명동 ***-**) 앞 도로(수통골 방향) 1,2차선 부근
","펫레스규 (이진호 010-****-****) 내용전달
담당부서 이첩",청소행정과,,complaints_2024.xlsx,청소행정과
2024,1746,2024-05-30,,익명,덕명동 한밭대학교 축제로 인해 행사소음 발생,담당부서 이첩,문화관광과,,complaints_2024.xlsx,문화관광과
2024,1747,2024-05-30,,익명,"반석역 뒤 삼성갈비 인근이 어린이 보호구역에 같은 차량들이 지속적으로 불법주차를 하고있음. 2~3일 민원을 접수하였고 단속반이 나오는건 확인하였는데 차주에 대한 과태료사항들은 없는지, 민원인이 부과된 사실들은 확인할 수 있는지 답변바람.",주차단속반 연락 및 담당부서 이첩,주차관리과,,complaints_2024.xlsx,주차관리과
2024,1748,2024-05-30,,익명,"온천동로**번길 **, 노블레스2 대수선현장이라고 하십니다.
공사현황판 없음, 안전모 등 안전조치 미흡, 감독관 및 감리 없는 공사현장, 9시 이전의 공사로 인한 소음 등에 관해 민원 넣으신다고 하십니다. 
+ 7:50 고속절단기로 용접작업 중인데 소화기, 방화가림막이 비치가 안되어있어 화재위험이 있다고 하십니다.
담당자 분이 9시 이후로 최대한 빨리 연락주시길 바랍니다. 해결되실때까지 민원 넣으신다고 합니다...",관련 부서 이첩,건축과,,complaints_2024.xlsx,건축과
2024,1752,2024-05-29,,익명,"상대동 ***, 트리풀시티 ***동 건너편에 가로등 3~4개가 꺼져있다고 합니다.",관련 부서 이첩,건설과,,complaints_2024.xlsx,건설과
2024,1753,2024-05-29,,익명,"구암동 ***-**, 다솔빌라 ***동 앞 쓰레기 수거 잘 안됨(생활쓰레기 전반, 잡다한 쓰레기 모두 수거가 잘 이루어지고 있지 않다고 하심.)",관련부서 이첩,청소행정과,,complaints_2024.xlsx,청소행정과
2024,1754,2024-05-29,,익명,"학하중앙로 **, ***동 건너편 펜스 옆 나무가 길게 늘어져있어 인도로 침범함, 가지치기 해달라고 하십니다.",관련부서 이첩,녹지산림과,,complaints_2024.xlsx,녹지산림과
2024,1755,2024-05-29,,미상,"도안 천년나무 *단지 앞 오피스텔 신축공사현장 교통통제도 없이 차선을 막고 공사를 진행함. 주차 단속이 아닌 시공사에 대한 처리를 문의하심. 3~4회 민원을 넣었었음.
민원인(010-****-****)회신 필수",담당부서 이첩,공동주택과,,complaints_2024.xlsx,공동주택과
2024,1756,2024-05-29,,미상,유성구 원신흥로 **번길카페 노루 앞 보행자 전용도로 쓰레기 처리문의.,담당부서 이첩,청소행정과,,complaints_2024.xlsx,청소행정과
2024,1757,2024-05-29,,미상,꿈에그린 *단지 ***동 앞 공원 화장실 변기가 막혀서 배설물 역류중. 신속 조치 바람.,담당부서 이첩,공원과,,complaints_2024.xlsx,공원과
2024,1758,2024-05-28,,미상,"봉명동 유성온천공원에 자주 야간 산책을 다니는데, 최근 들어 나무데크등 한쪽 절반과 가로등 3개 정도가 꺼져 있어 보기 좋지 않으므로 조치 요망",담당부서 이첩하였음,공원과,,complaints_2024.xlsx,공원과
2024,1761,2024-05-28,,[삭제],"전민동 ***-* 한남대 대덕밸리캠퍼스 진리관에서 작은 폭발사고(염소가스 누출)
","소방서,경찰 인력 39명, 장비12대 출동.
(금강유역환경청에서 확인 완료)",푸른환경과,,complaints_2024.xlsx,푸른환경과
2024,1762,2024-05-27,,미상,노은2동 주민센터에 핸드폰 두고 옴. 빠른 연락 요망,담당부서 이첩,노은2동,,complaints_2024.xlsx,노은2동
2024,1763,2024-05-27,,[삭제],청년월세지원 서류보완요청에 대한 문의. 빠른 연락 요청,담당부서 이첩,학하동,,complaints_2024.xlsx,학하동
2024,1764,2024-05-27,,유성지구대,"계룡로 **, 한겨레정형외과 앞 불법주정차 단속 요청",야간 단속반에 문자연락,주차관리과,,complaints_2024.xlsx,주차관리과
2024,1765,2024-05-27,,[삭제],부재중이 찍혀서 전화하심. 내일 전화요청,담당부서 이첩,구즉동,,complaints_2024.xlsx,구즉동
2024,1768,2024-05-26,,701번 버스기사님,탑립동 버스종점 앞 도로 나무 전도로 차량 통행이 어려움,처리부서 지정,녹지산림과,,complaints_2024.xlsx,녹지산림과
2024,1769,2024-05-26,,익명,"용산동 외국인 학교 앞 도로(배울*로)에서 천변방향으로 주행시, 언덕 통과 후 1차로 통제 공사알림판이 갑자기 보여 위험하다며 위치 조정 요청함",담당부서 이관,건설과,,complaints_2024.xlsx,건설과
2024,1771,2024-05-26,,익명,상대동 행정복지센터 부근 반려동물 산책 시 견주들이 배변봉투를 지참하지 않아 길거리에 동물 배설물이 방치돼어 있어 민원을 제기. 민원인께서 담당자와 통화를 요청함,담당부서 이관,지역산업과,,complaints_2024.xlsx,지역산업과
2024,1773,2024-05-26,,익명,매주 한빛프라자 앞 노점상 영업을 하는 영업자 단속 요청. (이전에 몇 회 단속 요청을 하였으나 시정되지 않음),담당부서 이관,건설과,,complaints_2024.xlsx,건설과
2024,1774,2024-05-26,,익명,어은교 및 유림공원 부근 접이식 그늘막이 접혀 있어 운동 후 쉴 수 있는 공간이 없음. 주말에도 그늘막을 펼쳐 주길 바라며 민원인께서 담당자 통화를 요청함,담당부서 이관,재난안전과,,complaints_2024.xlsx,재난안전과
2024,1775,2024-05-26,,익명,원신흥동 앞 천변에 해충으로 인하여 나무가 죽어 가고 있음. 민원인께서 해충 박멸 조치 및 담당자 통화를 원함.,담당부서 이관,재난안전과,,complaints_2024.xlsx,재난안전과
2024,1776,2024-05-26,,신원미상,"시티빌아파트 관리사무소에 천원짜리 복권을 보낸걸로 앎, 명 장을 보냈고 공문을 명시했는지 확인 필요/ 성함 ***이나 모르는 척 할 것",접수,희망복지과,,complaints_2024.xlsx,희망복지과
2024,1777,2024-05-25,,신원 미상," 한빛축제 주차장(도룡동 *-*) 차단기가 2개중에 1개가 고장나서 차가 밀려있음
/ 수리 희망
/ 서구청 당직실로부터 전달받음",접수,주차관리과,,complaints_2024.xlsx,주차관리과
2024,1778,2024-05-25,,[삭제],도룡동 *-* 엑스포공원 주차장/ 불법주정차 단속 요청/ 경찰서에서 민원 전달받음,접수,주차관리과,,complaints_2024.xlsx,주차관리과
2024,1779,2024-05-25,,[삭제],"대전 컨벤션센터 1전시관, 2전시관, 대전청년하우스 골프존, 대덕대로 ***번길불법주정차 단속 요청 희망/ 여러 번 민원을 제기했으나 항상 같은 결과로 귀결되는 것에 대해 강한 불만 표출/ 부서 담당자 조치 결과 회신 바람",접수,주차관리과,,complaints_2024.xlsx,주차관리과
2024,1780,2024-05-25,,익명,"관평동 공원에서 개최되는 행사에 대하여 소음으로 힘듬.
저녁9시가 되었는데도 계속하여 시끄러움. 앞으로 행사는 소음기준을 정하여 행하고 실내에서만 공연을 할수있도록 조치요망",담당부서이첩,관평동,,complaints_2024.xlsx,관평동
2024,1781,2024-05-25,,신원 미상,dcc 버스승강장 즉시 단속 요청/ 주말 야간 사유로 단속반 미전달,접수,주차관리과,,complaints_2024.xlsx,주차관리과
2024,1782,2024-05-25,,신원 미상,"    노은3지구 *단지 정우마트 옆에 버스 댄 버스승무원(?)이라고 함, 금일 점심시간에 버스를 이동 조치 당함에 대해 한참동안 불만 토로, 댁(노은3지구 *단지 정우마트 근처)에 들어와보니(7층이라 훤히 보인다고 함) 다른 차도 불법 주차 했는데 본인만 단속당함에 대해 억울함 토로, 즉시 그 차들을 단속하지 않을 시 근무 태만으로 민원 추가로 제기할 예정, 단속 담당자 ***님(010-****-****)께 전달 완료, 특히 화물차에 대해 단속 요청함, 부서 담당자 조치 결과 회신 바람",접수,주차관리과,,complaints_2024.xlsx,주차관리과
2024,1783,2024-05-25,,익명,주차관련 민원으로 주차단속 근무자로부터 전화받았는데 이에대한 이의 제기할 사항이 있음,담당부서이첩,주차관리과,,complaints_2024.xlsx,주차관리과
2024,1784,2024-05-25,,익명,"봉명동 ***-*번지 가게 앞에 이틀전에 보도블럭공사를 했는데 공사후 가게 벽면에 얼룩이 졌음
관계자한테 청소하고 가라고 했는데 대충 닦고가셔서 벽면에 다 스며들었음. 어떻게 처리할지 담당자 전화요청
",담당부서 이첩,건설과,,complaints_2024.xlsx,건설과
2024,1785,2024-05-25,,익명,신세계백화점 및 컨벤션 센터 근처 아파트 분양관련 현수막 즐비/ 정리바람,담당부서이첩,건축과,,complaints_2024.xlsx,건축과
2024,1786,2024-05-25,,익명,가설건축물 허가 관련 신고했는데 아직 연락 못받았다고 함/ 확인 후 전화달라네요....,담당부서 이첩,건축과,,complaints_2024.xlsx,건축과
2024,1787,2024-05-25,,익명,유성구 봉명동 불가마사우나(대전광역시 유성구 봉명동 ***-*) 뒷쪽 모텔 밀집지역에 건물 철거로 인하여 먼지 과도하게 발생/ 안전에  대한 조치 없음,담당부서이첩,푸른환경과,,complaints_2024.xlsx,푸른환경과
2024,1788,2024-05-25,,익명,긴급복지지원 신청했는데 처리가 지연된다고 확인요청,담당부서이첩,희망복지과,,complaints_2024.xlsx,희망복지과
2024,1790,2024-05-25,,익명,"구암동 ***-** (봉명식당 부근)
싱크홀이 생김(예전부터 있었는데 점점 커지고 있음)",담당부서 이첩,건설과,,complaints_2024.xlsx,건설과
2024,1791,2024-05-25,,[삭제],기초노령연금 금액상이 전화요청,관련부서 이첩,학하동,,complaints_2024.xlsx,학하동
2024,1792,2024-05-25,,익명,"해당상가앞에 동네주민이 비둘기밥을 주기적으로 줘서 비둘기변이 너무많이 쌓여있음. 식당영업을 해야하는데 미관상 좋지않음. 
",비둘기는 유해동물로 본인이 처리하셔야 된다고 안내했음에도 담당부서에서 처리해주시길 바람. 연락요청함,푸른환경과,,complaints_2024.xlsx,푸른환경과
2024,1793,2024-05-25,,익명,"수급자(***)인데 현재 몸이 너무 안좋아서 병원에 입원중이라고 함(관할 주민센터: 온천2동)
문의사항
1.간병인 지원 서비스
2. 퇴원시 치료비 감면 혜택
",담당부서 이첩,온천2동,,complaints_2024.xlsx,온천2동
2024,1794,2024-05-25,,[삭제],"대전 논산간 가로등 민원 (1년째 민원) 대전시 관할일때는 민원처리결과 수시연락해줬는데 유성으로 이관된 다음부터 담당자 전화통화도 안되고 조치내역 연락도 없음.
계속 담당자 연락없을시 감사실 민원까지 생각하고 있음. 월요일 민원인께 필히 전화요청바람",담당부서 이첩,건설과,,complaints_2024.xlsx,건설과
2024,1795,2024-05-25,,익명,"(위치) 계룡시와 대전시 경계 도로(계룡시에서 송정 1동으로 오는 길 도로)
(내용) 중앙분리대에 고라니 사체 민원","펫레스규 (이진호, 010-****-****) 연락 조치함",청소행정과,,complaints_2024.xlsx,청소행정과
2024,1796,2024-05-25,,재난상황실,"(위치) 금탄동 **
(내용) 도로위에 쓰러진 나무 제거 요청","현장 확인 후 나무 제거
 - 담당부서에서 도로 상태 확인이 필요할것으로 판단됨",건설과,,complaints_2024.xlsx,건설과
2024,1797,2024-05-25,,노은지구대 *** 경위,노래방 주류판매 및 도우미 고용 적발 / 유성구 왕가봉로**번길 **-*,해당부서 이첩,문화관광과,,complaints_2024.xlsx,문화관광과
2024,1798,2024-05-25,,[삭제],"청년월세 지원 받다가 다른 지역으로 이사했음에도, 5.24.(금) 청년월세 입금됨(입금처 미래전략과)
오입금이 아닌지 확인 요청(연락바람)",담당부서 이첩,미래전략과,,complaints_2024.xlsx,미래전략과
2024,1799,2024-05-24,,[삭제],구암동 ***-*번지 인근 도로 ***-*번지 도로 기 신청한 민원에 대한 취하 요청 / 취하접수가 어려움에 따라 관계부서 이첩 / 010-****-**** 민원 연락 요청 및 취하접수\,해당부서 이첩,건설과,,complaints_2024.xlsx,건설과
2024,1800,2024-05-24,,익명,(민원내용) 돈곡초등학교 늦은 밤 공사 관련 소음 민원(23:30분경),대전광역시 교육청에 관련 내용 전달,푸른환경과,,complaints_2024.xlsx,푸른환경과
2024,1801,2024-05-24,,익명,"(위치) 용계동 ***-**번지
(내용) 불법 소각 단속 요청",단속반 전달,청소행정과,,complaints_2024.xlsx,청소행정과
2024,1802,2024-05-24,,익명,"(내용) 도룡동 LG어린이집 맞은편 가로등 수리 요청 / 5월 초 민원 넣었으나 수리가 안되어 다시 연락했다고 함.
(위치) 도룡동 ***-** / 삼거리 횡단보도 옆 가로등",담당부서 이첩,건설과,,complaints_2024.xlsx,건설과
2024,1803,2024-05-24,,[삭제],"원신흥동에 전입신고 하였으나 처리가 안되어 연락왔음
월요일 오전에 010-****-**** 으로 연락 부탁",원신흥동 행정복지센터 전달,원신흥동,,complaints_2024.xlsx,원신흥동
2024,1805,2024-05-24,,익명,고라니사체 처리 요청/ 대전세종BRT도로 꿈돌이캐릭터 동상 있는곳 도로 중간,담당부서 이첩,청소행정과,,complaints_2024.xlsx,청소행정과
2024,1807,2024-05-23,,[삭제],"유성각 / 계룡로**번길 **(봉명동)
불법건축물로 민원신고 다수 넣었는데 답변이 없다고 함. 답변 부탁하심.",담당부서 이첩,건축과,,complaints_2024.xlsx,건축과
2024,1810,2024-05-22,,미상,원내동 진잠근린공원(원내동 ***-*) 내 공용여자화장실 변기물이 넘치고 있어 처리 요청,해당부서 이첩,공원과,,complaints_2024.xlsx,공원과
2024,1811,2024-05-22,,미상,온천로 계룡스파텔 정문 부근 불법주정차 단속 요청(의사소통에 어려움 있어 보임/2번 전화옴),해당부서 이첩,주차관리과,,complaints_2024.xlsx,주차관리과
2024,1813,2024-05-22,,미상,명랑생맥주(봉명동 ***-**) 가게 바로 앞 불법주정차 단속 요청,해당부서 이첩,주차관리과,,complaints_2024.xlsx,주차관리과
2024,1814,2024-05-22,,미상,"학하동 소재 회사에서 전화. 회사 소유 주차장에 어느 차가 장기간 주차중인데 차량 내 연락처가 없어 빼달라고 연락을 못하고 있음.
차적조회 등을 통해 연락해서 차 빼달라고 연락만 해달라고 부탁함 / 그랜저 **로****",담당부서 이첩,교통정책과,,complaints_2024.xlsx,교통정책과
2024,1815,2024-05-22,,미상,덕명동 ***-* 근방 가로등이 전부 꺼져있음,담당부서 이첩,건설과,,complaints_2024.xlsx,건설과
2024,1816,2024-05-22,,미상,"도로변 주차장에 라바콘, 플라스틱 박스등을 둬서 사유화(무단 도로점유) 단속 요청
민원발생지: 온천북로**번길 ** / 별도의 회신은 필요하지 않을듯함",담당부서 이첩,건설과,,complaints_2024.xlsx,건설과
2024,1817,2024-05-22,,미상,봉산동 ***-* 논에 고라니가 계속해서 출몰하여 논을 훼손시킴(유해동물 포획 요청),해당부서 이첩,푸른환경과,,complaints_2024.xlsx,푸른환경과
2024,1818,2024-05-22,,미상,"반석네거리에서 세종방향 큰 도로에서 BRT 관련 공사중으로 신호체계가 원활하지 않아 신호주기 변경 요청
 -> 경찰청에 먼저 연락을 했는데 경찰 쪽에서 구를 통해서 민원을 넣으라는 답변을 받았다고 함.",해당부서 이첩,교통정책과,,complaints_2024.xlsx,교통정책과
2024,1819,2024-05-22,,[삭제],"번호판 영치 관련 체납액 납부하여 번호판 수령 원함.(당장 받고 싶다고 했으나 불가하여 민원 등록) / ***, **보****",해당부서 이첩,세원관리과,,complaints_2024.xlsx,세원관리과
2024,1820,2024-05-22,,대전지방국토관리청,"대전지방국토관리청 전달사항
민원인: *** 010-****-**** / 유성구 방동 산***-* 도로 주행 시 돌이 튀어 차량 앞유리 깨짐 → 영조물배상공제 신청",담당부처 이첩,건설과,,complaints_2024.xlsx,건설과
2024,1821,2024-05-22,,미상,안산동 ***번지 논이 인근 하천보다 아래쪽에 위치해 장마철마다 물이 찬다는 민원으로 담당자 분의 현장확인을 요청함.,해당부서 이관,재난안전과,,complaints_2024.xlsx,재난안전과
2024,1822,2024-05-22,,미상,반석역 삼성갈비 쪽 골목(반석동 ***-*) 어린이 보호구역 도로에 불법 주정차돼있는 차량들 때문에 통행 불편,해당부서 이관,주차관리과,,complaints_2024.xlsx,주차관리과
2024,1823,2024-05-22,,익명,대전 유성구 대정로 **번길 ** GS편의점 앞  차선 규제봉들이 쓰러져 있다고 하셨음 ,담당부서 이첩,주차관리과,,complaints_2024.xlsx,주차관리과
2024,1824,2024-05-22,,익명,"문지네거리(하수처리장 방면)에 화물차(차량번호: 충남**바****) 방치되어 통행불편, 차주 연락하여 이동 요청",담당부서 이첩,교통정책과,,complaints_2024.xlsx,교통정책과
2024,1825,2024-05-22,,익명,대전 유성구 계룡로 ** BNP병원 출입구에 차량이 막고 있어서 견인 요청,담당부서 이첩,주차관리과,,complaints_2024.xlsx,주차관리과
2024,1826,2024-05-21,,익명,"대전 유성구 지족로 ***번길 ** 성훈프라자 하수관로가 막혀서 하수역류중
",담당부서 이첩,건설과,,complaints_2024.xlsx,건설과
2024,1829,2024-05-21,,익명,"북대전 주유소 앞(대전 유성구 유성대로 **** (화암동) 고라니 사체 민원 접수
",담당부서 이첩,청소행정과,,complaints_2024.xlsx,청소행정과
2024,1830,2024-05-20,,익명,"테크노 풋살장(대전광역시 유성구 배울*로 ***) 개 5마리가 길거리에 뛰어다녀서 구조 요청하셨습니다.
민원인분께서 처리결과 알고 싶다고 연락부탁하셨습니다.",담당부서 이첩,지역산업과,,complaints_2024.xlsx,지역산업과
2024,1831,2024-05-20,,유성경찰서,"-대광로제아파트(유성구 와룡로 ***) 정문 앞 도로 분리대 일부가 사라졌음.
-도난인지, 주변 공사로 인한 건지 확인 요청함.",담당부서 이첩,건설과,,complaints_2024.xlsx,건설과
2024,1832,2024-05-20,,익명,"구암동 ***-**, 고양이 사체 처리 요청 민원",동물사체처리반 보고 및 담당부서 이첩,청소행정과,,complaints_2024.xlsx,청소행정과
2024,1833,2024-05-20,,119,"갑천2블럭 
가수원동에서 원신흥 가는 방향 상가 바리바게트(원신흥동 ***번지) 고라니 사체",담당부서 이첩,청소행정과,,complaints_2024.xlsx,청소행정과
2024,1834,2024-05-20,,미상,크린넷사업소(원신흥동 ***-*번지)에서 원신흥네거리 가는 방향 도로변 갓길에 진돗개 사체 처리 요청,담당부서 이첩,청소행정과,,complaints_2024.xlsx,청소행정과
2024,1835,2024-05-19,,미상,유성푸르지오시티 앞 사거리 현수막 정비 요청,담당부서 이첩,건축과,,complaints_2024.xlsx,건축과
2024,1836,2024-05-19,,익명,"상지초등학교 정문 앞 불법주차 챠량으로 보행자 불편
불법주차 단속 요청 / 민원인 전화번호 발신번호표시제한으로 알수없음","주말주차단속 요원에 문자연락, 단속요청함",주차관리과,,complaints_2024.xlsx,주차관리과
2024,1837,2024-05-19,,미상,"-장       소 : 노은서로***번길길거리
-민원내용 : 라바콘 설치한것 시정요청,  개인이 도로점용한것도 아닌데 라바콘 설치가 불법 아닌지(이웃집과 트러블이 있었던듯)
-특이사항 
  · 5.6.일자 같은 민원 넣었는데 시정이 안됐다며 연락하심( 당직실 핸드폰으로 관련 신고사진 문자수신 기록있음, 당직민원 기록상 5.8.완료처리 되어있음)
  · 처리 후 처리결과 전화로 알려달라고 하심",담당부서 이첩,건설과,,complaints_2024.xlsx,건설과
2024,1838,2024-05-19,,익명,수통골 입구 불법주정차 단속 요청,주말단속반 단속요청,주차관리과,,complaints_2024.xlsx,주차관리과
2024,1839,2024-05-19,,미상,"○위치 : 노은동 ***-**와 월드컵 인라인 롤러경기장 사잇길
○민원내용
  - 아스팔트가 깨져있음
  - 길거리 청소가 안되어있음(도보인지 차도인지 누차 여쭸으나 명확히 대답을 안해주심..)
○처리부서 지정 : 건설과, 청소행정과, 교통정책과",담당부서이첩,청소행정과,,complaints_2024.xlsx,청소행정과
2024,1840,2024-05-19,,미상,"○위치 : 노은동 ***-**와 월드컵 인라인 롤러경기장 사잇길
○민원내용
  - 아스팔트가 깨져있음
  - 길거리 청소가 안되어있음(도보인지 차도인지 누차 여쭸으나 명확히 대답을 안해주심..)
○처리부서 지정 : 건설과, 청소행정과, 교통정책과",담당부서이첩,건설과,,complaints_2024.xlsx,건설과
2024,1841,2024-05-19,,미상,"○위치 : 노은동 ***-**와 월드컵 인라인 롤러경기장 사잇길
○민원내용
  - 아스팔트가 깨져있음
  - 길거리 청소가 안되어있음(도보인지 차도인지 누차 여쭸으나 명확히 대답을 안해주심..)
○처리부서 지정 : 건설과, 청소행정과, 교통정책과",해당부서 이첩,건설과,,complaints_2024.xlsx,건설과
2024,1842,2024-05-19,,미상,"봉명동 ***-**,
유성각 앞 불법건축물(창고) 및 불법광고물 신고(풍선 광고물 치웠었는데 다시 설치함)
처리 후 본인에게 처리 결과 전화달라심
유성각 관련자에게 본인(신고인) 전화번호 노출되지 않게 부탁드림
",담당부서이첩,건축과,,complaints_2024.xlsx,건축과
2024,1843,2024-05-19,,익명,"하기2교 다리밑 방범CCTV 확인 요청-자전거 사고 관련 / 
월요일 전화요청 / *** 010-****-****",해당부서이첩,회계과,,complaints_2024.xlsx,회계과
2024,1844,2024-05-19,,익명,"지족동 다이소쪽 인도 노점상 단속 요청
단속요청 여러번 했으며, 같은 품목 판매하는 입장에서 계속 노점 오는 상황 이해할수 없다고 함
단속시 과태료 부과했는지 궁금함. 회신요청 (전화 2번이상 하여 노점단속 계속 요청함)
단속 이후에도 다시 노점상인이 돌아와 장사를 다시 한다고 함.",해당부서 이첩,건설과,,complaints_2024.xlsx,건설과
2024,1845,2024-05-18,,익명,유성시장 농협 일원 불법 주정차 단속 요청,주말 주정차 단속반에 주정차 단속 요청,주차관리과,,complaints_2024.xlsx,주차관리과
2024,1846,2024-05-18,,대전광역시 cctv관제,수통교 아래 화산천변에 현수막 투기로 처리요청,관련부서 이첩,청소행정과,,complaints_2024.xlsx,청소행정과
2024,1848,2024-05-18,,익명,용계동 ***-*번지(DVS축구아카데미) 인근 쓰레기 투기가 많이 되고 있어 치워주기를 요청,관련부서 이첩,청소행정과,,complaints_2024.xlsx,청소행정과
2024,1851,2024-05-18,,익명,"원내동 동안교회~진잠허브마트(진잠로 **번길) 일원 화물차 밤샘주차 단속 요청. 단속요청을 한지 1달 정도 되었으나, 현수막 설치 및 단속 등 조치가 되지 않음. 월요일에 전화 회신 요청.",관련부서 이첩,교통정책과,,complaints_2024.xlsx,교통정책과
2024,1854,2024-05-18,,익명,"- 작은 내수변 공원의 통기타 버스킹으로 소음 민원 발생, 해당 버스킹이 허가를 받은 사항인지 궁금해 하셨음
- 주말마다 구청 행사 및 민간 행사 등으로 소음이 발생하여 스트레스가 많이 쌓이심","- 당직실에서는 허가 받은 사항을 안내하기 어렵고, 추가 대응이 어려워서 경범죄 안내와 112 신고 등을 안내함]
- 작은 내수변 공원의 소음 및 공원 공연 허가 등에 대한 민원으로 담당부서(공원과) 인계",공원과,,complaints_2024.xlsx,공원과
2024,1855,2024-05-18,,익명,"대각선 주차차량, 불법주차차량으로 통행이 어려워, 강력한 단속을 부탁함.",부서인계,주차관리과,,complaints_2024.xlsx,주차관리과
2024,1856,2024-05-18,,[삭제],"- 장애인이신데, 자원봉사자의 도움을 받을 수 있는 시스템이 있는지 문의 하심.
- 도움 받고자 하는 내용: 6월 중에 이사할 때 청소 관련하여",- 사회돌봄과로 인계,사회돌봄과,,complaints_2024.xlsx,사회돌봄과
2024,1857,2024-05-18,,[삭제],"- 기초수급대상자, 쓰레기봉투를 3개월 째 받지 못하고 있으며, 통장분과 전화통화가 안되어서 이유를 못 듣고 있다고 함.
  (통장: 010-****-**** / 당직실에서 전화 해봤으나, 받지 않음)
- 명절급이 사람마다 금액이 다른 이유에 대해 궁금/불만을 갖고 계심
- 평일에는 전화 통화가 어렵다고 하심 ",- 담당부서 인계,온천1동,,complaints_2024.xlsx,온천1동
2024,1858,2024-05-18,,익명,"탑립동 **번길, 파랑새 스포츠센터 앞 주차로 인해 진출입시 도로가 잘 안보인다는 민원, 국민신문고로 주정차 봉 설치를 요구 했다는데, 답변이 안왔다고 연락을 부탁",부서인계,주차관리과,,complaints_2024.xlsx,주차관리과
2024,1859,2024-05-18,,익명,"- 민원 발생 주소: 유성구 원내동 ***-**
- 민원 내용: 쓰레기 불법 투기 (1층에 쓰레기봉투를 두어 냄새 등에 대한 문제 발생)
- 그외 특이사항: 이전에 푸른환경과와 전화 통화했음.
                         5/18(토) 오전에 담당자가 나왔으나, 라바콘에 관한 문제를 언급 등 자신의 민원 내용과 다른 내용으로 처리하여 답답함을 호소하심.
                         평일을 이용하여 민원인과 전화 통화를 부탁드립니다.",- 담당자 인계,청소행정과,,complaints_2024.xlsx,청소행정과
2024,1860,2024-05-18,,익명,"- 성북2통, 성북1통 주민들의 소각행위에 관한 민원
- 주말 및 저녁 시간 등 단속시간을 피해 불을 피워서 집에 연기가 들어가는 등의 문제 발생",- 담당자 인계,녹지산림과,,complaints_2024.xlsx,녹지산림과
2024,1861,2024-05-18,,익명,"상대동 아이파크*단지 정문앞 2차로중 한개차로 대형차량 불법주차건 황색 1개라 어플신고가 안됨. 지난주에도 민원남겨, 주말 단속 부탁",부서인계,주차관리과,,complaints_2024.xlsx,주차관리과
2024,1862,2024-05-18,,구즉지구대 *** 경위,노래방 단속 유성구 테크노*로 ** / 주류 판매 및 도우미알선(청소년),관련부서 이첩,문화관광과,,complaints_2024.xlsx,문화관광과
2024,1863,2024-05-17,,미상,성북동 산림욕장 인근 소음 민원 / 개장 전 소음 원인에 대한 전화 요청,해당부서 이첩,푸른환경과,,complaints_2024.xlsx,푸른환경과
2024,1864,2024-05-17,,미상,반석동 더샾아파트 앞 신호등 근처 불법현수막 너무 많아서 위험하여 처리 요청,해당부서 이첩,건축과,,complaints_2024.xlsx,건축과
2024,1865,2024-05-17,,[삭제],주차위반과태료 부과에 따른 항의 민원 / 담당자 유선통화 원함.,처리부서 이첩,주차관리과,,complaints_2024.xlsx,주차관리과
2024,1866,2024-05-17,,익명,유성구 봉명동 계룡로 **번길 ** / 음식물 쓰레기 미처리 민원,관련부서 이첩,청소행정과,,complaints_2024.xlsx,청소행정과
2024,1868,2024-05-17,,119상황실,"119상황실 신고 접수 내용(민원인번호 참고) 
계룡스파텔 정문을 바라봤을때 왼편에 있는 네모난 정자 한쪽 기둥에 전선뭉치가 있고,  어떤 기계가 놓여있었는데 산책을 하던 강아지가 그곳을 핥고 감전이 된 것처럼 자지러짐.
경찰이 신고를 받고 현장에 나가 눈으로 봤을때에는 전선의 피복 상태에 문제가 있어 보이진 않았지만 감전 사고 예방을 위해 점검이 필요해보임",담당부서 이첩,공원과,,complaints_2024.xlsx,공원과
2024,1869,2024-05-16,,익명,"사회돌봄과에서 사회보장급여 변경 통지서를 우편으로 수령하였는데, 수령자 본인께서 연세가 많아 무슨 내용인지 파악이 어려워 전화로 안내를 요청하심.",관련부서 이첩,사회돌봄과,,complaints_2024.xlsx,사회돌봄과
2024,1870,2024-05-16,,익명,단독주택 폐형광등 수거 방법 등 문의 / 주민센터 등 안내 / 추가정보 안내를 위한 전화요청,관련부서 이첩,청소행정과,,complaints_2024.xlsx,청소행정과
2024,1871,2024-05-16,,유성경찰서상황실,"단독 교통사고 후 원촌3거리 3차선쪽으로 가로수 쓰러져있어 처리 요청하였으나 교통사고로 인한 피해인 경우  원인자 및 보험사가 처리하는게 원칙이므로 설명 후 통화 종료
- 원인자 번호는 경찰쪽에서도 모른다함",해결,녹지산림과,,complaints_2024.xlsx,녹지산림과
2024,1872,2024-05-16,,대전시청 당직실,장대네거리 그늘막 접혀있지않아 강풍에 따라 위험 우려,관련부서 이첩,재난안전과,,complaints_2024.xlsx,재난안전과
2024,1873,2024-05-15,,익명,학하동 수통골에서 흘러내려오는 오수에서 악취가 심하다고 함,해당부처 이첩,푸른환경과,,complaints_2024.xlsx,푸른환경과
2024,1874,2024-05-15,,익명,유성숲아파트 공중화장실 옆 하천에 오수가 흐르고 있다고 함,해당부처 이첩,푸른환경과,,complaints_2024.xlsx,푸른환경과
2024,1875,2024-05-15,,익명,"학하동 구다리 밑에 맨홀(파란색)에서 오수가 넘치면서 악취가 심하게 올라오고 있다고 함
",해당부서 이첩,건설과,,complaints_2024.xlsx,건설과
2024,1877,2024-05-15,,익명,웰니스 재활병원 입원중인데 병원 앞 공사 소음이 심해서 휴식할 수 없다고 하심,해당부처 이첩,푸른환경과,,complaints_2024.xlsx,푸른환경과
2024,1878,2024-05-15,,미상,죽동칸타빌 앞 쪽 반석천 하천 오염,해당부서이첩,푸른환경과,,complaints_2024.xlsx,푸른환경과
2024,1879,2024-05-15,,익명,지족동 ****-*번지 뒷쪽 돌 운반 공사중인데 소음방지 시설 없이 공사중이라서 소음 때문에 너무 힘들다고 하심,해당부서 이첩,푸른환경과,,complaints_2024.xlsx,푸른환경과
2024,1882,2024-05-15,,익명,유성농고 오른편 인도에 야채 노점상이 있어 통행에 불편이 있다고 하심 통행에 불편 없도록 조치 요청하심,해당부서 이첩,건설과,,complaints_2024.xlsx,건설과
2024,1883,2024-05-15,,미상,수통골(마하커피 맞은편) 주말 노점상 단속 요청 ,해당부서이첩,건설과,,complaints_2024.xlsx,건설과
2024,1884,2024-05-14,,유성지구대,일반음식점(온천서로 **)에서 식품위생법 위반사항(일반음식점에서 자막용 영상장치 및 특수조명 설치하여 노래를 부를 수 있게 함) 단속,해당부서 이첩,위생과,,complaints_2024.xlsx,위생과
2024,1885,2024-05-14,,미상,"5.14. 행정복지센터에서 교육 후 물병을 놓고와서 확인 후 연락 요청. (남색, '***'라고 써져있음)",해당 부서 이첩,전민동,,complaints_2024.xlsx,전민동
2024,1886,2024-05-14,,익명,본청 별관 남자 화장실 내 비데 전원 장치 off 사유 부착요청,담당부서 이첩,회계과,,complaints_2024.xlsx,회계과
2024,1887,2024-05-14,,익명,"자운대 입구(자운대 방향) 신호등 없는 횡단보도, 유턴 시 차량이 횡단보도를 지나서 운전 시 위험하다고 함 (볼라드 설치 요청)",담당부서 이첩,건설과,,complaints_2024.xlsx,건설과
2024,1888,2024-05-14,,익명/유성경찰서지구대,"1차(민원인) 유성온천역 5번 출구 버스 정류장 불법 주차  **수**** 흰색 볼보
08:41 2차(유성경찰서 지구대) 해당 차량 견인요청","단속시간외 접수되어 담당부서 이관 
08:45 단속반 상황실에 전달",주차관리과,,complaints_2024.xlsx,주차관리과
2024,1890,2024-05-13,,익명,"불법주차. 관들*길 58 흰색 소나타 **허****.
단속반 출동하였으나 사이드브레이크가 채워져있고 업무시간이 지나 차량번호 조회안되는 상황으로 해결 안되어 2차 민원제기
해당 차량에 대해 벌금 등 가능한지 어떤 조치를 취해줄 수 있는지 문의",단속시간 종료로 해당부서 이관,주차관리과,,complaints_2024.xlsx,주차관리과
2024,1891,2024-05-12,,익명,"유성구 죽동로 ** (죽동천년나무*단지 앞 4차선 도로) 의 상습불법주정차 차량 다수
+ 카메라 등 설치 희망하심",담당부서 이관,주차관리과,,complaints_2024.xlsx,주차관리과
2024,1892,2024-05-12,,익명,"유성구 진잠로 **-** (진잠중학교) 정문 입구에 불법주정차 다량 있어 도로 이용에 불편 
+ 서대전 IC에서 진잠중학교로 진입하는 도로 포함",담당부서 이첩,주차관리과,,complaints_2024.xlsx,주차관리과
2024,1893,2024-05-12,,익명,시청 당직실(042-****-****) 로부터 유성구 진잠로 ***번길가로등 고장 신고됨을 전달 받음.,담당부서 이첩,건설과,,complaints_2024.xlsx,건설과
2024,1894,2024-05-12,,[삭제],"대전 유성구 왕가봉로*번길 **-* / 서울우유 대전노은대리점 앞 
-> 카니발 **서**** 주차로 인해 다른 차량 출입 불편",담당부서 이첩,주차관리과,,complaints_2024.xlsx,주차관리과
2024,1895,2024-05-12,,익명,"<주말 18시 이후 신고 건> 대전 유성구 은구비남로**번길 ** (노은역 앞 KFC 와 버거킹 사이 차로) 의 불법주정차 다량 있음을 신고해주심
+ 차단봉 설치 희망하심",담당부서 이첩,주차관리과,,complaints_2024.xlsx,주차관리과
2024,1896,2024-05-12,,익명,고양이 로드킬 사체처리요청,사체신고접수대장 기재 후 펫레스규 통지,청소행정과,,complaints_2024.xlsx,청소행정과
2024,1897,2024-05-12,,익명,전민로 **-*번지 앞 인도주차된 차량 단속요청,기동반 전달 및 담당부서이첩,주차관리과,,complaints_2024.xlsx,주차관리과
2024,1898,2024-05-12,,익명,투썸플레이스 (관평동 ***)부터  롯데마트 (관평동***)까지의 도로 내 크기가 큰 다수의 포트홀로 사고위험이 크므로 조치요청,담당부서이첩,건설과,,complaints_2024.xlsx,건설과
2024,1899,2024-05-12,,익명,"상대복용로 **번길아이파크 *단지, *단지 사거리 횡단보도 신호등(헬스클럽)
광고물 제거 요망",담당부서 이첩,건축과,,complaints_2024.xlsx,건축과
2024,1900,2024-05-11,,익명,"관평동 롯데마트 사거리 근처 포트홀 보수 요청
*정확한 위치는 민원인에게 전화문의 바람",담당부서 이첩,건설과,,complaints_2024.xlsx,건설과
2024,1901,2024-05-11,,구즉지구대 *** 경위,"★★[구즉지구대] 미성년자 주류 제공업소 통보★★
* 자세한 내용은 첨부파일 확인, 확인후 파일은 삭제 바람",담당부서 이첩,위생과,,complaints_2024.xlsx,위생과
2024,1903,2024-05-11,,유성경찰서,"진잠 방동대교에서 서대전톨게이트 방향(관저동 ***-* 반대방향) 교통사고 발생으로
도로에 기름이 흘러나와서 위험한 상황임
* 사고 현황 : 차량과 차량 접촉사고 / 인명피해: 사망자는 없으나 부상자 발생",시청 당직실 이첩 / 건설관리본부로 연락 요청,건설과,,complaints_2024.xlsx,건설과
2024,1904,2024-05-11,,익명,"충남대학교 오거리 앞 가로등이 안들어와 있음, 비와서 위험할 것 같으니 빠른 처리 요망",담당부서 이첩,건설과,,complaints_2024.xlsx,건설과
2024,1905,2024-05-11,,지구대 순경,"위치: 유성구 봉명동 한진오피스텔 앞 정류장 / 버스정류장번호: 41340
내용: 버스정류장 나무의자에 매직으로 대통령이름으로 추정되는 초성에 사살을 한다는 문구가 적혀져 있음. 지속적인 민원이 제기될 우려로 인해 지워주길 요망.",담당부서 이첩,교통정책과,,complaints_2024.xlsx,교통정책과
2024,1906,2024-05-11,,익명,"유성마을버스1번 정류장 미정차로 불편함. 개선 요청(대전 특구체육공원 정류장)
처리결과 유성 안내요청",담당자 이첩,교통정책과,,complaints_2024.xlsx,교통정책과
2024,1908,2024-05-11,,익명,노점상차량 주정차 단속 요청 (주소:  관평동 테크노우체국 앞/ 과일장사 옥수수 차량/주말단속 요청),담당부서 이첩,건설과,,complaints_2024.xlsx,건설과
2024,1909,2024-05-11,,익명,유성구 궁동로**번길 ** 칠구치킨 가게 앞 방치 오토바이 이동 조치 요청(번호판 없음),담당자 이첩,교통정책과,,complaints_2024.xlsx,교통정책과
2024,1910,2024-05-11,,익명,반석동 반석고 뒤 도로변의 가로수 가지 정리 요청,담당부서 이첩,공원과,,complaints_2024.xlsx,공원과
2024,1912,2024-05-11,,익명,축제 도로통제 안내 미흡하다고 불만을 제기함. 도로통제 안내하는 아르바이트생들에대한 불친절한 태도에 무척 불쾌했다고 함. 축제담당자와 직접 통화하기를 희망함.,담당부서 이첩,문화관광과,,complaints_2024.xlsx,문화관광과
2024,1913,2024-05-11,,[삭제],폐가구 수거 요청 (긴급),담당부서 이첩,청소행정과,,complaints_2024.xlsx,청소행정과
2024,1915,2024-05-11,,익명,관평동 전자고등학교 앞 중앙분리대 파손으로 인한 차량 파손 문의,관련부서 이첩,건설과,,complaints_2024.xlsx,건설과
2024,1917,2024-05-11,,익명,"사업장을 다른 곳으로 이전하는데, 기사업자등록증으로 이전하는  곳의 영업신고증 승계가 가능한지 문의함.
월요일(24.05.13.) 오전에 연락바람.",담당부서 이첩,위생과,,complaints_2024.xlsx,위생과
2024,1919,2024-05-11,,익명,"유성 푸르지오시티, 유성우체국 인근 유성온천문화축제 임시 주차구역 외 주차단속 요청(단속반 전달 완료)",소관부서 이첩,주차관리과,,complaints_2024.xlsx,주차관리과
2024,1920,2024-05-11,,익명,"상대복용로**번길 **, 상대 아이파크 *단지 아파트 정문 주차단속 요청 (주말단속반 전달)",소관부서 이첩,주차관리과,,complaints_2024.xlsx,주차관리과
2024,1921,2024-05-10,,[삭제],"유성온천문화축제 민원제기를 위해 담당 팀장님 및 관련 과 국장님 전화 꼭 달려고 하심. 어떤 민원인지 여쭤보았으나, 직접 통화하면서 얘기 하겠다고 하며 전화 꼭 달라고 3번 말함.",담당부서 이첩,문화관광과,,complaints_2024.xlsx,문화관광과
2024,1922,2024-05-10,,익명,하기동 ***-*번지 앞 아래텃골어린이공원 사이 가로등이 꺼져 정비 요청,소관부서 이첩,건설과,,complaints_2024.xlsx,건설과
2024,1923,2024-05-10,,익명,구암역 3번 출구와 신축건물 공터 사이 사람들 지나다니는 길에 싱크홀 발생하여 조치 바람,담당부서 이첩,건설과,,complaints_2024.xlsx,건설과
2024,1924,2024-05-10,,익명,유성시장 내 '시장보리밥집' 앞 싱크홀 발생하여 조치 바람,담당부서 이첩,기획재정부,,complaints_2024.xlsx,기획재정부
2024,1925,2024-05-10,,미상,"유성구 봉명동 ***-*에서 처음에 20만원 결제를 약속 받고 술마시러 들어갔는데 나올때 24만원을 강제로 결제하게 함. 
강압적 결제로 피해를 봄. 경찰서에 연락하니 구청으로 신고하도록 안내 받음. 노래방 관리 부서에서 확인 후 연락주기 바람.",관련부서 전달,문화관광과,,complaints_2024.xlsx,문화관광과
2024,1926,2024-05-10,,익명,관평동 *** 롯데마트 후문 들어가는 길과 예미지 ***동 사이 포트홀 발생하여 차량이 파손됐다고 함,담당부서 이첩,건설과,,complaints_2024.xlsx,건설과
2024,1927,2024-05-09,,미상,고라니 사체 처리 요청 / 지족동 ****-** 네이쳐뷰 ***동 맞은편 도로 갓길,펫레스규 조치 요청 민 동물사체대장 접수,청소행정과,,complaints_2024.xlsx,청소행정과
2024,1928,2024-05-09,,익명,둔곡동 ***-*(국제과학**로 **) 아름덴티스트리 사업장 도로(세종에서 구즉동 방향) 고라니 사체 처리 요청,펫레스규 처리요청 및 동물사체접수대장 기록,청소행정과,,complaints_2024.xlsx,청소행정과
2024,1929,2024-05-09,,익명,진잠에서 유성방향 유성대로 자전거도로 상태가 안좋음. 자전거 타고 가던 도중 대정동 홈플러스 부근(대정동 ***-**번지)에서 넘어져 많이 다침. 관련부서에서 연락주기 바람. ,관련부서 전달,건설과,,complaints_2024.xlsx,건설과
2024,1931,2024-05-09,,익명,"119측에서 궁동 ***-**번지 지하1층 환풍기 내 고양이 2마리 구조요청 민원 구청 당직실 전달
민원인 전화번호: 010-****-**** (오후5시 가게 오픈)",담당부서이첩,지역산업과,,complaints_2024.xlsx,지역산업과
2024,1932,2024-05-08,,미상,지족북로**번길 * 빌라 앞 가로등이 꺼져있음.,해당부서 이첩,건설과,,complaints_2024.xlsx,건설과
2024,1933,2024-05-08,,미상,자운대 체력단련장 앞 도로가 가로등이 전부 꺼져있음.,해당부서 이첩,건설과,,complaints_2024.xlsx,건설과
2024,1934,2024-05-08,,익명,"학하동 ***-*, 음식물쓰레기 수거일에 맞춰 금요일에 내놨는데 수거해가지 않음. 평소에 음식물통을 내동댕이 친다고 함. 그리고 20%는 가져가지 않고 있음. 
정확이 무슨 요일에 수거해가는지 문자로 안내 바람.",담당부서 이첩,청소행정과,,complaints_2024.xlsx,청소행정과
2024,1935,2024-05-08,,익명,"KT유성지점 앞도로에서 공사를 하고 있어 통행에 매우 어려움을 겪고 있음. 왜 아침 출근 시간에 공사를 하는지, 구청에서 통제 안하는지 소리 지름.",담당부서 이첩,건설과,,complaints_2024.xlsx,건설과
2024,1936,2024-05-08,,익명,"북부여성가족원에서 한솔아파트 쪽으로 나가는 길목에 흰색 스포티지 차량이 항상 불법으로 주차되어 있다고 함.
(민원인과 통화하시면 설명 해준다고 합니다.)",담당부서 이첩,주차관리과,,complaints_2024.xlsx,주차관리과
2024,1937,2024-05-08,,정가네원조김밥,본인 가게 앞에 불법으로 주차해 놓은 차량때문에 가게 문을 못 열고 있어 단속바란다는 내용. 단속반에 전달함.,단속반에 전달함. ,주차관리과,,complaints_2024.xlsx,주차관리과
2024,1938,2024-05-08,,익명,"신흥들삼거리에서 계룡대교네거리 방면으로 버스중앙차로와 버스정류장 차선이 점선과 실선이 같이 표시가 되어 있어서, 운행 시 위험함.
(민원인과 통화 후 설명을 들으셔야 할 것 같습니다. / 010-****-****)",담당부서 이첩,건설과,,complaints_2024.xlsx,건설과
2024,1939,2024-05-08,,익명,화암사거리에서 북대전으로 나가는 고가도로에 블럭파편같은 것들이 많이 있어 도로통행에 지장을 주고 위험함. 조치해주길 바람.,해당부서 이첩,건설과,,complaints_2024.xlsx,건설과
2024,1940,2024-05-08,,[삭제],"유성온천역 사거리 교통사고로 파편 많고, 기름이 흘러나와 빨리 치워달라고 함.
6시 35분 유성온천역 사거리 현장 나가서 확인했으나 파편, 기름 발견하지 못함.",담당부서 이첩,청소행정과,,complaints_2024.xlsx,청소행정과
2024,1942,2024-05-08,,119,"럭키하나아파트 앞에 큰 길쪽에 나무가 쓰러져 119가 출동하여 치웠다고 함. 구청은 이런 상황이 발생하면 출동을 왜 안하는지 따져 물음. 날이 밝으면 구청 담당 부서에서 나와서 나머지 잔해(?)들 다 치우라고함.
→ 새벽 3시 출발하여 라바콘 3개 설치하고 옴.
라바콘은 구청 주차장에서 들고 간 것이라.. 돌아오실 때 라바콘 회수 부탁드립니다..",담당부서 이첩,녹지산림과,,complaints_2024.xlsx,녹지산림과
2024,1943,2024-05-08,,경찰,신성동 럭키하나아파트 앞에 나무가 쓰러짐 조치바람. 큰 길쪽에 있는 나무임. 건너편에 한화솔루션 있음. ,담당부서 이첩 ,녹지산림과,,complaints_2024.xlsx,녹지산림과
2024,1945,2024-05-07,,도룡지구대,도룡삼거리에서 용산동 넘어가는 고가도로인 화암사거리(북대전IC네거리) 정상 부근에서 포트홀 다수 발생하여 조치 바람,해당부서 이첩,건설과,,complaints_2024.xlsx,건설과
2024,1946,2024-05-07,,익명,"회동삼거리  포트홀 때문에 차량이 파손됨. 오른쪽 앞,뒤 타이어 파손되어 보상받길 원함. 전화로 연락바람",해당부서 이첩,건설과,,complaints_2024.xlsx,건설과
2024,1947,2024-05-07,,익명,회동삼거리 가기 바로 직전 포트홀 때문에 차량이 파손됨. 조수석 쪽 타이어 파손되어 보상해달라고 함. 꼭 전화해달라고 함.,담당부서 이첩 ,건설과,,complaints_2024.xlsx,건설과
2024,1948,2024-05-07,,익명,"한국기계연구원에서 비오는 날만 되면 새카만 연기를 내뿜는다고 함. 집이 한국기계연구원 바로 뒤편인데 문을 열 수가 없다고 함. 작년 여름부터 해결해달라고 요청했지만 묵살했다고 함.
집주소: 유성대로 ****-**, 남편도 저 새카만 연기때문에 치매에 걸렸고 이 때문에 이사를 갈 수도 없는 상황. 구청 당직실에도 몇 번 전화를 했었지만 담당자는 제대로 된 답변을 하지 않았다고 함.  
구청에 과장님이 전화를 계속 피한다고 함. 제대로 된 답변 원한다고 함.",담당부서 이첩,푸른환경과,,complaints_2024.xlsx,푸른환경과
2024,1949,2024-05-07,,익명,유성온천 문화축제 노래자랑 신청했는데 마감되었다는 것을 알려주지 않아 매우 속상하고 화가 나셨음,담당부서 이첩,문화관광과,,complaints_2024.xlsx,문화관광과
2024,1950,2024-05-07,,익명,노은역 입구 환승주차장 골목쪽 불법주정차 매우 많음,야간단속반에 전달하였음. 단속하러 가시겠다고 함.,주차관리과,,complaints_2024.xlsx,주차관리과
2024,1951,2024-05-07,,[삭제],"한밭대 삼거리에서 덕명네거리 방향, 3차선에 맨홀뚜껑 크기의 포트홀 있음. ","건설과 통화했고, 시 도로라 시로 민원 전달한다고 함",건설과,,complaints_2024.xlsx,건설과
2024,1952,2024-05-07,,미상,"전민동 엑스포아파트 *단지아파트에서 전미원(엑스포로***번길 **-*) 방향 도로에 포트홀 발견
(로터리 진입 전 5m 지점에 있음)",담당부서 이첩,건설과,,complaints_2024.xlsx,건설과
2024,1953,2024-05-07,,미상,"세븐일레븐 대전봉명시티빌점(문화원로 ***) 앞 간이침대를 폐기물스티커 붙여 배출하였으나 2주째 수거되고 있지 않음.
당일(2024.5.7) 내 처리 요망",담당부서 이첩,청소행정과,,complaints_2024.xlsx,청소행정과
2024,1954,2024-05-07,,미상,"홍인오피스텔(대학로 **) 야외주차장 입구에 고양이 로드킬 사체 있음
종이박스에 담아 놓았으며, 수거시 010-****-****(또는 042-****-****)로 연락 바람",담당부서 이첩,청소행정과,,complaints_2024.xlsx,청소행정과
2024,1956,2024-05-06,,미상,"노은로***(노은119안전센터) 인근 도로에 포트홀 다수가 발견되어 차량통행이 불편. 민원을 제기한지 한참되었는데 그대로 임, 전화통화를 원하심",담당부서 이첩,건설과,,complaints_2024.xlsx,건설과
2024,1957,2024-05-06,,미상,두루봉근린공원 입구 근처 나무 한그루 넘어져 공원내통행에 방해가 됨,담당부서 이첩,공원과,,complaints_2024.xlsx,공원과
2024,1958,2024-05-06,,미상,유성초등학교 인근 도로의 패임으로 인하여 차량운행중 손상을 입었음. 전화통화원함,담당부서 이첩,건설과,,complaints_2024.xlsx,건설과
2024,1959,2024-05-06,,미상,최근 봉명동에서 견인된 본인의 차량을 가져가고 싶다고 함,담당부서 이첩,주차관리과,,complaints_2024.xlsx,주차관리과
2024,1960,2024-05-06,,미상,"도로에 포트홀발생으로 위험함, 전민동 ***-*(우직한서가네한우) 에서 약 15M 정도 위치함",담당부서 이첩,건설과,,complaints_2024.xlsx,건설과
2024,1961,2024-05-06,,미상,금탄동 ***번지 도로에 나무가 넘어져 차량통행이 불가함,박종필계장님에게 민원내용 전달하였음,건설과,,complaints_2024.xlsx,건설과
2024,1962,2024-05-06,,미상,노은서로 ***번길일대에 노상적치물(다수의 라바콘)로 차량통행이 매우 불편함,담당부서이첩,건설과,,complaints_2024.xlsx,건설과
2024,1964,2024-05-06,,미상,장대동 ***-* 송원잔디 앞 도로 일부분이 패임. ,담당부서 이첩,건설과,,complaints_2024.xlsx,건설과
2024,1965,2024-05-06,,미상,원촌동 ***-** 싸이언스빌 아파트에서 엘지화학연구원으로 가는 도로 중 가로수 한그루 가 쓰러지려고 함,담당부서 이첩,건설과,,complaints_2024.xlsx,건설과
2024,1966,2024-05-06,,미상,송강동 **-*번지 가게 앞에 음식물처리 스티커 붙여놨는데 밤에 바람에 날라갔음  ,담당부서이첩,청소행정과,,complaints_2024.xlsx,청소행정과
2024,1967,2024-05-06,,유성경찰서,전민동 ***(사이언스전민스포츠센터) 앞에 나무가 쓰러져있어 소방서에서 임시조치 예정,담당부서 이첩,녹지산림과,,complaints_2024.xlsx,녹지산림과
2024,1968,2024-05-06,,[삭제],도룡동 산**-** 삼양사중앙연구소 가는길에 가로수 쓰러져있음 / 소방서에서 한쪽으로 치우기만 함,담당부서이첩,녹지산림과,,complaints_2024.xlsx,녹지산림과
2024,1969,2024-05-05,,유성경찰서,"외삼동 ***-*, ***-** 반석에서 세종가는 방향 도로에 전선줄이 도로까지 내려와있어 조치요청 
(※ 경찰서에서 한전에 먼저 연락했는데 한전업무가 아니라고 해서 구청에 연락함)",담당부서이첩,건설과,,complaints_2024.xlsx,건설과
2024,1970,2024-05-05,,유성경찰서,"유성종합스포츠센터 맞은편(신성동 산 **-**,**) 큰 나무가 쓰러져 인도와 차도를 덮음
유성경찰서와 소방서에서 출동하여 임시조치 예정이며, 구에서 나무 수거등 조치 바람",담당부서 이첩,건설과,,complaints_2024.xlsx,건설과
2024,1971,2024-05-05,,[삭제],궁동 ***-*번지 나무가 쓰러져있어 소방서에서 출동함 (소방서 조치후 나무 수거 등 조치 필요),담당부서 이첩,공원과,,complaints_2024.xlsx,공원과
2024,1972,2024-05-05,,미상,구성동 **(유성과학고 올라가기 전 도로) 나무세그루 인도에 쓰러져있음,담당부서이첩,녹지산림과,,complaints_2024.xlsx,녹지산림과
2024,1973,2024-05-05,,미상,"신성동 ***-*번지, 신성동에서 죽동넘어가는 고가도로쪽에서 가로수넘어져있음 조치요청",담당부서이첩,건설과,,complaints_2024.xlsx,건설과
2024,1974,2024-05-05,,미상,노은서로 **번길노은소방서랑 어린이공원골목 가로등하나 나감,해당부서이첩,건설과,,complaints_2024.xlsx,건설과
2024,1975,2024-05-05,,익명,"5.5.(일) 17:45경 유성자이를 지나가는 마을 1번버스가 물웅덩이를 지나가면서 도로변으로 물이 다 튐. 민원인의 옷과 신발이 다 젖어 민원제기.
불법여부인지 확인 및 조치(보상) 요구하심",담당부서 이첩,교통정책과,,complaints_2024.xlsx,교통정책과
2024,1976,2024-05-05,,익명,CU가온누리용산점(용산동 ***번지) 건너편 인도에 차 2대 불법주차 민원,주말단속원에게 단속 요청 및 담당부서 접수,주차관리과,,complaints_2024.xlsx,주차관리과
2024,1977,2024-05-05,,익명,노은역환승주차장 입구 불법주청차 민원,주말단속원에게 단속 요청 및 담당부서 접수,주차관리과,,complaints_2024.xlsx,주차관리과
2024,1978,2024-05-05,,익명,방동 파스쿠찌 앞 불법주정차 민원,주말단속원에게 단속 요청 및 담당부서 접수,주차관리과,,complaints_2024.xlsx,주차관리과
2024,1979,2024-05-05,,익명,전민동 엑스포아파트 앞 곰아빠카페 쪽 거리에 불법주정차 민원,주말단속원에게 단속 요청 및 담당부서 접수,주차관리과,,complaints_2024.xlsx,주차관리과
2024,1981,2024-05-05,,도로 씽크홀 발생,죽동로**번길천년나무아파트 정문쪽 도로중앙 씽크홀 발생,관련부서 건설과 하수팀 (비상근무자/윤종선 주무관) 전달,건설과,,complaints_2024.xlsx,건설과
2024,1982,2024-05-05,,익명,"죽동로 **번길천년나무 아파트 정문 
도로중앙 싱크홀 발생",담당부서 전달 ,건설과,,complaints_2024.xlsx,건설과
2024,1985,2024-05-04,,유성경찰서,"용산동 ***번지 대전 외국인학교 도로(구도로) 앞 시설물 파괴 
",담당부서 전달 ,건설과,,complaints_2024.xlsx,건설과
2024,1987,2024-05-04,,익명,스마트시티와 MBC 사이 길 불법주차로 인하여 불편을 겪는다고 함,주말단속원에게 단속 요청 및 담당부서 접수,주차관리과,,complaints_2024.xlsx,주차관리과
2024,1988,2024-05-04,,익명,"도룡동 MBC와 스마트시티 사이 도로 매년, 매달, 매주 주말마다 불법주정차 기승하여 근본적인 해결책이 필요함",담당부서 접수,주차관리과,,complaints_2024.xlsx,주차관리과
2024,1989,2024-05-04,,익명,"유림공원에서 주말마다 공연소음이 지나치게 커 근처 거주지까지 너무 시끄러움
구청에서 허가 받아 하는 행사로 알고 있는데, 음향 소리를 낮추거나 미실시 요구",담당자 통화 완료 및 담당부서 접수,공원과,,complaints_2024.xlsx,공원과
2024,1990,2024-05-04,,불법주정차주말단속반 ***,"장대동 유성시장 반야불교사 주변 공영주차장 안전펜스 밑 고정나서 풀려 인도로 쓰러짐
",주정차단속요원께서 케이블타이로 임시 조치 / 담당부서 접수,주차관리과,,complaints_2024.xlsx,주차관리과
2024,1991,2024-05-04,,익명,"원신흥동성당과 도안**단지 사이 길(원신흥로)에 버스, 화물차 등 대형차량 상습적 밤샘주차
단속바람",담당부서 접수,교통정책과,,complaints_2024.xlsx,교통정책과
2024,1992,2024-05-04,,익명,신성로**번길 **(수 통신 앞) 개인건물 공사중인데 일주일째 소음이 너무 심함,담당부서 접수,푸른환경과,,complaints_2024.xlsx,푸른환경과
2024,1993,2024-05-04,,익명,"은구비로 **(선병원 출구 쪽) 쓰레기통 옆에 요소수 박스 무단 투기
민원인이 쓰레기봉투안에 투기한 사람 인적사항은 파악해두었음
추후 못버리게 조치 바람",담당부서 접수,청소행정과,,complaints_2024.xlsx,청소행정과
2024,1995,2024-05-04,,익명,"원신흥동 작은내수변공원(원신흥초 공사장 방면)에서 버려진 아기고양이 5마리 구조 요청
3마리 사체 추정-공원에 둠/ 2마리 본인이 보호중이며 다시 구청에 연락해서 인계 요청할 예정임 ",사체는 펫 레스큐 인계 ,지역산업과,,complaints_2024.xlsx,지역산업과
2024,1996,2024-05-04,,cctv관제탑,"학하동***-* 어린이공원에 자르고 남은 나무기둥이 방치되어 있음 수거 요청
/ 유림공원에 남자 1분이 아침 6시 ~ 6시30분 골프연습을 하는데 제재할 수 있는 안내문 같은 표지 요청",해당부서 이첩,공원과,,complaints_2024.xlsx,공원과
2024,1997,2024-05-04,,유성경찰서,"죽동 산*-* 천년나무아파트에서 한국타이어 방향 도로에 교통사고가 나면서 스테인리스 볼라드가 5개 정도 부서짐.
경찰서에서 해당 내용 인계 중 교통사고 차량(**조****) 차주(010-****-****) 번호를 남기며 후속 조치 부탁하심.",해당부서 이첩,건설과,,complaints_2024.xlsx,건설과
2024,1998,2024-05-04,,익명,구룡달전로/ 구룡2통 버스정류장 앞에 부상이 심한 고라니,펫레스큐에 연락,푸른환경과,,complaints_2024.xlsx,푸른환경과
2024,1999,2024-05-04,,유성경찰서 상황실,차량 단독사고로 원촌삼거리 신호기 파손,해당부서 이첩,건설과,,complaints_2024.xlsx,건설과
2024,2000,2024-05-03,,익명,위너스풋살파크(원신흥동 ***-*)에서 늦은시간까지 호각 등 소음으로 인해 불편 겪음,담당부서 이첩 ,푸른환경과,,complaints_2024.xlsx,푸른환경과
2024,2002,2024-05-03,,익명,"구청 뒤편 안녕센터 페트병수거함을 과도하게 이용하는 민원인들이 많음
이용하지 못하는 민원인들의 민원 발생 / 안내문을 크게 붙여놓았으면 좋겠음 해당 내용 처리되었는지 확인하시겠다고 함",담당부서 이첩,청소행정과,,complaints_2024.xlsx,청소행정과
2024,2003,2024-05-03,,익명,대전 유성구 반석동로 **-** 병원 앞 차선을  차량이 막고있어 통행이 불가함,불법주차장 야간 단속반 연락,주차관리과,,complaints_2024.xlsx,주차관리과
2024,2004,2024-05-03,,익명,원신흥동 행정복지센터 무인민원 발급기 고장 ,담당부서 이첩,원신흥동,,complaints_2024.xlsx,원신흥동
2024,2005,2024-05-03,,익명,"구암동***-* 교동면옥 / 부상당한 강아지가 있어서 구조요청 
강아지를 치고 간 차량 사진 찍어놓았고 처벌 요청하심 ",펫레스큐 전달 및 담당부서 이첩,지역산업과,,complaints_2024.xlsx,지역산업과
2024,2006,2024-05-03,,익명,빌라 주차장 입구를 막아선 차량(**두****)으로 인해 차가 못나옴,해당부서 이첩,주차관리과,,complaints_2024.xlsx,주차관리과
2024,2009,2024-05-02,,익명,계룡리슈빌학의뜰아파트에서 다올기업 옆 막힌 도로 근처에 포크레인 등을 정비해 못 등이 떨어져 있어 부상위험,소관부서 이첩,청소행정과,,complaints_2024.xlsx,청소행정과
2024,2010,2024-05-02,,익명,원내동→서대전ic방향 진잠네거리 신가네해장국 앞 현수막때문에 횡단보도에서 차량 등이 안보여 사고위험,소관부서 이첩,건축과,,complaints_2024.xlsx,건축과
2024,2011,2024-05-02,,익명,봉명동 유성마시기통차본점 이용 중 300~400만원짜리 시계를 놔두고 와서 대표의 연락처가 필요,소관부서 이첩,위생과,,complaints_2024.xlsx,위생과
2024,2012,2024-05-02,,익명,NC백화점 대전유성점의 8~9층 에스컬레이터의 유리 한 면이 깨져 자녀가 상해입고 피부과 수술 필요. 해당 건물 안전한지 검사 필요.,소관부서 이첩,재난안전과,,complaints_2024.xlsx,재난안전과
2024,2013,2024-05-02,,익명,"청소용역업체 분들이 유기된 닭 뼈등 쓰레기를 민원인이 버렸다고 오인, 민원인의 업장 앞에 버리고 감. 결과 회신 바람",담당부서 이관,청소행정과,,complaints_2024.xlsx,청소행정과
2024,2014,2024-05-02,,미상,재활용수거업체에서 오전 3시 40분경 민원인의 집 앞에 쓰레기를(밥그릇 등)두고 감,해당부서 이첩,청소행정과,,complaints_2024.xlsx,청소행정과
2024,2015,2024-05-02,,미상,진잠중에서 하나로마트 방향 골목(큰길 나가기 전) 불법 주정차 단속 요청,해당부서 이첩,주차관리과,,complaints_2024.xlsx,주차관리과
2024,2017,2024-05-01,,익명,"장동 한국기계연구원에서 최근들어 장기간 낮밤 상관없이 기계를 작동하여 소음, 매연, 진동으로 잠도 못자고 힘드니 확인 요청.",관련부서 이첩,푸른환경과,,complaints_2024.xlsx,푸른환경과
2024,2018,2024-04-30,,익명,유성구 월드컵대로 **-** 인근 부상당한 고양이 구조 요청,유성구 유기구조동물 구조 담당자 전달,지역산업과,,complaints_2024.xlsx,지역산업과
2024,2020,2024-04-30,,익명,장대동 ***-* NH농협은행 유성지점이 위치한 블럭 주위에 길거리 노점상 단속 요청,해당부서 이첩,건설과,,complaints_2024.xlsx,건설과
2024,2021,2024-04-30,,익명,지족동 지족역 맞은편 데코르(카페) 인도쪽 비둘기 사체,담당부서 이첩,청소행정과,,complaints_2024.xlsx,청소행정과
2024,2022,2024-04-30,,미상,"교촌동 ***-*번지/ 관정인데 한사람이 자물통을 채워놔서 사용하지 못하고있음
빠른 처리부탁",담당부서 전달,건설과,,complaints_2024.xlsx,건설과
2024,2023,2024-04-30,,미상,"대전ic에서 월드컵경기장 나오는 길 (육교근방, 1차선) 포트홀 신고 일주일 전에 민워넣었는데 아직도 수리 안됨.",담당부서 이첩,건설과,,complaints_2024.xlsx,건설과
2024,2024,2024-04-30,,익명,구룡동 산6-13 (둔공동에서 송강 넘어가는 초입) 고라니 사체 ,담당부서 이첩,청소행정과,,complaints_2024.xlsx,청소행정과
2024,2025,2024-04-30,,노은지구대,지족고등학교 앞 불법주정차 많음 단속 요청 민원,담당 부서 전달,주차관리과,,complaints_2024.xlsx,주차관리과
2024,2026,2024-04-30,,119,"빈계산 일대 검은연기, 산불인 것 같아서 119 현장 출동중에 전화옴",재난산황실 전화,녹지산림과,,complaints_2024.xlsx,녹지산림과
2024,2027,2024-04-30,,미상,구룡동***번지 /  노루사체발견,해당부서 전달,청소행정과,,complaints_2024.xlsx,청소행정과
2024,2028,2024-04-30,,익명,세종-유성간도로쪽 국방과학연구소 진입전 100m전(2차선) 고양이 사체 처리 요망(시에서 이첩),담당부서 이첩,청소행정과,,complaints_2024.xlsx,청소행정과
2024,2029,2024-04-30,,익명,복용동 ***-* 음식물 쓰레기 수거요망(주말부터 수거가 안된다고 짜증내심),담당부서 이첩,청소행정과,,complaints_2024.xlsx,청소행정과
2024,2030,2024-04-30,,익명,유성구 장동 한국기계연구원 쪽에서 밤새 소음이 발생한다고 함,담당부서 이첩,푸른환경과,,complaints_2024.xlsx,푸른환경과
2024,2031,2024-04-30,,미상,"봉산동 ***-*, 고라니 사체",동물사체신고업체 전달(전화 및 문자),청소행정과,,complaints_2024.xlsx,청소행정과
2024,2032,2024-04-29,,익명,원촌3거리(주유소 앞) 가드라인이 유실됨. ,담당부서 이첩,건설과,,complaints_2024.xlsx,건설과
2024,2033,2024-04-29,,익명,한빛프라자 음식물쓰레기 처리가 안돼어 있다 처리 요망,담당부서 이첩,청소행정과,,complaints_2024.xlsx,청소행정과
2024,2034,2024-04-29,,미상,도룡동 *** 고속버스 정류소 지나 오르막 길 고양이 사채 처리요청,펫레스큐 신고,청소행정과,,complaints_2024.xlsx,청소행정과
2024,2035,2024-04-28,,익명,sk엔크린 예성주유소 라인 가로등 몇개가 꺼져있다 처리 요망,해당부서 이첩,건설과,,complaints_2024.xlsx,건설과
2024,2036,2024-04-28,,익명,"신성남로 **번길주변 음식물 쓰래기 회수를 안해감(특정 음식물 쓰래기통을 수거안함)
확인바랍니다.",확인바랍니다,청소행정과,,complaints_2024.xlsx,청소행정과
2024,2037,2024-04-28,,익명,관평동 **** 뒤쪽 녹지대 부근 개미 비슷한 벌레가 날아다녀 장사를 못할 지경이니 방역 요청,해당부서 이첩,예방의약과,,complaints_2024.xlsx,예방의약과
2024,2038,2024-04-28,,익명,봉명동 **** 작은내수변공원 하천방향 돌계단 근방 벤치 근처 부상당한 까치 구조 요청,펫레스큐 전달,푸른환경과,,complaints_2024.xlsx,푸른환경과
2024,2039,2024-04-28,,익명,수급자 민원인 본인 근로능력 관련 우편물을 받았다며 담당자 연락 부탁함,해당부서 이첩,희망복지과,,complaints_2024.xlsx,희망복지과
2024,2040,2024-04-28,,익명,도룡동 ***-** 지하1층으로 가는 길 고양이 사체 처리 요청,펫레스큐 전달,청소행정과,,complaints_2024.xlsx,청소행정과
2024,2041,2024-04-28,,익명,"원신흥남로**번길 **, 세븐데이즈 앞 차도 비둘기 사체 처리 요청",펫레스큐 문자 발송,청소행정과,,complaints_2024.xlsx,청소행정과
2024,2042,2024-04-28,,익명,신성근린공원(신성동 **) 시민천문대에서 충남대 넘어가는 등산로 소나무가 다 죽고 벌레가 너무 많으니 조치 바람,해당부서 이첩,공원과,,complaints_2024.xlsx,공원과
2024,2043,2024-04-28,,미상,덕명동 ***-* 부근 빌라공사(추측) 소음 민원 신고 ,해당부서 이첩,푸른환경과,,complaints_2024.xlsx,푸른환경과
2024,2044,2024-04-27,,미상,"원내동 진잠타운아파트, 한아름아파트 주변 화물차 밤샘주차단속 요청 / 월요일 출근해서 민원인에게 전화 회신 요청",해당부서 이첩,교통정책과,,complaints_2024.xlsx,교통정책과
2024,2045,2024-04-27,,미상,"- 21:59, 22:02, 22:04, 22:09, 22:14 즉시 조치 요구
- 두드림공연장내에서 소음발생으로 공연장 설치로 인한 소음이 수시로 발생하니 구조물에 대한 철거요구 /  만취 상태로 욕설, 건물 철거 등등 민원 제기
- 담당부서에서 출입금지, 건물철거 등 요구함 
",- 유성경찰서 유성지구대 순찰 요청 / ,문화관광과,,complaints_2024.xlsx,문화관광과
2024,2046,2024-04-27,,익명,키스트 정자 쪽 나무에서 떨어진 까치가 움직이지 않아 구조 요청함,부상동물 담당자 연락 완료,푸른환경과,,complaints_2024.xlsx,푸른환경과
2024,2047,2024-04-27,,익명,노은2동 행정복지센터 근처에서 휴대폰 분실함. 분실함에 보관되어 있는지 여부 알려달라고 하심,노은2동 이관,노은2동,,complaints_2024.xlsx,노은2동
2024,2048,2024-04-27,,익명,장애수당과 기초수급자 중복 지급 가능한지 등 기초수급자 대상(재산여부) 등 문의 연락요청,담당자에게 전달,희망복지과,,complaints_2024.xlsx,희망복지과
2024,2051,2024-04-27,,노은지구대,노은지구대 앞 인도 인근 러브버그가 많이 있어 시민들이 불편사항을 호소함. 방역 요청,담당자에게 전달,보건소,,complaints_2024.xlsx,보건소
2024,2052,2024-04-27,,[삭제],노은동 인근 도로(주소를 정확히 모르심)에서 도로에 구멍이 생겨 있어 차량 타이어에 펑크가 남. 해당 사항 관련하여 통화하고 싶어하심,건설과 담당자에게 전달,건설과,,complaints_2024.xlsx,건설과
2024,2053,2024-04-27,,[삭제],"유성구청 홈페이지 통해서 대형폐기물 스티커를 결재하고 출력버튼을 눌렀는데, 출력이 되지 않아 수기로 작성한 것을 부착 후 폐기
배출장소: 유성구 용산*로 ** ***동 *~*라인 앞 ",담당부서 이첩,청소행정과,,complaints_2024.xlsx,청소행정과
2024,2055,2024-04-27,,익명,"봉명동 **-*쪽 다리 밑 갑천쪽에서 불법어로(어망 던지는) 행위를 하는 사람들이 있음.
단속요청
","담당부서 이첩 및 시 당직실에 민원내용 전달(05:49)
",재난안전과,,complaints_2024.xlsx,재난안전과
2024,2056,2024-04-27,,익명,"송림마을 *단지 ***동 지상주차장(계단 올라가는쪽) 장애인 주차구역에 **구**** 차량이 주차를 이상하게 해놔서 불편을 겪고 있음. 
*장애인 차량은 맞음",담당부서 이첩,사회돌봄과,,complaints_2024.xlsx,사회돌봄과
2024,2057,2024-04-26,,익명,"대정동 ***-* (한진택배대전지점) 사거리쪽 불법주정차 차량들 다수 있음.
인근지역 불법주정차 단속 요청.",불법주정차 단속반에 민원전달 및 담당부서 이첩,주차관리과,,complaints_2024.xlsx,주차관리과
2024,2058,2024-04-26,,[삭제],주민센터 방문 후 신분증 놓고옴. 확인바람.,담당부서 이첩,관평동,,complaints_2024.xlsx,관평동
2024,2059,2024-04-26,,익명,"노은도서관 45530 버스정류장에 있는 나뭇가지가 너무 길어서 버스를 운행할때 센서가 사람으로 인식하여 자꾸 멈춤현상이 일어나고 있음.
해당정류장 부근 가로경관 정비 요청.",담당부서 이첩,녹지산림과,,complaints_2024.xlsx,녹지산림과
2024,2060,2024-04-26,,익명,"16~17시경부터 한국표준과학연구원에서 며칠째 행사가 진행되는 것 같은데, 음악앰프소리 등 소음이 너무 커서 불편을 격고 있음.
조치 요청.
",담당부서 이첩,문화관광과,,complaints_2024.xlsx,문화관광과
2024,2061,2024-04-26,,미상,관평동 신구교 인근에서 가스냄새가 난다고 함 ,해당부서로 이관 ,푸른환경과,,complaints_2024.xlsx,푸른환경과
2024,2063,2024-04-25,,복용파출소 소장,복용동 ***-**(이경래 달빛소나타 화덕갈비) 앞 불법주차 신고(차량 10대) ,해당부서 이첩 ,주차관리과,,complaints_2024.xlsx,주차관리과
2024,2065,2024-04-25,,미상,관평동 *공영주차장에서 이중주차로 인해 출차 불가능 ,불법 주정차 야간 단속반(주혜원)에게 우선 현장 출장 요청드린 후 주차관리과로 이첩 ,주차관리과,,complaints_2024.xlsx,주차관리과
2024,2066,2024-04-25,,미상,반석동 ***번지 가로등 고장 ,해당부서로 이첩(어제도 전화 주셨다며 빨리 조치해달라고 하셨습니다.),건설과,,complaints_2024.xlsx,건설과
2024,2067,2024-04-25,,미상,복용동 ***-* 인근 유기견 구조 요청 ,"유기동물 구조 담당자에게 연락완료 후 해당부서 이첩 
(유기동물 구조 담당자가 소방서와 합동으로 출동 가능하다고 답변 줌)  ",지역산업과,,complaints_2024.xlsx,지역산업과
2024,2068,2024-04-25,,익명,"투썸플레이스 지족점과 인앤인건물 사이 배수구에 핸드폰이 빠졌다고함. 
열려고 시도해보았으나 열리지 않아서 연락주셨다고 함.",담당부서 이첩,건설과,,complaints_2024.xlsx,건설과
2024,2069,2024-04-25,,미상,어은로 **번길 ** 형제돌구이 앞 도로 담배꽁초 항상 많으나 청소가 안되어 있음.,해당부서 이첩,청소행정과,,complaints_2024.xlsx,청소행정과
2024,2070,2024-04-25,,미상,원내동 **-* 아늑한 집 앞 심하게 부상당한 고양이 구조 요청,유기동물 담당자 문자접수 및 해당부서 이첩,지역산업과,,complaints_2024.xlsx,지역산업과
2024,2071,2024-04-25,,미상,"계룡로 **번길 ** 부설주차장 입구 막고 주차(모닝, **로****)",해당부서 이첩,주차관리과,,complaints_2024.xlsx,주차관리과
2024,2072,2024-04-25,,미상,"고라니 사체 발견(갑동 ***-** 일원, 버스정류장 42170 앞)",펫레스큐 문자 접수 및 해당부서 이첩 ,청소행정과,,complaints_2024.xlsx,청소행정과
2024,2073,2024-04-25,,노은지구대,미성년자 주류판매 적발(은구비서로 **-**),해당부서 이첩,위생과,,complaints_2024.xlsx,위생과
2024,2074,2024-04-25,,유성지구대,유성대로 ***번길 *** 앞 중앙분리대 파손,해당부서 이첩,건설과,,complaints_2024.xlsx,건설과
2024,2075,2024-04-24,,노은지구대,"노은로 *** 일원 (홈플러스 익스프레스 앞) 현수막 훼손되어 있으므로 수거 요청.
노은2동 사업 홍보물로 확인되어 담당자와 통화 후 노은2동으로 이첩하기로 함.",해당부서 이첩,노은2동,,complaints_2024.xlsx,노은2동
2024,2076,2024-04-24,,미상,반석동 ***번지 앞 가로등 고장(몇차례 민원 제기한 사항임),해당부서 이첩,건설과,,complaints_2024.xlsx,건설과
2024,2077,2024-04-24,,미상,"하기동 산 **-* 일원 송림마을 *,*단지 버스정류장(43630) 앞 인도 낙염 및 담배꽁초 많아 지저분함. 청소 요청",해당부서 이첩,청소행정과,,complaints_2024.xlsx,청소행정과
2024,2078,2024-04-24,,익명,덕명동 ***-** 더함뜰 앞 유기견 구조요청,유기동물 담당자 문자 접수 후 해당부서 이첩,지역산업과,,complaints_2024.xlsx,지역산업과
2024,2079,2024-04-24,,미상,한빛아파트 입구 인근 타코야끼 트럭 단속요청,해당부서 이첩,건설과,,complaints_2024.xlsx,건설과
2024,2080,2024-04-24,,익명,"어은동 한빛프라자 앞 타코야끼 트럭 노점상 단속요청
18시 이후로 오는 것 같다고 18시 이후에 단속요청 함.",담당부서 이첩,건설과,,complaints_2024.xlsx,건설과
2024,2081,2024-04-23,,익명,"봉명동 ***-* 
새벽5시반부터 공사소음으로 주민들이 많은 불편함을 겪고 있음 
조치 결과 연락 회신 요망함 

",관련부서 이첩 ,푸른환경과,,complaints_2024.xlsx,푸른환경과
2024,2084,2024-04-23,,금강유역환경청,"대전시 대덕구 신대동에 위치한 공장의 화재에 따른 진압과정에서 발생한 폼 오염수가 갑천으로 유입될 우려가 있으므로 확인조치 요망 
소방차 21대 소방관 60명 투입 되었을 정도의 화재 규모 인명피해는 없음  전화받은 24일 2시10분경 화재 진압이 거의 완료된 상태

3시경 금강환경유역청 확인결과 대덕구 관외 사고이며 유성구청 당직실로 잘못 안내되었음을 전달받았음
대덕구 당직실에서 현장 확인 나감 ",관련부서 이첩 ,푸른환경과,,complaints_2024.xlsx,푸른환경과
2024,2085,2024-04-22,,익명,반석*단지에서 반석더샾에 이르는 반석천에 오염물질이 뿌려진것 같다고 함. 악취가 난다고 함.,담당부서로 이첩,푸른환경과,,complaints_2024.xlsx,푸른환경과
2024,2086,2024-04-22,,익명,반석동 ***번지 앞 가로등 1개 고장(어제에 이은 반복 민원),담당부서 이첩,건설과,,complaints_2024.xlsx,건설과
2024,2087,2024-04-22,,익명,마을1 버스 (대전**아****) 문을 안열어줘서 탑승을 못하였음. 점검 바람.,담당부서 이첩,교통정책과,,complaints_2024.xlsx,교통정책과
2024,2088,2024-04-22,,익명,반석천 반월교에서 행복한교회로 가는 천변에 개나리 병충해가 심하여 방역 요청,담당부서 이첩,재난안전과,,complaints_2024.xlsx,재난안전과
2024,2089,2024-04-22,,익명,분리수거 배출 가능대상(비료포대 등)에 대한 문의. 전화연락 바람 ,해당부서로 이첩,청소행정과,,complaints_2024.xlsx,청소행정과
2024,2091,2024-04-22,,미상,한우물로**번길 *-** 나무가 쓰러질 것 같음(민원인 연락바람),담당부서이첩,녹지산림과,,complaints_2024.xlsx,녹지산림과
2024,2092,2024-04-22,,미상,대전IC에서 월드컵경기장으로 나오는 길에 포트홀 신고,담당부서 이첩,건설과,,complaints_2024.xlsx,건설과
2024,2094,2024-04-22,,아파트관리원,지족로***번길 **(경남아너스빌) 음식물쓰레기 미수거로 조치요청,담당부서 이첩,청소행정과,,complaints_2024.xlsx,청소행정과
2024,2096,2024-04-21,,미상,반석동 ***번지 앞 가로등 1개 고장,담당부서 이첩,건설과,,complaints_2024.xlsx,건설과
2024,2098,2024-04-21,,익명,"원신흥로**번길원신흥초등학교 보행자전용도로 카페 노루 옆 쓰레기 냄새, 쓰레기 투기 금지 문구 작성 요청
(당직실 핸드폰에 사진 있음)",담당부서이첩,청소행정과,,complaints_2024.xlsx,청소행정과
2024,2099,2024-04-21,,미상,온천북교 입구쪽 노란색 보도블록이 흔들거려 위험함,담당부서 이첩,건설과,,complaints_2024.xlsx,건설과
2024,2100,2024-04-21,,익명,"관평동 동화천 호반써밋, *단지~큰도로까지 천변 까만 유충들이 퍼져있음
더 심해질 것 같아 방역 요청",해당부서 이첩,예방의약과,,complaints_2024.xlsx,예방의약과
2024,2101,2024-04-21,,익명,상대동 ***-* 올래국수  자전거도로 불법주정차 차량,단속요청(최상근),주차관리과,,complaints_2024.xlsx,주차관리과
2024,2102,2024-04-21,,미상,"대정동 씨앗골네거리 인근 경동택배 차량 기름 유출 신고/ 주소 : 원계산로 *-** 근처
- 차량번호 : 충남**바****(차주번호 031-****-****) / 차주 연락안됨
- 도로에 유출된 기름으로 차량 미끄러울 우려가 있어 처리 확인필요할 것으로 보임
 (민원인 연락 원하지 않음)",- 119 상황실 신고하였으며 흡착포로 안전조치는 취했으나 관리부서에서 확인 필요해 보임,건설과,,complaints_2024.xlsx,건설과
2024,2103,2024-04-20,,유성지구대,"운행정지명령 차량 관련 확인요구
차량번호: **버****
연락처: 010-****-****
발견장소: 유성구 온천로 ** (유성온천대온탕 뒷골목)
리스계약: KB캐피탈",담당부서 이첩,교통정책과,,complaints_2024.xlsx,교통정책과
2024,2104,2024-04-20,,익명,여권신청 관련 문의로 담당자 통화 요청,담당부서 이첩,민원여권과,,complaints_2024.xlsx,민원여권과
2024,2105,2024-04-20,,익명,진잠천 상대교인근 기름과 거품이 섞인 물이 유출,담당부서 이첩,푸른환경과,,complaints_2024.xlsx,푸른환경과
2024,2106,2024-04-20,,익명,공용도로(반석동 ***번지) 인근 영업주가 사용(주차)를 금지시키는 것에 대한 민원제기,담당부서 이첩,건설과,,complaints_2024.xlsx,건설과
2024,2107,2024-04-20,,미상,한빛아파트 앞 불법노점상 주말 단속 요청,담당부서 이첩,건설과,,complaints_2024.xlsx,건설과
2024,2108,2024-04-20,,미상,신세계백화점 뒷길 불법주정차 단속요청,단속반 요청(최상근),주차관리과,,complaints_2024.xlsx,주차관리과
2024,2109,2024-04-20,,미상,도룡동 파머스161 인근 불법주정차 단속요청,단속반 요청(최상근),주차관리과,,complaints_2024.xlsx,주차관리과
2024,2110,2024-04-20,,미상,라도무스 인근 불법주정차 단속요청,단속반 요청(최상근),주차관리과,,complaints_2024.xlsx,주차관리과
2024,2111,2024-04-20,,미상,유성온천역~ 구암역 불법주정차 단속요청,단속반 요청(최상근),주차관리과,,complaints_2024.xlsx,주차관리과
2024,2112,2024-04-20,,미상,원신흥동 갑천1블럭 불법주정차 단속요청,단속반 요청(최상근),주차관리과,,complaints_2024.xlsx,주차관리과
2024,2113,2024-04-20,,미상,봉명동 ****-* 일대 불법주정차 단속요청,단속반 요청(최상근),주차관리과,,complaints_2024.xlsx,주차관리과
2024,2114,2024-04-20,,미상,한빛프라자 앞 주말마다 불법노점상. 주말 단속 요청. ,담당부서 이첩,건설과,,complaints_2024.xlsx,건설과
2024,2115,2024-04-20,,미상,대전도로교통공단 앞 고양이 사체,관련부서 이첩,청소행정과,,complaints_2024.xlsx,청소행정과
2024,2116,2024-04-20,,미상,지족동 *** 부근 그물걸린 부상당한 고라니,관련부서 이첩,푸른환경과,,complaints_2024.xlsx,푸른환경과
2024,2117,2024-04-20,,미상,"덕명동 ***-* 인근 최근 지하수 공사했는데, 공사한 부분이 주저앉았음. 확인 요청. ",관련부서 이첩,건설과,,complaints_2024.xlsx,건설과
2024,2118,2024-04-20,,미상,"신성로**번길주변 공사/철거 소음, 오전 8시 50분 최초 신고, 이후 2차례 더 전화옴","민원인에게 공사 중지는 어려우나 현장지도하겠다고 안내함
현장 확인(신성동 144-13) 결과 오후 3시까지 지하철거, 상차 / 일요일 공사 X / 월요일 상차 마무리 및 해체공사 완료
현장소장 010-****-****
",푸른환경과,,complaints_2024.xlsx,푸른환경과
2024,2119,2024-04-20,,미상,세종에서 반석역 방향 구암사 푯말 부근 노루 사체,펫레스규 전달,청소행정과,,complaints_2024.xlsx,청소행정과
2024,2120,2024-04-20,,미상,주말 아침부터 인테리어 공사로 인한 소음,담당부서 이첩,푸른환경과,,complaints_2024.xlsx,푸른환경과
2024,2121,2024-04-20,,미상,봉명로 **(천년나무**단지) 지하주차장 ****동~****동 사이에 2~3일정도 무단방치된 차량이 있어 처리요망(시 이첩사항),담당부서 이첩,교통정책과,,complaints_2024.xlsx,교통정책과
2024,2122,2024-04-20,,익명,"19일 17시경 집앞에 음식물쓰레기를 내놨는데 수거해가지 않음
",담당부서이첩,청소행정과,,complaints_2024.xlsx,청소행정과
2024,2123,2024-04-19,,유성지구대 경찰관,계룡로** 비엔피병원 큰길인근 불법주차로 견인사업소 연락처 알려드렸음. 담당자 연락요청,담당부서 이첩,주차관리과,,complaints_2024.xlsx,주차관리과
2024,2124,2024-04-19,,경찰관 미상,"도룡동삼거리에서 대덕터널쪽 방향 도로에서 교통사고 발생하여 n자 모양 구조물 파손되어 복구요청함.
사고내시분 인적사항 : //010-****-****",당담부서이첩,건설과,,complaints_2024.xlsx,건설과
2024,2125,2024-04-18,,익명,"한빛 아파트 한빛프라자 상가내 철거 회수한 현수막 반환 요청민원 접수, 19일 오전중으로 ***-****-**** 민원인 번호로 꼭 연락달라고 요청함.",담당부서 이첩,건축과,,complaints_2024.xlsx,건축과
2024,2126,2024-04-18,,익명,"야간(밤 9시이후) 에 유성온천역 7번출구 버스정류장쪽 주정차 단속 요청, 불법주정차 차량으로 인한 버스 정류장 기능을 못한다고 함.",담당부서 전달함.,주차관리과,,complaints_2024.xlsx,주차관리과
2024,2127,2024-04-18,,미상,소화기 폐기물스티커 반납 문의,담당부서이첩,청소행정과,,complaints_2024.xlsx,청소행정과
2024,2128,2024-04-18,,미상,유성구보건소에서 호남고속도로 굴다리 가기전에 도로에 경계석이 놓여져 있어 교통이 불편하다고 조치요청,담당부서이첩,건설과,,complaints_2024.xlsx,건설과
2024,2129,2024-04-18,,익명,한빛프라자 음식물 쓰레기 수거가 안되어있어 조치요청 및 반복적으로 미수거 경우가 발생한다고 함. ,담당부서 이첩 ,청소행정과,,complaints_2024.xlsx,청소행정과
2024,2133,2024-04-17,,미상,도룡동 sk뷰 아파트와 한국원자력연료 사원 아파트 사이 도로 중 sk뷰쪽 길가에 불법주정차 신고,담당부서 이첩,주차관리과,,complaints_2024.xlsx,주차관리과
2024,2134,2024-04-17,,미상,원신흥초등학교 진입 보행자 전용도로 쓰레기 수거함 부근에 쓰레기들이 적치되어 있어 홍보와 단속 당부함. ,담당부서 이첩,청소행정과,,complaints_2024.xlsx,청소행정과
2024,2135,2024-04-16,,미상,"혼인사실확인서 관련 민원에 대한 상담 요청, 혼인신고&사실확인서 관련 민원
(4월 16일 구청 방문 업무 관련 구청장님 면담 요청함)",관련부서 이첩,민원여권과,,complaints_2024.xlsx,민원여권과
2024,2136,2024-04-16,,미상,"동물 사체 조치 요청(신성동에서 노은동 송림마을 가는 방향), 고양이 사체",동물사체신고 접수,청소행정과,,complaints_2024.xlsx,청소행정과
2024,2137,2024-04-16,,미상,주차단속 요청(봉명동 ***-* 인근),관련부서 이첩,주차관리과,,complaints_2024.xlsx,주차관리과
2024,2138,2024-04-16,,미상,고가도로와 유성IC가 나오기 전 3차선에 고양이로 보이는 훼손된 사체가 있음. 처리바람.,관련부서 이첩,청소행정과,,complaints_2024.xlsx,청소행정과
2024,2139,2024-04-16,,[삭제],유성구 신성로** 에서 주류제공. 관련 부서에도 통보 바람.,관련부서 이첩,문화관광과,,complaints_2024.xlsx,문화관광과
2024,2141,2024-04-15,,시당직실,원신흥동 신흥들삼거리에 굴삭기가 불법주차 되어있음. 조치바람.,관련부서 이첩,주차관리과,,complaints_2024.xlsx,주차관리과
2024,2142,2024-04-15,,[삭제],수급자 민원인이 번호가 바뀌어서(010-****-**** > 010-****-****) 담당 과에 전달해달라고 부탁함.,관련부서 이첩,희망복지과,,complaints_2024.xlsx,희망복지과
2024,2143,2024-04-15,,익명,북대전ic 나가는길 맨오른쪽 4차선 (대덕테크노밸리 푸르지오 방향) 불법 주차 차량 단속 요청,담당부서 이첩,주차관리과,,complaints_2024.xlsx,주차관리과
2024,2144,2024-04-14,,익명,"원신흥로 **번길 옆 보행자전용도로 쓰레기 불법 투기, 방치로 인해 보행 안전에 위험
불법투기 단속 및 내 집 앞 쓰레기 내놓기 홍보 요청",담당부서 이첩,청소행정과,,complaints_2024.xlsx,청소행정과
2024,2145,2024-04-14,,익명,월드컵 경기장과 노은농수산물도매시장 사이 가로등이 낮에도 켜져있어 시정 요구,담당부서 이첩,건설과,,complaints_2024.xlsx,건설과
2024,2147,2024-04-14,,익명,"레전드 호텔(봉명동 ***-*)인근
흰 주차선(민원인 분 말로는 시/구청에서 주차 가능하게 해둔 곳)내에
고깔 등을 설치해 주차가 불가하도록 막아둠",담당부서 이첩,건설과,,complaints_2024.xlsx,건설과
2024,2148,2024-04-14,,유성지구대,"유림공원 뒤 천변쪽 길이 열려있어 주차하는 차들로 통행 차량이 막히는 상황 다수, 주말에는 닫아놓기 바람",담당부서 이첩,공원과,,complaints_2024.xlsx,공원과
2024,2149,2024-04-14,,익명,"학하2교(학하동) 보행자용 철교의 부식이 심하므로 보수 요청
처리 후 문자 등으로 회신 요청",담당부서 이첩,건설과,,complaints_2024.xlsx,건설과
2024,2150,2024-04-14,,익명,봉암초등학교(궁동 **) 앞길에 수시로 킥보드 방치,담당부서 이첩,교통정책과,,complaints_2024.xlsx,교통정책과
2024,2151,2024-04-14,,한빛아파트 관리소장,한빛아파트 정문 및 후문 쪽 불법현수막 처리 신고,담당부서 이첩,건축과,,complaints_2024.xlsx,건축과
2024,2152,2024-04-14,,익명,전민동 행정복지센터에서 주차장에 주차 해 놓은 본인의 차를 누가 긁고가 cctv를 확인하고싶다고함.,담당부서 이첩,전민동,,complaints_2024.xlsx,전민동
2024,2153,2024-04-14,,익명,도안동로*** 도안 **단지 앞에서 새벽부터 공사 진행중으로 소음이 심하다고 민원,담당부서 이첩,푸른환경과,,complaints_2024.xlsx,푸른환경과
2024,2154,2024-04-14,,유성지구대,자이아파트 앞 횡단보도에 서울 용산 불법주정차 신고(민원인 전화번호 010-****-****)//이륜차 불법주차 경찰서 담당으로 확인되어 유성지구대로 관련사항 재통보,담당부서 이첩,주차관리과,,complaints_2024.xlsx,주차관리과
2024,2155,2024-04-13,,익명,"유성구 유성대로***번길 ** 회춘당한약방 앞 포트홀이 안쪽으로 넓이는 60cm이상,  깊이는 육안상으로 아주 깊에 파여있어 사람들이 돌아다닐때 위험하다고 긴급조치 요망함.
한약방 앞에 임시로 라바콘이 세워져있지만 따로 주민들이 볼수있게 세워놓으라고함.(유성지구대에서 연락)",담당부서 이첩,건설과,,complaints_2024.xlsx,건설과
2024,2156,2024-04-13,,한빛아파트관리사무소 과장님,한빛아파트와 유성근처 불법 현수막 철거 요청(한빛아파트 주택관리업체 공개경쟁입찰 관련 내용 현수막),해당부서 이첩,건축과,,complaints_2024.xlsx,건축과
2024,2157,2024-04-13,,익명,"송강마을*단지앞&휴먼시아*단지 도로, 화물차(덤프트럭)가 양 도로쪽에 방치되어 있음. 이로 인해 버스기사 및 본인도 사고가 날뻔 했음. 밤샘 주차 단속을 하지 않는 듯하다고 민원전화 하심.","주말주차단속반(최상근)에게 우선 순찰 요청드리고, 교통정책과 민원 전달하겠다고 안내드림. ",교통정책과,,complaints_2024.xlsx,교통정책과
2024,2158,2024-04-13,,익명,"방동 천성교회 근처에 목줄없는 큰 개가 돌아다녀 구조 요청함
(119 상황실에서 민원 접수)",유기동물 구조 담당자 연락 및 해당부서 이첩,지역산업과,,complaints_2024.xlsx,지역산업과
2024,2159,2024-04-13,,*** 경사,"[주류 판매 제공 신고] 유성구 지족로 ***
- 노은지구대 *** 경사",해당부서 이첩,문화관광과,,complaints_2024.xlsx,문화관광과
2024,2160,2024-04-12,,익명,자운대 도로 포장공사 중인데 안전 관리 미흡하여 조치 요청함,해당부서 이첩,건설과,,complaints_2024.xlsx,건설과
2024,2161,2024-04-12,,익명,봉명동 ***-*번지 앞 차량 2대 불법주정차 단속 요청,해당 부서 이첩 및 단속반 전달 완료,주차관리과,,complaints_2024.xlsx,주차관리과
2024,2162,2024-04-12,,익명,반석역 뒤쪽 삼성갈비(대전 유성구 반석로**번길 ** 1층) 쪽 불법주정차 단속 요청,해당부서 이첩 및 단속반 전달 완료,주차관리과,,complaints_2024.xlsx,주차관리과
2024,2163,2024-04-12,,미상,"- 폐기물(좌식의자) 수거 요청
- 구암동 초록마을아파트 근처 기아모터스 앞 전봇대
- 3주 전 배출한 건인데 아직 수거안됐다고 하심",해당부서 이첩,청소행정과,,complaints_2024.xlsx,청소행정과
2024,2165,2024-04-12,,미상,"- 유성구 노은서로 *** (CU 대전열매*단지점) 앞 횡단보도 부근
- 도로 위 교통사고 파편 정리 요청
- 초중고 등교길이라 위험해 보이므로 즉시 정리 요청",해당부서 이첩,청소행정과,,complaints_2024.xlsx,청소행정과
2024,2166,2024-04-11,,미상,전민중학교 앞 삼거리에 좌회전 신호시 직진하는 차량들의 신호위반으로 사고 위험이 높아 민원을 제기함. 신호체계 불일치는 경찰서에서 관리한다고  안내하였으나 구청에도 해당 내용 전달 요청하였음.,관련부서 이첩 ,교통정책과,,complaints_2024.xlsx,교통정책과
2024,2167,2024-04-11,,미상,대전 유성구 궁동로**번길 ** 건물 3층 또는 4층 간판이 밤새 깜빡여서 잠을 잘 수 없어 불편하다고 호소함. ,관련부서 이첩,푸른환경과,,complaints_2024.xlsx,푸른환경과
2024,2168,2024-04-11,,미상,"- 어린이집 옆 유성구공무원노동조합에서 설치한 현수막 관련 민원
- ""공무원 정치표현 자유 보장"" 문구 사용에 대해 방문하여 강한 불만을 표출하셨음",관련부서 이첩,운영지원과,,complaints_2024.xlsx,운영지원과
2024,2169,2024-04-11,,미상,"- 반석역 뒤쪽 식당거리 불법주정차 단속 요청
- 삼성갈비(반석로**번길 **) 앞 어린이보호구역 양쪽 주차되어 있어 통행이 어려움
- 단속반 미전달(금일 해당지역 단속반 없음)",해당부서 이첩,주차관리과,,complaints_2024.xlsx,주차관리과
2024,2170,2024-04-11,,유성지구대 *** 순경,"식품위생법위반 신고로 출동 하였음 / 유성구 문화원로 ***
업소 내부를 확인 하지는 못했고
발생보고서만 작성 하여 구청에 연락
관련 부서에 통보 요청",해당 부서에 통보하도록  요청 위생과 지정,위생과,,complaints_2024.xlsx,위생과
2024,2171,2024-04-10,,[삭제],한국타이어 (롯데 케미컬 연구소 길 건너편) 빨간색 맨홀 뚜껑이 파손되어 위험하여 조치 요청(맨홀 뚜껑이 뒤집어질 수도 있다고 함),현장 출장 시행하여 해당장소에 라바콘 설치 후 복귀 / 건설과 담당자에게 연락으로 해당위치 통보,건설과,,complaints_2024.xlsx,건설과
2024,2172,2024-04-10,,미상,"대전광역시 유성구 문화원로 ***
앞 차량이 매번 인도위에 몇년째 같은 차량이 주차 하고 있다고 함
경찰서에  몇차례 연락 했으나, 경찰에서 유성구로 연결 해줘서 민원 남긴다고함.
해당사항은 범칙금 / 벌점 사항으로 알고 있으며 꼭 이첩 해달라고 함. 해당 내용 경찰에 이첩해 주길 바람 
당직 핸드폰으로 사진 전송 해준다고 하였으나 보내주지 않음",주차관리과 지정,주차관리과,,complaints_2024.xlsx,주차관리과
2024,2173,2024-04-10,,미상,덤프트럭 등 장기주차 단속 및 조치 요청(민원 처리결과 전화요청),해당부서 이첩,주차관리과,,complaints_2024.xlsx,주차관리과
2024,2175,2024-04-10,,미상,주차 단속 요청,해당부서 이첩 / 단속반 전달 완료,주차관리과,,complaints_2024.xlsx,주차관리과
2024,2176,2024-04-10,,미상,해당 건물 지하주차장 통행로에 주차된 차량이 있어 통행 불가로 조치 요망,해당부서 이첩/단속반에 전달완료,주차관리과,,complaints_2024.xlsx,주차관리과
2024,2177,2024-04-10,,미상,대각 주차 단속요청/단속반 전달완료,해당부서 이첩/단속반 전달완료,주차관리과,,complaints_2024.xlsx,주차관리과
2024,2178,2024-04-10,,미상,"불편신고
물에 흰게 떠다님, 물이 더럽다",해당부서 이첩,공원과,,complaints_2024.xlsx,공원과
2024,2179,2024-04-10,,미상,"쓰레기 불법투기 단속 및 내집앞 쓰레기 놓기 홍보 요청
(1달정도 쓰레기 방치)
민원인분이 당직폰에 사진 보내주심",해당부서 이첩,청소행정과,,complaints_2024.xlsx,청소행정과
2024,2180,2024-04-10,,미상,주정차 단속요청,해당부서 이첩/ 단속반 전달 완료,주차관리과,,complaints_2024.xlsx,주차관리과
2024,2181,2024-04-10,,미상,주정차 단속 요청,해당부서 이첩/ 단속반 전달완료,주차관리과,,complaints_2024.xlsx,주차관리과
2024,2182,2024-04-09,,익명,"어제, 오늘 관평동 윗관들어린이공원 인도에 공사를 했음(중앙 분리대에 조명 공사?) 
공사업체가 공사 후 시멘트 파편을 주변에 마구 버려놓고 방치한 상태임( 마대자루에 담은 시멘트도 방치)
이를 감독하는 부서에서 이를 공사 감독하고 마무리를 깨끗하게 해주기를 바람.  민원인에게 꼭 전화해주기 요청함!!!!  ",담당부서로 이첩,건설과,,complaints_2024.xlsx,건설과
2024,2183,2024-04-08,,미상,"노은시티빌 앞 파란의자 폐기물 스티커 있는채로 장시간 방치, 즉시 수거 요망",해당부서 이첩,청소행정과,,complaints_2024.xlsx,청소행정과
2024,2184,2024-04-08,,미상,대정동 한진물류택배  앞 주정차 단속 요청,해당부서 이첩,주차관리과,,complaints_2024.xlsx,주차관리과
2024,2185,2024-04-08,,미상,참관인 신청했으나 연락을 받지 못하여 연락 요망(신청지 : 도룡동 대덕초등학교),해당 동 이첩 ,신성동,,complaints_2024.xlsx,신성동
2024,2186,2024-04-08,,미상,"고양이 사체
위치 : 한전원자력연료TSA(대전 유성구 테크노*로 *) 앞 사거리, 관평천 끼고 있는 쪽임. 맞은편에 락싸 맞은편.",해당부서 이첩,청소행정과,,complaints_2024.xlsx,청소행정과
2024,2187,2024-04-08,,[삭제],봉명동 라온팰리스(문화원로***) 도시형생활주택 관리 부실로 소유주 과징금 부과 요청,담당부서 이첩,공동주택과,,complaints_2024.xlsx,공동주택과
2024,2188,2024-04-08,,대전유성경찰서 유성지구대,"대전유성경찰서 유성지구대 연락
- 홈플러스에서 충남대학교로 가는 방향의 한밭대로에 중앙분리대가 쓰러져 있어 지구대에서 현장 출동함
- 사고 흔적은 없었고, 아래쪽 나사가 풀려 있어 쓰러진 것으로 추측. 현재 세워놓은 상태이며 교통과로 이첩 바람",해당부서 이첩,대전광역시,,complaints_2024.xlsx,대전광역시
2024,2189,2024-04-07,,미상,"원신흥로 **번길 **-* 근방, 보행자전용도로에 20일째 쓰레기가 수거되지 않아 문자보냄(사진참고)",해당부서 이첩,청소행정과,,complaints_2024.xlsx,청소행정과
2024,2190,2024-04-07,,미상,"상옥체육공원(대전 유성구 엑스포로 ***)에서 2명이서 한시간 넘게 골프를 치고 있어 신고 전화가 옴
(시설관리공단에 전화해보았으나 전화를 받지 않아 구청으로 전화)",해당부서 이첩,대전광역시시설관리공단,,complaints_2024.xlsx,대전광역시시설관리공단
2024,2191,2024-04-07,,미상,엑스포로 ***번길맨홀파손 수선요청,"김영진주사님 통화, 해당부서이첩",건설과,,complaints_2024.xlsx,건설과
2024,2192,2024-04-07,,미상,라온펠레스 앞 맨홀뚜껑 열리면서 하수도 역류,해당부서 이첩 / 담당자 연락,건설과,,complaints_2024.xlsx,건설과
2024,2193,2024-04-07,,미상,도룡동 파머스 직각주차 단속CCTV 설치요청,해당부서이첩,주차관리과,,complaints_2024.xlsx,주차관리과
2024,2194,2024-04-07,,유성경찰서 상황실,원신흥동 위너스 풋살장 불법 주정차 단속 요청,해당부서 이첩/주차민원 단속 연락함,주차관리과,,complaints_2024.xlsx,주차관리과
2024,2196,2024-04-07,,[삭제],유림공원 3거리에서 한밭대로 가는 방면 중간에 위치한 주황색 차선규제봉 파손을 했다며 신고함. 부서진 봉은 길옆으로 치워놓았다고 하였음,해당부서 이첩,주차관리과,,complaints_2024.xlsx,주차관리과
2024,2197,2024-04-07,,미상,노은3지구 lh 근처 배회하는 유기견(흰색) 신고,해당부서 이첩,지역산업과,,complaints_2024.xlsx,지역산업과
2024,2198,2024-04-07,,119상황실,유성경찰서 뒷편과 반석천 부근을 배회하는 유기견(베이지색)이 있어 신고함,해당부서 이첩,지역산업과,,complaints_2024.xlsx,지역산업과
2024,2199,2024-04-07,,유성경찰서상황실,유성호텔 교차로 앞 교통사고 잔해물 처리,해당부서이첩 / 남부지역 감독님(황희수)께 문자연락 함,청소행정과,,complaints_2024.xlsx,청소행정과
2024,2200,2024-04-07,,미상,"대전도안LH*단지 ***동 앞 인도에 의자 및 쓰레기 방치되어있음(6개월 이상)
",해당부서이첩,청소행정과,,complaints_2024.xlsx,청소행정과
2024,2201,2024-04-07,,미상,"궁동 성원세탁소 앞 자전거도로 내려가는길이 벗겨져서 나와서 확인후 처리 요망
",해당부서이첩,건설과,,complaints_2024.xlsx,건설과
2024,2202,2024-04-06,,미상,덕명동 ***-**번지 앞 맨홀파손,타기관 측 선조치상태 확인 후 관련부서 이첩,건설과,,complaints_2024.xlsx,건설과
2024,2203,2024-04-06,,미상,"3. 31.(일) 카이스트앞 도로 불법주정차 관련으로 민원을 넣음/
4. 1.(월) 교통과 담당팀장이랑 통화했는데, 당시 담당팀장이 경찰에 협조공문 보내고, 주말에 교통통제 하겠다고 답변받았다고 함/
4. 6.(토) 여전히 교통통제가 되지 않고 있어, 월요일 아침 출근하자마자 해당팀장이 바로 본인에게 연락하길 요청함",담당부서 이첩,교통정책과,,complaints_2024.xlsx,교통정책과
2024,2204,2024-04-06,,미상,"노브랜드 노은점 앞(노은동 ***) 도로에 연등이 설치되어 있는데 사람 키보다 낮게 설치되어 보행시 위험해 보임, 철거 요청",담당부서 이첩,건설과,,complaints_2024.xlsx,건설과
2024,2205,2024-04-06,,미상,"에이팩 회사 앞 도로(화암동 **)에 포트홀때문에 타이어 파손, 담당자 연락 요망",담당부서 이첩,건설과,,complaints_2024.xlsx,건설과
2024,2206,2024-04-06,,미상,노은동 열매마을 *단지(노은서로 ***) 지족실어린이공원 앞 도로에 불법 현수막때문에 어린이들이 보이지 않아 사고위험이 있어 현수막 긴급 철거 요청,담당부서 이첩,건축과,,complaints_2024.xlsx,건축과
2024,2207,2024-04-06,,미상,샘물타운 아파트 앞 도로(원내동 ***) 가로등 대낮에 켜져있음,담당부서 이첩,건설과,,complaints_2024.xlsx,건설과
2024,2208,2024-04-06,,미상,보건소 직원이 본인에게 난동이라는 표현을 써서 매우 불쾌하여 감사실에 신고를 원함,담당부서 이첩,감사실,,complaints_2024.xlsx,감사실
2024,2209,2024-04-06,,미상,방동미래LPG충전소(방동 ***-*)를 지나 계룡방면 2km 지나 가로등이 대낮에 켜져있음,담당부서 이첩,건설과,,complaints_2024.xlsx,건설과
2024,2211,2024-04-06,,미상,"의류수거함에 지갑을 넣어둔채 의류를 버림, 수거함에 기재된 번호로 전화했는데 받지 않음. 의류수거업체 연락처 요망",담당부서 이첩,건설과,,complaints_2024.xlsx,건설과
2024,2212,2024-04-06,,익명,아파트에 사전투표 장소가 없어서 불편하다고 반영해달라고 함,해당부서 이첩,마을자치과,,complaints_2024.xlsx,마을자치과
2024,2213,2024-04-06,,익명,와룡로 **(두리초) ~ 둔곡동 방면 // 포트홀 해결 요청,해당부서이첩,건설과,,complaints_2024.xlsx,건설과
2024,2214,2024-04-06,,익명,"한진오피스텔 뒷쪽 유성천 산책길에 반려견 목줄 미착용건이 많음. (유성자이아파트 방향, 홈플러스 방향)
단속 요청",담당부서 이첩,지역산업과,,complaints_2024.xlsx,지역산업과
2024,2216,2024-04-05,,익명,"용산동 호반써밋 아파트 단지 옆(***동 쪽 외벽) 공터에서 천막을 치고 24시간 스피커로 노래를 틀어놓아 소음유발함.
3~4일 전부터 소음이 계속 되고 있어 조치 요청함.",담당부서 이첩,푸른환경과,,complaints_2024.xlsx,푸른환경과
2024,2217,2024-04-05,,익명,대전 창업열린공간(스타트파크) 저녁시간 공사로 인근주민 불편 호소.,"시공사 담당직원 연락하여 조치 요청하였으나, (담당직원 010-****-****)
시정조치되지 않고 계속해서 소음발생 및 통행 방해로 강력단속 요망.
당직자가 직접 현장에 방문하여 상황파악 및 주의 조치하였으나,
이른 아침시간과 저녁시간에는 공사를 자제하도록 시공사에 한번 더 안내가 나가야할 듯함.",푸른환경과,,complaints_2024.xlsx,푸른환경과
2024,2218,2024-04-05,,익명,"관평동 먹자골목쪽 주정차 허용시간대가 궁금하다고 문의주심.
월요일에 바로 연락 요망","인터넷 검색해도 나오지 않아, 관평동 행정복지센터로 이첩",주차관리과,,complaints_2024.xlsx,주차관리과
2024,2220,2024-04-05,,익명,반석로 * 인도 가로청소 요청,담당부서 이첩,청소행정과,,complaints_2024.xlsx,청소행정과
2024,2221,2024-04-05,,유성지구대,수정초등학교 사거리(노은동 ***)에서 차량이 신호기에 충돌하여 신호기가 기울어지고 오일 유출됨,담당부서 이첩,건설과,,complaints_2024.xlsx,건설과
2024,2222,2024-04-05,,[삭제],"장대동 ***-* 앞 도로 교통사고로 인해 중앙분리대 파손되었으며, 파손된 것은 도로 옆 이화목재합판철물점 앞에 두었으니 조치 요청",담당부서 이첩,건설과,,complaints_2024.xlsx,건설과
2024,2223,2024-04-04,,진잠파출소,대정동 **-* 교통사고 잔해물 처리요청 / 큰 잔해물들은 경찰에서 치움,담당부서 이첩,청소행정과,,complaints_2024.xlsx,청소행정과
2024,2224,2024-04-04,,유성지구대,온천서로 ** 앞 도로 불법주정차 때문에 통행 불편하여 단속요청,담당부서 이첩,주차관리과,,complaints_2024.xlsx,주차관리과
2024,2225,2024-04-04,,익명,"화폐박물관 앞쪽 벚꽃길~조폐공사 정문까지 가로등 조명이 꺼져있어서, 조명을 켜줬으면 좋겠다는 내용으로 담당부서에 전달 요청함
(20:14) 동일 내용(탄동천 벚꽃길)으로 다른 민원인의 010-****-**** 조명 켜달라는 민원 내용",담당부서 이첩,건설과,,complaints_2024.xlsx,건설과
2024,2226,2024-04-04,,익명,봉명동 ***-*(유성온천역 맘스터치 앞)쪽 인도에 차량이 번호판 가리고 불법주차하니 단속요청 민원,담당부서 이첩,주차관리과,,complaints_2024.xlsx,주차관리과
2024,2227,2024-04-04,,익명,화암네거리(전민동에서 관평동 가는 방향)에 고라니 사체 처리 요청,펫 레스큐에 전달완료 및 당직민원 등록,청소행정과,,complaints_2024.xlsx,청소행정과
2024,2228,2024-04-03,,복용파출소장,"***(덕명동로**번길 **-*) 거주 중으로, 섬망증상이 있음. 응급입원 등 기타 조치 필요하다며 요청함
연락처는 복용파출소장에게 전화 바람.  ",해당부서 이첩,희망복지과,,complaints_2024.xlsx,희망복지과
2024,2229,2024-04-03,,익명,"국가지정번호 다바 8592 1628 (위치: 진잠천 돌다리라고 표현)
돌다리 침하가 이전보다 더 많이 진행되었음. 안전상 조치가 필요해 보임. ",해당부서 이첩,재난안전과,,complaints_2024.xlsx,재난안전과
2024,2230,2024-04-03,,익명,"(20:50) 화폐박물관 앞쪽 벚꽃길~조폐공사 정문까지 가로등 조명이 꺼져있어서, 조명을 켜줬으면 좋겠다는 내용으로 담당부서에 전달 요청함. 회신전화 요청하지 않음.
(20:55) 동일 내용(탄동천 벚꽃길)으로 다른 민원인의 010-****-**** 조명 켜달라는 민원 내용=> 회신전화 요청하지 않음.",해당부서 이첩,건설과,,complaints_2024.xlsx,건설과
2024,2231,2024-04-03,,익명,진터네거리(상대동 ***-* 앞쪽)에 화물차량 주차로 인한 교통방해 조치요청,담당부서 이첩,주차관리과,,complaints_2024.xlsx,주차관리과
2024,2232,2024-04-03,,익명,"문지동 ***-*도로에 장기주차 자동차 조치 요청 
특이사항: 전에도 요청했으나 조치가 되지 않음",담당부서 이첩,주차관리과,,complaints_2024.xlsx,주차관리과
2024,2233,2024-04-03,,미상,"도룡동 청년하우스 뒷길 강력한 주차단속 요함 / 지속적 민원제기하였으나 처리안됨
(필요시, 청년하우스 관리사무소와 협동 단속 요청!)",해당 부서로 이첩,주차관리과,,complaints_2024.xlsx,주차관리과
2024,2234,2024-04-02,,미상,홈플러스 앞 갑천근린공원 벚꽃 잘 볼수 있게 등설치 건의민원,담당부서 이첩,공원과,,complaints_2024.xlsx,공원과
2024,2235,2024-04-02,,미상,"어은동 바나프레소 쪽, 맞은편 과일나라쪽 불법현수막 철거요청(아파트광고 관련 내용)",담당부서 이첩,건축과,,complaints_2024.xlsx,건축과
2024,2236,2024-04-02,,미상,도룡동 유성소방서 맞은편 맥도날드쪽 도로에 포트홀이 너무 많음. 조치 요청함.,담당부서 이첩,건설과,,complaints_2024.xlsx,건설과
2024,2237,2024-04-02,,미상,"하기중학교 앞에 학생들 등교차량(학부모 차량, 대형버스)이 정차해서 아침 출근시간 7:40~8:20에 특히 정차가 너무 심하고 사고가 날 것 같음.
조치를 꼭 취해주고 연락해달라고 하심.",담당부서 이첩,주차관리과,,complaints_2024.xlsx,주차관리과
2024,2238,2024-04-02,,미상,"원신흥로**번길 **-** 근처 쓰레기 장기방치 처리 요청
지속적으로 이런 상황이 발생해서 계도를 당부함.
당직폰으로 사진을 문자로 보내고 전화함.",담당부서 이첩,청소행정과,,complaints_2024.xlsx,청소행정과
2024,2239,2024-04-01,,미상,"진잠동 보안등 쓰러져있어서 신고함. 누가 차로 친 것 같다고 하심.
쓰러져있는 보안등의 옆 보안등번호: 진잠천사4C-3",담당부서 이첩,건설과,,complaints_2024.xlsx,건설과
2024,2240,2024-04-01,,한빛아파트 관리사무소,"유성구의회 옆 쪽, 구청건너편 지혜당 약국 앞, 어은치안센터에서 한빛아파트 방향 불법현수막 철거 요청",담당부서 이첩,건축과,,complaints_2024.xlsx,건축과
2024,2241,2024-04-01,,미상,유성금호고속터미널 불법주정차 단속 요청,단속반 상황실 전달 및 담당부서 이첩,주차관리과,,complaints_2024.xlsx,주차관리과
2024,2242,2024-04-01,,유성경찰서,"학하동 ***(회동삼거리) 교통사고 후 초동조치는 완료하였으나 도로에 사고잔여물 발생, 처리 요망",담당부서 이첩,청소행정과,,complaints_2024.xlsx,청소행정과
2024,2243,2024-03-31,,미상,신세계백화점에서 기초과학연구원 방향으로 꺾어 유성소방서 가는길(대덕대로***번길추정) 고양이 사체 / 펫레스큐 수거요청 완료,펫레스큐 내용전달 및 당직민원 등록,청소행정과,,complaints_2024.xlsx,청소행정과
2024,2244,2024-03-31,,미상,관내 주차공간이 부족하여 아파트 단지 진입로 등에 주차를 할 수 밖에 없는데 주말까지 주차단속을 하는 건 문제가 있음 / 주말에는 주차단속을 시행하지 않는 것에 대해 검토해주시기 바람(전화회신 불필요),담당부서 이첩,주차관리과,,complaints_2024.xlsx,주차관리과
2024,2245,2024-03-31,,미상,"주말 카이스트 정문 쪽 꽃놀이 등 사유로 차량통행 불가, 불법좌회전 등 교통문제가 심각 / 유성구청에서 유성경찰서로 해당 건의 통제를 공문통해 요청해주기 바람 / 유성구청 교통정책과, 주차관리과의 각 팀장님들이 월요일 중으로 본인에게 연락주시기를 요청함",담당부서 이첩,주차관리과,,complaints_2024.xlsx,주차관리과
2024,2246,2024-03-31,,미상,"주말 카이스트 정문 쪽 꽃놀이 등 사유로 차량통행 불가, 불법좌회전 등 교통문제가 심각 / 유성구청에서 유성경찰서로 해당 건의 통제를 공문통해 요청해주기 바람 / 유성구청 교통정책과, 주차관리과의 각 팀장님들이 월요일 중으로 본인에게 연락주시기를 요청함",담당부서 이첩,교통정책과,,complaints_2024.xlsx,교통정책과
2024,2249,2024-03-31,,미상,유성ic 만남의 광장 주차장에서 소지품 분실(초록색가방)/ 해당부서에 전달 요청,해당부서 이첩 및 경찰서연락 안내,주차관리과,,complaints_2024.xlsx,주차관리과
2024,2250,2024-03-31,,미상,"천년나무**단지 버스정류장(47160, 휴먼시아 **단지방면) 승강장 위치에 지속적인 불법주정차 트럭 담당부서 조치 요청(연락처 없음, 대전**아****)/ 버스 승객들 승하차시 위험",해당부서 이첩,주차관리과,,complaints_2024.xlsx,주차관리과
2024,2255,2024-03-31,,미상,도룡동 파머스마켓 인근 불법주정차단속 요청/ 근본적인 해결 요구,불법주정차 단속팀 전달 및 해당부서 이첩,주차관리과,,complaints_2024.xlsx,주차관리과
2024,2257,2024-03-31,,미상,어은동 한빛프라자 쪽에 불법 노점상 단속 현수막이 게시됨에도 매주 일요일마다 노점상이 들어옴. 국민신문고에도 반복해서 민원접수해도 조치가 되지 않음.,해당부서 이첩,건설과,,complaints_2024.xlsx,건설과
2024,2259,2024-03-31,,익명,유성경찰서에서 죽동으로 가는 방향 반석천 통행로에 오토바이를 타고 자주 이동하시는 분이 있으니 오토바이 통행 금지할 수 있는 방법을 연구해 달라 하심,해당부서 이첩,재난안전과,,complaints_2024.xlsx,재난안전과
2024,2260,2024-03-31,,미상,"선거 관련해서 봉사요원 모집하는거 올해도 하는지 / 이미 모집 끝났는지에 관한 문의전화
월요일에 연락드린다고 함",해당부서 이관,마을자치과,,complaints_2024.xlsx,마을자치과
2024,2261,2024-03-31,,도룡지구대,전민동 피시방에서 미성년자 출입 적발,해당부서 이첩,문화관광과,,complaints_2024.xlsx,문화관광과
2024,2263,2024-03-31,,구즉지구대,관들*길 * / 미성년자대상 주류판매 적발하였음 / 구즉지구대 *** 경위,담당부서 이첩,보건소,,complaints_2024.xlsx,보건소
2024,2264,2024-03-31,,미상,"문화원로 **. 그랑펠리체 하수구 역류로 인한 하수 넘침 및 악취, 관련부서 조치 희망",비상근무자 전달(전화) 및 담당부서 이첩,건설과,,complaints_2024.xlsx,건설과
2024,2265,2024-03-30,,미상,전민중학교 옆 가로등 (큰도로변쪽) 아무것도 안켜져있다고 함.,해당부서 이첩,건설과,,complaints_2024.xlsx,건설과
2024,2266,2024-03-30,,한빛아파트 경비실,"한빛아파트 ***동과 ***동 사이(아파트 외부 길가)에 불법 현수막 걸려있음 
월요일에 회신 요청",담당부서 이첩,건축과,,complaints_2024.xlsx,건축과
2024,2267,2024-03-30,,미상,30일 17:36경 마을버스 5번버스에서 하차하면서 물건을 두고 내렸음. 찾을 수 있을지 문의함. 월요일에 회신요청함,담당부서 이첩,교통정책과,,complaints_2024.xlsx,교통정책과
2024,2268,2024-03-30,,미상,대형폐기물 인터넷 신청분 취소 후 재결제 희망 / 월요일 회신안내드렸음,담당부서 이첩,청소행정과,,complaints_2024.xlsx,청소행정과
2024,2269,2024-03-30,,미상,"도룡동 파머스 마켓 인근 주차단속 요망
항상 불법주차가 되어있는데 주차를 막을 수 있는 시설물 설치가 가능한지 문의하심
민원인께 연락 요망",관련부서 이첩,주차관리과,,complaints_2024.xlsx,주차관리과
2024,2270,2024-03-30,,미상,"성북로 ***번길 **(성북3통) 집 앞에 동일 차량이 반복적으로 차(소렌토)에서 쓰레기를 불법 투기함 (해당 불법 투기자 단속 요청)
민원인에게 연락 요망.",해당부서 이첩,청소행정과,,complaints_2024.xlsx,청소행정과
2024,2271,2024-03-30,,미상,"둔곡동 우미린아파트 근처 초,중학교 신축 공사 중 다량의 먼지 발생으로 주민불편 호소.(우미린아파트 관리사무소에서 연락옴)",대전교육청 당직실로 관련내용 전달하여 교육청에서 조치 예정,푸른환경과,,complaints_2024.xlsx,푸른환경과
2024,2272,2024-03-30,,미상,고라니 사체 처리 요청(세동로 ***-*),펫레스규에 문자메시지 발송 및 동물사체처리대장 기재완료,청소행정과,,complaints_2024.xlsx,청소행정과
2024,2273,2024-03-30,,미상,"원신흥동에서 고려교 사이 자전거도로 불법주차 차량 견인요청
견인건수 및 견인지역도 점심시간 단속 유예 대상인지 확인하여 연락 요청함
일정 시간대에 견인하지 않는데 왜 견인지역 표지판이 있나 항의하심 
주차하면 안 되는 곳이라 견인지역이니 주말에도 견인하여 처리하여 달라 하심",담당부서 이첩,주차관리과,,complaints_2024.xlsx,주차관리과
2024,2274,2024-03-30,,미상,반석옆 앞 지족->노은방향 도로에  골프업소(파란색 현수막) 설치하고 있음 단속요망,담당부서 이첩,건축과,,complaints_2024.xlsx,건축과
2024,2275,2024-03-30,,미상,엑스포유치원에서 전민중학교 걸쳐 엑스포아파트 *단지까지 양쪽 갓길에 불법 주정차 단속 요청 및 갓길에 주정차 하지 못하도록 볼라드 설치 요청,주말단속반에 해당내용 전달 및 담당부서 이첩,주차관리과,,complaints_2024.xlsx,주차관리과
2024,2276,2024-03-30,,미상,라도무스4거리에 있는 자전거 전용도로에 불법 주정차 단속 요청,주말단속반에 해당내용 전달,주차관리과,,complaints_2024.xlsx,주차관리과
2024,2277,2024-03-30,,미상,도룡동 스마트시티 주변 (ICC웨딩홀 근처) 불법 주정차 단속 요청,주말 단속반에 해당내용 전달,주차관리과,,complaints_2024.xlsx,주차관리과
2024,2278,2024-03-30,,미상,대전 MBC 근처 불법 주정차 단속 요청,주말단속반에 해당내용 전달,주차관리과,,complaints_2024.xlsx,주차관리과
2024,2279,2024-03-30,,미상,충남대학교 근처 도로 (궁동 ***-*번지) GS편의점 앞 소방구역표지 및 인도 부근 바퀴벌레로 추정되는 수십마리 사체 발견되어 처리 요청,담당부서 이첩,예방의약과,,complaints_2024.xlsx,예방의약과
2024,2280,2024-03-30,,미상,봉명동 하나로마트 건설현장 인근 도로에 자재와 크레인으로 교통 불편함 신호수 배치 요망,건설과 조한원 현장 방문하여 자재 이동배치와 신호수 배치 요청하여 처리함,건설과,,complaints_2024.xlsx,건설과
2024,2281,2024-03-30,,[삭제],백내장 수술로 앞이 보이지 않아 요양원 혹은 요양병원 입원 희망,동담당자 및 119에 내용 전달,온천2동,,complaints_2024.xlsx,온천2동
2024,2282,2024-03-30,,미상,유성 황우마을 앞 고양이 사체 신고(계룡로***번길 **),처리반(펫레스큐)에 문자메시지 발송 및 동물사체처리대장 기재,청소행정과,,complaints_2024.xlsx,청소행정과
2024,2283,2024-03-30,,미상,"용계동 힐스테이트 1차 아파트 앞쪽, 뒤쪽 골목길까지 불법 주정차 신고",주말단속반에 해당 내용 전달,주차관리과,,complaints_2024.xlsx,주차관리과
2024,2284,2024-03-30,,미상,"신세계백화점 뒤쪽, 관광공사 정문 갓길에 불법 주정차",주말단속반에 관련내용 전달,주차관리과,,complaints_2024.xlsx,주차관리과
2024,2285,2024-03-30,,미상,"노은동 열매마을 아파트 *단지 뒤 지족산 등산로 중 칼국수 음식점 뒤 쪽으로 올라가면 나오는 삼거리에서 좌측으로 가는 길에서 등산로 훼손으로 인해 보행 위험 / 삼거리 좌측은 정상방향임
관련 등산로 보행 중 부상으로 인한 피해보상 가능한지 등 문의",담당 부서 이첩,녹지산림과,,complaints_2024.xlsx,녹지산림과
2024,2286,2024-03-30,,미상,"관평동 나음타워 내  입주민 차량 외 상가 이용객의 주차를 금지하고 있음 
위 사항이 적법한지 문의함",담당부서 이첩,주차관리과,,complaints_2024.xlsx,주차관리과
2024,2287,2024-03-30,,미상,궁동 ***-**번지 앞 차량 주차단속 요망,주말단속반에 내용 전달,주차관리과,,complaints_2024.xlsx,주차관리과
2024,2289,2024-03-30,,미상,도안지하차도(라도무스 앞) 안 포트홀 발생,담당부서 이첩,건설과,,complaints_2024.xlsx,건설과
2024,2290,2024-03-30,,미상,갑천1블록 아파트 앞 주차단속 요망,주말단속반에 내용 전달,주차관리과,,complaints_2024.xlsx,주차관리과
2024,2291,2024-03-30,,미상,전민동 엑스포코아에서 관평동 가는 로타리 사이 전민중학교쪽 가로등이 4일정도 밤에 켜지지 않음,담당부서 이첩,건설과,,complaints_2024.xlsx,건설과
2024,2292,2024-03-30,,미상,한밭대에서 플랜트치과 방면 하천변 가로등이 낮에 켜있음,담당부서 이첩,건설과,,complaints_2024.xlsx,건설과
2024,2293,2024-03-30,,유성지구대,온천동로**번길 **에서 식품위생법 위반사항(유흥 접객원) 단속,해당부서 이첩,위생과,,complaints_2024.xlsx,위생과
2024,2294,2024-03-29,,유성지구대,포트홀 추가 발생 확인(다이소 유성온천역점 앞 도로/ 유성온천역 7번출구 인근),당직민원 접수,건설과,,complaints_2024.xlsx,건설과
2024,2295,2024-03-29,,대전시청 당직실,성북로***번길 ** 앞 도로에 개 묶여 있음(민원인이 경찰에 우선 신고) ,"- 신고인에게 통화 시도했으나, 현장 출동경찰에 설명 후 당직실로 전화주겠다고 답변함
- 지역산업과 담당자(오아영)에 유선으로 내용 통보 및 당직민원 등록",지역산업과,,complaints_2024.xlsx,지역산업과
2024,2296,2024-03-29,,민원,"(유성구 전반적으로) 교회의 난립 때문에 십자가 불빛으로 인한 피해가 심하다고 주장. 
1. 크기, 모양, 밝기, 수량 등이 미관상 좋지 않음 2. 운전자가 신호등을 바라봤을 때 주의를 빼앗는 위치에 있어 위험함 3. 도로에 너무 가까이에 있음 4. 유리로된 교회 벽면은 미관상 안좋고 빛을 반사해 위험함
관련 기준 등을 정비할 필요가 있다고 주장함.",담당부서 이관,푸른환경과,,complaints_2024.xlsx,푸른환경과
2024,2297,2024-03-29,,유성지구대,"온천로 **(파리바게트) 앞쪽 충대방향 도로 *차선에 포트홀 발생으로 조치 요청(민원인은 유성지구대 직원이라고 하였고, 개인번호로 전화 옴)",해당부서 이첩,건설과,,complaints_2024.xlsx,건설과
2024,2298,2024-03-29,,미상,복용동 ***-* 앞에 음식물 쓰레기 처리 요청(며칠째 안 가져 감),해당부서 이첩,청소행정과,,complaints_2024.xlsx,청소행정과
2024,2299,2024-03-29,,미상,도로 적치물 관련 / 계룡로***번길 **로 가는 길에 있는 삼거리 부근 / 폐타이어 등의 적치물로 인해 차량 통행이 어려우므로 조치 요청,해당부서 이첩,건설과,,complaints_2024.xlsx,건설과
2024,2300,2024-03-29,,미상,원촌동 스마트풋살장에서 엑스포아파트 방면 가는 도로인데 풋살장 가기 전 쯤에 포트홀로 타이어 펑크남. 월요일에 담당자 분 연락 요청함.,해당부서 이첩,건설과,,complaints_2024.xlsx,건설과
2024,2301,2024-03-29,,[삭제],봉명동 ***-* 불법주차 단속 요청. 단속반에 연락하였으나 금일 근무시간 조정으로 인해 불가. ,담당부서 이관,주차관리과,,complaints_2024.xlsx,주차관리과
2024,2302,2024-03-29,,미상,유성구 은구비로 **(지족동) 도로 불법주정차 단속 요청(발신번호표시제한),해당부서 이첩,주차관리과,,complaints_2024.xlsx,주차관리과
2024,2303,2024-03-29,,[삭제],"3.29.(금) 17:30경 민원여권과에서 지갑(신분증 포함) 분실.
- 인적사항: ***(**.*.*.)",당직원이 찾아봤지만 미발견으로 해당 부서 이첩,민원여권과,,complaints_2024.xlsx,민원여권과
2024,2304,2024-03-29,,미상,원신흥동 하나님의 교회 쪽 도로에 광고트럭 불법 주정차 신고(이미 수차례 전화했지만 단속을 안 하는 것 같다고 함),해당부서 이첩,주차관리과,,complaints_2024.xlsx,주차관리과
2024,2305,2024-03-29,,익명,테크노 **로와 갑천로 만나는 지점(조폐공사) 고양이 사체 처리요청,담당부서 이첩,청소행정과,,complaints_2024.xlsx,청소행정과
2024,2306,2024-03-29,,익명,(세종→대전) 방향 둔곡터널에서 오봉터널 사이 2차선 도로 포트홀 조치 요청,담당부서 이첩,건설과,,complaints_2024.xlsx,건설과
2024,2307,2024-03-29,,익명,노은로***번길 ** 송림마을 *단지 ***동과 보스턴 카워시(세차장) 사이 도로 로드킬 당한 토끼 사체 처리 요청,담당부서 이첩,청소행정과,,complaints_2024.xlsx,청소행정과
2024,2308,2024-03-29,,익명,원신흥동 트리플시티 앞 육교 엘리베이터 고장 접수,관련부서 이첩,건설과,,complaints_2024.xlsx,건설과
2024,2309,2024-03-28,,[삭제],"삼양연구소(대덕대로***) 앞 도로 포트홀이 너무 커서 자동차 타이어 펑크남
010-****-**** 통화연결 안 되면 010-****-****(아들)에게 연락요청",담당 부서 이첩,건설과,,complaints_2024.xlsx,건설과
2024,2310,2024-03-28,,익명,충남대학교 농업생명과학관 1호관 버스정류장 앞 도로 고양이 사체 처리 요청,동물사체처리반 문자 전달 및 접수대장 기록,청소행정과,,complaints_2024.xlsx,청소행정과
2024,2311,2024-03-28,,익명,"대전디자인진흥원(테크노*로 **) 건너편 도로에 고라니 사체가 있다고 민원이 접수됨.
민원인 2명: 010-****-****, 010-****-****
",동물사체 처리반 보고 및 담당부서 이첩,청소행정과,,complaints_2024.xlsx,청소행정과
2024,2312,2024-03-28,,노은지구대,"차량 사고로 도로 중앙분리지역 주황색 구조물 및 가로수가 훼손되었음
- 위치: 지족로***번길 **, 네이처뷰아파트 앞 ",해당부서 이첩,녹지산림과,,complaints_2024.xlsx,녹지산림과
2024,2313,2024-03-28,,익명,항공우주연구원과 한국생명공학연구원 후문 사이에 작은 동물 사체(고양이로 추정)가 있다는 민원 전화.,동물사체처리반 문자 보고 및 접수대장에 해당 내용 기입,청소행정과,,complaints_2024.xlsx,청소행정과
2024,2314,2024-03-27,,익명,"원신흥동 갑천1 트리풀시티(대전 유성구 도안동로 ***) 주변 일대가 탄내가 심하다고 민원을 접수하셨습니다. 
소각할 때 나는 냄새와 비슷하다고 합니다.",담당 부서 이첩,청소행정과,,complaints_2024.xlsx,청소행정과
2024,2315,2024-03-27,,[삭제],"노은3동에서 폐기물 스티커를 발급받았는데, 재인쇄가 필요한 것 같아 문의드림.
다시 전화 달라고 부탁하셨습니다.",담당부서 이첩,청소행정과,,complaints_2024.xlsx,청소행정과
2024,2316,2024-03-27,,[삭제],"현역 군인인데 알림톡으로 민방위 관련 내용이 지속적으로 발송된다고 합니다.
민방위 알림톡 콜센터에 문의를 하여 더 이상 알림을 받지 않을 거라는 내용을 들었고, 이와 관련하여 관할 동 민방위 담당자에게 말씀드리려고 전화했다고 합니다.",해당부서 이첩,신성동,,complaints_2024.xlsx,신성동
2024,2317,2024-03-27,,[삭제],주정차 위반 과태료 한 건이 6만원 이상이 나왔는데 그 이유에 대해 문의하셨습니다.,담당 부서 이첩,주차관리과,,complaints_2024.xlsx,주차관리과
2024,2318,2024-03-27,,***,문지초등학교 정문 15m 앞 횡단보도에 불법주차된 횡단보도 단속 요청,관련부서이첩,주차관리과,,complaints_2024.xlsx,주차관리과
2024,2319,2024-03-27,,[삭제],중앙백신연구소삼거리 → 화암네거리 방향으로 포트홀 조치 요함,민원사항 이첩,건설과,,complaints_2024.xlsx,건설과
2024,2320,2024-03-27,,[삭제],둔곡1터널(대전→세종) 입구 1차선에 포트홀 조치 요청,관련부서 이첩,건설과,,complaints_2024.xlsx,건설과
2024,2321,2024-03-26,,[삭제],신성동 리뉴디자인하우스(신성동 ***-**) 가게 앞 주차금지 라바콘 철거될 수 있도록 관련 가게에 지도 요청,담당부서 이첩,건설과,,complaints_2024.xlsx,건설과
2024,2322,2024-03-26,,미상,전민동 오일장(엑스포코아 사거리) 불법주차 계도 요청,담당부서 이첩,주차관리과,,complaints_2024.xlsx,주차관리과
2024,2323,2024-03-26,,익명,"송림마을*단지 위, 현대오일뱅크 뒤 공원 화장실 청소 관련
- 평소 청소 상태는 너무 좋으나, 남자 화장실 화장지 걸이에서 휴지를 내리면 인분이 묻어있어, 해당 사항 청소 부탁요망.",담당부서 이첩,녹지산림과,,complaints_2024.xlsx,녹지산림과
2024,2324,2024-03-26,,익명,"장대동 학사마을 쪽 빌라(학사마을 식당 옆) 신축공사 소음 발생하여, 민원제기함
- 현장에 내용 전달 및 민원인에게 연락 부탁드립니다.
",담당부서로 접수,푸른환경과,,complaints_2024.xlsx,푸른환경과
2024,2325,2024-03-26,,익명,하기중학교 앞 이면도로 대형버스 상습 주정차 단속 요청,담당부서 이관,주차관리과,,complaints_2024.xlsx,주차관리과
2024,2326,2024-03-26,,[삭제],"최근 공무원 시험 봤는데, 감독관에 대한 불편사항 관련하여 감사실에 접수 요청함
- 인사혁신처 ***, *** 주무관에게 신고하여 대전시청 또는 유성구청 공무원이라고 전해들음.
- 글꽃중학교 *호실, 수험번호 ********
- 본인이 ***이라고 함",담당자 부서에 이관,운영지원과,,complaints_2024.xlsx,운영지원과
2024,2327,2024-03-24,,유성경찰서 신성지구대,"유성경찰서 신성지구대에서 과태료 부과건으로 연락부탁(***-****)
-오토바이 번호판 없이 미등록 상태로 운행함. (오토바이기종: scr110)
-단속시간 15:00 경 대전 유성구 어은로**번길 **
-*** (******-*******)",담당부서 전달,교통정책과,,complaints_2024.xlsx,교통정책과
2024,2328,2024-03-24,,[삭제],쑥들수변공원 공중화장실 문이 잠겨있어서 사용하지 못함. (사용불가하면 불가한 이유를 화장실에 명시를 해달라고 함),담당부서 전달,공원과,,complaints_2024.xlsx,공원과
2024,2329,2024-03-24,,익명,"도룡동 파머스 마켓 인근 불법 주정차로 사고 빈번하고 사고 위험성 높음
여러차례 민원을 제기했으나 일회성 단속에 그치고 개선되지 않음
근본적인 개선을 해주기 바람.
회신은 원하지 않음

동일 민원 여러건 접수",담당자 인계,주차관리과,,complaints_2024.xlsx,주차관리과
2024,2331,2024-03-24,,익명,"원신흥로***번길 *-** 기아오토큐 앞 도로 
대형버스 밤샘주차 신고(주로 휴일에 밤샘주차)",담당자 인계,교통정책과,,complaints_2024.xlsx,교통정책과
2024,2332,2024-03-24,,[삭제],"유성 장날 가게앞 도로에 라바콘을 놓는 곳이 있어서 주차 불편, 도로 무단적치물 신고하신다고 합니다.
여러곳에서 놓는다고 하니 장날에 나와서 단속해주길 바랍니다.  ",담당자 전달,건설과,,complaints_2024.xlsx,건설과
2024,2334,2024-03-23,,익명,도룡동 성심당 DCC점 앞 우회전 차선 불법 주정차가 많음,주말 단속반 문자 접수 완료,주차관리과,,complaints_2024.xlsx,주차관리과
2024,2335,2024-03-23,,익명,"○ 노은동 논골어린이공원 cctv 영상 조회 요구(2024.3.23. 16-17시경)
○ 언제 영상이 삭제되는지도 궁금해하심",cctv 영상 열람은 시청 소관임을 안내함. 구청 담당자분의 안내 원하셨음,회계과,,complaints_2024.xlsx,회계과
2024,2336,2024-03-23,,복용파출소,"도전 신고에 따른 경찰 출동건
1.사건 발생장소 : 유성구 구암동 방죽어린이공원
2.내용 : 어린이공원내 공중화장실 콘센트를 이용해 확성기로 복음을 전파했고, 이를 다른 시민이 도전신고하여 경찰이 출동.
3.무단사용자 소속 :****,  성명: ***
4.담당경찰관 : 순경 *** (042-****-**** 복용파출소)",담당부서 이첩,공원과,,complaints_2024.xlsx,공원과
2024,2338,2024-03-23,,미상,"전민동 엑스포 아파트 주변( 엑스포로***번길 **) 도로 하수구에서 악취 발생. 확인 및 조치 요청 

민원인:010-****-****",담당부서 이첩,건설과,,complaints_2024.xlsx,건설과
2024,2339,2024-03-23,,익명,"구암동 ***-**에 사는 주민인데 앞쪽 사유지에서 주말에만 블럭담을 쌓고 배수관,배수로 공사작업을 한다고함. 해당 공사가 구청에 적법하게 신고되고 진행하는 공사인지 문의.

민원인 : 010-****-****",담당부서 이첩,건축과,,complaints_2024.xlsx,건축과
2024,2340,2024-03-23,,[삭제],"거소자 투표 용지를보냈는데 확인가능한지 여부 문의

민원인 전화 : 010-****-****","담당부서 이첩
2024. 3. 25. 12:10 본인과 통화하여 해결완료(조건욱 010108)",마을자치과,,complaints_2024.xlsx,마을자치과
2024,2341,2024-03-23,,[삭제],민원여권과에서 신분증을 분실했는데 확인 후 전화부탁,해당부서 이첩,민원여권과,,complaints_2024.xlsx,민원여권과
2024,2342,2024-03-23,,익명,공유킥보드 업체가 주말마다 상습적으로 킥보드들을 매장앞에 주차해놔서 불편을 겪고 있음.  단속 및 견인조치 요청함.,해당부서 이첩,교통정책과,,complaints_2024.xlsx,교통정책과
2024,2343,2024-03-22,,익명,"미수거된 음식물 및 일반종량제 봉투 수거요청
(노은서로 ***번길 * )","관할 감독관님께 현장 확인 및 조치요청
관련부서이첩",청소행정과,,complaints_2024.xlsx,청소행정과
2024,2344,2024-03-22,,미상,"대전광역시 유성구 유성대로***번길 *(구암동 ***-**, 구암동 ***-***) 공중화장실 변기 수돗물 치솟음.",담당부서 전달,푸른환경과,,complaints_2024.xlsx,푸른환경과
2024,2345,2024-03-22,,미상,안산2통 마을회관 쪽 버스 종점 근처 지하차도 전기 나감.,담당부서 전달,건설과,,complaints_2024.xlsx,건설과
2024,2346,2024-03-22,,익명,"반석역 뒷골목(대전 유성구 반석로**번길 ** 골목) 불법주정차 단속바람
특히 어린이보고구역내 불법주정차 개선 요함",불법주정차 단속반에 단속 요청,주차관리과,,complaints_2024.xlsx,주차관리과
2024,2347,2024-03-22,,[삭제],3/22일 2~5시 진행 연금교육 장소 유성구청 지하 대강당에서 서류(계약서) 분실. (서류 내 기재 성명 ***),관련부서 전달,운영지원과,,complaints_2024.xlsx,운영지원과
2024,2348,2024-03-22,,신원미상,"오토월드 쪽 유성고등학교 앞 1차선 1개소, 유성고등학교 지나 사거리 sk주유소 지나가는 길 1개소 총 2개소 도로 복구 (움푹파임) 요청",담당부서 전달,건설과,,complaints_2024.xlsx,건설과
2024,2349,2024-03-22,,미상,"홈플러스 서대전점에서 구암역 사이 도로에서 출입을 통제하고 조경수 식목 작업을 하고 있음.
출근시간대를 피하여 작업을 하여 주기를 요청함",담당부서 이첩,녹지산림과,,complaints_2024.xlsx,녹지산림과
2024,2350,2024-03-21,,익명,"지족북로 **, 노은꿈에그린아파트 인근 인도 위 불법주정차 신고","주차단속반에게 안내하고 당직민원 접수, 소관부서 이첩",주차관리과,,complaints_2024.xlsx,주차관리과
2024,2351,2024-03-21,,구즉지구대,둔곡동 ***-* 지점 교통사고 잔해물 청소 요망,담당부서 이첩,청소행정과,,complaints_2024.xlsx,청소행정과
2024,2352,2024-03-20,,익명,"현재, 상기 지번 앞 정화조가 넘치고 있으며, 업체에서 22미터까지 뚫는 등 시도를 하고 있으나, 여전히 넘치고 있음.
옆집 정화조 까지도 함께 넘치고 있는 상황임. 업체 관련자 말로는 아래 하수관로가 막혀서 그런거 같다고 하심.
현재는 밤이 늦어, 담당자 현장 확인이 어렵고 내일 아침 연락드린다 말씀드림. 해당 신고인(건물주는) 현재 오물이 도로로 흘러나와 냄새도 나고 미관상 좋지도 않아 가급적 내일 아침 일찍 처리를 요청하심.",담당자 해당내용 전달(문자) 및 당직 민원 내용 부서  이첩,건설과,,complaints_2024.xlsx,건설과
2024,2353,2024-03-20,,미상,원신흥로 **번길인도에 쓰레기 적치,담당부서이첩,청소행정과,,complaints_2024.xlsx,청소행정과
2024,2354,2024-03-20,,미상,현충원 둘레길 반시계방향 3.14km지점 사슴 부상,구조업체 민원전달,푸른환경과,,complaints_2024.xlsx,푸른환경과
2024,2355,2024-03-20,,익명,도룡동 *-** / 하수관 역류 ,건설과 하수팀 비상근무자 연락 ,건설과,,complaints_2024.xlsx,건설과
2024,2357,2024-03-19,,미상,반석동 ***-* 앞 보안등 고장,담당부서이첩,건설과,,complaints_2024.xlsx,건설과
2024,2358,2024-03-18,,익명,"301번  종점버스(협진운수)가 차고지에 차를 대지 않고 매번  차도에 차를  주차해 놓아서 한 차선을 막고 있다 
협진운수에 말하든지, 무슨 조치를  해 달라고 하심",해당부서로 이첩,주차관리과,,complaints_2024.xlsx,주차관리과
2024,2359,2024-03-18,,익명,"유성구 봉명동 **노래연습장 주변에 불법주정차가 많아 단속해 달라고 하심
단속이 9시까지라고 하니,  밤9시 이후에도 단속해야 하는 거 아니냐고 막 화내심",해당부서로 이첩,주차관리과,,complaints_2024.xlsx,주차관리과
2024,2360,2024-03-18,,익명,한빛대교 건너 한빛삼거리 넘어가는 다리 도로 차도에 쓰레기 및 종이박스가 있어 도로통행에 지장을 주므로 해결 바람,해당부서로 이첩,청소행정과,,complaints_2024.xlsx,청소행정과
2024,2361,2024-03-18,,미상,"대전 mbc 도룡동 부근에서 사다리차, 냉동 탑차 등이 동원된 공사 진행으로 자정이 넘은 시각에 소음공해 발생.
이에 민원인분께서는 경찰신고와 더불어 유성구 담당자와 3월 18일 월요일 통화 원하심",해당 부서 이첩,푸른환경과,,complaints_2024.xlsx,푸른환경과
2024,2362,2024-03-17,,진잠파출소 *** 경위,"위치: 송정동 **-* 부근
내용: 20~30m 포트홀 발생",해당 부서 이첩,건설과,,complaints_2024.xlsx,건설과
2024,2364,2024-03-17,,콜센터 042 120,"민원인(010-****-****)께서 콜센터 쪽으로 카이스트교 인도쪽에 모래가 쌓여있고 쓰레기 방치 문제로 연락주셨다고 함.
3월 18일 월요일에 유성구 담당자와 통화 원하심.",해당부서 이첩,청소행정과,,complaints_2024.xlsx,청소행정과
2024,2365,2024-03-17,,익명,NC 백화점 옆에 소음이 있어(행사) 처리 요청,담당부서 이첩,푸른환경과,,complaints_2024.xlsx,푸른환경과
2024,2366,2024-03-17,,익명,"(장소) 유서구 어은로 **번길 **번지
(내용) 이 부근에 담배 꽁초가 많고 도로 청소상태 불량, 평소에 민원인이 청소를 하기도 하지만 한계가 있으니 주기적인 청소 요청",처리부서 이첩,청소행정과,,complaints_2024.xlsx,청소행정과
2024,2367,2024-03-16,,국토관리청,계룡1터널 지나 방동 두마교차로 부근(서대전 방향) 도로에 포트홀 발생(차량이 파손 됨),관련 부서 이첩,건설과,,complaints_2024.xlsx,건설과
2024,2368,2024-03-16,,[삭제],"***(******) 열매마을 *단지로 인터넷 전입신고를 신청했으나, 신고 취소하고 싶음.
다음주 월요일에 전화할 예정이나 메모 남기길 원함.",해당부서 전달,노은2동,,complaints_2024.xlsx,노은2동
2024,2369,2024-03-16,,익명,계룡스파텔과 유성온천불가마사우나 옆 큰 건물 공사장의 안전망이 손상되어 낙하물이 떨어지고 있어 위험함.,관련부서 전달,건축과,,complaints_2024.xlsx,건축과
2024,2370,2024-03-16,,[삭제],"외국인 여자한테 이혼을 당해서 억울해서 전화했다. 동사무소에서는 알고있는지 물어보려고 함. 대전 유성구 대덕대로***번길 ** (신성동). 오전 10시~10시 30분 전에 연락드리겠다고 함.
민원인 발음이 불명확해서 알아듣지 못함.",관련부서 전달,신성동,,complaints_2024.xlsx,신성동
2024,2371,2024-03-16,,익명,"15일 밤 경찰-위생과 합동으로 노래방을 단속했는데, 3시간 장사하는데 단속하셔서 기분이 안좋고, 손님이 많은 시간에 단속을 해서 지장을 받으니 단속시간을 조정해달라고 하심.",관련부서 전달,위생과,,complaints_2024.xlsx,위생과
2024,2372,2024-03-16,,대전수학문화관,"대전수학문화관에 토요일 자유관람 시 주차장이 부족하면 공문시행 후 유성초 운동장을 이용하고 계셨음.
금일 유성초 운동장 지중화 공사중이어서 부득이하게 도로 *차선에 관람객 주차안내 중. 주차단속 CCTV 촬영 과태료 안나오게 양해 구한다고 전화 옴.",관련부서 전달,주차관리과,,complaints_2024.xlsx,주차관리과
2024,2373,2024-03-16,,[삭제],참사랑노인주간보호센터 사회복무요원 월급지급 안되어서 확인 바란다고 연락 옴.,관련부서 전달,사회돌봄과,,complaints_2024.xlsx,사회돌봄과
2024,2374,2024-03-16,,익명,"화암동 ***-* 거름 냄새가 너무 심해서 토지주한테 얘기 요청 
",해당 부서 전달,신성동,,complaints_2024.xlsx,신성동
2024,2375,2024-03-16,,익명,모다아울렛 드리움아파트 들어가는길 아파트 횡단보도. 딸기판매차량 횡단보도 걸쳐놓고 위험하게 장사.,관련부서 접수,건설과,,complaints_2024.xlsx,건설과
2024,2376,2024-03-16,,119상황실,신세계백화점 지하3층 주차장 연기가 나서 화재신고로 ***출동하였으나 확인결과 오인신고로 라디에이터 터져서 안전조치 후 복귀.,"오인신고 통보받음. 119상황실, 재난상황실 확인.",재난안전과,,complaints_2024.xlsx,재난안전과
2024,2377,2024-03-16,,익명,"용산동 호반써밋 *단지 ***동쪽 상가 건축현장 덤프트럭 역주행으로 위험
공사현장에 역주행 주의 전달 요청",관련부서 전달,건축과,,complaints_2024.xlsx,건축과
2024,2378,2024-03-16,,익명,"세종에서 대전가는 방향, 남세종 IC 국방과학연구소 빠지기 전 갓길에 동물 사체 발견. ",동물사체신고 접수대장 작성 및 펫레스규 전달,청소행정과,,complaints_2024.xlsx,청소행정과
2024,2379,2024-03-16,,익명,"침신대학교 사거리에서 신성동으로 가는 방향 우측에송림마을 아파트 쪽으로 더 가면 호남고속도로 밑에 차량 모여있는 곳에 불법 노점 사과 판매. 사고위험. 
매주 토요일마다 약 한달가량 판매중.",담당부서 전달,건설과,,complaints_2024.xlsx,건설과
2024,2380,2024-03-16,,익명,봉명동 ***-** 에 유아용 소파 무단투기 신고,담당부서 전달,청소행정과,,complaints_2024.xlsx,청소행정과
2024,2381,2024-03-15,,익명,"대전관광공사 소관 엑스포과학공원 레이저쇼 빛공해로 둔산동 소재 영업 장사피해, 각도 조절 ",소관부서 이첩,푸른환경과,,complaints_2024.xlsx,푸른환경과
2024,2382,2024-03-15,,익명,구암동 ***-** 공동주택 주차장 내 고물(빈 캔 등) 관련 소음 2/14 민원 미해결,소관부서 이첩,푸른환경과,,complaints_2024.xlsx,푸른환경과
2024,2383,2024-03-15,,익명,방범용cctv 확인 요청,해당부서 이첩,재난안전과,,complaints_2024.xlsx,재난안전과
2024,2384,2024-03-15,,미상,신성동 행정복지센터 내 지갑 분실 민원,신성동으로 이첩함,신성동,,complaints_2024.xlsx,신성동
2024,2385,2024-03-15,,익명,"열매마을**단지->월드컵경기장 방향 아침 출근시간 8시~9시 사이 큰 트레일러차량이 30분가량 도로 점거하여 교통 혼잡 발생
주정차 단속 원함.",해당부서 이첩,주차관리과,,complaints_2024.xlsx,주차관리과
2024,2386,2024-03-14,,익명,"신성네거리 유성구노인복지관 앞쪽 가로등(1개) 과 맞은 편 워싱데이세차장 쪽 가로등(2개)가 깜빡거림, 정비 요청 ",해당부서 이첩,건설과,,complaints_2024.xlsx,건설과
2024,2387,2024-03-14,,익명,"유성선병원 공사현장 안전관리 부실, 점검요청(익명 요구)",해당부서 이첩,건축과,,complaints_2024.xlsx,건축과
2024,2389,2024-03-14,,[삭제],편의점 앞 도로 흰색실선에 주차방지를 위한 러버콘을 설치해도되는지 문의 (전화요망),주차관리과 이첩,주차관리과,,complaints_2024.xlsx,주차관리과
2024,2391,2024-03-14,,익명,"반석역 뒤편 골목 불법 주정차가 많음, 주정차 단속 요청",야간 불법 주정차 단속 요청함(야간단속원 임진혁 010-****-****),주차관리과,,complaints_2024.xlsx,주차관리과
2024,2392,2024-03-14,,[삭제],봉명동 *블럭 도로에 아파트분양 홍보트럭 불법 주정차 신고,야간단속반에 불법 주정차 단속요청함(야간단속반 임진혁 010-****-****),주차관리과,,complaints_2024.xlsx,주차관리과
2024,2393,2024-03-14,,***_공익제보자,갑천2지구 민간참여주택 현장 부실 관련 민원 제기,담당부서 이첩,공동주택과,,complaints_2024.xlsx,공동주택과
2024,2394,2024-03-14,,유성경찰서,덕명동 ***-*번지 변사 사건 발생으로 인한 인도 및 DS건물 앞 주차장 등 혈흔 청소 요청,해당부서 이첩,청소행정과,,complaints_2024.xlsx,청소행정과
2024,2395,2024-03-13,,익명,별밭어린이공원(학하로 **) 놀이터 트램펄린이 찢어져서 사고 위험이 있음. 담당부서에서 확인 후 조치 바람,해당부서에 이첩,공원과,,complaints_2024.xlsx,공원과
2024,2399,2024-03-11,,익명,발신번호 표시제한으로 열매마을*단지 - 지족동우체국(은구비서로) 주차 단속 요청,불법주정차 야간 단속반(권윤관 주무관)에 단속 요청,주차관리과,,complaints_2024.xlsx,주차관리과
2024,2400,2024-03-11,,고양이구조단체,송림마을*단지 ***동 앞 노은로 고양이 사체 정리 요청,동물사체신고 접수대장 작성 및 펫레스규 인계,청소행정과,,complaints_2024.xlsx,청소행정과
2024,2401,2024-03-11,,익명,지족중학교 맞은 편 두루봉근린공원에서 노은도서관 방향쪽 가로등 수리 요청 (추가 접수 : 010-****-****),소관부서 이첩,건설과,,complaints_2024.xlsx,건설과
2024,2402,2024-03-11,,익명,반석마을 *단지 -> 외삼초등학교 방향(반석동로) 어린이보호구역 내 불법주정차 단속 요청,해당부서이첩(단속반 전달 완료),주차관리과,,complaints_2024.xlsx,주차관리과
2024,2403,2024-03-10,,[삭제],장대동 ***-**번지 인근 소음(가스 벨브 경고음) 지속적 발생,해당부서 이첩,푸른환경과,,complaints_2024.xlsx,푸른환경과
2024,2404,2024-03-10,,익명,관리번호 23-775번(방동) 방범용 CCTV 작동여부 문의 및 녹화내용 확인가능 여부 문의,해당부서 이첩,회계과,,complaints_2024.xlsx,회계과
2024,2405,2024-03-10,,익명,"- 장대동 ***-*번지 앞과 학교사이 골목길에 주차금지 표지판 불법구조물 인지 확인 요청
- 해당 구역이 빌라거주민들이 점용가능한 주차 영역인지 확인 요청",해당부서 이첩,건설과,,complaints_2024.xlsx,건설과
2024,2406,2024-03-10,,익명,작은내수변공원(곰에스프레소 옆) 목줄안한 강아지 자주목격됨 -> 단속 요청,해당부서 이첩,지역산업과,,complaints_2024.xlsx,지역산업과
2024,2407,2024-03-10,,익명,싱크홀(유성 IC 에서 나오는 방면 월드컵경기장옆 대로변 1차로) 신고 및 싱크홀로 인한 타이어 훼손 처리방법 문의,해당부서 이첩,건설과,,complaints_2024.xlsx,건설과
2024,2408,2024-03-10,,익명,"복용동 ***-*번지 인근 소음(차소리, 청소소리 등)으로 조치 요청",해당부서 이첩,푸른환경과,,complaints_2024.xlsx,푸른환경과
2024,2409,2024-03-09,,익명,유성구 봉명로 ** (도안*단지 센트럴시티) ***동 인근 전기차충전지역 에 불법주차 (**두****) 로 충전소 이용이 어려운 상황 ,담당부서 이첩,주차관리과,,complaints_2024.xlsx,주차관리과
2024,2410,2024-03-09,,익명,"대전 유성구 문화원로 ** 일대 거리 의 3월 9일 토요일 새벽 4:30 ~ 5:00 사이 의 CCTV 조회 요청
위 언급한 시간대에 본인이 택시 타러 가기 까지의 영상을 조회해보고 싶다고 함 (시유 : 팔찌와 반지 분실) / 당시 과음한 상태,  CCTV 조회로써 본인이 어디에 소지품을 두었는 지 기억이 날 거 같다고 함
* 경찰 과 가게 측에서 구청으로 전화해보실 것을 안내받고는 문의 주심",담당부서 이첩,회계과,,complaints_2024.xlsx,회계과
2024,2411,2024-03-09,,미상,차고지 외 밤샘주차 단속요청 (복용동 ***-*번지 일원),담당부서 이첩,교통정책과,,complaints_2024.xlsx,교통정책과
2024,2412,2024-03-09,,미상,노은3동(영무예다음일원) 일원 불법 현수막 처리 요청,담당부서 이첩,건축과,,complaints_2024.xlsx,건축과
2024,2413,2024-03-09,,미상,도룡동 ICC 일원 불법 주정차 문제 심각함. 주차관련 대책 마련 필요하다고 판단됨.,담당부서 이첩,주차관리과,,complaints_2024.xlsx,주차관리과
2024,2415,2024-03-09,,미상,"관평동
-불법 현수막 제거시 나무에 노끈 미제거 및 수거한 현수막 지정된 장소가 아닌 곳에 무단 투기(남성분들)
-불법 전단지(전봇대, 전기분전함, 차에 끼움 등)으로 인하여 민원 제기. 제라드 인 맥스 짐이란 곳에 대해 말씀하시면서 불법 전단지를 보고 연락을 하였지만, 막무가내라고 하심. 
이 두 사항에 대하여 꼭 당직민원 남겨달라고 말씀 주심.",담당부서 이첩,건축과,,complaints_2024.xlsx,건축과
2024,2416,2024-03-08,,익명,도안동 힐스테이트 3차 라도무스 부근 도로에 나무 쓰러짐,"건설과 박종필 팀장님께 전달 후 현장확인 예정(확인 완료)
-진잠동에서 힐스테이트 가는 방향으로 나무가 완전히 넘어지지 않고 가지가 차 지나갈 때마다 닿아서 가지 제거 완료.
토요일 오전에 업체에서 수거 예정.
긴급조치 완료",녹지산림과,,complaints_2024.xlsx,녹지산림과
2024,2418,2024-03-07,,미상,마울버스 접촉사고 접수 가능 여부 문의,담당부서 이첩,교통정책과,,complaints_2024.xlsx,교통정책과
2024,2419,2024-03-07,,미상,청사 내 어린이집 앞쪽 주차구역 라인 기둥 뽑아놓은 곳에 나사가 있어 타이어 펑크 위험이 있어 조치 요청.,담당부서 이첩,회계과,,complaints_2024.xlsx,회계과
2024,2420,2024-03-07,,익명,아이파크시티와 대전지방법원등기국 사이 1차선과 2차선 사이 부근 포트홀 발생 신고,담당부서 이첩,건설과,,complaints_2024.xlsx,건설과
2024,2421,2024-03-07,,유성지구대,청소년보호법 위반 사건 전달 목적 / 유성구 계룡로***번길 **-*에서 미성년자 출입 신고,해당부서 이첩,보건소,,complaints_2024.xlsx,보건소
2024,2422,2024-03-06,,익명,노은역 환승주차장 앞 불법주정차 단속요청,담당부서 이첩,주차관리과,,complaints_2024.xlsx,주차관리과
2024,2426,2024-03-06,,익명,노은동 ***-*번지 인근 인도에 차량 불법 주정차 단속 요청,담당부서 이첩,주차관리과,,complaints_2024.xlsx,주차관리과
2024,2427,2024-03-05,,유성지구대,"유성온천역 7번출구 앞 대학로에 불법 주정차가 심하여 교통흐름 방해, 야간단속 요망",관련부서 이첩,주차관리과,,complaints_2024.xlsx,주차관리과
2024,2429,2024-03-05,,익명,현시간 봉명동 ***-*번지 인근 불법주정차 단속요청 및 향후에도 불법주정차 단속요청,단속반 전달 및 관련부서 이첩,주차관리과,,complaints_2024.xlsx,주차관리과
2024,2433,2024-03-04,,익명,유성구 대정동 한우물네거리 풋살장 앞 한진택배들어가는 방향 불법주차 단속 요청(주로 저녁시간),담당부서 이첩(단속반 미전달),주차관리과,,complaints_2024.xlsx,주차관리과
2024,2435,2024-03-03,,익명`,둔곡동 ***-*번지 앞 가로등이 계속 깜빡거림 / 월요일 내 개선요청,담당부서 이첩,건설과,,complaints_2024.xlsx,건설과
2024,2437,2024-03-03,,익명,"학하남로 **, 리빙포레@ 정문 앞 도로 중앙선에 설치된 가트레일 훼손신고",담당부서 이첩,건설과,,complaints_2024.xlsx,건설과
2024,2438,2024-03-03,,익명,"날벌레 방역요청, 신세계 호텔 오노마~ TJB구간 저녁시간대 하수관로에서 올라오는것으로 추정.",해당부서 이첩,예방의약과,,complaints_2024.xlsx,예방의약과
2024,2439,2024-03-03,,익명,"유성구 상대동 트리플*단지와 *단지 사이 며칠동안 화물차  두대가 밤샘주차중 / 차량번호 충남**바****, 대전**어****",담당부서 이첩,교통정책과,,complaints_2024.xlsx,교통정책과
2024,2441,2024-03-02,,미상,도룡동 기초과학연구원 앞 큰길(갑천쪽)에 현수막 한쪽이 풀려서 도로쪽으로 나풀거리는 상태. ,담당부서 이첩,건축과,,complaints_2024.xlsx,건축과
2024,2442,2024-03-02,,도룡지구대,전민게이트볼장 여자화장실(아리랑로**번길 ***) 비상벨 오작동. 빠른 확인 및 조치 요망.,담당부서 이첩,푸른환경과,,complaints_2024.xlsx,푸른환경과
2024,2443,2024-03-02,,미상,"성심당 인근 차량 주차하였는데, 단속됐는지 여부 확인하고 싶다고 전화함.(차량번호 **러****)",담당부서 이첩,주차관리과,,complaints_2024.xlsx,주차관리과
2024,2444,2024-03-02,,[삭제],"카페에서 케이크를 주문했는데 케이크에 곰팡이가 펴있었음. 
(월요일 통화하길 원함. 케이크 사진 찍어둠.)",담당 부서 이첩,위생과,,complaints_2024.xlsx,위생과
2024,2445,2024-03-02,,미상,"봉명동 레전드호텔 인근 불법주정차 문제(평일, 주말) 해결 요청",담당부서 이첩,주차관리과,,complaints_2024.xlsx,주차관리과
2024,2446,2024-03-02,,익명,"상습 불법 주정차 단속 및 불법주정차 단속카메라 설치 요청 / 지속 민원 
 - 위치: 대학로 **번길 **-*~**-**",담당부서 이첩,주차관리과,,complaints_2024.xlsx,주차관리과
2024,2447,2024-03-02,,익명,"포토홀 처리 요청
- 주소지: 계룡터널 1터널 양방향 여러개 있음 / 크기가 커서 사고 유발 가능성 높다고 함  ",담당부서 이첩,건설과,,complaints_2024.xlsx,건설과
2024,2448,2024-03-02,,익명,안산동 안산산성 오르막길에 고라니 사체가 있다고 신고.,동물사체신고 업체 전달 완료,청소행정과,,complaints_2024.xlsx,청소행정과
2024,2449,2024-03-01,,미상,휴일 야간에 불법주차된 차량이 너무 많아 차량통행이 매우 어려움(대전신세계백화점 뒤편도로(대덕대로***번길)),담당부서 이첩,주차관리과,,complaints_2024.xlsx,주차관리과
2024,2450,2024-03-01,,유성지구대,"불법주정차 단속요청 
(장소) 홈플러스 유성점(유성구 한밭대로 ***) 식자재마트쪽
(내용) 민원인 유성지구대로 주차단속요청하여 유성구청 당직실로 주차요청함",처리부서 이첩,주차관리과,,complaints_2024.xlsx,주차관리과
2024,2451,2024-03-01,,익명,"불법주정차 단속요청 
(장소) 투썸플레이스 대전반석점(유성구 반석로* 애니빌플라자) 반석역 1번 출구 
(내용) 도로 차선 1개 차량을 완전히 막고 있음, 차량통행에 지장이 많음
",처리부서 이첩,주차관리과,,complaints_2024.xlsx,주차관리과
2024,2452,2024-03-01,,익명,"오늘(2024.3.1.) 국경일인데 계속 손님들 핸드폰으로 주차단속 문자알림이 나타납니다. 궁동 로데오거리는 고정형CCTV가 평일 21시이후와 주말(토,일)에는 단속이 아닌데 국경일도 단속일인지 알고 싶습니다. 평일저녁 단속 제외 시간도 알고 싶습니다. 손님들이 불안해 하고 있어서 영업에 지장이 많습니다.
또한 고정형CCTV단속이 차량1대당 하루종일 1건이지 여러건으로 부과되는지 자세한 사항을 추가로 알고 싶습니다.","처리부서 지정, 궁동로데오거리는 국경일과 주말에는 고정형CCTV에는 단속지역이 아니라고 설명함, 파킹벨은 고정형CCTV단속으로도 알려주지만 이동형단속차량 카메라 단속시 1차적발시 경고로 알림이 된다는 것을 안내함",주차관리과,,complaints_2024.xlsx,주차관리과
2024,2453,2024-03-01,,미상,"- 불법 현수막 철거 요청
- 유성구 봉산동 ~ 둔곡동 사잉 도로
- 게시된지 오래되어 빠른 처리 부탁.",민원 접수,건축과,,complaints_2024.xlsx,건축과
2024,2454,2024-03-01,,익명,"지족역(지하철) 데코르에서 태극기가 떨어져서 더러워질까봐 근처 벤치위에 둠
다시 꽂고 수거 바랍니다.  ",처리부서 이첩,노은2동,,complaints_2024.xlsx,노은2동
2024,2455,2024-03-01,,익명,"갑천3블럭 트리플시티레이크포레아파트 ***동에서 ***동 사이 하천에서 2명이 낚시대 10개이상으로 불법낚시 및 하상에 불법주정차 하고 있음
텐트설치 
","처리부서 이첩, 하천 불법주정차는 대전시 하천관리사업소 소관이어서 불법주정차관리는 대전시청 당직실에 당직민원내용 전단하여 불법주정차 처리요청",재난안전과,,complaints_2024.xlsx,재난안전과
2024,2456,2024-02-29,,미상,구암동 ***-** 가게앞 불법 주정차 단속 요청,단속반 전달했으나 미조치 / 해당부서 확인 요청,주차관리과,,complaints_2024.xlsx,주차관리과
2024,2457,2024-02-29,,미상,"노은동 *~*단지, 우체국~농협까지 주차단속 요청 / 3차례 전화옴",단속반 전달했으나 미조치 / 해당부서 확인 요청,주차관리과,,complaints_2024.xlsx,주차관리과
2024,2461,2024-02-29,,익명,대덕대로 *** 앞 대덕대로 포트홀로 인한 차량 타이어 파손 / 폭스바겐CC **라****,해당부서 이첩,건설과,,complaints_2024.xlsx,건설과
2024,2463,2024-02-29,,익명,유성고등학교 ~ 상대초 사이 도로변에 고양이 사체 발견,해당부서 이첩 및 펫레스큐 등록,청소행정과,,complaints_2024.xlsx,청소행정과
2024,2464,2024-02-29,,유성경찰서,컨벤션센터(DCC)네거리에서 교통사고 발생으로 인한 신호등 파편 등 잔여물이 도로에 남아 있음. 유성경찰서에서 시 당직실로 연락완료.,해당부서 이첩,청소행정과,,complaints_2024.xlsx,청소행정과
2024,2465,2024-02-28,,익명,진잠로 *** 일원 도로 배달 오토바이로 인한 새벽 소음 다수,해당부서 이첩,푸른환경과,,complaints_2024.xlsx,푸른환경과
2024,2466,2024-02-28,,익명,덕명동 ***-*번지 비바인빌(빌라) 앞 마티즈(**마****) 차량이 입구를 막고있어 통행이 불편함. 전화연락처가 남아있지 않아 조회후 차주한테 연락바랍니다.,해당부서 이첩,주차관리과,,complaints_2024.xlsx,주차관리과
2024,2467,2024-02-28,,[삭제],용산동 테크노벨리 우림필유 아파트 ****동 앞 굴착기가 매일 저녁7시부터 일반도로를 막고있음. 지속적인 단속요청함,해당부서 이첩,주차관리과,,complaints_2024.xlsx,주차관리과
2024,2468,2024-02-28,,[삭제],"노은동 *,*단지 부근(지족우체국) 대각주차 등 주차단속 요청",단속반 안내 및 해당부서 이첩,주차관리과,,complaints_2024.xlsx,주차관리과
2024,2469,2024-02-28,,익명,"관평동 스타벅스, 현대아울렛 인근 회전차로에 주차하여 통행방해됨. 수시로 주차단속 요청함. ",관련부서 이첩,주차관리과,,complaints_2024.xlsx,주차관리과
2024,2470,2024-02-27,,복용파출소,"미성년자 주류 판매 업소 단속 중 보고
대전시 유성구 유성대로 ***번길 **",해당부서 이첩,위생과,,complaints_2024.xlsx,위생과
2024,2473,2024-02-27,,익명,"24일 원신흥동 폐기물스티커 부착했으나 미수거하여 빠른 수거 요청
스티커상 기재한 주소 : 원신흥남로 **번길 **-*
실제 폐기물 위치 : 원신흥남로 **-** 건물 옆",담당부서 이첩,청소행정과,,complaints_2024.xlsx,청소행정과
2024,2474,2024-02-26,,[삭제],행려자로 지갑을 분실하여 식사를 하지 못한 관계로 식비 지원을 요청함,"구청으로 안내하여 귀향여비 10,000원 수령하여 귀가함
(희망복지과 생활보장팀에 영수증 첨부 예정)",희망복지과,,complaints_2024.xlsx,희망복지과
2024,2475,2024-02-26,,[삭제],"[포트홀 피해] 서대전톨게이트에서 나와서 원내동 가는 방향 1차선 
차량번호 : **머**** / 핸드폰번호 : 010-****-****",담당부서 이첩,건설과,,complaints_2024.xlsx,건설과
2024,2476,2024-02-26,,유성경찰서,"유성 지하차도에서 목원대 사거리 방향 포트홀 발생으로 인하여 피해 발생.
포트홀 조치 및 피해보상 안내 요청
민원인 전화번호 : 010-****-****",담당부서 이첩,건설과,,complaints_2024.xlsx,건설과
2024,2477,2024-02-26,,[삭제],"- 장대초 인근 쓰레기 투기문제 심각
- 궁동 이비가짬뽕 건너편 벤치에(장대2교 방면) 쓰레기 무단투기 문제 심각
- 아예 벤치를 옮겨달라",해당부서에 내용 전달,청소행정과,,complaints_2024.xlsx,청소행정과
2024,2478,2024-02-26,,[삭제],- 장대초 인근 주차문제 심각(구청에 이미 민원제기 했었다),해당 부서에 접수,주차관리과,,complaints_2024.xlsx,주차관리과
2024,2479,2024-02-26,,익명,대전전자디자인고등학교에서 남쪽방향 고가도로 올라가는 길에 포트홀 발생하여 조치 요청,담당부서 이첩,건설과,,complaints_2024.xlsx,건설과
2024,2480,2024-02-26,,익명,로드킬 동물사체 처리 요청(노은롯데마트에서 신성동 방향 3차선 도로),담당부서 이첩,청소행정과,,complaints_2024.xlsx,청소행정과
2024,2481,2024-02-26,,유성지구대,안마방 불법 성매매 신고 수사 중 온천서로 **,해당부서이첩,예방의약과,,complaints_2024.xlsx,예방의약과
2024,2482,2024-02-25,,익명,유기견 구조 요청 (세동로 **-**),"구조담당자 전달(김명덕, 010-****-****)",지역산업과,,complaints_2024.xlsx,지역산업과
2024,2483,2024-02-25,,익명,고양이 사체 처리 요청(장대동 ***-*),"동물사체처리반 전달(이진호, 010-****-****)",청소행정과,,complaints_2024.xlsx,청소행정과
2024,2484,2024-02-25,,다산콜센터,학하삼거리 인도에 교통사고 잔해 청소,담당부서 이첩(황희수 감독님께 전달),청소행정과,,complaints_2024.xlsx,청소행정과
2024,2486,2024-02-25,,유성지구대,"터미널~보건소 들어가는 우측 코너 트럭 주차단속 요청
(대전**아****)",담당부서 이첩(단속반 전달),주차관리과,,complaints_2024.xlsx,주차관리과
2024,2487,2024-02-25,,익명,봉명동***-* 도로변 주정차 단속,담당부서이첩(단속반전달),주차관리과,,complaints_2024.xlsx,주차관리과
2024,2488,2024-02-25,,익명,"신세계백화점 주변 주정차 단속요청 및 
신세계측 주차요원들이 신세계 고객 차량만 진입시키고 나머지 차량은 통제하여 정체유발(신세계측에 전달요망.)",관련부서 이첩(주정차 단속은 단속반 전달),주차관리과,,complaints_2024.xlsx,주차관리과
2024,2489,2024-02-25,,익명,"대덕문화센터(도룡동)에서 문지로 쪽으로 가는 방향, 대덕터널 진입 전 1,2차로 포트홀 발생(042-120에서 전달)",담당부서 이첩,건설과,,complaints_2024.xlsx,건설과
2024,2491,2024-02-25,,익명,라도무스앞 주차단속,담당부서이첩(단속반연락),주차관리과,,complaints_2024.xlsx,주차관리과
2024,2492,2024-02-25,,익명,전자디자인고등학교 쪽 고가도로 올라가는 길목 포트홀 발생,담당부서이첩,건설과,,complaints_2024.xlsx,건설과
2024,2493,2024-02-25,,익명,부상 고양이 구조 요청 : 대동 보건소 부근 (대동 ***번지 /  010-****-****),"담당부서 이첩
 - 민원 전달(김명덕, 010-****-****)",지역산업과,,complaints_2024.xlsx,지역산업과
2024,2494,2024-02-25,,익명,유기견구조요청,담당부서이첩(구조담당자전달),지역산업과,,complaints_2024.xlsx,지역산업과
2024,2495,2024-02-25,,익명,일당감자탕골목 주차단속,관련부서이첩(단속반연락),주차관리과,,complaints_2024.xlsx,주차관리과
2024,2496,2024-02-25,,익명,"문지동 효성해링턴아파트 정문 앞 CCTV 불법 주정차 단속 문의
담당자와 월요일에 통화 요청",관련부서 이첩(주차관리과),주차관리과,,complaints_2024.xlsx,주차관리과
2024,2497,2024-02-25,,익명,원신흥동 갑천1블럭 주차단속,관련부서이첩(단속반전달),주차관리과,,complaints_2024.xlsx,주차관리과
2024,2498,2024-02-25,,익명,한국방송통신대학교 왕복6차선 도로 주변 고양이 사체 수거 요청,"동물사체처리반 전달(이진호, 010-****-****)",청소행정과,,complaints_2024.xlsx,청소행정과
2024,2499,2024-02-24,,유성지구대,"대학로 **-**, 봉명동 엔터펠리스 정문 방향 우회전차선에서 교통사고 발생, 사고 잔해물은 없으나 횡단보도 볼라드 손상이 있음 ",관련부서 이첩,건설과,,complaints_2024.xlsx,건설과
2024,2500,2024-02-24,,익명,장대초등학교부터 유성 홈플러스까지 주차장 단속요청,당직민원 등록,주차관리과,,complaints_2024.xlsx,주차관리과
2024,2501,2024-02-24,,익명,"대형폐기물 신고한 폐기물(소파)이 신고자 집이 아닌 다른사람 집앞에 있어 이동 또는 조치 요청
(원신흥남로**번길 **-*, 소파, 일련번호(5번), ***의 폐기물)",관련부서 이첩,청소행정과,,complaints_2024.xlsx,청소행정과
2024,2502,2024-02-24,,익명,주차단속 요청(전민동 엑스포코아 건물 양 옆 무단주차 단속 요청),관련부서 이첩(단속반 전달),주차관리과,,complaints_2024.xlsx,주차관리과
2024,2503,2024-02-24,,익명,새터삼거리 부근 트럭 불법 주차 단속 요청,담당부서 이첩,주차관리과,,complaints_2024.xlsx,주차관리과
2024,2504,2024-02-24,,익명,라도무스 부근 주정차 단속 요망,담당부서 이첩(단속반 전달),주차관리과,,complaints_2024.xlsx,주차관리과
2024,2505,2024-02-24,,익명,유성시장(구암동 ***-*번지 인근) 주차단속 요청,관련부서 이첩(단속반 전달),주차관리과,,complaints_2024.xlsx,주차관리과
2024,2506,2024-02-24,,익명,"봉명동 ***-*번지(띠울석갈비) 앞 쓰레기 수거 관련 문의
(기존 금요일 저녁 수거하였는데, 최근에는 수거가 되고 있지않아 일정 등 문의)",관련부서 이첩,청소행정과,,complaints_2024.xlsx,청소행정과
2024,2507,2024-02-24,,익명,유성구 라도무스(원신흥동 ***-*) 인근 도로 주정차 등 교통 문제 해결을 위한 검토 요청,관련부서 이첩,주차관리과,,complaints_2024.xlsx,주차관리과
2024,2508,2024-02-24,,익명,주차단속 요청(구암역 환승주차장 앞),관련부서 이첩(단속반 전달),주차관리과,,complaints_2024.xlsx,주차관리과
2024,2509,2024-02-24,,익명,주차단속 요청(상대동로 ** 인근),관련부서 이첩(단속반 전달),주차관리과,,complaints_2024.xlsx,주차관리과
2024,2510,2024-02-24,,[삭제],"메종드시마(구암동 ***-*) 입주자대표, 구암동 보훈회관 공사 소음이 너무 심해 공사 중단 요청함.
담당자 및 사회돌봄과 과장님과 통화 원함",담당부서 이첩,건축과,,complaints_2024.xlsx,건축과
2024,2511,2024-02-24,,익명,유성시장 일원 주차 단속 요청,담당부서 이첩(단속반 전달),주차관리과,,complaints_2024.xlsx,주차관리과
2024,2512,2024-02-24,,익명,"관평동 **** 공사소음 민원(주말 측정 요청), 민원인 현장 같이 확인 요청하셨습니다.",관련부서 이첩,푸른환경과,,complaints_2024.xlsx,푸른환경과
2024,2513,2024-02-24,,익명,수급자 관련 물품 전달이 되지않아 누락여부 등 문의,관련부서 이첩,사회돌봄과,,complaints_2024.xlsx,사회돌봄과
2024,2514,2024-02-24,,익명,구암동 ***-*번지 인근 공사현장 소음 민원(주말 아침부터 소음 발생),관련부서 이첩,푸른환경과,,complaints_2024.xlsx,푸른환경과
2024,2515,2024-02-24,,익명,"원신흥동 홍도초등학교 인근 가로등 켜져 있는 상태로 소등시간이 지나서 소등되지 않은 경우 점검 요청
(소등 시간이 지난것으로 생각되나 켜져있어 확인요청함)",관련부서 이첩,건설과,,complaints_2024.xlsx,건설과
2024,2516,2024-02-24,,익명,원신흥동 갑천1블럭 앞 주차 단속 요청,담당부서 이첩(단속반 전달),주차관리과,,complaints_2024.xlsx,주차관리과
2024,2519,2024-02-23,,익명,온천로 **(사이언스타운) 인근 방범용 CCTV 확인 가능 여부 문의 / 분실물 확인 요청 _  경찰서 소관 CCTV 아님 답변 받음 / 010-****-****,담당부서 이첩,재난안전과,,complaints_2024.xlsx,재난안전과
2024,2520,2024-02-23,,익명,궁동 대학로***번길 ** 탑부동산 앞 적치물(간판) 관련 민원. 전화 회신 요청하셨습니다.,해당부서 이첩,건축과,,complaints_2024.xlsx,건축과
2024,2521,2024-02-23,,익명,"반석동에서 세종가는 길, 남세종ic 빠지기 전 포트홀 발생",해당부서 이첩 및 시당직실 전화,건설과,,complaints_2024.xlsx,건설과
2024,2522,2024-02-23,,익명,관평동 수변공원 근처 및 현대아울렛 근처 1차선 불법 주차에 관한 건의. 전화 회신 요청 ,해당부서 이첩,주차관리과,,complaints_2024.xlsx,주차관리과
2024,2524,2024-02-23,,익명,죽동 초등학교 앞 사거리 공사현장 차량들이 도로에 불법 주정차 되어있어 교통혼잡을 유발함. 불법 주정차 단속 요청함.,해당부서 이첩,주차관리과,,complaints_2024.xlsx,주차관리과
2024,2525,2024-02-23,,*** 경장,식품위생법 위반업소 신고 온천서로**,해당부서 이첩,위생과,,complaints_2024.xlsx,위생과
2024,2526,2024-02-22,,익명,"대정동 ***-** 횡단보도 수동으로 눌러서  건널수 있게 하는 보행자 신호기 고장으로 경찰관이 수리요청 신고함.
",해당부서이첩,건설과,,complaints_2024.xlsx,건설과
2024,2527,2024-02-22,,익명,대전 논산간 도로 가로등 불이 꺼져있음. 202번 버스노선 삿갓집 알로에 농장 방면임. 가로등 불이 꺼져 있어 조치요구&연락바란다고 함.,해당부서 이첩.,건설과,,complaints_2024.xlsx,건설과
2024,2528,2024-02-22,,미상,계룡에서 대전가는길 (서대전ic 합류전)에 포트홀,담당부서 이첩,건설과,,complaints_2024.xlsx,건설과
2024,2529,2024-02-21,,유성경찰서,"월드컵네거리 3번출구에서 수정초교 방향 도로에 포트홀 발생
안전을 위해 처리 부탁하심",담당부서 이첩,건설과,,complaints_2024.xlsx,건설과
2024,2530,2024-02-21,,익명,"대전 유성구 송강동**-* 공영주차장에 장애인 차량이긴하지만, 장애인 주차장에 이면주차함
사진 찍고 신고했는데 불수용 처리되어 이유에 대해 연락했더니 담당자분이 찾아보고 다시 연락드린다고 하셨다고 함(2일 전쯤)
왜 불수용 되었는지 연락주시길 바람",해당부서 이첩,사회돌봄과,,complaints_2024.xlsx,사회돌봄과
2024,2531,2024-02-21,,익명,"트리풀시티포레아파트 정문쪽 코너 돌기 전 차량 2대가 상습적으로 밤샘주차되어 있어 통행에 매우 불편
불법주정차 단속요청 및 처리경과 안내 요청
(**더****, **나****)",담당부서 이첩,주차관리과,,complaints_2024.xlsx,주차관리과
2024,2532,2024-02-21,,익명,대전전자디자인고등학교 쪽 고가도로에 포트홀 다수 발생,담당부서 이첩,건설과,,complaints_2024.xlsx,건설과
2024,2534,2024-02-20,,익명,교촌초등학교 유기동물(강아지) 배회중임을 확인하고 신고,해당부처 이첩(유기동물 구조반에 민원내용 전달),지역산업과,,complaints_2024.xlsx,지역산업과
2024,2535,2024-02-20,,익명,"가로등 고장 민원
-방동대교 입구부터 다솜차반 입구 큰 도로변까지 꺼져있는 가로등이 많음.
-다솜차반 입구 큰 도로변부터 알로애농장 큰 도로변까지 가로등이 다 꺼져있음.(바람이 많이 불거나 비, 눈이 올때 꺼짐)
가로등이 꺼져 있어 차량운행 시 매우 위험하고 불편을 겪고 있음. 
담당자분에게 여러 차례 민원 넣었으나, 조치가 취해지지 않고 있어 매우 불편을 겪고 있으니 반드시 조치를 취해줄 것을 요청.
가로등에 대해 조치를 취한 이후나 민원내용을 전달 받았을 때, 담당자분이 꼭 연락을 줄 것을 요청함.",담당부서 이첩,건설과,,complaints_2024.xlsx,건설과
2024,2536,2024-02-20,,[삭제],"주차관리과에서 온 우편물이 있었는데, 등기우편을 받지 못하여 어떤 내용인지 확인 요청",담당부서 이첩,주차관리과,,complaints_2024.xlsx,주차관리과
2024,2537,2024-02-20,,[삭제],"봉명동 ***-* 근처 공사소음으로 해당 업주 민원전화 옴
투숙객이 아침 공사소음으로 업주에 민원제기, 아침 공사 소음 최소화 요청함",해당부서 이첩,건축과,,complaints_2024.xlsx,건축과
2024,2538,2024-02-19,,유성경찰서 교통3실 ***,"2024.2.18. 오전 9시 경 노은지하차도 가드레일 파손, 북유성대로 ***번지 지하차로 입구, 세종->대전 방향
파손자: 010-****-****
해당부서 전달 요청함",해당부서 이첩,건설과,,complaints_2024.xlsx,건설과
2024,2539,2024-02-18,,진잠파출소,원내동 **-** 게임산업진흥에관한법률에 저촉되는 불법오락기 적발(경찰단속) / 피의자번호 010-****-****,해당부서 이첩,문화관광과,,complaints_2024.xlsx,문화관광과
2024,2540,2024-02-18,,미상,유성교(유성시장에서 자이아파트 사이) 우천 시 물빠짐 불량으로 인한 불편 해소 요청,해당부서 이첩,건설과,,complaints_2024.xlsx,건설과
2024,2541,2024-02-18,,미상,복용동 ***-* 앞 도로 하수구 악취(가스의심) 조치 요청 (다른곳에서 배출되어 내려오는거 같다고 함),해당부서 이첩,건설과,,complaints_2024.xlsx,건설과
2024,2542,2024-02-18,,악명,봉명동 ***-*번지 에 ***소*****차량 장기방치 처리요망.,담당부서 이첩,교통정책과,,complaints_2024.xlsx,교통정책과
2024,2543,2024-02-18,,익명,죽동 ***-*번지 도로위 오토바이 번호판 미부착 된게 방치중.,담당부서 이첩,교통정책과,,complaints_2024.xlsx,교통정책과
2024,2544,2024-02-18,,익명,과학로 성장로 ** 옆 공사현장에서 대형크레인 혼자 운행.  안전관리자들이 없어 위험해 보인다고 연락옴.,담당부서 이첩,공동주택과,,complaints_2024.xlsx,공동주택과
2024,2545,2024-02-18,,익명,대전 유성구 원신흥로 **번길 **-** 카페 노루 앞 보행자 도로 근처에 쓰레기 수거가 안돼어 있음 조치 요망.,담당부서 이첩,청소행정과,,complaints_2024.xlsx,청소행정과
2024,2547,2024-02-18,,미상,"장대동 ***-* 맞은편
쓰레기봉투 50~100개이상 적치되어있는것에 불만표시
분리수거 제대로 했는지 행정조치 요청","중부지역 환경관리요원에게 문자전달 완료
담당부서 이첩",청소행정과,,complaints_2024.xlsx,청소행정과
2024,2549,2024-02-17,,관평동 드롭탑,구청에서 방문하여 직원 및 알바가 몇 명인지 조사하고 갔는데 어떤 사유인지 확인바람,해당부서 이첩(사업체조사 등 확인 후 해당 부서 아니면 이첩바람) ,기획실,,complaints_2024.xlsx,기획실
2024,2550,2024-02-17,,익명,대정동 **-* 녹색담장에서 유기견 발견되어 보호조치 요청하심.,해당부서 이첩(유기동물 구조반 연락),지역산업과,,complaints_2024.xlsx,지역산업과
2024,2551,2024-02-17,,[삭제],쿠우쿠우 유성점에서 유성오천 방향 4차선 도로 주정차 단속요청,해당부서 이첩(단속반 연락),주차관리과,,complaints_2024.xlsx,주차관리과
2024,2552,2024-02-17,,익명,유림공원내 반려견 목줄 미착용 행정조치 요구,해당부서 이첩,지역산업과,,complaints_2024.xlsx,지역산업과
2024,2553,2024-02-17,,익명,유성온천 족욕장이 오후 3시에 물이 교체되어야하는데 안되고 있음,해당부서 이첩,공원과,,complaints_2024.xlsx,공원과
2024,2554,2024-02-17,,익명,DCC  주변 주차단속 요청,해당부처 이첩(단속반 연락),주차관리과,,complaints_2024.xlsx,주차관리과
2024,2559,2024-02-17,,익명,죽동성당 주차장 입구 막은 차량 관련 민원,해당부서이첩(단속반 연락),주차관리과,,complaints_2024.xlsx,주차관리과
2024,2560,2024-02-17,,익명,반석마을 *단지 후문에서 북유성대로방향으로 진출 시 포트홀 2개 발생하여 조치바람,해당부서 이첩,건설과,,complaints_2024.xlsx,건설과
2024,2561,2024-02-17,,익명,장대동 유성초등학교 정문 어린이보호구역 인도에 주차한 차량 단속 요청,해당부서 이첩(주말단속반),주차관리과,,complaints_2024.xlsx,주차관리과
2024,2562,2024-02-17,,익명,봉명동 띠울석갈비(대전 유성구 계룡로***번길 *) 쓰레기 수거 요청하셨습니다.,담당부서로 이첩,청소행정과,,complaints_2024.xlsx,청소행정과
2024,2563,2024-02-17,,유성지구대,2024. 2.17.(토) 새벽 2시경 유성구 온천북로**번길 **-**에서 미성년자 음주사실 적발하여 03시 50분경 유성지구대에서 당직실로 통보,담당부서로 이첩,위생과,,complaints_2024.xlsx,위생과
2024,2564,2024-02-16,,미상,"봉명동 계룡스파텔 옆 도로(봉명동 ***-** ~ 봉명동 ***-**) 불법주정차량 단속 요청
 - 시 당직실에서 이관된 민원이며, 현재 단속시간이 종료되어 단속 부서에 민원 접수하였음. 추후 단속 요청함.",해당부서 이첩,주차관리과,,complaints_2024.xlsx,주차관리과
2024,2565,2024-02-16,,미상,"(대동 ***) 비닐하우스 내부에서 저녁시간에 나무, 정체모를 물건 등 여러가지를 소각하여 연기 및 냄새가 발생함. 불법소각이 의심됨",해당부서 이첩,청소행정과,,complaints_2024.xlsx,청소행정과
2024,2566,2024-02-16,,미상,"기초생활수급자인데, 전기가 끊김.
전기 지원 가능 여부 전화로 안내받고 싶음",소관부서로 이첩,희망복지과,,complaints_2024.xlsx,희망복지과
2024,2569,2024-02-15,,미상,충남대 -> 유성구청 방향 화물차량이 불법 정차되어 있음.,해당부서이첩(단속반 전달),주차관리과,,complaints_2024.xlsx,주차관리과
2024,2570,2024-02-15,,미상,대전유성신협현금인출기(상대동) 앞(인근 아파트 *단지 정문맞은편)에 번호판 없는 오토바이가 자전거도로 위에 방치되어 있어 통행에 지장 없도록 조치해줄 것을 요청함  ,관련부서 이첩 ,교통정책과,,complaints_2024.xlsx,교통정책과
2024,2571,2024-02-15,,익명,"유성구 배울*로 * 테크노*단지 정문쪽에 펑크난 차량이 불법주정차 해두었음(**너****, 카운티) 단속 카메라에 계속 찍히고 있어 어떻게 조치할 수 있는지 문의",담당부서 이첩,주차관리과,,complaints_2024.xlsx,주차관리과
2024,2572,2024-02-15,,익명,**오**** 폭스바겐 골프 / 가게 입구(흰색 차선)을 완전히 막아 주차한 상태. 민원인은 해당 차량으로 인해 차를 빼지 못함. ,견인 단속 근무시간 지남에 따라 견인 불가 안내 후 담당부서 접수.,주차관리과,,complaints_2024.xlsx,주차관리과
2024,2573,2024-02-14,,익명,봉명교 옆 하천으로 내려가는 나무데크조명 화재위험성있어(스파크 및 연기) 현장확인하고 출입통제선 설치 및 한전에서 분전반 전기차단했음 담당부서 현장확인바람,담당부서 이첩,재난안전과,,complaints_2024.xlsx,재난안전과
2024,2574,2024-02-14,,익명,온천역7번출구 불법이중주차 단속요망,담당부서 이첩,주차관리과,,complaints_2024.xlsx,주차관리과
2024,2575,2024-02-14,,익명,구암동 주민. 근처 고물상이 있는데 밤 늦게 활동해 소음이 너무 심함.,관련 부서 이첩,푸른환경과,,complaints_2024.xlsx,푸른환경과
2024,2576,2024-02-14,,익명,어은로 **번길 ** 담배꽁초 청소 및 쓰레기봉투정리가 항상 안되어 있다고 함 청소시 신경써서 청소좀 해달라고 민원요청,담당부서 이첩,청소행정과,,complaints_2024.xlsx,청소행정과
2024,2577,2024-02-14,,미상,"노은동 은구비로 ***번지에서 아침부터 공사 소음이 심하다고 하심, 전화 회신 요망.",담당 부서 이첩,푸른환경과,,complaints_2024.xlsx,푸른환경과
2024,2578,2024-02-13,,국토관리청,"노은동 ***번지
열매마을**단지에서 노은초 사이 2차선 포트홀 관련 민원
(민원인연락처는 별도로 없음)",해당부서이첩,건설과,,complaints_2024.xlsx,건설과
2024,2579,2024-02-13,,미상,"유성구 대덕대로***번길 ** 성당 앞부터 사택단지까지 가로등이 모두 점멸.
",해당 부서 이첩,건설과,,complaints_2024.xlsx,건설과
2024,2580,2024-02-13,,관제 센터,"반석동 ***(양지말 어린이공원)
초등학생 2명이 공원의 그네 의자 사용 이후 그네 의자를 분리하고 살짝 걸쳐놓고 감, 이후 사용자의 부상 우려",담당부서 이첩,공원과,,complaints_2024.xlsx,공원과
2024,2581,2024-02-13,,시청 당직실,"도룡동 ***
고양이 사체 발견",담당부서 이첩,청소행정과,,complaints_2024.xlsx,청소행정과
2024,2582,2024-02-12,,익명,"배재대학교 대덕밸리 캠퍼스 옆 2차선 도로, 대형 화물차로 인해 200m 이상 차량이 정체되는 경우가 많음",담당부서 이첩,주차관리과,,complaints_2024.xlsx,주차관리과
2024,2585,2024-02-12,,익명,"북대전 IC 나와서 우회전, 대덕대로 첨부파일 쪽 맨홀뚜껑이 깨져있어 차가 지나다니며 밟으며 큰 소리가 남. ","당직반장, 운전원 출동하여 내용 확인 후 건설과 이첩. 맨홀뚜껑이 엎어진 채로 닫혀있어 담당 맨홀이 어디인지 확인이 어려움. 익일 확인 후 담당 맨홀 관리처로 이관 요청",건설과,,complaints_2024.xlsx,건설과
2024,2586,2024-02-12,,익명,"계산동 산 40, 수통골 주차개선 요청. / 도로 평행주차 등으로 인하여 차량이 출입이 원활하지 못 함. 주말간 계도 및 전반적인 주차 시스템 변경을 요청",담당부서이첩,주차관리과,,complaints_2024.xlsx,주차관리과
2024,2588,2024-02-12,,익명,"학하로 **, 계산동 학의뜰 아파트 뒤편 산 유기견 구조요청, 포획 못 했을 시 지속적인 관심 요망",유기동물 구조자에게 연락,지역산업과,,complaints_2024.xlsx,지역산업과
2024,2589,2024-02-12,,도룡지구대,북대전 ic에서 나오는 오른쪽 길 맨홀뚜껑이 열려있었음. 현재 경찰이 닫아놨고 추후 확인요망,해당부서 이첩,건설과,,complaints_2024.xlsx,건설과
2024,2592,2024-02-11,,익명,공동묘지 분묘 무단 이장(원촌동) / 분묘 위치해 있던 정확한 주소 알고싶다고 하심.,담당부서 이첩,사회돌봄과,,complaints_2024.xlsx,사회돌봄과
2024,2593,2024-02-11,,익명,죽동교 밑 반석천 하수도 오염물질 방류 의심 신고. ,관련 부서 이첩함(2024. 2. 11. 10:37경),푸른환경과,,complaints_2024.xlsx,푸른환경과
2024,2594,2024-02-11,,[삭제],"유성 온천역 3번출구  불법현수막 철거 바람.
※ 현수막없는 청정거리라는 현수막이 걸려있는데도 불구하고  불법현수막이 걸려있음)",관련부서 인계,건축과,,complaints_2024.xlsx,건축과
2024,2595,2024-02-10,,미상,노은동 음식점 이용 후 식중독 증상. 점검 요청 (식당에서 보상 안 해준다고 함),관련부서 전달,위생과,,complaints_2024.xlsx,위생과
2024,2596,2024-02-10,,대전시콜센터,지족네거리(지족동 ***) 인도 부근에 고양이 사체 처리요청,펫 레스큐에 전달,청소행정과,,complaints_2024.xlsx,청소행정과
2024,2597,2024-02-10,,익명,지족동 ***(열매마을*단지~*단지 사이 인도) 고양이 사체처리 요청,펫레스큐에 전달,청소행정과,,complaints_2024.xlsx,청소행정과
2024,2605,2024-02-09,,[삭제],"원신흥교에 다리 위쪽에 고양이가 내려오지 못하고 있음.
구조해주길 바람.","구조대에 연락했으나 길고양이는 자체번식 동물로 법적으로 구조대상이 아니라는 답변을 받음.
해당부서 이첩",지역산업과,,complaints_2024.xlsx,지역산업과
2024,2606,2024-02-09,,유성경찰서,"지족동 ***번지 앞 지족로 ***번길도로 포트홀(직경 30cm, 깊이 10cm) 발생/ 유성경찰서 통보",도로관리팀 이희연 주무관 전화 안내,건설과,,complaints_2024.xlsx,건설과
2024,2607,2024-02-09,,[삭제],원신흥교 다리에 고양이가 5일째 못내려오고 있음. 고양이를 구해주시기 바람.,"유기동물 구조업체에 연락했으나, 구할 수 없는 대상(반려묘에 해당되지않음)으로 어렵다고 안내하였으나, 고양이가 5일째 그대로 있어 죽을 수 있으니 반드시 구조해주기를 원함
(민원인이 송부한 사진 구조업체에 통보)",지역산업과,,complaints_2024.xlsx,지역산업과
2024,2609,2024-02-09,,익명,유성시장 불법주정차 단속 요청,단속요청 및 담당부서 이첩,주차관리과,,complaints_2024.xlsx,주차관리과
2024,2610,2024-02-09,,익명,원신흥동 **번길 쓰레기수거 요청 및 불법쓰레기 투기 해결 요청,"원신흥로 55번길 쓰레기 수거-> 환경관리요원 메시지 전달 완료
불법쓰레기 투기 해결 요청 담당부서 이첩",청소행정과,,complaints_2024.xlsx,청소행정과
2024,2611,2024-02-09,,[삭제],"계롱로 ***번길 *
쓰레기봉투 큰것 3개를 건물 앞에 놓았는데 누군가 큰길가로 옮겨놓았으며
해당 쓰레기가 수거가 되지 않아 쓰레기 청소요청","환경관리근무요원에게 연락하여 쓰레기 수거요청함
2.9. 휴무이며 2.10. 수거 예정이라고 하심.",청소행정과,,complaints_2024.xlsx,청소행정과
2024,2612,2024-02-08,,구즉지구대,교통사고로 인해 중앙분리대 9개 파손 통보(용산동 ***번지 호반써밋 *단지 앞),담당부서 이첩,건설과,,complaints_2024.xlsx,건설과
2024,2613,2024-02-08,,익명,"- 원신흥동로 **번길생명나무교회에서 원신흥초등학교 근처 크리넷 투입구 근처 쓰레기로 인한 민원
- 반복적으로 민원을 제기하고 계시고, 적극 홍보 및 게도 요청",담당부서 이첩,청소행정과,,complaints_2024.xlsx,청소행정과
2024,2614,2024-02-08,,노은지구대,"갑동 ***-*(공주에서 대전방향 현충원정문 500m전), 차량사고로 인한 가로등 및 가드레일, 가로수 파손 신고 / 차량번호 **수****",관련부서 이첩,건설과,,complaints_2024.xlsx,건설과
2024,2615,2024-02-07,,익명,신성남로 **-** / 민원인 집 주차장에 번호판 없는 오토바이가 일주일 넘게 주차되어있음.,담당부서 이첩,교통정책과,,complaints_2024.xlsx,교통정책과
2024,2616,2024-02-06,,유성경찰서,가정동 ***-* (가정로) 2차로에 동물사체 처리 요청,담당부서 이첩,청소행정과,,complaints_2024.xlsx,청소행정과
2024,2617,2024-02-06,,익명,관평중학교앞 사거리에서 관평중학교와 공차사이에 횡단보도가 많이 패여있다고 함. 보수요청하심,담당부서 이첩,건설과,,complaints_2024.xlsx,건설과
2024,2618,2024-02-05,,유성경찰서 노은지구대,"월드컵 경기장 장애인 전용구역 주차장에 주차되어있는 차량 중 장애인주차증이 실효되어있는것 같다는 민원 발생
장애인주차증 실효 여부 확인 요청 차량번호: **버****(SM5)
확인 후 회신 요청 ",부서 이관 ,사회돌봄과,,complaints_2024.xlsx,사회돌봄과
2024,2619,2024-02-05,,익명,반석역 뒷편 골목 주차단속 요청/ 반석로 **번길주변 어린이 보호구역으로 불법주정차로 교행이 안됨 ,불법주정차 야간단속반 전달,주차관리과,,complaints_2024.xlsx,주차관리과
2024,2620,2024-02-05,,익명,"대전광역시 유성구 성북동 ***-*, 집 주변 데크에 길고양이 사체가 있음. 전화주신 분은 집 주인이며 담당부서와 통화를 강력히 원하심. 오전 12시 이후 출근을 하는 터라, 신속한 처리 요청",담당부서 이첩,청소행정과,,complaints_2024.xlsx,청소행정과
2024,2621,2024-02-04,,구즉지구대,자율방범대 활동 중 봉산어린이공원 남자화장실 유리창이 깨져있는 것을 발견. 추후 조치 요망,해당부서 이첩,공원과,,complaints_2024.xlsx,공원과
2024,2625,2024-02-04,,익명,도룡동 로컬푸드파머스161 앞 도로 불법주정차 단속 요청,해당부서 이첩 및 단속반에 단속 요청,주차관리과,,complaints_2024.xlsx,주차관리과
2024,2627,2024-02-04,,익명,반석동 ***뒤쪽에 묶여있는 강아지가 소음이 너무 심해 조치 요청 민원(확인 결과 4층 거주민의 강아지로 파악됨/ 환경법상 규제대상 아니라고 전달하였으나 접수요청으로 인해 접수),담당부서 이첩,푸른환경과,,complaints_2024.xlsx,푸른환경과
2024,2628,2024-02-04,,익명,덕명동 하우스토리에서 유성보건소 방면 도로 화물차 불법주정차 단속,해당부서 이첩 및 단속반에 단속 요청,주차관리과,,complaints_2024.xlsx,주차관리과
2024,2629,2024-02-04,,익명,구암동 ***-*에서 하는 공사(흙 메꾸기) 때문에 구암동 ***-* 도로가 더러워지지고 있으니 조치요청,담당부서 이첩,건설과,,complaints_2024.xlsx,건설과
2024,2631,2024-02-03,,익명,덕명동 하우스토리에서 보건소쪽 화물차 주차,단속반에 전달  / 화물차 지정추자 건인지?,교통정책과,,complaints_2024.xlsx,교통정책과
2024,2632,2024-02-03,,익명,"장대동 성원 상떼빌 하천 산책로 아침부터 지금까지 가로등 켜져있음
",담당부서 이첩,건설과,,complaints_2024.xlsx,건설과
2024,2633,2024-02-03,,익명,관평동 노브랜드 앞 노란 실선 불법 주차,단속반 전달,주차관리과,,complaints_2024.xlsx,주차관리과
2024,2637,2024-02-03,,익명,"임업기술센터 근처 자연학습장이 있는데 우수관에서 폐수가 나옴
음식점에서 오염된 물을 버리는 것 같다",담당부서 이첩,푸른환경과,,complaints_2024.xlsx,푸른환경과
2024,2639,2024-02-03,,익명,구암동 ***-* 불법주차,단속반 전달,주차관리과,,complaints_2024.xlsx,주차관리과
2024,2640,2024-02-03,,익명,주차단속,단속반 전달,주차관리과,,complaints_2024.xlsx,주차관리과
2024,2641,2024-02-03,,익명,성북동 ***-** 공사중지 요청,소관부서 이첩,건축과,,complaints_2024.xlsx,건축과
2024,2643,2024-02-03,,익명,불법주정차,단속반 전달,주차관리과,,complaints_2024.xlsx,주차관리과
2024,2645,2024-02-03,,익명,구암동 ***-** 불법주차로 이삿짐 차량 진입불가 ,단속반 전달,주차관리과,,complaints_2024.xlsx,주차관리과
2024,2647,2024-02-03,,익명,가게(구암동***-**) 앞 불법 주차,단속반 전달하였나 연락처 부재 /  세정과 통해 연락처 확인 후 차주와 통화하여 차량 이동 요청함.,주차관리과,,complaints_2024.xlsx,주차관리과
2024,2648,2024-02-03,,익명,유성온천역 5번 출구 버스 정류장과 차선사이 보도블럭 주변으로 소 뼈(갈빗대)가 버려져있어서 밟으면 넘어질 수 있을 거 같다.,불법투기 단속반에 전달,청소행정과,,complaints_2024.xlsx,청소행정과
2024,2649,2024-02-03,,[삭제],기초연금 조사 관련 문의,담당부서 이첩,희망복지과,,complaints_2024.xlsx,희망복지과
2024,2651,2024-02-03,,익명,유성시장 사거리 기름집 많은 곳 도로 양쪽 주차로 차량 진입 곤란,주말단속반에 주차단속요청,주차관리과,,complaints_2024.xlsx,주차관리과
2024,2652,2024-02-02,,익명,"관평동 수변공원 버스정류소에서 현대아울렛 가는 길 2차선인데 1차선을 항상 막고 있어 버스가 틀어 나갈수가 없다고 함
주정차 단속을 요청하고 담당자분께 전화해줄 것을 요청",소관부서 이첩,주차관리과,,complaints_2024.xlsx,주차관리과
2024,2653,2024-02-02,,익명,죽동 칸타빌아파트 주변 보도블럭 정비 요청,소관부서 이첩,건설과,,complaints_2024.xlsx,건설과
2024,2654,2024-02-02,,익명,복용파출소 ~ 건천교 사이 도로 가로등이 나가서 확인 요청(중간지점부터 건천교까지가 나갔다고 함),소관부서 이첩,건설과,,complaints_2024.xlsx,건설과
2024,2655,2024-02-02,,미상,"노은성당 주변 주택에 거주하는데 금,토,일은 음식물쓰레기 수거를 하지 않는것 같음. 쓰레기가 쌓여 생활에 불편함. 금,토,일 에도 쓰레기를 수거해주면 좋겠음
월요일 출근시 민원인에게 연락부탁드립니다.",담당부서 이첩,청소행정과,,complaints_2024.xlsx,청소행정과
2024,2656,2024-02-01,,유성지구대,"(계룡로***번길 **) 22시 이후 청소년 출입금지 위반.
05년생부터 출입 가능하나, 06년생 출입 신고로 단속.",관련부서 이첩,위생과,,complaints_2024.xlsx,위생과
2024,2657,2024-02-01,,경장 ***,"대전 유성구 대학로***번길 **, 미성년자 주류판매 적발",관련부서 이첩,위생과,,complaints_2024.xlsx,위생과
2024,2658,2024-01-31,,익명,자운대 4거리에서 죽동방면 주유소 지나 신성교 지나기 전 위치 고라니 사체 있음,동물사체신고 접수대장 기록 및 업체 문자 전달,청소행정과,,complaints_2024.xlsx,청소행정과
2024,2659,2024-01-31,,익명,유성IC 가기 전 고가도로 갈림길 앞 고라니 사체 있음,동물사체신고접수대장 기록 및 업체에 문자 발송,청소행정과,,complaints_2024.xlsx,청소행정과
2024,2660,2024-01-30,,미상,골목 도로 쪽 식당 앞 물통 세워서 자기 구역으로 불법 점유하는 사항 신고 부서 문의,담당부서 안내(건설과 도로관리팀) 및 내용 접수 처리,건설과,,complaints_2024.xlsx,건설과
2024,2661,2024-01-30,,익명,신호등 고장,시아골 네거리 진잠동 오토월드 가는방면 신호등 고장 수리 요청,건설과,,complaints_2024.xlsx,건설과
2024,2662,2024-01-29,,익명,용신교네거리-전민동 방향 고라니 사체 처리바람.,사체신고 접수대장 및 당직민원등록,청소행정과,,complaints_2024.xlsx,청소행정과
2024,2663,2024-01-29,,미상,"관평동 배울네거리에서 대덕테크노벨리 *,*단지와 동화초 방면 일대 가로등 미작동으로 조치 요청",해당 부서로 민원접수,건설과,,complaints_2024.xlsx,건설과
2024,2665,2024-01-29,,익명,복용동 ***-* 보왕스틸 뒷길에 고양이 사체 처리 바람.,담당부서 이첩,청소행정과,,complaints_2024.xlsx,청소행정과
2024,2666,2024-01-29,,유성지구대,"구암동 ***번지 덕명사거리에서 수정초 방면 공업사 앞 도로 동물사체 처리 바람.
신고자 연락처: 010-****-****",담당부서 이첩,청소행정과,,complaints_2024.xlsx,청소행정과
2024,2670,2024-01-28,,유성경찰서,갑천대교에서 노은방향 유성지하차도 진입로 부근 중앙분리대 파손,담당부서 이첩,건설과,,complaints_2024.xlsx,건설과
2024,2671,2024-01-28,,익명,가족분이 심정지 사망으로 키우던 고양이 두마리를 보호할 수 있는 보호자자가 없어 동물보호센터에 보내야 하는 상황으로 안내전화 요청함.(월요일 빠른 연락 요청함.),민원인에게 동물보호센터에서의 구조대상은 아니므로 담당자에게 안내 받으셔야 함을 안내함.,지역산업과,,complaints_2024.xlsx,지역산업과
2024,2672,2024-01-28,,익명,송강동 농협 앞 노점상 단속 요청,"일요일 단속팀에 요청하여 안내전화 시도 했지만, 통화가 되지 않았음.",건설과,,complaints_2024.xlsx,건설과
2024,2673,2024-01-28,,익명,"봉명동 ***-*(온천로**) 부근 불법 주정차로 인해 보행자들이 매우 위험하며, 횡단보도  추가 설치 등 교통안전 대책 마련 관련해서 민원 접수 요청함
(관련 사항은 대전광역시나 경찰서 업무 사항임을 안내하였음) 
",해당부서 이첩,교통정책과,,complaints_2024.xlsx,교통정책과
2024,2674,2024-01-28,,익명,전민동행정복지센터에서 엑스포코아 가는 방향(세종아파트 건너가는 건널목쪽) 1차선에 고양이 사체,펫레스큐로 문자 발송,청소행정과,,complaints_2024.xlsx,청소행정과
2024,2675,2024-01-28,,유성지구대,둔곡동 산**(구즉에서 세종 넘어가는 도로)에 교통사고로 인한 파편 청소 요청 전화,관련부서 이첩,청소행정과,,complaints_2024.xlsx,청소행정과
2024,2676,2024-01-28,,유성지구대,"장대로 **(건물) 뒷편에 번호판 없는 오토바이 방치 신고들어와서 당직실에 전달
민원인(건물주): 010-****-****",관련부서 이첩,교통정책과,,complaints_2024.xlsx,교통정책과
2024,2677,2024-01-27,,미상,관평동 *** 공원 쪽 하수구(배수로)에 본인 카드키가 빠져서 도움을 받고 싶다는 민원.,관련부서 이첩,건설과,,complaints_2024.xlsx,건설과
2024,2678,2024-01-27,,익명,"공사로 인해 발생된 먼지와 소음 때문에 어려움을 겪고 있다고 호소를 하셨습니다. 담당 부서에서 꼭 연락을 주셨으면 한다고 강하게 말씀하셨습니다. 
-주소: 유성구 온천로 **(대양 오피스텔) 바로 뒷 건물
* 민원인분이 다소 화가 많이 나있고, 거친 언어를 사용하십니다. 참고 부탁드립니다. ",담당부서 이첩,푸른환경과,,complaints_2024.xlsx,푸른환경과
2024,2679,2024-01-27,,익명,"봉명동 ***-* 불법 주정차 단속 요청 민원이 있었습니다. (황색 복선에 두대가량 차량이 있다고 하셨습니다.)
",담당부서 이첩 및 주말단속반 안내,주차관리과,,complaints_2024.xlsx,주차관리과
2024,2680,2024-01-27,,익명,"송강동 일원(송강중,송강초,두리중,두리초) 도로에 화물차가 불법 주정차 되어 있어 단속을 요청하신 민원인이 계셨습니다.",담당부서 이첩 및 주말단속반에 안내,주차관리과,,complaints_2024.xlsx,주차관리과
2024,2681,2024-01-27,,익명,"대전광역시 유성구 동서대로 *** 주변에 불법 주정차가 많아 우회전에 어려움을 겪어 단속 요청하셨습니다.  
주말 단속반을 운영하여  해당구역 단속 나간다고 안내를 했지만, 감시 카메라가 설치 안되어서 불법주정차가 재발되는 것이라고 관련 내용에 대해 말씀드릴 게 있다고 월요일에 전화부탁하셨습니다.  ",담당부서 이첩 및 주말단속반 요청,주차관리과,,complaints_2024.xlsx,주차관리과
2024,2682,2024-01-27,,익명,노은동 노은유치원 옆 덕미어린이공원 내 놀이터 바닥이 모래로 되어 있어 불편 탄성포장재로 교체요청,해당부서 이첩,공원과,,complaints_2024.xlsx,공원과
2024,2683,2024-01-27,,익명,노은동 ***번지 노은유치원 뒤쪽 도로 맨홀이 꺼져있고 도로포장 상태가 좋지 않아 정비가 필요함,해당부서 이첩,건설과,,complaints_2024.xlsx,건설과
2024,2684,2024-01-27,,익명,대전광역시 유성구 동서대로 *** 주변에 불법 주정차가 많아 우회전에 어려움을 겪어 단속 요청하셨습니다. ,관련부서 이첩 및 주말단속반 보고,주차관리과,,complaints_2024.xlsx,주차관리과
2024,2685,2024-01-27,,익명,봉명동 ***-*에서 홈플러스 방향으로 우회전 하는 방향으로 불법 주정차 차량이 많이 들어서 있다고 단속 요청하셨습니다.,담당부서 이첩 및 주말 단속반 보고,주차관리과,,complaints_2024.xlsx,주차관리과
2024,2686,2024-01-27,,익명,"1) 노은한화꿈에그린 *단지아파트에서 유성농협 지족동지점까지 불법현수막들이 도로에 날리고 있다고 처리 요청하셨습니다.
2) 노은해랑숲마을 *단지아파트에서 노은에코힐*단지아파트까지 이어지는 도로에 불법광고 현수막들이 많이 설치되어 있다고 조치요청 하셨습니다.",관련 부서 이첩 ,건축과,,complaints_2024.xlsx,건축과
2024,2687,2024-01-27,,익명,유성구 도안동로 *** 도솔대교 인근 황색실선에 주차되어 있는 차량 단속 요청.,관련 부서 이첩 및 주말단속반 보고,주차관리과,,complaints_2024.xlsx,주차관리과
2024,2688,2024-01-27,,익명,봉명동 ***-** 유성불가마 옆 도로 차량이 황색실선에 주차되어 있어 통행에 큰 어려움을 겪음. ,관련부서 이첩 및 주말단속반 최상근 주사님께 보고,주차관리과,,complaints_2024.xlsx,주차관리과
2024,2689,2024-01-27,,익명,유성구 박산로** 주변 황색실선에 불법주차 되어 있는 차량 많아 단속 조치 요청하셨습니다.,주말 단속반 최상근 주사님께 문자보고.,주차관리과,,complaints_2024.xlsx,주차관리과
2024,2690,2024-01-27,,익명,"구암동 ***-**, 건물 현관에 일주일 째 렌트카가 주차되어 있어 통행에 어려움을 겪는다고 합니다. 황색 실선 주변에 주차되어 있지는 않고, 렌트카 업체는 알지 못한다고 합니다.",관련 부서 이첩,주차관리과,,complaints_2024.xlsx,주차관리과
2024,2691,2024-01-27,,익명,대전 유성구 도안동로 ***(양우내안애레이크힐 아파트 **단지) 아파트 정문쪽(도안동로) 쪽에 쓰레기봉투가 다수 터져있어 처리 요함.,관련 부서 이첩,청소행정과,,complaints_2024.xlsx,청소행정과
2024,2693,2024-01-26,,[삭제],건물 2층 내부 사무실 앞에 반려견 분변 미처리로 인하여 신고(유성구 계룡로 **번길 **),관련 부서 이첩,지역산업과,,complaints_2024.xlsx,지역산업과
2024,2694,2024-01-25,,유성파출소,현충원 입구 교통사고에 따른 잔해물 처리 요청,소관부서 이첩,청소행정과,,complaints_2024.xlsx,청소행정과
2024,2695,2024-01-25,,유성경찰서,덕명동 ***번지 교통사고에 따른 잔해물 처리 요청,소관부서 이첩,청소행정과,,complaints_2024.xlsx,청소행정과
2024,2696,2024-01-25,,미상,"운암네오미아 *단지 아파트, 우림필유 **단지 아파트 사이 동화울교 위 매일 밤마다 대형 화물자동차 다수가 불법 주차를 반복함
다리 위 과도한 하중으로 안전 문제 발생 우려됨
여러번 민원 제기하였으나 조치 되지 않음 조치 요망","소관부서 이첩
※ 민원인이 전화번호를 기재하는것을 원치않아 내용만 접수, 
     여러번 민원 제기 했는데 제대로 전달되는지 모르겠다하여 교통정책과 밤샘주차단속 업무 담당자 번호 안내 및 평일 업무시간에 문의 시 확인 가능함을 안내
",교통정책과,,complaints_2024.xlsx,교통정책과
2024,2698,2024-01-24,,익명,원신흥로 **번길 근처 보행자전용도로 위 쓰레기 청소요청,담당부서 이첩,청소행정과,,complaints_2024.xlsx,청소행정과
2024,2699,2024-01-24,,[삭제],"봉명동 설빙 앞 타코야키, 닭고치 파는 불법노점상 신고",담당부서 이첩,건설과,,complaints_2024.xlsx,건설과
2024,2700,2024-01-23,,미상,"관평동 *공영주차장/이중주차 차량(**러****,연락불가)로 인해 차량 출차불가능/여러 민원인에게 지속적인 민원전화 들어옴",담당부서 이첩,주차관리과,,complaints_2024.xlsx,주차관리과
2024,2701,2024-01-23,,미상,용산동 호반써밋과 대덕테크노밸리**단지 사이 다리위 지속적으로 대형트럭들이 불법주정차/ 주기적으로 민원접수를 함에도 해결안됨,담당부서 이첩,교통정책과,,complaints_2024.xlsx,교통정책과
2024,2702,2024-01-23,,미상,온천로 ** 도로에 에어간판이 바람에 날아와 도로 교통에 방해,담당부서 이첩,건축과,,complaints_2024.xlsx,건축과
2024,2703,2024-01-22,,미상,"엑스포로 *** 부근, 탑립커피 지나는 길 개 사체",펫 레스큐 전달,청소행정과,,complaints_2024.xlsx,청소행정과
2024,2704,2024-01-22,,미상,"계룡터널 나와서 유성에서 진잠가는 방향 50미터정도에 포트홀 발생 조치바라며, 자동차 바퀴 휠이 휘었는데 보상 받을수 있는지 문의(보상 받을 수 있는 경우 연락 바람)",담당부처 이첩,건설과,,complaints_2024.xlsx,건설과
2024,2705,2024-01-21,,미상,화암동 ***-* 지점의 포트홀로 인하여 차량 앞바퀴 찢어짐. 해당 피해에 대하여 보상을 받을 수 있는지 문의. 관련 부서에 이첩 바람.,담당부서 이첩,건설과,,complaints_2024.xlsx,건설과
2024,2706,2024-01-21,,익명,"- 위치: 전민로** 옥상 세대
- 옥상 세대에서 거품이 발생하는 물이 도로로 흘러 나감
- 월요일 담당자 연락 시, 촬영한 동영상 제출 요함",- 담당부서 지정,푸른환경과,,complaints_2024.xlsx,푸른환경과
2024,2707,2024-01-21,,익명,유성 파머스161 마켓 (도룡동 *-**) 부근 불법 주정차 단속 요청,단속반 전달,주차관리과,,complaints_2024.xlsx,주차관리과
2024,2708,2024-01-21,,익명,"유성구 장대동 ***-** (프리미엄 정육점) 앞, 인도를 침범한 매대 및 적재물 관련 행정 조치",담당부서 지정,건설과,,complaints_2024.xlsx,건설과
2024,2709,2024-01-21,,미상,"전기차 충전 구역 내 주차차량에 대한 조치 희망
 - 위치 : 봉명동 엔씨백화점 지하3층
 - 내용 : 전기차량이 전기차 충전구역에서 충전하지 않고 주차해놓은 상태여서 신고함.",관련부서 이첩,푸른환경과,,complaints_2024.xlsx,푸른환경과
2024,2710,2024-01-21,,미상,"ㅇ 불법주차 단속 및 해당차량 이동조치 희망
  - 위치 : 원신흥동 ***-* / 대로에서 주택가 진입 부분
  - 내용 : 노란실선에 주차된 2.5톤 트럭이 진입차량들의 시야를 가려 사고났었고,
              기존에 다른 주민들이 동일 민원을 제기했었음.
              해당 차량 단속 및 이동 조치 희망.",주말 단속반에 전달,주차관리과,,complaints_2024.xlsx,주차관리과
2024,2711,2024-01-21,,미상,"ㅇ 포트홀 조치 희망
  - 위치 : 지족동 현충원 후문에서 월드컵경기장으로 나가는 다리.
  - 내용 : 포트홀 크기가 크고 깊어서 큰 사고 우려되므로 조치 희망.",관련부서 이첩,건설과,,complaints_2024.xlsx,건설과
2024,2712,2024-01-21,,익먕,구암동 ***-* / 주인 없는 개가 자신의 비닐하우스에 새끼 낳고 감,"- 유기동물 담당자에게 연락함
- 담당부서 이첩",지역산업과,,complaints_2024.xlsx,지역산업과
2024,2713,2024-01-21,,익명,객실에 강아지2마리 유기 후 방치된 상태 (화요일에 두고 가고 금요일에 데려가겠다고 한 후에 오지 않는 상황),"- 민원 통화 후, 월요일에 담당자 전화 예정 안내
- 담당부서 이첩",지역산업과,,complaints_2024.xlsx,지역산업과
2024,2714,2024-01-21,,익명,"유성구 덕명동 ***-**번지, 골프연습장에서 나온 골프공이 주변으로 떨어져서 위험하여, 체육시설 관련 지도 요청.","- 업체 전화 후 그물 점검 요청
- 이후 담당 부서 인계",문화관광과,,complaints_2024.xlsx,문화관광과
2024,2715,2024-01-21,,유성경찰서 *** 경장님,송강그린 아파트 ***동 앞 도로 **cm 포트홀 정비 요청 ,당직민원 등록,건설과,,complaints_2024.xlsx,건설과
2024,2716,2024-01-20,,익명,"도룡동 대덕대로에서 화암 네거리 부근 못 미쳐서 포트홀로 인한 타이어 펑크 사고 발생 / 보상 절차 문의
",담당부서 이첩,건설과,,complaints_2024.xlsx,건설과
2024,2717,2024-01-20,,익명,신성동쪽  전동킥보드가 주중보다 주말에 많이 방치되어 있는 경우가 많아 주말 단속 요청하심/월요일에 다시 전화하신다고 하심. ,담당부서 이첩 ,교통정책과,,complaints_2024.xlsx,교통정책과
2024,2718,2024-01-20,,익명,"원내동 ***-**, 도로에 포트홀이 여기 저기 생겨서 타이어 터지고 난리도 아니라고 함. 보수작업 반드시 해달라고 요청.",관련부서 이첩,건설과,,complaints_2024.xlsx,건설과
2024,2719,2024-01-20,,익명,"1) 010-****-**** →  웰니스재활병원 코너 주차단속 민원
2) 010-****-**** → 봉명동 벤츠매장 건너편 단속민원
3) 010-****-**** → 용반네거리~유성네거리 주정차 많아서 버스 진입못한다고 민원",주말단속반에 알려줌,주차관리과,,complaints_2024.xlsx,주차관리과
2024,2720,2024-01-20,,익명,노은동 LG유플러스 근처 양쪽으로 주차를 해 놔서 집중 단속 좀 해달라고 함,관련부서 이첩,주차관리과,,complaints_2024.xlsx,주차관리과
2024,2721,2024-01-20,,익명,관평동 테크노밸리*단지 ***동 앞 삼거리 횡단보도근처 오토바이가 한달째 무단방치 상태라고 조치 원하심. (번호판은 없다고 함),담당부서 이첩 ,교통정책과,,complaints_2024.xlsx,교통정책과
2024,2722,2024-01-20,,익명,본인 건물에 현수막을 달았는데 구청에서 떼갔다고 함. 전화달라고 함. 본인 건물에 본인이 단 현수막을 떼 가는 것이 법적으로 맞느냐고 질의함. ,관련부서 이첩,건축과,,complaints_2024.xlsx,건축과
2024,2723,2024-01-20,,익명,도안대로 아이파크 *단지 대로변 주정차 너무 심하니 단속 요청,관련부서 이첩,주차관리과,,complaints_2024.xlsx,주차관리과
2024,2724,2024-01-20,,익명,샘물타운 후문에서 관저사거리 방향 우회전 하는 곳에 도로가 파여있음.  전화요청. ,관련부서 이첩,건설과,,complaints_2024.xlsx,건설과
2024,2725,2024-01-20,,익명,월드컵경기장 사거리에서 유성중 앞까지 불법주정차가 너무 많아서 단속을 강화해달라고 함,관련부서 이첩,주차관리과,,complaints_2024.xlsx,주차관리과
2024,2726,2024-01-20,,익명,"노은역 주변 불법주정차가 너무 많아서 힘듦. 주말에도 단속 좀 강화해달라고 함. 2명이 전화함.
1) 010-****-****
2) 010-****-****",관련부서에 전달한다고 함,주차관리과,,complaints_2024.xlsx,주차관리과
2024,2727,2024-01-20,,[삭제],"요양원에 입소 중인 자인데, 생계급여와 장애인연금이 나오지 않았다고 문의함","담당자에게 전달 후, 월요일에 전화드릴 예정이라고 함.",사회돌봄과,,complaints_2024.xlsx,사회돌봄과
2024,2731,2024-01-20,,미상,음식물류폐기물 미수거,해당 부서에 이첩,청소행정과,,complaints_2024.xlsx,청소행정과
2024,2732,2024-01-19,,유성경찰서,"방동저수지 방면 고라니 사체 신고가 접수되어 현장을 확인하였고 오른쪽 갓길에 치워 놓았음
사체 처리 바람",펫레스큐(010-****-****)에 사체 신고를 문자로 전달함,청소행정과,,complaints_2024.xlsx,청소행정과
2024,2733,2024-01-19,,미상,방동 저수지 근처에서 고라니 사체 발견,펫레스큐(010-****-****)에 문자로 연락 남김,청소행정과,,complaints_2024.xlsx,청소행정과
2024,2734,2024-01-19,,미상,"올가미에 걸린 고양이 구조요청
","유기동물 구조반(김명덕/010-****-****)에 문의 후 다시 민원인에게 연락하여 고양이가 올가미에 걸려 다쳤다고 확인함
유기동물 구조요건에 해당하지 않아 구조가 어렵다고 안내
민원인이 병원에 가서 병원비 청구하겠다고 하고 끊음",지역산업과,,complaints_2024.xlsx,지역산업과
2024,2735,2024-01-19,,익명,원신흥동 ***-*번지 일원 쪽 건축공사현장에서 신호수 없이 공사중 조치 바라신다고 함,해당부서 이첩,건축과,,complaints_2024.xlsx,건축과
2024,2736,2024-01-18,,익명,"봉명동***-* 노점상이 길을 가로막고 있어 단속 요청, 밤에만 활동하심.",담당부서 이첩,건설과,,complaints_2024.xlsx,건설과
2024,2737,2024-01-18,,익명,"갑천1블럭 호떡 포장마차 노점상 운영 못하게 해달라고 하심(거기서 사신 호떡이 상한호떡같음 자녀분이 먹고 탈난거 같다고 하심)
오전중에 꼭 연락바란다고 하심",해당부서 이첩,건설과,,complaints_2024.xlsx,건설과
2024,2738,2024-01-18,,익명,유성구 반석로**번길** 앞쪽 골목길 양쪽에 상습 주차된 차들이 많음. 단속이 안되는거 같아 단속요청 및 과태료가 발부되는지 궁금함.,담당부서로 이첩,주차관리과,,complaints_2024.xlsx,주차관리과
2024,2739,2024-01-18,,미상,송림마을*단지 ***동 앞 공원 공중화장실 휴지걸이 파손으로 조치 요청,담당부서 이첩,녹지산림과,,complaints_2024.xlsx,녹지산림과
2024,2740,2024-01-18,,노은지구대 *** 경장,"교통사고로 인한 고속도로(남세종IC) 진입 표지판이 파손(쓰러짐) 되어 신속한 처리 요청 
- 주소 : 대전 유성구 안산동 ***-**번지
- *** 경장(010-****-****)",담당부서로 이첩,건설과,,complaints_2024.xlsx,건설과
2024,2741,2024-01-18,,미상,유성구 상품권(영세민 대상 지급)을 지인이 수령하여 부당 사용하였다고 함.,담당부서 이첩,희망복지과,,complaints_2024.xlsx,희망복지과
2024,2742,2024-01-17,,미상,온천서로 **-** 호텔 아트 앞 도로가 에어풍선 신고. 민원인 회신 바람.,담당부서 이첩,건축과,,complaints_2024.xlsx,건축과
2024,2743,2024-01-17,,시 관제센터,장대동 ***-* 놀이터 가로등 깜빡거림. ,담당부서 이첩,건설과,,complaints_2024.xlsx,건설과
2024,2745,2024-01-16,,미상,"전민동 엑스포 코아(유성구 엑스포로 ***) 맞은편, 엑스포동우당약국 앞 마당 노점상 강력단속 바람(지속적 민원 제기함)
- 최소한 횡단보도 쪽 노점상을 없애서 운전자의 시야를 가려 사고가 일어나지 않도록 조치바람
- 전민동 오일장날17시에서 19시 사이 단속 요망
- 스텐딩형 카메라를 설치하여 상시단속 바람
- 푸드트럭 허용구역을 정해서 점포세를 받아 세금을 내고 장사하도록 조치바람",소관부서 이첩,건설과,,complaints_2024.xlsx,건설과
2024,2746,2024-01-16,,미상,"관평동 **단지랑 호반써밋아파트 사이 다리에 대형트럭 주차 조치요청
(저번에도 민원 넣었는데 시정안됨)",담당부서 이첩,주차관리과,,complaints_2024.xlsx,주차관리과
2024,2747,2024-01-16,,유성지구대,청소년보호법 위반 사건 전달 목적 / 유성구 온천북로 **에서 미성년자 혼숙 단속 / 사업자명 *** 번호 010-****-**** / ,담당부서 이첩,위생과,,complaints_2024.xlsx,위생과
2024,2748,2024-01-14,,익명,봉명동 우산거리 불법 주정차 단속 요청,관련부서 이첩,주차관리과,,complaints_2024.xlsx,주차관리과
2024,2749,2024-01-14,,미상,현충원로 ***번길** 근처(구암동***-*번지) 삼거리 하수도 맨홀뚜껑 여러개중 하나만 약간만 안닫혀 있음 확인요청,부서이첩,건설과,,complaints_2024.xlsx,건설과
2024,2750,2024-01-14,,익명,"수통골 계곡 물이 내려가는 쪽(하류 부근, 장수오리 근처) 배수구 오염물질 방류 의심신고","18시 30분 현장방문하여 확인결과, 선우치매센터 근처 배수구에서부터 뿌옇게 보이는 물이 흐른것으로 추정
관련부서 이첩함.",푸른환경과,,complaints_2024.xlsx,푸른환경과
2024,2751,2024-01-14,,익명,"위치: 지족동 에코힐*단지 뒤 하천
내용: 새캄한 물이 흐르고 있어서 전화 줌. 
*지난번에도 전화로 민원넣었는데, 처리결과가 궁금하다고 합니다. 
",담당부서 이첩,푸른환경과,,complaints_2024.xlsx,푸른환경과
2024,2752,2024-01-14,,익명,"위치: 와룡로*(송강동***-*) 도미노피자 앞
민원사항: 보도블럭 침하로 작은 구멍이였는데, 점점 주저앉고 있다고 함.
빠른 조치해주셨으면하여 민원전화 줌.",담당부서 이첩,건설과,,complaints_2024.xlsx,건설과
2024,2753,2024-01-14,,익명,"12시 6분경 마을버스 3번(차량번호:****)이 무정차로 지나가서 불편사항 신고.
정류장: 진잠초등학교 ",담당부처 이첩,교통정책과,,complaints_2024.xlsx,교통정책과
2024,2754,2024-01-14,,익명,"진터지하차도(도안2블러~6블럭) 제설함 뚜껑이 열려있어 
지나다니는 차량의 파손염려됨. 
현장확인 후 조치하였으나, 점검요청.",담당부서 이첩,건설과,,complaints_2024.xlsx,건설과
2024,2755,2024-01-14,,기자,"페기물 대량으로 쌓여있는 장소 (학하동 **)
단서가 될만한 폐기물 스티커가 붙어있다고 신고함.",관련부서 이첩,청소행정과,,complaints_2024.xlsx,청소행정과
2024,2756,2024-01-14,,익명,전민동 던킨도넛 사거리(유성대로 ****)에서 서브웨이(유성대로 ****)까지 자전거도로에 낙엽이 많다며 청소 요청,담당부서 이첩,청소행정과,,complaints_2024.xlsx,청소행정과
2024,2757,2024-01-13,,익명,"도안크린넷 설치지역들이 크린넷고장으로 문의하였으나 도시공사에서는 수리일을 특정하여주지않음.
크린넷으로 쓰레기수거가 막혀 단지 내 등 크린넷수거구역에 쓰레기가 쌓이고있어,
구청에서 일시적으로 쓰레기수거 등 처리가 가능한지 문의",담당부서이첩,청소행정과,,complaints_2024.xlsx,청소행정과
2024,2760,2024-01-13,,미상,유성구 학하서로** 계산초등학교 앞 교통현수막 철거 민원,담당부서 이첩,건축과,,complaints_2024.xlsx,건축과
2024,2761,2024-01-13,,익명,스마트시티*단지( 호텔icc웨딩홀 앞) 단지를 둘러서 주차단속요청 및 주차관리과에 질의사항 있음,"담당부서이첩(단속반전달하였으며, 주차관리과 주무관의견 또한 원하여 월요일 회신원함)",주차관리과,,complaints_2024.xlsx,주차관리과
2024,2762,2024-01-13,,익명,방죽어린이공원 수전 수리요청,담당부서 이첩,공원과,,complaints_2024.xlsx,공원과
2024,2763,2024-01-13,,익명,학하2교~학하초등학교 사이 인도에 주차된차량에 대한 조치요청-단속반 전달하였음(10:51),담당부서 이첩-단속반 전달,주차관리과,,complaints_2024.xlsx,주차관리과
2024,2764,2024-01-13,,익명,노은역 일대 주차단속요청-단속반 전달하였음(9:30),단속반 전달하였음(9:30),주차관리과,,complaints_2024.xlsx,주차관리과
2024,2765,2024-01-13,,익명,죽동 ***-*번지 거주자이며 바로 인접한 건물 공사로인한 소음 진동피해,담당부서 이첩,푸른환경과,,complaints_2024.xlsx,푸른환경과
2024,2766,2024-01-11,,[삭제],학하동 *** 회동삼거리 도로 결빙에 따른 사고발생 조치 필요,담당부서 이첩,건설과,,complaints_2024.xlsx,건설과
2024,2767,2024-01-11,,미상,"반석동 ***-*, 반석역 뒤쪽 불법주차가 만연하며 불법주차로 인해 차량 이동이 불가능함 조치 요망(야간단속반에도 민원 전달 완료)",담당부서 이첩,주차관리과,,complaints_2024.xlsx,주차관리과
2024,2768,2024-01-11,,시 당직실,유성온천역 7번출구 버스정류장 앞 승용차 불법주차 빠른 조치 요망 (시민들 버스 승하차 불편),담당부서 이첩,주차관리과,,complaints_2024.xlsx,주차관리과
2024,2769,2024-01-10,,미상,세동 까치산 옆 백운로 고라니 로드킬 당한 사체 처리 요망,펫레스큐 전달,청소행정과,,complaints_2024.xlsx,청소행정과
2024,2770,2024-01-09,,미상,유통단지네거리 한진택배 앞 4차선 고양이 로드킬 사체,담당부서 이관,청소행정과,,complaints_2024.xlsx,청소행정과
2024,2773,2024-01-08,,익명,"목원대네거리~>옥녀봉네거리 방향
도로파임 신고, 포트홀 보수 요청",담당부서이첩,건설과,,complaints_2024.xlsx,건설과
2024,2774,2024-01-08,,[삭제],노은고등학교 (벽면)공사현장 소음이 심함(특히 꼭두새벽부터라서 문제),담당부서 이첩,푸른환경과,,complaints_2024.xlsx,푸른환경과
2024,2777,2024-01-07,,미상,복용동 산 24 부근에 새끼 고라니 그물에 걸려있음,펫 레스큐에 전달,푸른환경과,,complaints_2024.xlsx,푸른환경과
2024,2778,2024-01-07,,미상,방죽어린이공원(구암동***-*)에 물이 나오지 않아 문의차 연락을 함 / 통화를 요청함,담당부서 이첩,공원과,,complaints_2024.xlsx,공원과
2024,2779,2024-01-07,,미상,갑동***-** 옆 그물에 고라니 2마리 걸려있어 구조 요청,펫 레스큐에 조치 요청,푸른환경과,,complaints_2024.xlsx,푸른환경과
2024,2780,2024-01-07,,유성경찰서,"지족동*** 노은지하차도 세종 방면 큰 쓰레기 및 비닐들이 떨어져있음. 경찰 측에서 초동조치로 큰 쓰레기들은 수거하였으나 아직 자잘한 쓰레기들은 남아있음
→ 담당팀(청소행정팀)에게 유선으로 내용 전달",담당부서 이첩,청소행정과,,complaints_2024.xlsx,청소행정과
2024,2781,2024-01-06,,도룡지구대,노래연습장 주류 판매 적발(전민로 **번길 **) 전달,해당부서 이첩,문화관광과,,complaints_2024.xlsx,문화관광과
2024,2782,2024-01-06,,[삭제],오토월드(복용동)에서 진잠쪽으로 가는 방향의 중앙 분리대 가로수의 바람막이 짚이 부실하여 보강필요 요청,해당부서 이첩,녹지산림과,,complaints_2024.xlsx,녹지산림과
2024,2783,2024-01-06,,익명,"유성구 대학로 **-** 앞 붕어빵 장사 노점상 단속 강력요청
여러 번 전화했는데 처리가 안되고 있음. 강력 단속 요청하고 전화요망",해당부서 이첩,건설과,,complaints_2024.xlsx,건설과
2024,2784,2024-01-06,,119상황실,"성북동 ***-*번지 농장 옆 비닐하우스 화재 발생 
용계동 산 7번지 화재 발생 ","관내 화재 발생에 따라 상황보고 및 재난상황실 연계 수시상황 보고함 
- 성북동 화재 진압 완료(비닐하우스 2개동 소실) / 용계동 화재는 오신고 처리됨 ",녹지산림과,,complaints_2024.xlsx,녹지산림과
2024,2785,2024-01-06,,미상,"유성구 족욕장 이용자로 방문 시마다 족욕장에 계시는 할아버님께서 다른 이용객들에게 무례하게 막말을 하시거나 벗어놓은 신발을 지팡이로 치워버리는 현장을 자주 목격함 
불편하지 않게 족욕장을 이용할 수 있도록 부서에 전달 바람 
  ",부서 전달 ,공원과,,complaints_2024.xlsx,공원과
2024,2786,2024-01-06,,[삭제],"홈페이지에서 폐기물(매트리스) 배출신청, 결제완료 하였으나 신청내역 조회가 안됨.
",배출물에 결제완료 메모부착요청 / 담당부서 이첩 안내함,청소행정과,,complaints_2024.xlsx,청소행정과
2024,2787,2024-01-06,,[삭제],"금남구즉로(매립지장 주변) 도로 위에 흙이 많아서 불편함.
매립지로 흙을 실어나르는 트럭에서 쏟아지는 것으로 추정하심.
청소 혹은 관리를 해주길 원하심.",담당부서 이첩 안내함,건설과,,complaints_2024.xlsx,건설과
2024,2788,2024-01-06,,[삭제],자운대아파트 ***동 화단에 부상당한 너구리 구조 요청,처리반 구조요청함,푸른환경과,,complaints_2024.xlsx,푸른환경과
2024,2789,2024-01-06,,익명,자운동 ***-* 자전거도로 위 고라니 사체 신고,처리반 처리요청함,청소행정과,,complaints_2024.xlsx,청소행정과
2024,2790,2024-01-06,,미상,관평동 *단지(푸르지오) 앞 버스정류장 고양이 사체 처리 요청 ,사체처리반 연락처 전달,청소행정과,,complaints_2024.xlsx,청소행정과
2024,2791,2024-01-06,,익명,유성CC에서 동학사 가는 6차선 도로(현충원로) 위에 고라니 사체 처리 요청,사체처리반 처리요청 및 시 당직실에 인계,청소행정과,,complaints_2024.xlsx,청소행정과
2024,2792,2024-01-06,,미상,"대학로 **-**번지에서 빵집을 운영하고 있는 민원인으로, 사거리 불법노점상(붕어빵집)이 영업 단속을 요청하셨습니다. 
월요일에 담당자와 통화 요청함 ",부서전달,위생과,,complaints_2024.xlsx,위생과
2024,2793,2024-01-06,,미상,"대학로 **-**번지에서 빵집을 운영하고 있는 민원인으로, 사거리 불법노점상(붕어빵집/ 평일 오후 5시 30분 이후 영업시작) 단속을 요청하셨습니다. 
월요일에 담당자와 통화 요청함 ",부서 전달,건설과,,complaints_2024.xlsx,건설과
2024,2794,2024-01-06,,미상,"관평동 *** 노브랜드 근처 새벽 4:30에 맹금류 소음 발생, 누가 키우는 것인지, 인위적으로 틀어놓은 것인지, 시청 당직실로 전화",담당부서 이관,푸른환경과,,complaints_2024.xlsx,푸른환경과
2024,2795,2024-01-04,,익명,"관평동 테크노밸리**단지 인근 교량(관평동 ***-*번지) 6차선에 항상 화물차 밤샘주차가 되어있음(4차선 중 마지막 차선)
교량 한쪽에 주차하면 무게도 있어 매우 위험하며 불법이므로 단속해주길 바라며, 근본적으로 해결이 될 수 있도록 카메라나 차단봉 설치를 해주길 바람",당직민원 접수,교통정책과,,complaints_2024.xlsx,교통정책과
2024,2796,2024-01-04,,익명,"가로등 고장
- 월드컵경기장역 1번 출구 쪽 사거리 횡단보도부터 농수산물시장쪽까지 4개 이상 꺼져있음
- 노은서로에서 열매마을 **단지 가는 길도 대부분 꺼져있음","당직민원 접수, 담당부서 전달",건설과,,complaints_2024.xlsx,건설과
2024,2798,2024-01-03,,미상,송림마을*단지 앞 윗텃골어린이공원 내 화장실 바닥이 이상하다고 함 / 걷기 힘들 정도로 끈적거리다고 함 / 전화는 안해줘도 된다고 함,해당부서 이첩,공원과,,complaints_2024.xlsx,공원과
2024,2799,2024-01-03,,미상,대전동물메디컬센터숲(한밭대로***번길 **-*) 과 플랜트치과 사이 부근 고양이사체 신고  /  동물사체 담당(펫레스규) 문자 남김 ,동물사체 담당(펫레스규) 문자 남김 / 접수대장 기재 완료,청소행정과,,complaints_2024.xlsx,청소행정과
2024,2800,2024-01-03,,미상,둔곡동 이다움아파트*단지 ***동 놀이터 유기견 구조 요청,유기동물 구조 담당자 연락 후 담당부서 이첩,지역산업과,,complaints_2024.xlsx,지역산업과
2024,2801,2024-01-03,,미상,자운대 국방지형정보단 정류장 맞은편 3차선 도로 고라니 사체,업체전달 후 접수대장 기록,청소행정과,,complaints_2024.xlsx,청소행정과
2024,2802,2024-01-02,,[삭제],***(**.**.**) 문화누리카드 신청결과 선정여부 문의 ,온천2동  주민으로 익일 9시이후 담당자 선정 여부 확인후 전화 연락 주기로 함,온천2동,,complaints_2024.xlsx,온천2동
2024,2803,2024-01-02,,미상,"마을버스 5 한마을 정류장에서 여러명이 승차거부 당함
진행상황이랑 통화 원함",소관부서 이첩,교통정책과,,complaints_2024.xlsx,교통정책과
2024,2804,2024-01-02,,[삭제],도로 고양이사체 처리요청,업체전달 후 접수대장 등록,청소행정과,,complaints_2024.xlsx,청소행정과
2024,2805,2024-01-02,,미상,로드킬 처리,업체전달 후 접수대장등록,청소행정과,,complaints_2024.xlsx,청소행정과
2024,2806,2024-01-01,,익명,대학로 ** 가로수길에 유리 무단투기되었으나 깨져있어 위험함.,해당부서 이첩,청소행정과,,complaints_2024.xlsx,청소행정과
2024,2807,2024-01-01,,익명,성북로 ** 불법주정차 단속요청,해당부서 이첩,주차관리과,,complaints_2024.xlsx,주차관리과
2024,2808,2024-01-01,,익명,"용산동 관평동 일대 불법주정차 단속일정 질문
테크노중앙로 *** 불법주정차 단속요청",해당부서 이첩,주차관리과,,complaints_2024.xlsx,주차관리과
2024,2809,2024-01-01,,익명,동서대로*** 라도무스예식장 옆 도로에 차에 치인 개 한마리를 구조요청,해당부서 이첩,지역산업과,,complaints_2024.xlsx,지역산업과
2024,2810,2024-01-01,,익명,엑스포로***번길 ** 불법주차(대각주차) 단속요청,해당부서 이첩,주차관리과,,complaints_2024.xlsx,주차관리과
2024,2811,2024-01-01,,익명,보덕산의 송강중학교 옆 계단으로 올라가는 입구 먼지털이 에어건이 계속 작동하여 탄냄새가 남,해당부서 이첩,녹지산림과,,complaints_2024.xlsx,녹지산림과
2024,2812,2024-01-01,,익명,대덕대로*** 맞은편에 고양이사체 치워놓았다고 시청 통해 연락,해당부서 이첩,청소행정과,,complaints_2024.xlsx,청소행정과
2024,2813,2024-01-01,,익명,유성시외버스터미널 뒤 환승센터에 레미콘과 승용차가 며칠째 불법주차,담당부서 이첩/단속반 전달,주차관리과,,complaints_2024.xlsx,주차관리과
2025,1,2025-12-31,,미상,관평동 테크노*로 ** 앞 도로에 고양이 로드킬 사체 처리 요청,펫레스큐 문자 전송,청소행정과,,complaints_2025.xlsx,청소행정과
2025,2,2025-12-31,,미상,"12.31. 17:50 경 상가 앞 도로 적치물 관련 유성구로 통화하니 건축과로 연결시켜줬음. 건축과에서 연락받았는데 건축과 직원이 알아보고 연락주기로 하고 연락이 안온 것에 대해 화가 나심. 해당 통화 직원의 전화 후 사과 요청함. 
통화했던 해당 부서 직원의 이름을 질문했으나 알려주지 않음",담당부서 이송,건축과,,complaints_2025.xlsx,건축과
2025,3,2025-12-31,,미상,"전민동 행정복지센터 내 생활과학교실 수강신청 문의, 전화 회신 필요",담당부서 이첩,전민동,,complaints_2025.xlsx,전민동
2025,4,2025-12-31,,익명,새가 피를 흘리며 운동장쪽에 쓰러져 있으므로 조치바람,담당자 전달 및 담당부서 이첩,푸른환경과,,complaints_2025.xlsx,푸른환경과
2025,5,2025-12-30,,익명,"봉명동 ***-*번지 2층 ~6층까지 유흥주점으로 운영중인데 2층은 사업자등록증이 있으나 나머지 층은 사업자등록증이 나오지 않은걸로 알고 있어 불법으로 주류 판매하는 것이 의심되어 단속 요청함.
영업시간이 저녁부터 밤이기 때문에 해당 영업시간에 단속 가능한지 문의하심. 민원인이 신뢰할 수 있는 담당자와의 통화를 통해 사실확인하고자 하고 민원접수 강력요청함",담당부서 이첩,위생과,,complaints_2025.xlsx,위생과
2025,6,2025-12-30,,익명,원촌교 삼거리 교통섬에 고양이 사체 도로위에 있어 사체처리반에 연락남김,담당부서 이첩,청소행정과,,complaints_2025.xlsx,청소행정과
2025,7,2025-12-30,,익명,"노은역 인근 땅콩과자 파는 노점상에 대한 단속요청, 기존에도 수차례 문의하였으나 조치가 잘 취해지지 않은 것 같다고 하시며 과태료 부과 등 가능한 실효적인 행정처분을 동반한 조치 요청하심",소관부서 이첩,건설과,,complaints_2025.xlsx,건설과
2025,8,2025-12-30,,112 상황실,"112 상황실 접수건입니다. 원천동 ***번지 원천교 언더패스 회차로구간 아래 하천에 교통사고로 인한 잔해물(쓰레기더미를 밀고 일어난 사고로 쓰레기가 하천에 떨어짐)이 발생하여 처리가 필요한 상황으로 신속한 처리요망.
도로위 기름이 유출되어 119에서 부직포로 일부 닦아내는 등 조치취하였으나 필요시 구 차원에서 조치요함",관련부서 이첩,재난안전과,,complaints_2025.xlsx,재난안전과
2025,10,2025-12-30,,[삭제],노은3동 행정복지센터 급속 전기차 충전소에 **다****(EV3) 차량이 5시간 이상 충전중으로 신고,해당부서 이첩,푸른환경과,,complaints_2025.xlsx,푸른환경과
2025,11,2025-12-30,,익명,원신흥동 *** (LH대전에너지사업단과 갑천생태호수공원 주차장 사이) 로드킬 동물 사체 처리 요청,해당 부서 이첩,청소행정과,,complaints_2025.xlsx,청소행정과
2025,12,2025-12-30,,미상,국제과학**로(둔곡동) 큐로셀로 가는 다리 한가운데 고라니 사체 처리 요청,펫레스큐 전달,청소행정과,,complaints_2025.xlsx,청소행정과
2025,13,2025-12-30,,미상,복용삼거리에서 복용사거리 방향 한밭대 입구 쪽 고라니 사체 처리,펫레스큐 문자 발송 ,청소행정과,,complaints_2025.xlsx,청소행정과
2025,14,2025-12-29,,[삭제],"갈색 말티프(푸들 닮은 강아지 / 분홍색 옷 착용, 봉명동 인근에서 분실) 종 강아지 분실 신고",담당부서 이첩,지역산업과,,complaints_2025.xlsx,지역산업과
2025,15,2025-12-29,,유성경찰서,방동 두마교차로에 교통사고 잔해 처리요청 ,담당부서로 이첩,청소행정과,,complaints_2025.xlsx,청소행정과
2025,16,2025-12-29,,유성경찰서,진잠 원내동 샘물타운 ***동 앞 도로 교통사고 잔해처리 요망,해당부서 이첩,청소행정과,,complaints_2025.xlsx,청소행정과
2025,18,2025-12-28,,유성경찰서,신동 ***번지 제설 요청 ,담당부서 이첩 ,건설과,,complaints_2025.xlsx,건설과
2025,22,2025-12-28,,미상,상대동 ***-*번지 상원삼거리에서 유성생명과학고 방면 도로에 고라니 시체 처리요망 ,펫레스큐에 연락하여 조치 ,청소행정과,,complaints_2025.xlsx,청소행정과
2025,24,2025-12-28,,미상,"원내동 다이소(원내동***-*) 앞 꼬치 판매하는 불법노점상 단속 요청. 꼬치 시킨적이 없는데 노점상에서 차를 가로막고 왜 시켰는데 안먹고 가냐고 해서 시비가 붙은 상황이며, 단속해달라고 연락이 왔음 ",담당부서 이관 ,건설과,,complaints_2025.xlsx,건설과
2025,25,2025-12-28,,미상,"말티푸를 잃어버려 낮에 당직실에 전화드렸는데, 혹시 제보전화 들어온 것이 있는지 확인차 연락주심 ",제보전화가 오면 회신해드린다고 답변드림 ,지역산업과,,complaints_2025.xlsx,지역산업과
2025,28,2025-12-28,,미상,유성고등학교 천성교회 사이에 5톤트럭 단속요청/이전에 담당자와 통화하였으며 트럭은 단속이 어렵다고 전달은 받았었음,주말 단속반에 민원사항 전달은 완료하였으나 트럭 단속은 어려울 것 같아 업무 시 참고하실 수 있도록  당직민원에 등록함.,주차관리과,,complaints_2025.xlsx,주차관리과
2025,29,2025-12-28,,미상,"강아지 분실(말티푸,분홍발팔티) 분홍발파티는 벗겨져 있을 수 있음/ 27일부터 지속적으로 찾고계시며 제보나 관련 정보 있을 시 연락요청하심",관련 제보 있을 시 연락 ,지역산업과,,complaints_2025.xlsx,지역산업과
2025,30,2025-12-27,,미상,"지족동 네이처뷰아파트 *단지(지족동 ****) 내 지하주차장
장애인주차구역 주차를 못하게 다른 차량이 주차하여 전화하였음.
(안전신문고가 등록되지 않아 유선전화 하였음.)

평일 전화 회신 요청함.
",담당부서 이첩,노인장애인과,,complaints_2025.xlsx,노인장애인과
2025,31,2025-12-27,,미상,마을버스 1번(21:30경 충대농대발 청벽산공원행 버스)에서 지갑을 두고 내림.,"유성마을버스 번호 안내 및 담당부서 이첩
",교통정책과,,complaints_2025.xlsx,교통정책과
2025,32,2025-12-27,,미상,"방동저수지까지는 도시가스가 들어오는데 현재 위치까지는 도시가스가 안들어와서 나무떼서 기름으로 돌리기 때문 경제적 부담
현 위치까지 도시가스가 안들어오는 이유를 알고싶다",CNCITY 이첩 ,지역산업과,,complaints_2025.xlsx,지역산업과
2025,33,2025-12-27,,미상,유성IC 옆 만남의 광장 화장실 좌변기 고장(물이 계속 내려감) 수리 요청 민원입니다.,해당부서 이첩,공원과,,complaints_2025.xlsx,공원과
2025,34,2025-12-27,,미상,"자운대 화랑유치원(대전광역시 유성구 자운로**번길 ***) 인근 ***동 아파트 주변
들개 2마리가 사람 위협",소방 출동 및 펫레스큐 전달,지역산업과,,complaints_2025.xlsx,지역산업과
2025,35,2025-12-27,,미상,"강아지 분실 관련 당직실로 신고 들어오면 전화요청함(갈색 말티푸 분홍색 반팔티)
반팔티는 벗겨졌을 수 있으며, 푸들 닮았다고 추가로 설명함
이전에 한 신고가 제대로 접수되었는지 내용을 물으며 재차 확인함
발견 시 통화 요청",지역산업과 이첩,지역산업과,,complaints_2025.xlsx,지역산업과
2025,39,2025-12-27,,미상,봉명동 예미지 *단지 아파트 앞에서 불법 노점상(붕어빵) 운영중 단속 요청,건설과 이첩,건설과,,complaints_2025.xlsx,건설과
2025,40,2025-12-27,,미상,"한빛아파트 ***동 후문에서 사과 노점상 지속적 판매
구청차원에서 과태료 메겨 근절 요망, 처리 될 때까지 지속적으로 강력 민원제기한다고 주장함
처리결과 전화 요청 ",건설과 이첩,건설과,,complaints_2025.xlsx,건설과
2025,41,2025-12-27,,미상,"송강근린공원 내 비탈길(도서관쪽 방면)에 아이들이 물을 붓고 비탈길에서 썰매를 타고있어 염화칼슘 도포 요청. 어르신들 통행시 위험하다는 신고.
상온에 녹을것 같다고 전달했으나, 염화칼슘 도포 요청함.(근무일에 현장 확인 후 필요시 염화칼슘 도포 요청) ",해당부서이첩,공원과,,complaints_2025.xlsx,공원과
2025,42,2025-12-27,,미상,"봉명동 (대전 유성구 계룡로**번길 **) 앞 주정차 단속 및 일당감자탕에 주차안내 계도요청(불법주정차 민원이 거의 일당감자탕 방문객이라고함)
민원인 일당감자탕 해당부서 계도 조치후 연락 요청함.",주말 불접 주정차 단속 요청 및 해당부서 이첩,주차관리과,,complaints_2025.xlsx,주차관리과
2025,43,2025-12-27,,미상,"봉명동 씨제이나인파크 근처 공사장의 소음이 너무 심함(이랜드종합건설현장)
담당자가 직접 방문하여 해결하여 주기를 요청함. 민원신고 계속 하고있으나 대응이 전혀 되지 않아 불만이 큰 상태임
처리 후 민원인에게 꼭 전화를 요청 ",해당부서 이첩,푸른환경과,,complaints_2025.xlsx,푸른환경과
2025,44,2025-12-27,,미상,"구암동***-*번지 앞 천변도로에서 계속 물이 흘러 집앞쪽으로 흐르고 있음.
12월 18일 당직실 전화해서 1차 신고 했으나, 해당 사항 개선되지 않음. 후속 조치 요청함(급한상황은 아닌것 같으나 불안해함)",해당 부서 이첩완료,건설과,,complaints_2025.xlsx,건설과
2025,45,2025-12-26,,익명,봉명동 *** 불법주차 단속 요청,담당부서 이첩,주차관리과,,complaints_2025.xlsx,주차관리과
2025,46,2025-12-26,,익명,죽동 ***-** 인근 도로 위 적치물 철거 요청,담당부서 이첩,건설과,,complaints_2025.xlsx,건설과
2025,47,2025-12-26,,익명,"지족동 *** 일원(지족동 ***-*, 경남아너스빌 앞) 쓰레기투기 처리 요청",담당부서 이첩,청소행정과,,complaints_2025.xlsx,청소행정과
2025,48,2025-12-26,,익명,노은서로 **번길(노은동 ***-* ) 빙판길되어 제설제 도포 요청,담당부서 이첩,건설과,,complaints_2025.xlsx,건설과
2025,49,2025-12-26,,익명,구암동 일원 제설작업 요청(전혀 되어 있지 않음),담당부서 이첩,건설과,,complaints_2025.xlsx,건설과
2025,50,2025-12-26,,익명,노은3지구(덕산삼거리~고래들네거리 구간) 음지구간 제설제 살포 등 제설조치 요청,담당부서 이첩,건설과,,complaints_2025.xlsx,건설과
2025,51,2025-12-25,,익명,"구암동 *** 일원(덕명네거리 근처, 타이어뱅크 맞은편) 부상 동물(고라니) 구조 요청",담당부서 이첩 등(펫레스큐 18시 이후 담당자 조치 요청 및 접수대장 기재 완료),푸른환경과,,complaints_2025.xlsx,푸른환경과
2025,52,2025-12-25,,익명,유성온천역~충대방면(다이소 가기 직전) 현수막거치대가 도로쪽으로 기울어 있어 차량(버스 등) 우회전 시 차량통행 방해 등 안전사고 우려 있어 조치 요청,담당부서 이첩,건축과,,complaints_2025.xlsx,건축과
2025,53,2025-12-25,,미상,"온천1동 ***-*번지 음식물쓰레기 미수거 
민원인 전화요청",담당부서 이첩,청소행정과,,complaints_2025.xlsx,청소행정과
2025,54,2025-12-25,,미상,경남아너스빌 ***동 근처 도로(용산동 ***) 포트홀 조치요청,담당부서 이첩,건설과,,complaints_2025.xlsx,건설과
2025,55,2025-12-25,,미상,신세계 백화점 뒷편(엑스프로*) 불법주정차 상시 단속요청 ,불법주정차 주말 단속반 단속 요청,주차관리과,,complaints_2025.xlsx,주차관리과
2025,56,2025-12-25,,익명,어은동 ***-** 건물 앞 도로의 하수가 막혀 역류하고 있음. 해당 구역내 하수 전반적으로 점검하여 원인 파악 및 조치 요청,해당부서 이송,건설과,,complaints_2025.xlsx,건설과
2025,57,2025-12-25,,미상,리베라호텔~봉명동 ks빌딩 일원 공사 및 불법 주정차때문에 차량통행이 어려움에 따라 도로에 불법주정차 못하도록 경계봉 등 설치요청,담당부서 이첩,주차관리과,,complaints_2025.xlsx,주차관리과
2025,58,2025-12-25,,미상,전민동 던킨도너츠 앞 가로수 전도(전민동 ***-*번지 일원),담당부서 이첩,녹지산림과,,complaints_2025.xlsx,녹지산림과
2025,59,2025-12-25,,미상,"유성구청~유림공원(언더패스)~홈플러스 구간 도로가 편도 1차선으로 너무 좁고 차가 많이 막혀 통행이어려움
도로확장 및 유선전화 요청",담당부서 이첩,건설과,,complaints_2025.xlsx,건설과
2025,60,2025-12-25,,미상,공휴일 쓰레기 수거 여부 문의,담당부서 이첩,청소행정과,,complaints_2025.xlsx,청소행정과
2025,61,2025-12-25,,도룡지구대,"도룡동 ***번지 일원 건설공사때문에 도룡동 로덴하우스 소음 발생
공휴일 및 주말 공사 못하도록 요청",담당부서 이첩,푸른환경과,,complaints_2025.xlsx,푸른환경과
2025,62,2025-12-25,,미상,장대동 에스오일 주유소(대전 유성구 유성대로***번길 *)에서 장대네거리 방면 도로 *차선에 로드킬 고라니 사체 처리 요망,펫레스큐에 연락하여 조치,청소행정과,,complaints_2025.xlsx,청소행정과
2025,64,2025-12-25,,노은지구대,지족동 해랑숲아파트 ***동(대전 유성구 지족동로 ***) 옆 도로 교통사고(단독사고)로 가로수 및 소화전 파손 됨. 소방출동하여 가로수 절지하였으나 현장 통행에는 지장없게 조치하였음.,담당 부서 이첩,녹지산림과,,complaints_2025.xlsx,녹지산림과
2025,65,2025-12-25,,미상,봉명동 (온천북로 **번길 **) 골목 가로등이 미점등 상태로 조치 필요함,담당 부서 이첩,공원과,,complaints_2025.xlsx,공원과
2025,66,2025-12-24,,미상,S-OIL 북대전주유소(대전 유성구 유성대로 ****) 에서 화암네거리 방면 도로에 큰 포트홀이 있어 조치 필요함. 또한 주행 중 포트홀을 지나면서 타이어휠에 손상이 있을 것 같아 공휴일이 지난 후 관련 부서에서 확인 차 본인에게 연락달라고 하심.,담당 부서 이첩,건설과,,complaints_2025.xlsx,건설과
2025,67,2025-12-24,,미상,ICC호텔에서 성심당 DCC점 부근 도로 불법주차(특히 이중주차)로 단속 요청,단속 B팀에 단속요청,주차관리과,,complaints_2025.xlsx,주차관리과
2025,70,2025-12-24,,익명,도룡동 성심당 근처 도로 불법주정차단속요청,담당부서이첩,주차관리과,,complaints_2025.xlsx,주차관리과
2025,71,2025-12-24,,익명,온천서로* 앞 불법주정차단속 요청,담당부서 이첩,주차관리과,,complaints_2025.xlsx,주차관리과
2025,72,2025-12-24,,익명,유성온천역 앞 K7불법주정차단속 요청,담당부서이첩,주차관리과,,complaints_2025.xlsx,주차관리과
2025,73,2025-12-21,,미상,음식물 쓰레기 수거 요청. (대학로 **-**) 주차장 입구,담당부서 이첩,청소행정과,,complaints_2025.xlsx,청소행정과
2025,74,2025-12-21,,미상,관평동 (관용로 ***-**) 뒷산 쪽에서 매일 저녁때마다 소각을 하여 연기와 냄새가 남(한달 가까이),담당부서 이첩,청소행정과,,complaints_2025.xlsx,청소행정과
2025,75,2025-12-21,,익명,"송림마을 *단지 지하주차장에 갈색털에 부리가 긴 새가 돌아다니고 있어, 포획 요청
민원인 협조 가능",대전야생동물구조관리센터와 연락하려했으나 부재로 담당부서 이첩,푸른환경과,,complaints_2025.xlsx,푸른환경과
2025,78,2025-12-21,,미상,"건물 상가 출입구에 며칠째 주차(도로 흰색선)되어 있는 차량이 있어 이동 조치 요청. 차량 연락처가 없음.
- 위치 : 원신흥로 **번길 **-**
- 차량번호 : **더**** ",해당부서 이첩,주차관리과,,complaints_2025.xlsx,주차관리과
2025,83,2025-12-21,,미상,"CCTV 열람 요청
- 일시 : 12/19(금) 14:30~15:00
- 위치 : 진잠로 ***번길 **-* (교촌초 앞)
- 사유 : 해당 위치 부근에서 자녀분 폭행을 당함. (상대측에선 쌍방 폭행 주장)",해당부서 이첩,회계과,,complaints_2025.xlsx,회계과
2025,84,2025-12-21,,미상,"문지동 ***-* 1층 상가 공사 소음 심함.
경찰 신고 문의가 있었으나 우선 공사 관계자분과 얘기해보는 것을 권유함. (원룸건물이라 관리사무소 없다고 함.)
민원은 해당부서로 전달 요청함.",해당부서 이첩,푸른환경과,,complaints_2025.xlsx,푸른환경과
2025,85,2025-12-20,,미상,"전민동 ***-*(LH정문)부터 엑스포아파트(천변아래쪽) 쪽까지 밤에 가로등 불이 들어오지 않음./ 월요일 조속히 처리 요청.
*일행이 1번 더 전화했었음(010-****-****)",해당부서에 이첩,건설과,,complaints_2025.xlsx,건설과
2025,86,2025-12-20,,[삭제],진잠동 주민인데 주거급여가 20일 지급되지 않아 연락,담당 부서로 이첩,생활보장과,,complaints_2025.xlsx,생활보장과
2025,87,2025-12-20,,미상,한빛아파트 ***동 옆 주말에 과일 불법노점이 항상 있어 강력히 단속 요청함,해당 부서로 이첩,건설과,,complaints_2025.xlsx,건설과
2025,88,2025-12-20,,미상,"구룡동 **-* 중앙분리대 파손되어 처리 요청
당직인원이 현장 출동하여 출입금지 테이프로 임시 수습",담당 부서로 이첩,건설과,,complaints_2025.xlsx,건설과
2025,89,2025-12-20,,미상,유성구청에서 안경원 가는 쪽 횡단보도는 신호가 없고 불법주차 등으로 보행자가 가려져 사고가능성이 크므로 철거 검토 요청,담당 부서로 이첩,교통정책과,,complaints_2025.xlsx,교통정책과
2025,90,2025-12-20,,익명,계산동 ***-**번지(단독주택 공사현장) 주말 아침 7시반부터 공사해 너무 시끄러움.,"주말에 당장 단속은 어렵고, 담당부서에 민원 전달 하겠다고 안내. 민원 회신은 불요.",푸른환경과,,complaints_2025.xlsx,푸른환경과
2025,91,2025-12-20,,[삭제],"월요일 차량 매도하여 탁송예정, 승용차 요일제 태그 회수 관련 문의, 차량번호 **더****",해당 부서로 이첩,교통정책과,,complaints_2025.xlsx,교통정책과
2025,92,2025-12-20,,미상,봉산로 ** 인도까지 좌판을 깔아서 통행이 어렵습니다 조치 부탁드립니다,해당 부서로 이첩,건설과,,complaints_2025.xlsx,건설과
2025,93,2025-12-20,,미상,"봉명동 ******* 근처 공사장의 소음이 너무 심함
담당자가 직접 방문하여 해결하여 주기를 요청함
처리 후 민원인에게 전화를 요청함",해당 부서로 이첩,푸른환경과,,complaints_2025.xlsx,푸른환경과
2025,94,2025-12-20,,도로관리소,"관평동 **** 도로에 싱크홀이 생겨 소방차가 빠짐
싱크홀이라 도로관리소에서는 조치가 어려워 구청에 조치 부탁함","해당부서에 이첩 및 담당자에게 상황 전달함
상수도사업소에서 현장 출동하여 상황 조사중
시청 당직실에 상황 전파
재난상황실(2517)에 상황 전파",건설과,,complaints_2025.xlsx,건설과
2025,95,2025-12-20,,유성경찰서,"관평동 **** 도로 앞 침수 및 도로 파임(물이 솟구침, 상수도관 터져있을 가능성 있음, 타이어 크기의 침하)
소방으로 신고가 접수되어 경찰에서 연락이 옴
소방 및 경찰 인원 파견중
행정측에서도 가능하면 인원 파견 요청함","시 당직실에 전달(시 당직실에서도 상수도사업소에도 전달 예정)
당직인원 현장확인 위해 출동",건설과,,complaints_2025.xlsx,건설과
2025,96,2025-12-20,,구즉지구대,송강동 공중화장실의 좌변실 문 슬라이드식 부품이 뜯긴 흔적 등(잘 안닫힘)으로 인하여 소음 등의 민원이 발생하였다고 지구대에서 연락이 옴,해당 부서로 이첩,공원과,,complaints_2025.xlsx,공원과
2025,100,2025-12-19,,미상,"강아지 분실 관련 당직실로 신고 들어오면 전화요청함(갈색 말티푸 분홍색 반팔티)
반팔티는 벗겨졌을 수 있으며, 푸들 닮았다고 추가로 설명함
이전에 한 신고가 제대로 접수되었는지 내용을 물으며 재차 확인함",해당 부서로 이첩,지역산업과,,complaints_2025.xlsx,지역산업과
2025,101,2025-12-19,,익명,"**중학교 앞 낙엽이 많아 미끄러져 학생들이 다침 
낙엽 청소 요청 
(민원인 번호 ****로 뜹니다)",해당부서 이첩,청소행정과,,complaints_2025.xlsx,청소행정과
2025,102,2025-12-18,,익명,구암동 ***-* 2층 집 앞 도로 가운데서 물이 계속 나오고 있음,담당부서 이첩,건설과,,complaints_2025.xlsx,건설과
2025,103,2025-12-18,,익명,구성삼거리 가로등 설치 요청 / 교통사고 우려,담당부서 이첩,건설과,,complaints_2025.xlsx,건설과
2025,105,2025-12-17,,미상,탑립동 단속 요청 화물차량만 찍는다고 함,단속팀에 전달 ,주차관리과,,complaints_2025.xlsx,주차관리과
2025,108,2025-12-17,,미상,"봉산동 **** 인근(테크노*로~전민동 방향)
가로등 10개가 연달아 꺼져있음",해당 부서 이첩,건설과,,complaints_2025.xlsx,건설과
2025,109,2025-12-16,,미상,신성동 ***-*번지 빌라 옆 (도로 지번 신성동 ***번지)에 지속적으로 골목을 막는 주차로 인하여 통행에 불편이 있음(차번호: **버****),담당부서 이첩,주차관리과,,complaints_2025.xlsx,주차관리과
2025,110,2025-12-16,,익명,대항항공기술원에서 화암네거리방면 가로등 불량( 대략 3개소)에 따른 정비 요청,관련부서이첩,건설과,,complaints_2025.xlsx,건설과
2025,112,2025-12-16,,익명,****아파트 앞 유성교 데크에 정당현수막 단속 요청,관련부서 이첩,건축과,,complaints_2025.xlsx,건축과
2025,114,2025-12-15,,익명,용산동 *** 건물 내 주차장 출입구 불법주차 단속 요청.,"개인 건물로 불법 주정차 단속이 어렵다고 안내했으나 다른 차들이 출입할 수 없다며 조치 요청. 
담당부서 이첩",주차관리과,,complaints_2025.xlsx,주차관리과
2025,117,2025-12-15,,익명,장대교 불법주정차 단속요청,야간단속반 단속요청 및 해당부서 이첩,주차관리과,,complaints_2025.xlsx,주차관리과
2025,118,2025-12-15,,익명,죽동 ***-** 공사장 일대 악취 민원,담당부서 이첩,푸른환경과,,complaints_2025.xlsx,푸른환경과
2025,119,2025-12-14,,익명,전자통신연구원에서 융합기술연구생산센터로 가는 방향 도로 *차선에 고양이사체 처리요청,담당부서 이첩,청소행정과,,complaints_2025.xlsx,청소행정과
2025,120,2025-12-14,,익명,구암동 ***-*번지 앞 도로 고양이사체 처리요청,담당부처 이첩,청소행정과,,complaints_2025.xlsx,청소행정과
2025,122,2025-12-14,,익명,"배울*로 **, 테크노*단지 사랑샘어린이집 방향 도로중앙선에 고양이사체 처리요청",펫레스큐(이진호) 문자전송,청소행정과,,complaints_2025.xlsx,청소행정과
2025,123,2025-12-14,,익명,배울*로 ** 도로에 고양이사체 처리요청,펫레스큐(이진호) 문자전송,청소행정과,,complaints_2025.xlsx,청소행정과
2025,124,2025-12-14,,익명,"유성대로**번길 **, 사거리에서 건물쪽으로 올라가는 계단에 고양이 사체 처리요청",펫레스큐(이진호) 문자전송,청소행정과,,complaints_2025.xlsx,청소행정과
2025,127,2025-12-14,,유성경찰서,"구암동 *****공원에 5학년 학생이 나무를 뽑아 신고들어와서 경찰이 출동
나무몇그루 뽑혀있고 흙이 널부러져 있음
(학생 *** / 보호자 연락처 010-****-****) ",해당부서 이관,공원과,,complaints_2025.xlsx,공원과
2025,132,2025-12-14,,미상,음식물쓰레기 수거 요청 ,해당부서 이관,청소행정과,,complaints_2025.xlsx,청소행정과
2025,133,2025-12-13,,미상,유성온천역 부근 유흥업소 호객행위 단속 요구,담당부서 이관,위생과,,complaints_2025.xlsx,위생과
2025,134,2025-12-13,,미상,진잠로 **번길 **에 대형트럭 주치 단속 요구,담당부서 이관,주차관리과,,complaints_2025.xlsx,주차관리과
2025,135,2025-12-13,,미상,궁동 장현교 물이 차올라서 통행 위험,담당부서 이첩,건설과,,complaints_2025.xlsx,건설과
2025,136,2025-12-13,,119상황실,도료동 ***번지에 차가 빠져서 보도블럭이 무너졌다는 신고가 들어옴.,담당부서 이첩,건설과,,complaints_2025.xlsx,건설과
2025,137,2025-12-13,,익명,원싱흥동 ***-* 주차장 앞 막힌 차로 인한 불편 접수,주말단속반에 인계,주차관리과,,complaints_2025.xlsx,주차관리과
2025,138,2025-12-13,,익명,관평동 (테크노중앙로 ***) 주자 단속 요청,주말단속반 인계,주차관리과,,complaints_2025.xlsx,주차관리과
2025,139,2025-12-13,,익명,노은역광장(노은로 ***) 부근 불법주정차 단속 요청,주말단속반 인계,주차관리과,,complaints_2025.xlsx,주차관리과
2025,141,2025-12-13,,미상,원신흥동 ***-*  앞 도로 양방향 불법주정차 심함,해당부서 이첩,주차관리과,,complaints_2025.xlsx,주차관리과
2025,142,2025-12-13,,익명,궁동 ***-* 주변 교통방해로 주차단속 요청 (차번호: **로**** 등),주말단속반 인계 / 담당부서 이첩,주차관리과,,complaints_2025.xlsx,주차관리과
2025,143,2025-12-13,,미상,**** 인근 불법주정차 단속 요청/ 통행이 어려울 정도임,해당부서이첩,주차관리과,,complaints_2025.xlsx,주차관리과
2025,144,2025-12-13,,미상,1.계산동 ***-* 맞은편 공영주차장 바로옆길에 몇달동안 차량 방치(**두****) 및 화물차 불법주정차 단속요청,해당부서이첩,교통정책과,,complaints_2025.xlsx,교통정책과
2025,146,2025-12-13,,미상,갈색 말티푸 강아지 실종신고 / 분홍색 티를 입고 있다함/ 혹시 신고들어오면 연락요청,해당부서 이첩,지역산업과,,complaints_2025.xlsx,지역산업과
2025,147,2025-12-13,,익명,구암역 환승주차장에서 다가온 주택 방향 불법주차단속 요청,주말단속반 인계,주차관리과,,complaints_2025.xlsx,주차관리과
2025,148,2025-12-13,,미상,원내동 **-* 앞 횡단보도에 오토바이 몇일째 주차,해당부서 이첩,교통정책과,,complaints_2025.xlsx,교통정책과
2025,149,2025-12-13,,익명,주소:계룡로 **. 오피스텔 주변 gs랑 국수집 사이 상가쪽에 커피숍이 설치한 배너로 인도 통행이 불편함. 불법옥외광고물 처리 민원으로 판단됨.,담당부서 이첩,건축과,,complaints_2025.xlsx,건축과
2025,150,2025-12-13,,익명,******* 주변 공사차량 통행으로 인한 도로 흙바닭 상황 조치 요청,담당부서 이첩,푸른환경과,,complaints_2025.xlsx,푸른환경과
2025,154,2025-12-13,,익명,홈플러스 유성점 맞은편 (유성구 문화원로 ***) 에서 나는 소리로 시끄러움.  민원인이 노래방 맞은편 봉명동의 오피스텔에 사는데  거기까지 들려서 시끄러워서 잠을 잘 수가 없음  조치 바람,담당부서 이첩,푸른환경과,,complaints_2025.xlsx,푸른환경과
2025,155,2025-12-12,,신성지구대,"편의점 (유성구 궁동로 **) 미성년자 주류 판매 단속 / 별도 공문 발송 예정
",담당부서 이첩,교육과학과,,complaints_2025.xlsx,교육과학과
2025,156,2025-12-12,,유성경찰서,교통잔해물 처리 요청(외삼사거리 세종에서 반석 방면),해당부서 이첩,청소행정과,,complaints_2025.xlsx,청소행정과
2025,157,2025-12-12,,익명,"갈색 말티푸 실종신고, 11월 24일부터 계속 문의중.
찾으면 꼭 연락달라고 하심.","찾은 후 연락주겠다고 안내함.
유기동물보호센터에도 확인하고 있다고 하심.",지역산업과,,complaints_2025.xlsx,지역산업과
2025,158,2025-12-12,,익명,봉명동 리베라아이누리*차  불법주정차로 단속바람 /계속 말해도 개선이 안된다고 하심,담당부서 이첩,주차관리과,,complaints_2025.xlsx,주차관리과
2025,159,2025-12-12,,익명,용계동 **** 아파트 공사현장 소음으로 인해 괴로움 호소(전화연락 요망),담당부서 이첩,푸른환경과,,complaints_2025.xlsx,푸른환경과
2025,160,2025-12-12,,미상,"고양이 사체 처리 요청 / 진잠로 ***, **** 아파트",해당부서 이첩,청소행정과,,complaints_2025.xlsx,청소행정과
2025,161,2025-12-11,,유성지구대,"유성홈플러스 맞은편 천변 언더패스 안전바가 파손되어 있음
나무에 묶어놓았는데 그것도 불안해 보인다는 민원 접수",담당부서 이첩,건설과,,complaints_2025.xlsx,건설과
2025,162,2025-12-11,,미상,고양이 사체 처리 요청 / 장대동 ***번지 맞은편 도로,펫레스큐 전달,청소행정과,,complaints_2025.xlsx,청소행정과
2025,163,2025-12-11,,익명,"갈색 말티푸 강아지 실종신고, 찾으면 연락 달라고 하심
분홍색 티를 입고 있었는데 벗겨졌을수도 있음",담당부서 이첩,지역산업과,,complaints_2025.xlsx,지역산업과
2025,164,2025-12-11,,미상,공사장 소음으로 *시 이후에 전화달라고 하심,담당부서이첩,푸른환경과,,complaints_2025.xlsx,푸른환경과
2025,166,2025-12-10,,진잠파출소,(유성구 진잠로 **번길 **) 청소년보호법 위반(주류판매) 대상자 *** 파출소에서 단속함 / 별도 공문 발송 예정,담당부서 이첩,교육과학과,,complaints_2025.xlsx,교육과학과
2025,167,2025-12-10,,익명,"갈색 말티푸 강아지 실종, 분홍색 티를 입고 있음(벗겨졌을수도 있음)
찾으면 연락달라고 하심",담당부서 이첩,지역산업과,,complaints_2025.xlsx,지역산업과
2025,168,2025-12-09,,미상,"관평동 테크노밸리**단지 일원 악취 민원입니다.
평상시에도 나긴 했지만, 오늘 이 시간에 특히 아파트 문을 닫고 있어도 심하게 나는 것 같다고 민원 접수하셨습니다.",담당부서 이첩,푸른환경과,,complaints_2025.xlsx,푸른환경과
2025,169,2025-12-09,,미상,마을버스 5번(뒤 4자리 ****)에서 가스 냄새가 나니 조치 요청,담당부서 이첩,교통정책과,,complaints_2025.xlsx,교통정책과
2025,170,2025-12-09,,미상,"강아지 분실신고:
장소: 학하서로**번길노란색 몸통, 초록색 목줄, 발견시 연락 바람",관련부서 이관,지역산업과,,complaints_2025.xlsx,지역산업과
2025,171,2025-12-09,,익명,분홍색 꽃무늬 옷을 입고 있는 진돗개 발견 시 연락 부탁드린다고 합니다.,담당부서 이첩,지역산업과,,complaints_2025.xlsx,지역산업과
2025,172,2025-12-09,,미상,"대동 *통 버스정류장 쪽 도로 공사 중인데 공사 표지판도 없이 돌아가라는 말만 하고 너무 불편함을 느낌
관련해서 담당자와 상담하고싶으니 최대한 빨리 연락 부탁(출근하자마자 바로 연락해달라고 강조하심)",담당부서 이첩,건설과,,complaints_2025.xlsx,건설과
2025,173,2025-12-08,,유성경찰서,"교통사고 잔해물 처리 요망
위치 : 봉명동 ***",담당부서 이첩,청소행정과,,complaints_2025.xlsx,청소행정과
2025,174,2025-12-08,,미상,"하기로 **번길쓰레기차가 과속방지턱을 넘으면서 쓰레기가 종종 흐르는데 주의 요청드림 
당일도 쓰레기가 흘러 다른 차들이 밟고 다니면서 쓰레기가 터졌음",청소행정과 이첩,청소행정과,,complaints_2025.xlsx,청소행정과
2025,175,2025-12-08,,미상,올리브영 ***** 앞 노점상 단속요청,담당부서 이첩,건설과,,complaints_2025.xlsx,건설과
2025,176,2025-12-08,,미상,하기동 ***-*번지 앞 쓰레기봉투가 터져서 흩어져있음. 빠른시일 내 처리 요망,담당부서 이첩,청소행정과,,complaints_2025.xlsx,청소행정과
2025,177,2025-12-08,,미상,"열매마을 *단지 정문 쪽 은행나무 교체 작업 후 뒷정리 미흡 ex)수목대 투기 등
깔끔한 뒷정리 요청",담당부서 이첩,녹지산림과,,complaints_2025.xlsx,녹지산림과
2025,178,2025-12-08,,[삭제],"12.7. (한화불꽃축제날) 불법주정차 과태료 부과되었는데 관련해서 담당자와 통화하고 싶다고 함(축제날 과태료 부과된 것에 대해 불만제기)
**서****",담당부서 이첩,주차관리과,,complaints_2025.xlsx,주차관리과
2025,179,2025-12-08,,구즉지구대,둔곡동 *** 서안이다음*단지 ***동 앞 사거리 중앙분리대가 여럿 쓰러져 있음.,담당부서 이첩,건설과,,complaints_2025.xlsx,건설과
2025,180,2025-12-08,,익명,"하기동 송림마을*단지 ***동에서 ***동 사이 주택가쪽 옹벽에
낙엽이 너무 많이 쌓여있음. ",담당부서 이첩,청소행정과,,complaints_2025.xlsx,청소행정과
2025,181,2025-12-07,,익명,"지갑을 두고 내린 택시의 번호판을 확인하기 위해 cctv를 확인 할 수 있는지 여부 문의(현금으로 결재해서 찾을 수가 없음, 파출서에 문의했는데 지자체 소관이라는 답변을 들었다고 함)",당직민원 접수,주차관리과,,complaints_2025.xlsx,주차관리과
2025,182,2025-12-07,,미상,현충원로 ***번길교통사고 후 가로등 파손으로 전도 위험이 있어 안전조치 요청,"담당부서 전달 완료(담당자 전달) 및 즉시 현장방문 후 안전띠 조치
",건설과,,complaints_2025.xlsx,건설과
2025,184,2025-12-06,,미상,"**저수지 쪽 사체 처리 요청
계룡->대전 방면 도로",펫레스규 전달,청소행정과,,complaints_2025.xlsx,청소행정과
2025,185,2025-12-06,,미상,**호텔 ***호텔 사이 저녁시간 인도에 불법주정차가 많아 단속요청,해당부서 이첩,주차관리과,,complaints_2025.xlsx,주차관리과
2025,186,2025-12-06,,익명,"갈색 말티푸 강아지 실종, 분홍색 티를 입고 있음(벗겨질수도 있음)
찾으면 연락달라고 하심",담당부서 이첩,지역산업과,,complaints_2025.xlsx,지역산업과
2025,187,2025-12-06,,미상,"크리스마스 축제 6일 17:00쯤 포토부스에서 사진 찍었는데 사진 원본 받고 싶음
(카카오톡 방을 나가서 다시 받고싶다고 합니다.)",해당부서 이첩,문화관광체육과,,complaints_2025.xlsx,문화관광체육과
2025,188,2025-12-06,,익명,농어촌 통계조사 관련 주말에 유성구청 직원이라고 방문 하였는데 자신의 소속을 제대로 밝히지 않고(통계조사원이라고 안함) 상황 설명 없이 갑자기 방문하여 조사 강요를 함. 개선이 필요 ,해당부서 이첩,기획예산과,,complaints_2025.xlsx,기획예산과
2025,189,2025-12-06,,미상,"현충원에서 구암역 방향 도로에 적치물(철근) 
",해당부서 이첩,건설과,,complaints_2025.xlsx,건설과
2025,190,2025-12-06,,미상,봉명동 ****도로에 차 세워놓고 노점상 판매. 너무 자주 온다고 단속좀 해달라고 하십니다(주말에 자주 오는거 같아요),해당부서 이첩,건설과,,complaints_2025.xlsx,건설과
2025,191,2025-12-06,,미상,**저수지 근처 고라니 사체 처리 요청. 통행 방해되어 한쪽(컨테이너앞)으로 치워놓으심.,펫레스큐 전달,청소행정과,,complaints_2025.xlsx,청소행정과
2025,192,2025-12-06,,미상,"죽동로***번길 **, 길이 매우 미끄러워 염화칼슘 부탁요청하셨습니다",담당부서 이첩,온천2동,,complaints_2025.xlsx,온천2동
2025,195,2025-12-06,,미상,"상대동 인삼골 네거리, 교통사고 잔해물 처리 요청",관련 부서 이첩 및 일직근무자 인계,청소행정과,,complaints_2025.xlsx,청소행정과
2025,196,2025-12-05,,소방서 상황실,원내동 **-*번지 인근 도로 결빙으로 인한 확인 요청,담당부서 이첩,건설과,,complaints_2025.xlsx,건설과
2025,197,2025-12-05,,익명,"마을버스 출발시간 미준수 확인 요청
저녁 6시 ~ 6시 반 충남대 정류장 기준 마을버스가 도착하지 않아, 출발시간을 미준수하여 건너뛰고 오는지 확인 요청함",관련부서 이첩,교통정책과,,complaints_2025.xlsx,교통정책과
2025,198,2025-12-05,,미상,"봉명동 부근 말티푸(갈색), 분홍색 반팔티 입음(벗겨질 수 있음). 3주전 실종. 임시보호 전화시 연락부탁",담당부서이첩,지역산업과,,complaints_2025.xlsx,지역산업과
2025,199,2025-12-05,,대전유성경찰서,원내동 *** 길이 많이 얼어 염화칼슘 제설 작업 요청(최대한 빨리 요청하심),담당부서 이첩,건설과,,complaints_2025.xlsx,건설과
2025,200,2025-12-05,,[삭제],"핸드폰 문자 메시지(수신번호: 042-****-****, 구즉동 행정복지센터)를 받고 연락하였으며, 지원금 등 지원받을 수 있는 것이 있는지 문의함",담당부서 이첩,구즉동,,complaints_2025.xlsx,구즉동
2025,201,2025-12-04,,익명,관평동 *** 앞 근처 제설 작업 요청,담당 부서 이첩,건설과,,complaints_2025.xlsx,건설과
2025,202,2025-12-04,,익명,지족동 **** 정문 앞 도로변 결빙 제설 작업 요청,담당 부서 이첩,건설과,,complaints_2025.xlsx,건설과
2025,203,2025-12-04,,유성경찰서,현충원 정문 삼거리 공주 방면 오르막 구간 1km 빙판 제설 작업 요청,담당 부서 이첩,건설과,,complaints_2025.xlsx,건설과
2025,204,2025-12-04,,시 당직실,카이스트교 삼거리에서 카이스트 정문 쪽 빙판 제설 요청,담당 부서 이첩,건설과,,complaints_2025.xlsx,건설과
2025,205,2025-12-04,,익명,유성대로 *** 밤사이 토 흔적과 쓰레기 무단투기 신고하고 싶음 관할 부서 전화 요청,담당 부서 이첩,청소행정과,,complaints_2025.xlsx,청소행정과
2025,206,2025-12-04,,유성경찰서,원내동 ***-*  내리막길 제설 요청,담당 부서 이첩,건설과,,complaints_2025.xlsx,건설과
2025,207,2025-12-04,,익명 시내버스 기사,중일고에서 테크로**단지 길 제설 작업 요청,담당 부서 이첩,건설과,,complaints_2025.xlsx,건설과
2025,208,2025-12-04,,미상 버스기사,진잠동 진잠초 네거리 일대 및 도시과학고 오르막길  결빙 심함. 해당 장소 항상 제설이 잘 안되어 불편초래. 조속한 처리 바람,담당부서 이첩(담당자 내용 전달 완료),건설과,,complaints_2025.xlsx,건설과
2025,209,2025-12-04,,익명,관평동테크노*단지 앞 빙판길 제설 작업 요청,담당 부서로 이첩,건설과,,complaints_2025.xlsx,건설과
2025,210,2025-12-04,,익명,봉명동 유성지구대 뒷편 ***** 소음 발생에 따른 민원,담당부서 이첩,푸른환경과,,complaints_2025.xlsx,푸른환경과
2025,213,2025-12-04,,[삭제],리베라아이누리* 지하주차장 입구 주차 단속 요청 차량번호(**가****),단속반에 문자 발송(통화는 안됨),주차관리과,,complaints_2025.xlsx,주차관리과
2025,214,2025-12-04,,익명,주정차 과태료 사항 맞는지 확인(과태료는 납부하였음) 필히 12월 5일 금에 전화 요망,관련 부서 이첩,주차관리과,,complaints_2025.xlsx,주차관리과
2025,215,2025-12-03,,미상,"반려견 실종일 이후로 매일 전화중으로 발견시 연락 요청
소유자 주소 : 봉명로 **  
실종 장소 : 봉명동 부근 
반려견 특징 : 말티즈와 푸들 닮은 말티푸. 실종당시 분홍색 반팔 옷(입고 있거나 벗겨졌을 수 있음)
",담당 부서로 이첩,지역산업과,,complaints_2025.xlsx,지역산업과
2025,216,2025-12-03,,익명,"가로등 고장신고(4개 가량 불이 켜지지 않음)
위치: 유성구 죽동로 **
",담당부서 이첩,건설과,,complaints_2025.xlsx,건설과
2025,217,2025-12-03,,미상,노은동 ***-* 앞 교통사고 잔해 처리 요망,담당부서 이첩,청소행정과,,complaints_2025.xlsx,청소행정과
2025,220,2025-12-02,,미상,계산동 **아파트(대전 유성구 학하남로 **) 정문 앞 불법노점상 단속 요망 (오후 6시정도에 출몰) / 저번주에도 민원 넣으셨는데 해결이 안 됐다며 예민하게 반응하심,담당부서 이첩 ,건설과,,complaints_2025.xlsx,건설과
2025,222,2025-12-02,,유성경찰서 구즉지구대,"미성년자에게 주류 판매 적발 / 유성구 관들*길 **-**, 단속 완료 및 접수 요청",담당부서 이첩,위생과,,complaints_2025.xlsx,위생과
2025,224,2025-12-01,,미상,유성호텔 사거리 -> 구 리베라 호텔 방향 불법 주정차 때문에 우회전 차량 통행 방해가 심각 불법 주정차 단속 강화 요청,담당부서 이첩,주차관리과,,complaints_2025.xlsx,주차관리과
2025,226,2025-12-01,,[삭제],(강아지 분실에 따른 도움 요청) 갈색 말티푸(분실 당시 분홍색 반팔 티를 입고 있었다고 함. 지금은 없을 수도 있음). 봉명동에서 분실. (어제(11.30.)도 전화를 했었다면서 기록을 확인해보라고 함),당직민원 등록,지역산업과,,complaints_2025.xlsx,지역산업과
2025,227,2025-12-01,,미상,반석동 극동방송 부근 (지족동 ***) 포트홀 처리 요망.,담당부서 이첩,건설과,,complaints_2025.xlsx,건설과
2025,228,2025-11-30,,[삭제],카이스트에서 엑스포 방면 도로에 주차해뒀는데(한화 불꽃놀이 관련) 주정차단속유예가 국민신문고 어플로 주민이 신고해도 유예대상이 맞는지 문의하심. 회신 요망.,담당부서 이첩,주차관리과,,complaints_2025.xlsx,주차관리과
2025,229,2025-11-30,,미상,죽동 공영주차장(대전 유성구 죽동 ***) 내 화물차 주차 관련 민원(차고지 외 주차 신고문의),담당부서 이첩,교통정책과,,complaints_2025.xlsx,교통정책과
2025,230,2025-11-30,,60대 남성,"주차안내 요원의 말에 따라 통행에 불편하지 않게 주차했는데
주차단속 요원이 카메라를 들이밀면서 찍음(본인 차량과 뒷차량만).  다 불법주차 했는데 왜 본인만 단속하냐 항의했더니 다른차도 단속하겠다고 하더니
사라져버림.   단속을 하려면 다하든가 몇대만 단속한게 화가나서 전화하심.   단속요원 교육 요청하심.  요원의 말투와 태도가 너무 불쾌했다고 하심. 따로 회신을 요청하진 않으심 010-****-****",담당부서 이첩,주차관리과,,complaints_2025.xlsx,주차관리과
2025,231,2025-11-30,,미상,덕명동 ***-*번지 / 주택 내 한 가구가 건물에 다 들리도록 소음을 크게 내고 있다고 함. 영상과 음성녹음 파일 가지고 있다고 함. 회신 요청(연락 못 받을 시 문자로라도 요청),담당부서 이첩,푸른환경과,,complaints_2025.xlsx,푸른환경과
2025,232,2025-11-30,,미상,"금일 한화 불꽃쇼 축제로 인하여 불법주정차 사진이 찍혀 신고를 당했는데 어떻게 처리가 되는지 문의(큰 행사에 주차 공간 마련이 안되어 있는것에 대해 불만이 큼)
※ 꼭 연락달라고 하셨습니다.",담당부서 이첩,주차관리과,,complaints_2025.xlsx,주차관리과
2025,233,2025-11-30,,미상,불법주정차 차량을 추월하여 이동 중이었는데(자신은 불법주정차는 하지 않았다고 주장)  '파킹대리(?)'앱으로 불법주정차 단속 알림이 와서 확인하고 싶다는 요청. 민원인에게 연락 해야 함.,담당부서 이첩,주차관리과,,complaints_2025.xlsx,주차관리과
2025,235,2025-11-30,,남성,불법현수막 제거 요청  충대정문 오거리 횡단보도 위,담당부서 이첩,건축과,,complaints_2025.xlsx,건축과
2025,237,2025-11-30,,미상,"봉명동 ***-*번지 / 재난안전과 *** 주무관님께 지난주에 승강기 안전점검 관련하여 연락했으나 점검 나오지 않아 연락, 승강기가 많이 흔들려 점검 및 조치 요청하는 사항입니다.",담당부서 이첩,재난안전과,,complaints_2025.xlsx,재난안전과
2025,241,2025-11-30,,유성지구대,"용계 ***-* 도로 중앙분리대가 쓰러짐,  투썸플레이스 앞 대로변 근처",담당부서 이첩,건설과,,complaints_2025.xlsx,건설과
2025,243,2025-11-30,,[삭제],엑스포다리 들어가는 입구 방향 차량 2대 불법주차,담당부서 이첩,주차관리과,,complaints_2025.xlsx,주차관리과
2025,244,2025-11-30,,[삭제],진잠로**번길 **  도로 야간단속 주차금지(특히 트럭) 단속요망,담당부서 이첩,주차관리과,,complaints_2025.xlsx,주차관리과
2025,247,2025-11-29,,익명,구암동 ***-* 덕명동 인근에 화물차가 주말에만 주차를 해놔서 불편함. 월요일에 본인한테 전화해달라고함.,관련부서 이첩,교통정책과,,complaints_2025.xlsx,교통정책과
2025,248,2025-11-29,,익명,(신성동 ***-* )식당에서 환풍기를 통해 음식냄새가 너무나서 불쾌함. 처리를 요청함. 통화요망,담당부서 이첩,푸른환경과,,complaints_2025.xlsx,푸른환경과
2025,249,2025-11-29,,미상,구청에서 죽동*** 앞 논의 흙을 퍼 법면을 만들어놓음. 원상복구를 요청함. 월요일에 조치해준다고 했으나 막무가내로 당장 나오라고 해서 담당 팀장님과 통화연결함.,담당부서 이첩,건설과,,complaints_2025.xlsx,건설과
2025,250,2025-11-29,,미상,"구암동 ***-* 옆 구암동 ***에 얼마전 배수로공사를 했는데 배수구에 모래가 가득차 배수로 정비를 요청함. 월요일에 처리해준다했고, 월요일에 담당자분이 전화 준다고 전달함.",담당부서이첩,건설과,,complaints_2025.xlsx,건설과
2025,251,2025-11-28,,익명,노은 ***마을*단지 정문 앞 사거리 횡단보도에 노란버스차량이 주차하여 통행에 매우위험한 상태임 / 이런 적이 처음이 아니라고 하심,20:30 이후 신고 건으로 해당과로 접수,주차관리과,,complaints_2025.xlsx,주차관리과
2025,252,2025-11-28,,미상,구암동 ***-* 건물앞 불법주차(**거****)로 출근을 못하고 있음 . 차주연락하여 이동조치 또는 견인요청,담당부서 이첩,주차관리과,,complaints_2025.xlsx,주차관리과
2025,253,2025-11-28,,도룡지구대,도룡동 ***번지 불법주차된 차량으로 차선이 막혀 단속 요청 ,담당부서이첩,주차관리과,,complaints_2025.xlsx,주차관리과
2025,254,2025-11-28,,미상,상대동*** 도로(봉명동 방면)  도안*~*단지 -> 도안 *단지 아파트까지 2차선에 다량의 모래가 뿌려져 있어 운전에 방해가 됨. 조치요청,담당부서 이첩,건설과,,complaints_2025.xlsx,건설과
2025,255,2025-11-28,,익명,(가정동 ***-*) 들어오는 방향 1차선에 고양이 사체 처리 요망,담당부서이첩,청소행정과,,complaints_2025.xlsx,청소행정과
2025,256,2025-11-27,,[삭제],"학하동 행정복지센터에서 27일 오후 8시경 본인이 신청한 적 없는 주민등록초본이 발급 되었다는 문자를 받음. 경찰 신고를 위해 발급된 이유 확인하여 연락 요함.
(가족도 발급한 적 없다고 함)
",담당부서이첩,학하동,,complaints_2025.xlsx,학하동
2025,257,2025-11-27,,익명,"노은역 광장, 송림마을 *단지 앞 노점상 단속 요청",담당부서이첩,건설과,,complaints_2025.xlsx,건설과
2025,259,2025-11-27,,유성경찰서,"***공원삼거리 교통사고 발생 안내(차량 파편, 유리 등의 잔해가 남아있어 도로 청소 필요)",담당부서 이첩,청소행정과,,complaints_2025.xlsx,청소행정과
2025,261,2025-11-26,,유성경찰서,"자동차 사고로 월드컵네거리(죽동네거리->유성경찰서 우회전 방향) 도로 위에 떨어진 차량 파편 조치 요청 전화받음.
시 소관 도로로 시 당직실에 전달 후, 현장에 나가 상황 확인함.
차도 위 큰 파편은 정리된 상태였으나, 몇몇 큰 파편이 횡단보도 삼각지와 화훼단지쪽 인도 위에 적치되어 있고, 차도 위에도 유리 파편이 많아 추가 청소가 필요해보임.",담당부서 이첩,청소행정과,,complaints_2025.xlsx,청소행정과
2025,262,2025-11-26,,아파트 방제실,"도룡동 ******** 지하1층 주차장 천장에 고양이가 올라가있음(배관, 전선 등이 있는 공간으로 고양이로 인한 화재 위험성 있어 보임)
아파트 방제실에서 근무자가 구조해보려고 했으나 실패함
내일 아침에 다시 확인해보고 상황이 여전하면 구청에서 구조 도와줄 수 있는지 문의
아파트 방제실도 내일 아침에 근무자가 바뀌기 때문에 해당 내용 인계해둘테니 담당부서에 전달하여 회신부탁.",담당 부서 이첩,지역산업과,,complaints_2025.xlsx,지역산업과
2025,263,2025-11-26,,익명,"신성동 불법주정차 2주전부터 여러차례 문의했으나 담당 부서 이첩 등의 의견 외에는 야간에는 조치를 취해주지 않았으며, 안전신문고를 이용하라는 답변만 받음.
과태료를 부과하는 사후적 처리 말고 불법주정차로 인한 통행 방해를 즉시 해결할 수 있는 법적 개선 및 제도적 마련 촉구. 주차관리과에 방문하여 민원 상담 요청 예정.",담당 부서 이첩,주차관리과,,complaints_2025.xlsx,주차관리과
2025,264,2025-11-26,,미상,"갈색 말티푸 실종(푸들 닮았고, 분홍색 반팔티 입고 있거나 벗겨졌을 수 있음). 발견 시 연락바람.",담당부서 이첩,지역산업과,,complaints_2025.xlsx,지역산업과
2025,265,2025-11-26,,익명,신성동 **아파트 인근 노점상 신고,담당 부서 이첩,건설과,,complaints_2025.xlsx,건설과
2025,266,2025-11-26,,미상,(외삼동 ***-*) 부근 쓰레기 불법으로 보이는 소각에 의해 연기가 다량 발생하여 조치 요청,담당부서 이첩,청소행정과,,complaints_2025.xlsx,청소행정과
2025,267,2025-11-26,,익명,용산*로 ** 주변 야간 불법 소각(타이어 또는 플라스틱)으로 인한 냄새 신고,당직민원 등록,청소행정과,,complaints_2025.xlsx,청소행정과
2025,268,2025-11-25,,미상,구룡달전로 **에서 둔곡 방향 죽어가는 꿩 처리 요청,펫레스큐 전달,청소행정과,,complaints_2025.xlsx,청소행정과
2025,269,2025-11-25,,미상,"교촌동 ***-* 빌라 앞 음식물쓰레기 며칠째 수거 안 하고 있어, 수거 요청함. 민원인이 담당자랑 통화하고 싶다고 함.",담당부서 이첩,청소행정과,,complaints_2025.xlsx,청소행정과
2025,270,2025-11-25,,[삭제],계산동 (학하남로 **) 앞 노점상 단속 요망,안전신문고 신고 안내 및 민원 접수,건설과,,complaints_2025.xlsx,건설과
2025,273,2025-11-25,,익명,"공중화장실 불 자동절전 관련 문의, 화장실 개인 칸에는 센서가 없어서 10분 이상 되면 움직여도 전등이 자동으로 켜지지 않는 것이 매우 불편함. 해당 민원에 대해 실질적인 해결방법을 원하며 조치가 없을 경우 민원제기하겠다고 함. (전화 회신 필요)",관련부서 이첩,재난안전과,,complaints_2025.xlsx,재난안전과
2025,274,2025-11-24,,익명,해당 도로의 일부가 30cm 이상 꺼져있다는 신고로 현장확인 요청,당직사령 현장 확인 및 건설과 조치 완료,건설과,,complaints_2025.xlsx,건설과
2025,275,2025-11-24,,미상,"11월 22일 당직민원 접수하였으나 회신 전화 및 조치가 없어 25일 회신 요청

계산동 ***-*번지 1층 ""미모미모 네일샵"" 입간판이 차도에 설치되어 있어
위험해 보임.
입간판 철거를 요청하심.

후에 민원 내용이 잘 처리 되었는지 전화 회신 요망.
",담당부서 이첩,건축과,,complaints_2025.xlsx,건축과
2025,276,2025-11-24,,익명,고양이 사체 처리 요청,펫레스큐 이첩,청소행정과,,complaints_2025.xlsx,청소행정과
2025,277,2025-11-24,,미상,"갈색 말티푸 (분홍색 반팔티 입음) 실종 신고전화
지역산업과에 낮에 통화했던 내용으로 전달 요청",담당부서 이첩,지역산업과,,complaints_2025.xlsx,지역산업과
2025,278,2025-11-24,,익명,"****아파트 *, *단지 맞은편 골프장 근처 주택가에서 스티로폼이나 비닐 같은 것을 태워 악취가 심하다고 함. 빠른 조치 취해주길 원함.",담당부서 이첩,푸른환경과,,complaints_2025.xlsx,푸른환경과
2025,279,2025-11-23,,익명,"구암동 ***-* 에서 **허**** 차주가 쓰레기 무단투기함 / 민원 제보자 익명성 보장 요청
",담당부서 이관,청소행정과,,complaints_2025.xlsx,청소행정과
2025,280,2025-11-23,,익명,전기주차면에서 연료 전부 채웠는데도 차량을 빼지 않음 / 사진 촬영하고 연락기다리시겠다고 함.,담당부서 이첩,푸른환경과,,complaints_2025.xlsx,푸른환경과
2025,281,2025-11-23,,미상,"상대동 일대
피트니스 현수막이 곳곳이 설치되어 있음
수위 적법한가(강사 사진)
전화 안 해도 된다고 하심",해당 부서 이첩,건축과,,complaints_2025.xlsx,건축과
2025,282,2025-11-23,,미상,**성당에서 20m 떨어진 공사현장 맞은편에 올가미에 걸린 고라니 사체 신고,해당부서 이첩,청소행정과,,complaints_2025.xlsx,청소행정과
2025,283,2025-11-23,,미상,노은동 열매마을*단지 맞은편 먹자골목 쪽 도로에 꼬깔 설치해서 사유화 하니 도로점용  단속요청,관련부서 이첩,건설과,,complaints_2025.xlsx,건설과
2025,284,2025-11-23,,미상,노은터널에서 월드컵경기장 사거리가는 길에 고양이 사체 발견하여 신고,펫 레스큐 전달,청소행정과,,complaints_2025.xlsx,청소행정과
2025,285,2025-11-23,,미상,열매마을 **단지 앞 월드컵경기장방면 1차로에 고양이 로드킬 신고 ,펫레스큐에 민원사항 전달,청소행정과,,complaints_2025.xlsx,청소행정과
2025,286,2025-11-22,,[삭제],봉명동 ***-*  노점단속 요청 2번 정도 했었는데 조치결과 회신이 안됨. 연락바랍니다.,담당부서 이첩,건설과,,complaints_2025.xlsx,건설과
2025,287,2025-11-22,,익명,대덕대로 거리 가로등 수리 요청,관할부서 이첩,건설과,,complaints_2025.xlsx,건설과
2025,288,2025-11-22,,익명,(자운대) 재단법인 수운교 앞 가로등에 불이 안들어온다는 민원 접수,관련부서 이첩,건설과,,complaints_2025.xlsx,건설과
2025,289,2025-11-22,,익명,"숙박업 주말 바가지 요금 단속 요청함
주말마다 대전 내려와서 숙박하는데 주말 요금이 평일 요금의 2배~ 3배 차이나 불편함이 크다고 함.
(많이 화나심)
주말 바가지 요금 단속 조치를 어떻게 할 건지 꼭 전화 회신 요망.",해당부서 이첩,위생과,,complaints_2025.xlsx,위생과
2025,290,2025-11-22,,익명,"계산동 ***-*번지 1층 입간판이 차도에 설치되어 있어
위험해 보임.
입간판 철거를 요청하심.

후에 민원 내용이 잘 처리 되었는지 전화 회신 요망.
",담당부서 이첩,건축과,,complaints_2025.xlsx,건축과
2025,291,2025-11-22,,익명,"월드컵 경기장 주변 불법 주정차가 심각함.
주말이나 경기시마다 불법 주정차가 매우 심각한 상황.
불법주정차 단속 카메라 설치등 적극적인 개선이 필요하다고 함.",담당 부서 이첩,주차관리과,,complaints_2025.xlsx,주차관리과
2025,293,2025-11-22,,익명,오토월드 통해 구입한 이상 있는 차량(8.20.)에 대한 민원 제기(월요일 연락 요망),담당부서 이첩,교통정책과,,complaints_2025.xlsx,교통정책과
2025,294,2025-11-22,,익명,"원신흥동 ***아파트 정문 주변 불법 주정차가 심각하다고 함.
지난주에도 불법 주정차 신고 하셨는데 개선된 부분이 없었다고 함.
월요일 담당 부서에 민원 넣겠다고 하심.

(오늘도 주말 단속반에 연락하여 불법 주정차 단속/계도 요청 함)",담당 부서 이첩,주차관리과,,complaints_2025.xlsx,주차관리과
2025,295,2025-11-22,,익명,"*** 풋살파크 소음 심각하다고 함.
평일 밤 12시까지 공차는 소리가 너무 커서 불편 크시다 함.",담당 부서 이첩,푸른환경과,,complaints_2025.xlsx,푸른환경과
2025,296,2025-11-22,,익명,"불법 현수막 제거 요청
스마트시티 뒷편 1KM 반경에 6개 이상의 불법 현수막을 걸고 있음
현수막 내용은 그랑르피에드 분양 안내
현수막 설치하고 다니는 차량 번호 : **버****.
",담당 부서 이첩,건축과,,complaints_2025.xlsx,건축과
2025,297,2025-11-22,,익명,"강아지 분실하여 몇차례 당직실로 전화

소유자 주소 : 봉명로 **  
실종 장소 : 봉명동 부근 
강아지 특징 : 말티즈 닮은 말티푸. 주황색  반팔 옷 입고 있음. 4kg 

",담당부서 이첩,지역산업과,,complaints_2025.xlsx,지역산업과
2025,298,2025-11-22,,익명,송강동 쪽 노점 단속요청(성함 및 연락처 철저히 익명요청),담당부서 이첩,건설과,,complaints_2025.xlsx,건설과
2025,299,2025-11-22,,익명,봉명동 *** **** 오피스텔 공사 소음이 이른 아침부터 너무 시끄러워 불편함. 해결 조치 요망 ,관련부서 이첩,푸른환경과,,complaints_2025.xlsx,푸른환경과
2025,300,2025-11-21,,[삭제],"계산동 ***-*번지, 사유지 건설공사 중 시공사가 콘크리트 부어놓고 안전바 없이 그냥 퇴근함.
안전관리 허술에 대한 책임 및 조치 바람","구청 당직근무자 2인 계산동 방문하여 안전띠 두르는 등 현장조치함. 
",건축과,,complaints_2025.xlsx,건축과
2025,301,2025-11-21,,익명,"대정동 대신택배 주변도로 영업용화물차량 불법 주차문제가 심각함. 특히 목금 저녁 21:00넘어서 소방시설, 횡단보도 무시하고 밤샘주차되고있음.
(월요일날 민원인 통화해야 할 듯 합니다.) ",관련부서 이첩,교통정책과,,complaints_2025.xlsx,교통정책과
2025,302,2025-11-21,,익명,은구비로***번안길 **-* 골목길 보안등이 전부 안들어옴. 조치요망,관련부서 이첩,건설과,,complaints_2025.xlsx,건설과
2025,303,2025-11-21,,익명,저녁시간대만 되면 매일 탄내가 동네에 심하게 나서 살 수가 없음.  민원이 처음 들어간거냐고 물으시면서 조치를 취해달라고 요청하심. ,관련부서에 접수,푸른환경과,,complaints_2025.xlsx,푸른환경과
2025,304,2025-11-21,,[삭제],(대전 유성구 은구비로***번길 **) 도로 가로등이 안켜짐. 조치 요청.,담당부서 이첩,건설과,,complaints_2025.xlsx,건설과
2025,305,2025-11-21,,미상,"주차된 차량이 사라졌는데 견인해 갔는지 문의(경찰서는 신고하심)
- 위치: 노은동 ***-* 맞은편
- 차량: **수**** 쌍용 렉스턴칸 쥐색
그저께 주차하고 어제까지 있는걸 확인했는데 오늘 아침에 사라졌다고 합니다.",담당부서 이첩,주차관리과,,complaints_2025.xlsx,주차관리과
2025,306,2025-11-21,,익명,봉산로 **번길*-* 고양이 사체 처리 요청,담당부서 이첩,청소행정과,,complaints_2025.xlsx,청소행정과
2025,307,2025-11-21,,익명,"은구비서로**번길 **-** 근처 도로에 중앙선(황색선)만 표시되어있고
흰색선, 황색선 등 표시가 안 되어있는데 불법주정차 구역이 맞는지 문의하셨음",담당부서 이첩,주차관리과,,complaints_2025.xlsx,주차관리과
2025,308,2025-11-20,,미상,"음식물쓰레기 미수거 민원 / 송강동 일대
11. 20.(목) 음식물쓰레기를 전혀 수거하지 않았다고 하심",담당부서 이첩,청소행정과,,complaints_2025.xlsx,청소행정과
2025,309,2025-11-20,,익명,"신성동 행정복지센터 전기차 충전소 이용을 하려고 했는데 차단바가 내려가 있음
18시 이후 입출차 불가하여 이용이 어려울 것 같다고 안내하였으나
18시 이후에도 이용 가능하도록 시스템 개선해달라는 민원을 접수해달라고 하심",담당부서 이첩,신성동,,complaints_2025.xlsx,신성동
2025,310,2025-11-20,,익명,노은 환승주차장 근처 불법주정차 차량이 너무 많음 단속 요청,담당부서 이첩,주차관리과,,complaints_2025.xlsx,주차관리과
2025,311,2025-11-20,,익명,"봉명동 ***-*  공사 관련 며칠째 늦은시간까지 소음이 지속되어 조치 요망
시공사인 가양건설에 직접 전화했으나 연락 안받는다고 함",담당부서 이첩,푸른환경과,,complaints_2025.xlsx,푸른환경과
2025,316,2025-11-18,,미상,"25.11.18 07시 30분경 송강전통시장 앞 편의점 근방에서 공사 진행으로 인하여 차량 이동 요청받음.
출근시간대 무리한 공사 진행으로 인근 주민에 불편함이 있음.
010-****-**** 이 번호로 연락하여 주시기 바랍니다.
",담당부서 이첩,건설과,,complaints_2025.xlsx,건설과
2025,317,2025-11-17,,미상,"(지족동 ****) 인근 지역 유수지에서 시행되는 공사가 밤늦게까지 진행되어 소음 발생으로 인한 불편사항이 있음.
(1차 통화: 21시 10분, 2차 통화: 22시25분)
밤늦은 시간에는 공사를 자제하여 주시기 바랍니다.",담당부서 이첩,재난안전과,,complaints_2025.xlsx,재난안전과
2025,318,2025-11-17,,미상,"마을버스 1번 신호위반 관련 민원
충대 수의대에서 나와 좌회전하려는데,
좌회전 신호가 켜져 있음에도 불구하고 마을버스 1번 버스가 이를 무시하고 직진하였습니다.
신호 위반행위에 대하여 단호한 조치 바랍니다.",담당부서 이첩,교통정책과,,complaints_2025.xlsx,교통정책과
2025,319,2025-11-17,,미상,"(대덕테크노 *단지~**단지 사이 다리) 위에
대형 화물차들이 하루종일 주차하고 있어
교각 안정성에 악영향을 줄 것이 심각하게 우려되는바
이 문제에 대하여 근본적인 대책을 세워 주실 것을 요청드립니다.",담당부서 이첩,교통정책과,,complaints_2025.xlsx,교통정책과
2025,320,2025-11-17,,미상,"전민로 ** 지역
가로등이 며칠째 작동 안하고 있습니다.
또한 기기를 조작하는 것으로 생각되는 부분의 덮개가 바닥에 떨어져 있습니다.
수리 바랍니다.",담당부서 이첩,건설과,,complaints_2025.xlsx,건설과
2025,321,2025-11-17,,미상,"진잠옛로 ** 앞 좁은 도로 말뚝을 제거하고 차량이 빠른속도로 지나감, 말뚝이 제거되지 않도록 현장 방문하여 확이 ㄴ망",관련부서 이첩,건설과,,complaints_2025.xlsx,건설과
2025,323,2025-11-17,,[삭제],"전민동 ** 작은 가로등(2m 정도) 불이 안들어옴
2~3주정도 됨",담당부서 전달,건설과,,complaints_2025.xlsx,건설과
2025,326,2025-11-16,,[삭제],"관평동 배울골 어린이공원 내 소파 2개가 무단투기 되어있음(언제부터 투기되어있는지는 모름)
폐기물 처리방안과 불법투기자에 대해서는 찾아서 과태료를 부과하는지 등 어떠한 조치가 이루어지는지 궁금함
본인에게 회신바람(10시~12시 사이 전화수신가능)",관련부서 이첩,공원과,,complaints_2025.xlsx,공원과
2025,327,2025-11-16,,익명,전민동(대전광역시 유성구 유성대로****번길 *-**) 근처 안 쪽 골목길 주차장 쪽 하수구 맨홀 뚜껑 주저 앉음. 조치 요청,담당부서 전달,건설과,,complaints_2025.xlsx,건설과
2025,328,2025-11-16,,미상,갑천변(전민동~탑립동 가는길)에 인도로 자전거가 너무 많이 다녀서 사람들이 위험하므로 자전거금지도로 표지판을 세워주거나 바닥에 표시라도 크게 해주는 조치가 필요해 보인다고 민원 제기하심.,담당부서 접수,재난안전과,,complaints_2025.xlsx,재난안전과
2025,329,2025-11-16,,익명,"봉명동 나무에 트리 설치(조형물 설치) 관련하여 크레인 등 공사 감독관이 없어서 너무 위험해 보인다고 함.
담당부서 전달 및 조치 요청하심",관련부서 전달,문화관광체육과,,complaints_2025.xlsx,문화관광체육과
2025,331,2025-11-16,,익명,용계로**번길 ***-** 도로 쓰레기 무단투기로 거리청소요청,담당부서 이첩,청소행정과,,complaints_2025.xlsx,청소행정과
2025,332,2025-11-15,,미상,봉명동 유성경찰서 인근에서 갈색 말티푸(주황색 반팔을 입은)를 분실함.(혹시나 신고 들어왔을시 민원인에게 연락),관련부서 이첩,지역산업과,,complaints_2025.xlsx,지역산업과
2025,333,2025-11-15,,익명,"죽동 ***번지 농로 
**누****(010-****-****) 차량 집입로 방해
조치 바람(국민신문고 작성완료))",담당부서 이첩,지역산업과,,complaints_2025.xlsx,지역산업과
2025,334,2025-11-15,,미상,"(주소) 유성구 계룡로 **번길 ** 
(도로구분) 황색선
도로 양쪽 불법주차로 인하여 마을버스 통행(주행) 장애, 주차단속 바랍니다.","주말 차량 단속반 현장 출동 요청
담당부서 이첩",주차관리과,,complaints_2025.xlsx,주차관리과
2025,335,2025-11-15,,[삭제],"(주소) 유성구 신성로 **번길
도로구분: 흰색실선
흰색실선이지만 일부 차량이 일직선이 아닌 사선으로 주차, 지속적인 단속 요청","주말 차량 단속반 현장 출동 요청
담당부서 이첩",주차관리과,,complaints_2025.xlsx,주차관리과
2025,336,2025-11-15,,미상,"(주소) 유성구 관평동 ****번지
1층 공사로 인하여 소음이 심함
공사기간 안내문도 붙이지 않았음",담당부서 이첨,푸른환경과,,complaints_2025.xlsx,푸른환경과
2025,337,2025-11-15,,미상,"(주소) 유성구 관평동 ****번지
1층 누수방지 공사 추정되는 공사로 인하여 소음이 심함
건물내 공사기간 안내 표시도 없이 공사 강행 
   ",담당부서 이접,푸른환경과,,complaints_2025.xlsx,푸른환경과
2025,338,2025-11-15,,익명,"소유자 주소 : 봉명로 **  
실종 장소 : 봉명동 부근 
강아지 특징 : 말티즈, 주황색 옷, 4kg ",담당부서 이첩,지역산업과,,complaints_2025.xlsx,지역산업과
2025,340,2025-11-15,,[삭제],"11월15일 08시경 대전 유성구 진잠로 ***번길 *-*
청소년보호법 위반(주류제공) 대상자 ***
지구대에서 단속함 ",담당부서 이첩,교육과학과,,complaints_2025.xlsx,교육과학과
2025,342,2025-11-14,,미상,"월드컵경기장 인근 인도를 침범하여 불법 주차한 차량이 다수 발생하였으나 단속시간이 지나서 단속할 방도가 없으며, 안전신문고를 통해 신고하는 방법을 안내함
민원인은 본인이 직접 안전신문고로 신고해야 하는 상황이 생기기 전에 큰 행사를 앞두고 특별 단속이나 무인단속 등 사전에 대비를 철저히 했어야 한다고 문제를 제기하였으며, 향후 이와 같은 일이 재발하지 않도록 대비하기를 건의함(참고사항)",관련부서 이첩,주차관리과,,complaints_2025.xlsx,주차관리과
2025,343,2025-11-14,,[삭제],봉명동 ***-* 앞 노점 예전에 신고했었는데 조치가 되지않은 것 같다고하심. 처리결과를 알려주시기바랍니다.,담당부서 이첩.,건설과,,complaints_2025.xlsx,건설과
2025,344,2025-11-14,,미상,"아이파크시티 *,*단지 사이 보행육교 인근에 유흥업소의 전단지가 붙어있는 것과 관련하여 단속 및 관리 가능여부 등 문의. 민원인에게 연락 요망",관련 부서 이첩,건축과,,complaints_2025.xlsx,건축과
2025,345,2025-11-14,,미상,월드컵경기장에 허가받지않은 것 같은 노점상들이 진을 치고있음. 주차장에도 자리를 차지하고있어서 차들이 주차를 못함. 앞으로 경기 있을 때마다 노점상 단속 해주길 바람. (본인이 경기장 한두번 온게아닌데 갈수록 심해지는 것 같다고하심) 이런 행사 있을때에는 더더욱 단속해주시기를 바란다고 합니다!,담당부서 이첩.,건설과,,complaints_2025.xlsx,건설과
2025,347,2025-11-14,,미상,지족동 극동방송 건너편 인앤인 아파트 부근 주차단속 요청 ,담당부서 이첩,주차관리과,,complaints_2025.xlsx,주차관리과
2025,348,2025-11-14,,미상,장대네거리에 현수막이 많음 제거 요망,담당부서 이첩,건축과,,complaints_2025.xlsx,건축과
2025,350,2025-11-13,,미상,봉산동 ***-** 봉산휴먼시아*단지 cu 앞 낙지판매하는 불법 노점상 단속 요청,담당부서이첩,건설과,,complaints_2025.xlsx,건설과
2025,351,2025-11-13,,[삭제],"전민동 전 지역에 술집에서 불법 전단지를 차량에 부착하고 있음.
매일매일 치워도 계속 부착하여 전화도 해봤지만 신고하려면 해봐라 아무 처벌도 안받는다고 뻔뻔하게 나옴.
전단지로 인해 쓰레기도 너무 많이 발생할 뿐더러 차량 유리를 가려서 위험함. 여러번 참았으나 반복되어 민원을 넣게 됨. 꼭 처벌이나 앞으로 불법 전단지 부착을 못하게 해주셨으면 함.",담당부서 이첩,건축과,,complaints_2025.xlsx,건축과
2025,352,2025-11-13,,미상,***** 앞 공사현장 불법주차 단속시간 연장 요청(양쪽 불법 주정차 때문에 움직이기에 어려움이 있음),담당부서 이첩,주차관리과,,complaints_2025.xlsx,주차관리과
2025,353,2025-11-13,,미상,온천서로 * 앞에 지속적으로 불법주차된 차들 때문에 청소차가 그 위치만 낙엽청소를 못하고 있으니 조치바랍니다.,담당부서 이첩,주차관리과,,complaints_2025.xlsx,주차관리과
2025,354,2025-11-13,,미상,"꿈에그린 아파트 *단지 앞 운동기구(파도타기) 한달 전쯤 교체 문의했으나 여전히 변화 없음.
담당부서 전달",담당부서 이첩,공원과,,complaints_2025.xlsx,공원과
2025,355,2025-11-12,,미상,"영구임대 거주 중인 수급자임. 
어머니와 따로 거주 중으로 어머님이 3억 아파트 사면 수급자 자격 떨어지는지 문의.
",담당부서 이첩,생활보장과,,complaints_2025.xlsx,생활보장과
2025,356,2025-11-12,,미상,"신성동 올리브영 ~ 메가커피 앞 사거리(신성동***-*) 
  - 불법노점 단속 요청",담당부서 이첩,건설과,,complaints_2025.xlsx,건설과
2025,358,2025-11-12,,미상,"*** 호텔 주차장 주변 1차선 도로 주차시 딱지 끊기는지 문의
10시 30분 이후로 전화 요청함.",담당부서 이첩,주차관리과,,complaints_2025.xlsx,주차관리과
2025,359,2025-11-12,,미상,봉산동~송강동~관평동 부근 전체적으로 악취 심함. ,담당부서 이첩,푸른환경과,,complaints_2025.xlsx,푸른환경과
2025,360,2025-11-12,,미상,반석동 **어린이집 근처 소각행위로 인한 일대 뿌연 현상으로 불편함 호소 및 조치 요청,담당부서 이첩,청소행정과,,complaints_2025.xlsx,청소행정과
2025,361,2025-11-12,,미상,지족동 ***아파트 일대 불법주정차 강력 단속 요청,담당부서 이첩,주차관리과,,complaints_2025.xlsx,주차관리과
2025,362,2025-11-12,,미상,용계로***번길교량 불법주정차 단속 및 조치 결과 연락 요청,담당부서 이첩,주차관리과,,complaints_2025.xlsx,주차관리과
2025,363,2025-11-12,,미상,아침(07:00)에 전지작업하는 도안*단지아파트 소음 및 작업담당자의 욕설에 대한 사과 조치 요청 민원,담당부서 이첩,푸른환경과,,complaints_2025.xlsx,푸른환경과
2025,364,2025-11-12,,유성지구대,봉명동 **우체국 앞 중앙분리대 파손으로 인한 잔해물 처리 요청.,당직자 현장 출동하여 잔해물을 한쪽으로 치우는 등 1차 조치 완료하고 담당부서 이첩(추후 잔해물 수거하는 등 조치 요청),건설과,,complaints_2025.xlsx,건설과
2025,366,2025-11-11,,미상,"외삼동 지역 불법 소각 민원 계속 제기 했는데 개선이 안됨. 민원 내용 확인 후 담당자 회신 바람
아침 시간대 어린이집 등원 시 주변에서 불법소각으로 인해 불편함 / 외삼동 부근 칠갑산(반석동 **-**) 상호 얘기함 ",담당부서 전달,청소행정과,,complaints_2025.xlsx,청소행정과
2025,367,2025-11-09,,익명,호텔***** 대전1호점 앞 횡단보도 볼라드 충돌/흔들리는 상태,담당부서 이첩,건설과,,complaints_2025.xlsx,건설과
2025,368,2025-11-09,,익명,족욕장 내 에어컨프레셔의 호스와 주입장치의 도난이 빈번하여 시건장치 설치를 요청함,담당 부서 이첩,공원과,,complaints_2025.xlsx,공원과
2025,369,2025-11-09,,익명,1주일전 천성교회-유성고 사이 골목 포트홀 수리 민원 접수 후  미조치로 인한 재차 접수,담당부서 이첩,건설과,,complaints_2025.xlsx,건설과
2025,370,2025-11-09,,미상,"11/9(일) 16:37 경,  카이스트정류장에서 (유성구)마을버스1번을 기다리고 있었는데
마침 마을버스1번이 정류장에 도착했으나 정차하지 않고 그대로 지나가버림
이 부분에 대해서 민원을 제기함(11/10일 담당자가 연락해주길 원하심)",담당부서 이첩,교통정책과,,complaints_2025.xlsx,교통정책과
2025,371,2025-11-09,,미상,"관평동 **** 에 비둘기 사채 있음
비둘기 사채 처리요망",담당부서 이첩,청소행정과,,complaints_2025.xlsx,청소행정과
2025,372,2025-11-09,,미상,"(대전 유성구 가정로 ***)앞 왕복4차선 도로 중앙분리대 파손으로 파손된 조각이 도로에 널부러져있음
파손된 조각 빠른시일내에 수거 요망",담당부서 이첩,건설과,,complaints_2025.xlsx,건설과
2025,373,2025-11-09,,익명,"학기동 송림마을 *단지(***동, ***동 뒷편)와 **초등학교 사이 2차선 도로 낙엽 청소 요청",민원접수 청소행정과 이첩,청소행정과,,complaints_2025.xlsx,청소행정과
2025,374,2025-11-09,,유성경찰서,"북대전IC 앞 만남의 광장(대덕대로***) 여자화장실 문 고장 수리 요청
 - 여성분이 갇혀있다고 전화왔다고 함
 - 경찰출동하여 여성분 구출 예정",해당부서 이첩,공원과,,complaints_2025.xlsx,공원과
2025,375,2025-11-09,,미상,대전 유성구 한밭대로 ** 근처 굴다리 콘크리트 타공 소음 발생(오전 8시부터),해당부서 이첩,푸른환경과,,complaints_2025.xlsx,푸른환경과
2025,377,2025-11-09,,미상,"대전 유성구 노은로 ***, 송림마을 *단지 앞 낙엽청소 꼼꼼히 해달라고 함",해당부서 이첩,청소행정과,,complaints_2025.xlsx,청소행정과
2025,380,2025-11-08,,미상,대전 유성구 와룡로 *** ***동 악취민원,해당부서 이첩,푸른환경과,,complaints_2025.xlsx,푸른환경과
2025,381,2025-11-08,,미상,청사 앞 마당 보안등 소등됨,해당 부서 이첩,회계과,,complaints_2025.xlsx,회계과
2025,382,2025-11-08,,미상,市 당직실에서 봉명동 ***-*번지 붕어빵 노점상 단속 요청,해당부서 이첩,건설과,,complaints_2025.xlsx,건설과
2025,385,2025-11-08,,미상,"반석역~ 지족역 방향 전세버스 및 화물차 밤샘주차 단속요청
처리결과 회신 요청
대전**바**** / 대전**아**** / 충남**바****",담당부서 이첩,교통정책과,,complaints_2025.xlsx,교통정책과
2025,386,2025-11-08,,미상,봉산동 휴먼시아 *단지 ~ 갑천변 사이 삼거리 비둘기 사체 신고,펫레스큐 전달,청소행정과,,complaints_2025.xlsx,청소행정과
2025,387,2025-11-08,,유성구재난안전상황실 등,기초과학연구원 ~ 신세계백화점 사이 교통사고 관련 잔해물 수거 요청,담당부서 이첩,청소행정과,,complaints_2025.xlsx,청소행정과
2025,388,2025-11-08,,유성구재난안전상황실,기초과학연구원 ~ 신세계 백화점 앞 교통사고로 인한 인도 경계석 등 파손 수리 요청,담당부서 이첩,건설과,,complaints_2025.xlsx,건설과
2025,391,2025-11-08,,미상,고양이 로드킬 신고(학하중앙로***번길 **),펫레스큐(이진호) 전달 후 당직민원등록,청소행정과,,complaints_2025.xlsx,청소행정과
2025,392,2025-11-08,,미상,매주 **** 주변 지속적인 주차단속 및 처리결과 회신 요청,"주말단속반 출동요청 후, 담당부서 이첩함.",주차관리과,,complaints_2025.xlsx,주차관리과
2025,393,2025-11-08,,미상,"도룡동 기초과학연구원 내 전기차 충전시설에 전기충전하지 않고 주차한 차량 신고
**호**** / 담당부서에서 처리 결과 회신 요청함",담당부서 이첩,푸른환경과,,complaints_2025.xlsx,푸른환경과
2025,394,2025-11-08,,미상,"유성******* 공영주차장내 
-무질서한 주차(장애인구역, 인도위, 이중주차등)
-장기주차차량으로 인해 공간이 부족하여 이용을 못하는 경우가 많음
-전반적 관리요청",담당부서이첩,주차관리과,,complaints_2025.xlsx,주차관리과
2025,395,2025-11-08,,미상,한가족요양병원 뒤쪽 왕복 2차선 도로 불법 주정차 심각하여 주차단속 카메라 설치 요청. 불법 주정차된 차량들로 인하여 시야 확보가 어렵고 사고위험이 높음.,담당부서 이첩,주차관리과,,complaints_2025.xlsx,주차관리과
2025,396,2025-11-08,,미상,로드킬 신고(어은초 앞 충대 농대 올라가는 방향),펫레스큐(이진호) 전달 후 당직민원 등록,청소행정과,,complaints_2025.xlsx,청소행정과
2025,397,2025-11-08,,익명,"반석역에서 지족역방향으로 도로에 버스와 대형차량 주차된것 단속요청 및 연락요망
버스 대전 **바**** / 화물차 대전 **아**** ",담당부서이첩,교통정책과,,complaints_2025.xlsx,교통정책과
2025,398,2025-11-08,,익명,"(관평동 ****)에서 정상주차된 차량 앞을 이중주차로 가로막은 상태. 연락처없음
막은차량 **버****",담당부서이첩,주차관리과,,complaints_2025.xlsx,주차관리과
2025,399,2025-11-07,,익명,노은 해랑숲마을*단지 정문 앞 사거리 횡단보도에 노란버스차량이 주차하여 통행에 매우위험한 상태임,20:30 이후로 담당부서 이첩,주차관리과,,complaints_2025.xlsx,주차관리과
2025,400,2025-11-07,,익명,"상습적으로 건물 주차장으로 들어가는 길(도로)에 주차하여 주차장이용을 불가하게 막는 차량에 대해 조치요청함.
대상차량 **누****(카키색 캐스퍼) 차량이며 차량에 연락처가 없어 해결하기 어려워 구청에 연락함",담당부서 이첩,주차관리과,,complaints_2025.xlsx,주차관리과
2025,403,2025-11-07,,익명,도안**** 현장 소음으로 연락 / 작업시간관련해서 연락요청,담당부서이첩,푸른환경과,,complaints_2025.xlsx,푸른환경과
2025,405,2025-11-06,,익명,지족로 **  정문 앞 신호등 바라보며 좌회전하자마자 로드킬 신고,해당부서 이첩(펫레스큐 전달) ,청소행정과,,complaints_2025.xlsx,청소행정과
2025,406,2025-11-06,,익명,"지족동우체국에서 현대아이*단지 아파트 도로 불법주정차가 너무 심함 단속유예인건 알겠지만
저녁에 나와서 확인 좀 했으면 함 / 청소차량도 공무수행에 너무 불편해 보임
당직민원으로 꼭 남겨달라고 하심",해당부서 이첩,주차관리과,,complaints_2025.xlsx,주차관리과
2025,407,2025-11-06,,익명,"문화원로**번길 **-*앞에 폐오토바이를 적채, 야간 주차공간 확보의 어려움 있음. 이런 물건 적채가 적법한건지 문의, 관련과의 답변 듣고 싶다심",해당부서 이첩 ,건설과,,complaints_2025.xlsx,건설과
2025,409,2025-11-05,,미상,"010-****-****(오빠 A씨)
010-****-****(온천1동 거주하는 B씨)
010-****-**** 번호를 소유한 민원인의 오빠A에게 11월5일 오후2시경 042-****-**** 발신번호로 전화가 옴. ****발신자가 B씨에 대해 물었으며 어떤 사유로 전화를 했는지 A씨가 물어보니 B씨 본인이 아니라 자세한것을 얘기해줄수 없고 B씨가 잘 있는지 이러한 내용을 물어보고 끊었다고 함. 
민원제기의 내용은 A씨의 연락처를 어떻게 알고 전화를 한 것이며, 왜 온천1동에 거주하는 B씨가 아닌 A씨에게 연락을 하였는지 이해할 수 없다고 함. 개인정보가 노출된 사항에 분개하고 있어 상황 확인 후 빠른 조치 필요함.","현재 당직근무 시간으로 현재 동행정복지센터에서 확인이 불가능함을 설명.
담당 동 행정복지센터로 이첩",온천1동,,complaints_2025.xlsx,온천1동
2025,411,2025-11-05,,익명,장대교 불법주정차 단속요청,야간단속반 단속요청 및 해당부서 이첩,주차관리과,,complaints_2025.xlsx,주차관리과
2025,412,2025-11-05,,미상,도룡동 도로 불법주정차 **보**** 때문에 사고날뻔했다고 차량단속요청,오전근무반 전달/담당부서이첩,주차관리과,,complaints_2025.xlsx,주차관리과
2025,413,2025-11-05,,미상,전민동 엑스포 ***동아파트에서 타는 냄새가 많이 난다고 함. ,엑스포아파트 관리사무소(042-****-****)로 연락드림. / 담당부서 이첩,푸른환경과,,complaints_2025.xlsx,푸른환경과
2025,414,2025-11-04,,익명,"어플 ""빼기""로 대형폐기물 배출신고시 합판은  어떤품목으로 해야될지 문의",해당부서 이첩,청소행정과,,complaints_2025.xlsx,청소행정과
2025,415,2025-11-04,,[삭제],어은동 인근에서 잃어버린 흰색 닭 당직실 옆 케이지 보관되어있었다고.. 주인분이 찾으러 오심,해당부서 이첩,지역산업과,,complaints_2025.xlsx,지역산업과
2025,416,2025-11-04,,미상,"유성구 도안 아파트 이사하는 도중 가로수 훼손, 법인차량이라서 구청에 먼저 문의하셨다고함, 다음날 정확한 안내 드리겠다고 함.",해당부서 이첩,녹지산림과,,complaints_2025.xlsx,녹지산림과
2025,417,2025-11-04,,미상,"고라니 구조 요청
대덕대학교 기숙사 생금연못
＊08:30분경 민원인으로부터 구조했다는 연락받음.","＊해당부서 이첩 및 펫레스큐 전달
＊08:30분경 민원인으로부터 구조했다는 연락받음.",푸른환경과,,complaints_2025.xlsx,푸른환경과
2025,418,2025-11-03,,미상,"· 공사소음민원(도시가스공사)
· 학무정네거리 부근(학하중앙로 *** 일원)
· 6시 이후에 작업 안하게 조치 부탁함.",해당부서 이첩,푸른환경과,,complaints_2025.xlsx,푸른환경과
2025,419,2025-11-03,,미상,유성고등학교와 천성교회 사이 골목 도로 패임. 조치 요망.,해당부서이첩,건설과,,complaints_2025.xlsx,건설과
2025,420,2025-11-03,,미상,"가로등 불 꺼졌다켜졌다함
원촌삼거리에서 원촌교가는 방향쪽",해당부서 이첩,건설과,,complaints_2025.xlsx,건설과
2025,421,2025-11-03,,[삭제],전민로 ** ~ 전민로 ** 사이 2개 가로등 불이 들어오지 않아 통행에 지장있음. 처리 요망.,해당부서 이첩,건설과,,complaints_2025.xlsx,건설과
2025,422,2025-11-03,,미상,"고양이 사체 처리 요청
(송정동 **-* 텃골방죽~송정농원 사이 길)",펫레스큐전달,청소행정과,,complaints_2025.xlsx,청소행정과
2025,423,2025-11-03,,익명,"화암동 대덕대로에서 북대전 ic  주식회사덕인 인근에서 도로를 차단하고 가로수 전지작업 때문에 교통체증 민원입니다.
작업관련하여 바로 전화요청하였습니다.",해당부서 이첩,녹지산림과,,complaints_2025.xlsx,녹지산림과
2025,424,2025-11-03,,익명,"전민동 푸른아파트 악취 민원 입니다(도시가스 냄새라고 하십니다)
도시가스공사와 통화하였으나 이상없다고 답변받으셨다고 합니다.",해당부서 이첩,푸른환경과,,complaints_2025.xlsx,푸른환경과
2025,425,2025-11-03,,익명,"금남구즉로 ****번길수목 전도로 ***에서 처리 완료 연락입니다.
잔가지 및 주변정리 요청있었습니다.",해당부서 이첩,녹지산림과,,complaints_2025.xlsx,녹지산림과
2025,426,2025-11-03,,익명,"원신흥동 ***-* 주변 *차선 제초 작업하면서 주차차량에 돌이 많이 튀는데 조심하지 않고 작업하고 있음. 주의를 요함
본인 차량에도 돌이 많이 튀었다면서 손해배상 하겠다고 하오니 작업 담당부서는 민원인 핸드폰으로 꼭 연락주세요",담당부서 이첩,녹지산림과,,complaints_2025.xlsx,녹지산림과
2025,427,2025-11-03,,익명,호텔**** 공사장 소음 민원 입니다,해당부서 이첩,푸른환경과,,complaints_2025.xlsx,푸른환경과
2025,428,2025-11-02,,[삭제],구암동 인근 중형 갈색 믹스견 분실 신고,추후 유기동물 신고 건 등 관련 신고 있을 시 민원인에게 연락 조치,지역산업과,,complaints_2025.xlsx,지역산업과
2025,429,2025-11-02,,익명,"대덕테크노벨리 운암 네오미아 *단지 정문 파리바게트,GS25에서 우회전 하여 보이는 용산도서관방향쪽 도로에
대전**아****/화물차/도로불법장기주차 신고 건 입니다.
※도로 현장 확인 후 회신요청하셨습니다",담당부서 이첩,교통정책과,,complaints_2025.xlsx,교통정책과
2025,433,2025-11-02,,유성지구대,장대동 ***-** 도로 중앙분리대가 쓰러져 긴급 조치는 해놓은 상태이며 잔해물 처리 및 시설 보수 등 요청함,담당부서 이첩,건설과,,complaints_2025.xlsx,건설과
2025,436,2025-11-02,,유성경찰서,말고개삼거리(노은3지구)에 교통사고 잔해물 처리 요청,당직자 현장 출동하여 잔해물을 한쪽으로 치우는 등 1차 조치 완료하고 담당부서 이첩(추후 잔해물 수거하는 등 조치 요청),청소행정과,,complaints_2025.xlsx,청소행정과
2025,437,2025-11-02,,미상,계백로 ***(방동) 도로 확장공사 구간에 진흙 등으로 인하여 도로가 더러워서 통행하는데 차가 더러워지는 등 불편하여 조치 요청함,담당부서 이첩,건설과,,complaints_2025.xlsx,건설과
2025,438,2025-11-02,,119상황실,용계동 산**-* 가로수 전도 긴급조치만 한 상황 처리요청전화 도안 *-*지구 버스정류장 옆,담당부서 이첩,녹지산림과,,complaints_2025.xlsx,녹지산림과
2025,441,2025-11-01,,익명,전민동 ***-* 대로변 가로등 점멸,담당부서 이첩,건설과,,complaints_2025.xlsx,건설과
2025,447,2025-11-01,,익명,"불법주정차 관련 민원, 탑립동 ***-* 불법주정차 심각함. 다년간 동일 민원을 넣었는데도 처리안됨...
담당자와 통화를 꼭 하고싶다고 하심",담당부서 이첩,주차관리과,,complaints_2025.xlsx,주차관리과
2025,448,2025-11-01,,미상,"봉명동 ***건설현장 옆 거주하시는 분인데 공사장 소음이 몇달간 과태료 기준 데시벨 초과하여 지속된다고 생활이 너무 불편하다고 하심. 
공사장 현장 소장 및 관계자 연락처(010-****-**** , 010-****-****) 남기심.",담당부서 이첩,푸른환경과,,complaints_2025.xlsx,푸른환경과
2025,450,2025-10-31,,미상,봉명동 ***-* 일대 야간 노점상 단속 요청 민원,담당부서 이첩,건설과,,complaints_2025.xlsx,건설과
2025,451,2025-10-31,,[삭제],장대중 하천변인근 보도블럭 교체 공사 현장 안전 조치가 미흡하여 자전거로 통행중 넘어져서 사고발생 / 월요일에 민원인에게 회신바람.,건설과 담당부서 지정,건설과,,complaints_2025.xlsx,건설과
2025,452,2025-10-31,,[삭제],전민동 가로수를 잘라서 인도에 적치하여 통행이 불가능하여 택시를 이용할 수 밖에 없었음 이에 택시비를 청구한다는 민원/ 월요일에 민원인에게 회신바람.,녹지산림과 담당부서 지정,녹지산림과,,complaints_2025.xlsx,녹지산림과
2025,453,2025-10-31,,미상,노은지하차도 반석역 방향 새끼 고양이 사체 처리요청 ,해당 내용 관련 부서 이관,청소행정과,,complaints_2025.xlsx,청소행정과
2025,454,2025-10-31,,미상,유성구 봉명동 ***-*번지 장애인 주차구역 주차로 차량 이동이 힘들다고 함,해당과 전달,노인장애인과,,complaints_2025.xlsx,노인장애인과
2025,457,2025-10-30,,미상,원촌삼거리 가로등 한개 깜박임 빠른조치 요청(하수처리장 방향),해당부서 이관,건설과,,complaints_2025.xlsx,건설과
2025,458,2025-10-30,,미상,**중학교 앞 가로등 고장,민원사항 전달,건설과,,complaints_2025.xlsx,건설과
2025,459,2025-10-30,,미상,"봉명동 ***-* 건설현장 공사소음 민원처리요청
건설 현장 관계자 연락처 남김(010-****-**** / 010-****-****)",관련부서 이첩,푸른환경과,,complaints_2025.xlsx,푸른환경과
2025,461,2025-10-30,,미상,봉명동 ***-** 쓰레기 불법투기 신고 ,관련부서 이첩,청소행정과,,complaints_2025.xlsx,청소행정과
2025,462,2025-10-29,,시청 당직실,"화암네거리-전민동 가는 방향 4차로 도로변 가로수 전지 작업 중,  2차로를 막고 작업하고 있어 안전 우려됨.",해당부서에 이첩,녹지산림과,,complaints_2025.xlsx,녹지산림과
2025,463,2025-10-29,,악명,"원신흥동 ***번지 2차로에 고라니 사체 처리 바람.
같은 내용으로 민원신고 3건",해당부서에 이첩,청소행정과,,complaints_2025.xlsx,청소행정과
2025,464,2025-10-29,,미상,**초등학교 앞 기름유출,관련부서 이첩,청소행정과,,complaints_2025.xlsx,청소행정과
2025,466,2025-10-29,,익명,유성시장 장대교 교량위에 불법주정차 단속 요청,"해당부서 이첩 / 처리단속반 연락하였으나, 7시 이후 단속유예시간으로 처리불가하다고 함",주차관리과,,complaints_2025.xlsx,주차관리과
2025,467,2025-10-29,,익명,"(노은서로 **-* ) 야외공연에 따른 소음민원
- 수차례 민원제기 하였으나 조취되지 않음.",관련부서 이첩,푸른환경과,,complaints_2025.xlsx,푸른환경과
2025,468,2025-10-29,,[삭제],반석마을*단지에서 세종가는길 멧돼지 큰 도로에 있어 조치 요청,담당부서 이첩,푸른환경과,,complaints_2025.xlsx,푸른환경과
2025,470,2025-10-29,,미상,유성 선병원 후문 주정차 단속 요청,담당부서 이첩,주차관리과,,complaints_2025.xlsx,주차관리과
2025,471,2025-10-28,,미상,봉명동 ***-* 부근에서 유성푸르지오시티 방향으로 조명이 너무 세게 비춰져 불만을 제기함.,담당부서 이첩,공원과,,complaints_2025.xlsx,공원과
2025,472,2025-10-28,,구즉지구대,관평동 ***번지 개미공구 앞쪽 연석. 방치 차량(운행정지명령-차량번호 **누****) 신고,담당부서 이첩,교통정책과,,complaints_2025.xlsx,교통정책과
2025,473,2025-10-28,,119상황실,구암동 ***-**번지 쓰레기 불법 소각 단속 요망,담당부서 이첩,청소행정과,,complaints_2025.xlsx,청소행정과
2025,474,2025-10-28,,미상,자운대 부근 수운교 가로등 수리 요청,담당부서 이첩,건설과,,complaints_2025.xlsx,건설과
2025,475,2025-10-28,,익명,"옆 건물 거주하시는분인데, 봉명동 ***건설 공사장 소음이 몇달간 데시벨이상 초과하여 지속된다고 과태료부과해달라고 하심.
공사장 현장 소장 및 관계자 연락처(010-****-**** , 010-****-****)까지 말씀하실정도라 꼭 처리해주시길바랍니다..",관련부서이첩,푸른환경과,,complaints_2025.xlsx,푸른환경과
2025,476,2025-10-28,,익명,"북유성대로 *** , 쓰레기 소각하는지 연기나고 탄내남.",관련부처이첩,청소행정과,,complaints_2025.xlsx,청소행정과
2025,479,2025-10-27,,익명,"오피스텔 거주하는 분이신데, 반대편 불빛이 집안으로 너무많이들어와서 민원제기하심. 
민원인이 직접 *****에 문의도 해봤는데 드라마촬영으로 공간대여를 했다고 들었다고 이런경우 조치해줄 수 없는지 문의하셨음.",관련부서이첩,문화관광체육과,,complaints_2025.xlsx,문화관광체육과
2025,482,2025-10-27,,익명,족욕장 등 안들어옴,담당자에게 인계,공원과,,complaints_2025.xlsx,공원과
2025,484,2025-10-27,,익명,학하동 **-* 왕복 2차선 좁은도로쪽에 고라니 사체 처리 요청,담당부서 이첩,청소행정과,,complaints_2025.xlsx,청소행정과
2025,485,2025-10-27,,성명미상,어은로 라바콘 차단으로 인해 출근길 혼잡 발생,담당부서로 내용전달,주차관리과,,complaints_2025.xlsx,주차관리과
2025,488,2025-10-25,,익명,주차위반 신고 건 (신고 사진 有),담당부서 이첩,주차관리과,,complaints_2025.xlsx,주차관리과
2025,489,2025-10-25,,익명,"장애인주차구역 불법주차 신고 건
담당자 연락 요망 (불법주정차 사진 有)",담당부서 이첩,노인장애인과,,complaints_2025.xlsx,노인장애인과
2025,490,2025-10-25,,익명,**** 뒷편 소음 재민원 / 민원담당자(010-****-****) 연락 시도 했으나 연결되지 않아 문자로 음향 조절 부탁드림,담당부서 이첩,문화관광체육과,,complaints_2025.xlsx,문화관광체육과
2025,491,2025-10-25,,익명,봉명동 **** 뒷편 소음민원 (버스킹 소음으로 추정) / 유온 축제 관련,담당부서 이첩,문화관광체육과,,complaints_2025.xlsx,문화관광체육과
2025,492,2025-10-25,,익명,2025 구즉한마당 축제 소음 민원,담당부서 이첩,구즉동,,complaints_2025.xlsx,구즉동
2025,494,2025-10-25,,익명,"유온 축제 매주 금, 토 저녁 7시에 버스킹 한다고 들어서 방문하였으나, 진행되고 있지 않음.
추후 버스킹 일정 등을 안내받고 싶음",담당부서 이첩,문화관광체육과,,complaints_2025.xlsx,문화관광체육과
2025,495,2025-10-25,,익명,"***** 정문~*** 호텔 / 불법주정차 많고, 통행량 많은데 왜 공무원들이 나와서 교통정리 안하냐고 하심.
따로 연락하실 거 없기는 한데, 민원 등록 해서 관련 부서 전달 드리라고 해서 남겨드립니다.",주말 불법주정차 당직자에 문자로 단속 요청 완료.,주차관리과,,complaints_2025.xlsx,주차관리과
2025,496,2025-10-25,,[삭제],"국화축제 축제장 / 공원내에 도서관 뒷길(천 내려기 전)에서 국화축제용 전선을 가리기 위한 덮개에 걸려 넘어져서 팔을 다침.
(보험처리 등 조치 요청)",담당부서 이첩,녹지산림과,,complaints_2025.xlsx,녹지산림과
2025,497,2025-10-25,,[삭제],유성구청 홈페이지에서 연계된 빼기 어플 이용해서 폐기물스티커 구입했는데 불법폐기물이라고 스티커 붙어있었음,담당부서 이첩,청소행정과,,complaints_2025.xlsx,청소행정과
2025,498,2025-10-25,,미상,세종 - 유성 버스전용도로에 일반승용차가 주행해서 불편 호소,시 당직실 이첩,교통정책과,,complaints_2025.xlsx,교통정책과
2025,499,2025-10-25,,미상,"타구청에서 같은 내용으로 민원 전화를 계속 하면 당직자가 전화를 끊을 수 있다고 하며 전화를 끊었는데  유성구청에도 그런 내용이 매뉴얼에 있는지??
","내용 확인해보겠으나 확인이 어려워 당직 담당 부서에 확인을 요청 드려야할 것 같다고  답변하고, 
타구청 내용이면 해당 구청에 문의하시는게 제일 정확하다고 답변해서 아마 따로 전화가 오지 않을 것 같긴합니다. 
혹시 근무시간에 다시 전화를 하실까 싶어서 (주의하시라고) 메모 남겨둡니다.",운영지원과,,complaints_2025.xlsx,운영지원과
2025,501,2025-10-25,,미상,"(구즉로**번길 **) 앞에 흰색 주차라인에 주차를 하는데 매장 출입구를 피해서 주차를 해도 매장 사장님이 고의적으로 본인 차량 뒤에 바짝 붙여서 차량을 주차하여 불편하게 함. 
이런 경우가 여러번 누적되어있는데 처리할 수 있는 방법이 없는지? 
(경찰서에 문의해서 연락처는 있다고 하구요, 연락하면 모르는척하면서 차를 늦게 빼주신다고 하네요)","담당부서 이첩
(서로 배려할 사항이지 담당부서에서도 처분하기 어려운 사항이라고 말씀은 드렸는데 담당부서 답변을 원하시는것 같습니다. 전화해주시면 감사드리겠습니다.)",주차관리과,,complaints_2025.xlsx,주차관리과
2025,502,2025-10-25,,미상,먹을쌀이 없어 쌀 지원 요청하심/ 주말분만 가지고 있다고 하심,담당 부서 이첩,온천2동,,complaints_2025.xlsx,온천2동
2025,503,2025-10-25,,[삭제],번호판 (차번호:**오****) 영치되었음 어느구청에서 영치되었는지 모르겠다고 하십니다. 확인요청 (주소지는 유성구/ 영치장소 서구 탄방) ,담당부서 이첩,세원관리과,,complaints_2025.xlsx,세원관리과
2025,505,2025-10-25,,미상,"학하지구 아파트(포레나학하 *단지 아파트/진잠옛로***번길) 공사장 나오는길에 튀어나온 가로수에 차량 파손됨 (가로수 사진, 차량 사진 찍어두었다고 함) 처리 받을 수 있는지 확인요청함",담당부서 이첩,건설과,,complaints_2025.xlsx,건설과
2025,506,2025-10-25,,익명,반석네거리(송림근린공원끼고 송림마을*단지로 가는 오른쪽 코너) 불법주차 단속 요청,주말단속반에 단속 요청,주차관리과,,complaints_2025.xlsx,주차관리과
2025,507,2025-10-25,,노은경찰서,선병원 부근 고라니 로드킬 사체 수거 요청,"- 시청 당직실에 이관
- 경찰관께서 사체 파편을 인도로 올려놓음",청소행정과,,complaints_2025.xlsx,청소행정과
2025,508,2025-10-25,,익명,"대온장(대온탕)~윤가네 뼈다귀해장국 노란색라인에 대형 버스가 주정차되어 있어 해당 구간 단속 요청
- 대온장(대온탕) 앞 공원 공사 중이라 펜스로 둘러쌓여 있어 차도로 사람이 다녀야 하는데 버스가 주정차되어있어 위험함",접수,주차관리과,,complaints_2025.xlsx,주차관리과
2025,509,2025-10-25,,익명,"대온장 앞 공원에 공사로 인해(목재친화도시) 펜스가 쳐저 있어 인도 확보가 안 되어 있다고 합니다. 해당 구간에 불법주정차도 있는 와중에 사람들이 차도로 통행하고 있어 위험하니 이에 대한 대책을 요청하였습니다.
(유성구청 출신이라 하며 반말과 욕설을 하므로 주의)","공사 중이라 어쩔 수 없으니 이해해달라고 안내하였으며 회신 안해도 됩니다.
월요일에 연락 올 수도 있어 당직민원 남깁니다.",녹지산림과,,complaints_2025.xlsx,녹지산림과
2025,510,2025-10-24,,익명,"노은동성당 포트홀로 인한 타이어 터짐
- 보상(영조물배상) 요청 및 전화회신 요청",시청 당직실 연락 후 처리 요청(20:37),건설과,,complaints_2025.xlsx,건설과
2025,511,2025-10-24,,익명,"노은동성당 앞 도로 꺼짐(민원인께선 포트홀이라 주장)으로 인해 타이어 터지고 휠 파손됨
- 연락 요청 및 영조물 배상 처리 요구
- 정비 요청",시청 당직실 연락 후 처리 요청(20:37),건설과,,complaints_2025.xlsx,건설과
2025,512,2025-10-24,,익명,"대전 유성구 온천서로 * (봉명동) 스타벅스 대전유성점에서 구암역 방면 횡단보도에 불법주정차 단속 요청
코너길에 주차하여 차량 통행 불가
주차단속반 연락하였으나 전화받지 않아 문자발송",해당부서 전달,주차관리과,,complaints_2025.xlsx,주차관리과
2025,513,2025-10-24,,유성경찰서,대전 유성구 탑립동 *** 삼거리에 교통사고 발생 / 잔해물 청소 요청(잔해물이 많아 긴급처리요망),해당부서 전달,청소행정과,,complaints_2025.xlsx,청소행정과
2025,514,2025-10-24,,익명,"덕명동 ***-*번지 재활용 수거차량 후진할 때 소리가 너무 커서 가족들이 계속 이 시간에 깨고 있다고 함.(특히 아이)
(당직실 벽면 포스트잇에 '말꼬리 잡으니 유의하세요, 전화 악성!' 이렇게 적혀져 있음)
이건 공무원이 들어봐야 한다며, 담당자가 전화달라고 함
",해당부서 이첩,청소행정과,,complaints_2025.xlsx,청소행정과
2025,515,2025-10-23,,익명,새끼고양이 구조 / 익일 오전 9시 담당팀으로 전화주신다고 함(지역산업과 동물정책팀 번호 안내),담당부서 민원접수,지역산업과,,complaints_2025.xlsx,지역산업과
2025,516,2025-10-23,,익명,"새끼고양이 보호중 / 자운대쇼핑타운 근처에서 발견했으며, 어미고양이는 보이지 않는 다고 함
2025.10.24.(금) 꼭 전화 부탁하셨습니다. 민원인 전화 요청 010-****-****",해당 부서 전달,지역산업과,,complaints_2025.xlsx,지역산업과
2025,517,2025-10-23,,익명,"대전광역시 유성구 봉명동 ***-* 주차장 입구에 주차불가 푯말 및 차단봉 설치했으나, 모두 훼손됨
불법주차 때문에 주차장 한쪽 방향을 아예 못쓰고 있어 단속이 필요하다고 함
단속 유예시간임을 안내했으나, 통행이 불가한데 유예시간은 말이 안된다며 불만토로
경찰에 신고했으나, 황색실선/주차금지장치 설치 등의 이유로 구청 관할부서로 연락하라고 하였다함

- 주차불가 푯말 및 차단봉이 기능을 못하니, 제대로 기능할 수 있도록 조치 바람 (***** 월요일까지 조치 요청/강력민원)
- 주변 주차단속 및 CCTV 설치 강력요청
- 옆건물에서 차단봉을 항상 훼손하고 주차하여,  건물 주차장 통행로를 막고 있다고 여러번 민원제기 하였으나 조치되지 않음에 불만
  * 상담시 주의하세요....(민원인께 연락 X, 통화원하지 않는다고 합니다. 민원사항 조치만 부탁드립니다.)
  * 주차단속B반 현장 방문하여 확인 / 강력민원으로 주차봉 재설치 및 주차불가 단속 강력요청",해당 부서 전달,주차관리과,,complaints_2025.xlsx,주차관리과
2025,518,2025-10-23,,익명,"대덕테크노밸리신동아파밀리에*단지아파트에서 호반써밋그랜드파크1BL 가는 방면 다리(동화울교)에 레미콘 차량이 주차하고 있음
매우 위험해보이니 빠른 조치 후 민원인께 연락바람 010-****-****
동화울교에 화물차가 주차됨을 몇번 목격했고, 여러번 신고했었으나 조치되지 않음 / 아예 주차를 못하도록 조치바란다고 함. 꼭 전화 부탁하셨습니다!",해당부서 전달,주차관리과,,complaints_2025.xlsx,주차관리과
2025,519,2025-10-23,,익명,"불법 노점상 단속 요망
메가커피 ****점 길 건너에서 불법노점상 운영중. 빠른 조치 바람.
- 민원인 연락 요청 010-****-****",담당부서 전달,건설과,,complaints_2025.xlsx,건설과
2025,520,2025-10-23,,익명,"불법주정차 단속요망
- 미트갤러리 노은직영점 ~ 현충원역삼거리 거리 화물차 주차 단속 요청","해당부서 이첩 / 처리단속반 연락하였으나, 7시 이후 단속유예시간으로 처리불가하다고 함",주차관리과,,complaints_2025.xlsx,주차관리과
2025,521,2025-10-23,,익명,"관평동 ****주차장 주차장 한 칸을 누군가 막아놓음.
공사차량 때문에 일부러 막은건지 궁금함.
본인이 일단 치웠다고 함 / 연락요망",해당부서 이첩,주차관리과,,complaints_2025.xlsx,주차관리과
2025,522,2025-10-22,,미상,봉명동 ***-* 건설현장 공사소음 민원처리요청,관련부서 이첩,푸른환경과,,complaints_2025.xlsx,푸른환경과
2025,526,2025-10-22,,[삭제],테크노 **로 * 앞 삼거리쪽 단속요청(주차된 차들이 많아 우회전시 위험하다고함) / 금일 야간단속보다는 익일 주간에 단속요청,담당부서 이첩,주차관리과,,complaints_2025.xlsx,주차관리과
2025,527,2025-10-22,,[삭제],세종방향 brt도로 - 둔곡진입로 진입후 바로 우측쪽에 한달 이상 방치차량이 있음 / 차량번호: **거****,관련부서 이첩,교통정책과,,complaints_2025.xlsx,교통정책과
2025,528,2025-10-21,,미상,"** (23:01 시 당직실 전달 완료)관평동 미래로네거리 부근 롯데마트~신탄진 가는방향 대덕대로 (송강동 한마을아파트 ***동 맞은편 도로)에서 쓰레기차가 지나가다 쇳덩어리를 떨어트렸는데 이로 인해 차 2~3대 가량이 손상 입었다 함.
신고자는 차량의 대리운전기사로,  본인 잘못 아니며, 쓰레기차 잘못이니 피해보상 등 요구. (시 당직실에 내용 전달하였으나 구청으로 전화올 수도 있어서 당직민원으로 등록합니다)",관련부서 이첩,청소행정과,,complaints_2025.xlsx,청소행정과
2025,529,2025-10-21,,미상,봉명동 *** 주차장 사이 도로에 양옆으로 갓길주차가 심해서 단속이 필요하다고 합니다.,관련부서 이첩,주차관리과,,complaints_2025.xlsx,주차관리과
2025,530,2025-10-21,,미상,"둔곡동-송강동 터널 통과해 나오면 가로등이 300미터 정도 구간이 다 꺼져 있음
조치 부탁하셨음",전달,건설과,,complaints_2025.xlsx,건설과
2025,531,2025-10-21,,미상,봉명동 ***3차선도로 끝차선 불법주정차로 출근길 교통 혼잡함. 단속 요청,담당부서 이첩,주차관리과,,complaints_2025.xlsx,주차관리과
2025,532,2025-10-20,,미상,봉산로 **번길 ** 불법주정차 신고,담당부서 이첩,주차관리과,,complaints_2025.xlsx,주차관리과
2025,534,2025-10-20,,미상,가로등 고장 신고(위치: 유성대로 ****) ,담당부서 이첩,건설과,,complaints_2025.xlsx,건설과
2025,535,2025-10-20,,미상,"휴대폰 분실 신고-온천1동 요가교실에서 휴대폰을 두고 온 것으로 보이며, 내일 9시 이후에 찾으러 가겠다고 하심.",담당부서 이첩,온천1동,,complaints_2025.xlsx,온천1동
2025,536,2025-10-20,,[삭제],계룡스파텔~청주해장국 사잇길 불법 주정차 단속 관련 담당자 직접 전화 요청(본인은 2년전 같은 위치에서 단속 당했는데 지금 단속안하는 것에 대한 문제 제기),담당부서 이첩,주차관리과,,complaints_2025.xlsx,주차관리과
2025,537,2025-10-20,,미상,"가로등 고장 신고, 10/14에도 고장 신고하였으나 정비되지 않음.",담당부서 이첩,건설과,,complaints_2025.xlsx,건설과
2025,538,2025-10-20,,미상,봉명동 *** 가로등 안들어옴,담당부서 이첩,건설과,,complaints_2025.xlsx,건설과
2025,539,2025-10-20,,백순,상대동 인도에 맨홀뚜껑에 걸려서 넘어짐. 영조물 신청을 원하셨고 회신바람.,해당 부서 이첩,건설과,,complaints_2025.xlsx,건설과
2025,540,2025-10-20,,미상,죽동 ~ 신성동 넘어가는 고가도로 위 맨 오른쪽 3차선에 동물(고양이 혹은 강아지 로 보셨다고 하셨음) 사체 있음. 사체 처리 요청. ,해당 부서 이첩,청소행정과,,complaints_2025.xlsx,청소행정과
2025,541,2025-10-20,,미상,"죽동 공영주차장(북유성대로 ***) 화재경보기가 계속 울리고 있음(오작동)
",해당부서 이첩 ,주차관리과,,complaints_2025.xlsx,주차관리과
2025,542,2025-10-20,,유성지구대,원신흥동 신흥들삼거리에서 봉명동 가는 방향으로 좌측에 하얀고양이 사체 치워놓음. 사체 처리 요청.,해당 부서 이첩,청소행정과,,complaints_2025.xlsx,청소행정과
2025,543,2025-10-20,,진잠파출소,용계동 **-* 교통사고로 도로 연석 4개 파손,해당 부서 이첩,건설과,,complaints_2025.xlsx,건설과
2025,544,2025-10-20,,진잠파출소,용계동 **-* 교통사고로 가로수 부러짐,해당 부서 이첩,녹지산림과,,complaints_2025.xlsx,녹지산림과
2025,546,2025-10-19,,익명,"충남대 근처 삽살개 믹스견 분실 접수, 제보 들어올 시 연락 요청",관리부서 이첩,지역산업과,,complaints_2025.xlsx,지역산업과
2025,548,2025-10-19,,[삭제],유성국화축제에서 차키 분실함. 분실물 습득시 전화 요청 / 차키(검은색 똑딱이 지갑에 키2개 달려있음),해당부서 이첩,녹지산림과,,complaints_2025.xlsx,녹지산림과
2025,550,2025-10-19,,익명,신성교회 맞은편 불법주정차 단속 요청 및 지속적인 주말 단속 요청,단속반 전달 및 해당부서 이첩,주차관리과,,complaints_2025.xlsx,주차관리과
2025,555,2025-10-19,,익명,대전 유성구 테크노*로 **  건너편 도로 옆 하천 지하 테크에 애완견이 들어가서 안 나오고 있음.,관리부서 이첩,재난안전과,,complaints_2025.xlsx,재난안전과
2025,557,2025-10-19,,[삭제],온천북로**번길 **-** 근처에 공사 소음 민원,해당부서 이첩,푸른환경과,,complaints_2025.xlsx,푸른환경과
2025,558,2025-10-18,,익명,장애인 주차구역 불법 주차 신고,해당부서 이첩,노인장애인과,,complaints_2025.xlsx,노인장애인과
2025,559,2025-10-18,,익명,앞으로 행사에 불꽃놀이는 넣지 말아달라고 하심,해당부서 이첩,문화관광체육과,,complaints_2025.xlsx,문화관광체육과
2025,560,2025-10-18,,익명,"폭죽 소리가 너무 큰데
주변 주민들에게 사전에 통보를 해줬으면 좋겠음",해당부서 이첩,문화관광체육과,,complaints_2025.xlsx,문화관광체육과
2025,561,2025-10-18,,익명,행사 폭죽 소리가 너무 큼,해당부서 이첩,문화관광체육과,,complaints_2025.xlsx,문화관광체육과
2025,563,2025-10-18,,익명,"반석동 도로에 불법주청차량이 너무 많아서 사고 위험이 큼 
처리된 내용을 전화로 듣고싶다고 하심",해당부서 이첩,주차관리과,,complaints_2025.xlsx,주차관리과
2025,565,2025-10-18,,익명,노은역주변 주차단속 철저 및 2025. 10 .20. 주차단속팀장님이 직접 민원인에게 전화하도록 요청,관리부서 이첩,주차관리과,,complaints_2025.xlsx,주차관리과
2025,566,2025-10-18,,익명,도안대로***번길** 스카이뷰리브 와 천성교회 사잇길 주말 주정차문제 심각하니 담당자 연락바람.,해당부서 이첩,주차관리과,,complaints_2025.xlsx,주차관리과
2025,567,2025-10-18,,익명,(신성동 ***-**) 오전 9시부터 앰프 소리 등 소음 문제가 심각하다고 하심.,해당부서 이첩,푸른환경과,,complaints_2025.xlsx,푸른환경과
2025,568,2025-10-18,,미상,"성북동 ***번지 ~ ***번지 올 봄에 도로공사를 했는데 싱크홀이 생겨서 위험함
확인 후 보수 요청",출동 후 현장 확인 및 안전띠 두름 / 산인지 도로인지 파악 불명확하여 건설과에 이첩. 산이면 녹지산림과 이첩 요청드립니다.,건설과,,complaints_2025.xlsx,건설과
2025,569,2025-10-18,,익명,관평동 도로상 유턴지역 중앙분리대 거의 파손되어 복구 요망,해당부서 이첩,건설과,,complaints_2025.xlsx,건설과
2025,570,2025-10-18,,미상,"봉명동 ****-** 일방통행 길인데 평일 출근 시간에 주차가 되어 있어 통행에 불편 초래.
평일 오전 주차단속 해주기를 요청. 또한 해당 지역에 주차금지라고 현수막이라도 붙으면 좋겠음.",담당부서 이첩,주차관리과,,complaints_2025.xlsx,주차관리과
2025,571,2025-10-18,,미상,북대전 만남의광장 장애인주차구역 앞 주차를 하는 차가 많아 정작 장애인이 주차를 하기가 힘듦. 장애인주차장 앞도 주차금지라는 것을 알리는 현수막 등 계도 필요.,담당부서이첩,노인장애인과,,complaints_2025.xlsx,노인장애인과
2025,573,2025-10-17,,119,봉산동 산**-* 교통사고로 인한 가로수 인도쪽으로 기울어져 있어 처리요청,담당부서 이첩,녹지산림과,,complaints_2025.xlsx,녹지산림과
2025,574,2025-10-17,,복용파출소,"10.17.(금) 22:50 경, (도안대로 ***-*) 주류반입 묵인 및 판매하여 단속함. 담당부서 전달 요청",담당부서 이첩,문화관광체육과,,complaints_2025.xlsx,문화관광체육과
2025,575,2025-10-17,,미상,건설현장 소음으로 소음측정 및 후속조치요청: 주상복합 건설현장 (봉명동 ***-* ),담당부서 이첩,푸른환경과,,complaints_2025.xlsx,푸른환경과
2025,577,2025-10-16,,미상,둔곡동 ***아파트 가스냄새(악취) 민원 확인요청함,악취종합상담실 근무자 민원 전달,푸른환경과,,complaints_2025.xlsx,푸른환경과
2025,578,2025-10-16,,미상,둔곡동 가스냄새(악취) 민원 확인 요청함(***** *단지 ***동 **층),악취종합상황실 담당자 민원 전달,푸른환경과,,complaints_2025.xlsx,푸른환경과
2025,579,2025-10-16,,미상,노은역 4번출구 앞 대로변 및 대전 유성구 은구비남로**번길 ** 도로 불법 주정차가 너무 심해 저녁시간 단속유예 취소를 강력히 요청함,해당부서 이첩,주차관리과,,complaints_2025.xlsx,주차관리과
2025,580,2025-10-16,,미상,"송강동 ***아파트와 상가 사이 편도 1차선 도로 싱크홀 발생.
수리 요청.",해당부서 이첩,건설과,,complaints_2025.xlsx,건설과
2025,581,2025-10-16,,미상,"불법주차: 반석*단지앞 (반석동로**)근처에 상시불법주차로 매일 통행이 불편함, 담당자 전화통화를 원하심",담당부서 이첩,주차관리과,,complaints_2025.xlsx,주차관리과
2025,582,2025-10-16,,미상,"불법주차민원: 장대동 궁동하교, 장현교 교량위에 상시 불법주차로 차량이동이 매우 불편하고 위험함. 수차례민원을 넣었지만 담당자가 현장나오지 않았음, 볼라드나 단속카메라 등 실질적 조치를 원함",담당부서 이첩,주차관리과,,complaints_2025.xlsx,주차관리과
2025,583,2025-10-16,,익명,"지족동 ***아파트 (지족동 ***-*) 앞 소화전 근처에 불법주차되어 있음. 단속 요청
 * 전화번호는 발신제한",관련부서 민원 이첩,주차관리과,,complaints_2025.xlsx,주차관리과
2025,584,2025-10-15,,익명,"관평동 먹자골목 쪽 무료공영주차장 내 본인 차 앞쪽에 이중주차가 되어있고, 사이드브레이크도 채워져있는데 전화번호도 적혀있지 않음(민원인 경찰 문의 > 110 > 구청 연결)
연락처를 알 수 있는 방법이 없는지 문의
차량번호 : **루****",담당부서 이첩,주차관리과,,complaints_2025.xlsx,주차관리과
2025,586,2025-10-15,,익명,유성구 지족로***번길**-**  주차단속 요청 (민원인 번호:****),담당부서 이첩,주차관리과,,complaints_2025.xlsx,주차관리과
2025,587,2025-10-15,,익명,"카이스트 후문과 생명과학연구소 사이 도로변 가로수 정비하면서 안전장치 없이 양쪽에서 작업 진행중.
운전자에게 위협요인이 될수 있으니 업체 연락하여 시정조치 요청함.",담당부서 이첩,녹지산림과,,complaints_2025.xlsx,녹지산림과
2025,588,2025-10-14,,익명,"도룡동하우스디어반 상가 내 (엑스포로***번길**), 점포 압  테이블 설치 후 영업행위 단속 요청 / 영업 시간 내(오후 6시 이후) 단시일 내 단속 요망",담당부서 이첩,위생과,,complaints_2025.xlsx,위생과
2025,589,2025-10-14,,익명,유성구 용성로** 부근에서 밤에서 새벽사이 매캐한 냄새(가스냄새로 추정)가 난다고 함,담당부서 이첩,푸른환경과,,complaints_2025.xlsx,푸른환경과
2025,591,2025-10-14,,익명,봉명동 ***-** 근처 음식물쓰레기 배출 했는데 안 가져간다고 함. 수거업체랑 연락해서 오후 6시 이전에 내놨는데 안 가져가서 불만을 토로함. 수거업체의 수거시간 지키지 않음에 불만을 토로함.,담당부서 이첩,청소행정과,,complaints_2025.xlsx,청소행정과
2025,594,2025-10-14,,익명,계룡스파텔과 경하장호벨 사이 도로 가로등 미점등 신고,담당부서 이첩,건설과,,complaints_2025.xlsx,건설과
2025,595,2025-10-14,,익명,"유성구 관평동 관들*길 1, 인도에서 고기를 구워 고기굽는 냄새가 많이 난다는 내용",담당부서 이첩,위생과,,complaints_2025.xlsx,위생과
2025,597,2025-10-14,,대전지방국토관리청,계백로 *** 도로공사 하는 곳에 라바콘이 날아다녀 통행에 방해되어 처리 요청,담당부서 이첩,건설과,,complaints_2025.xlsx,건설과
2025,598,2025-10-13,,미상,원내동 ***번지 앞 불법주정차 단속 요청함.,담당부서 이첩,주차관리과,,complaints_2025.xlsx,주차관리과
2025,599,2025-10-13,,유성경찰서,유성경찰서 / 문지네거리 배수로 넘침 처리요청,담당부서이첩 / 정강진주사님 연락,건설과,,complaints_2025.xlsx,건설과
2025,600,2025-10-13,,미상,관평동*공영주차장 내부 전기차주차자리에 일반주차 못하도록 단속요청,관련부서이첩,푸른환경과,,complaints_2025.xlsx,푸른환경과
2025,601,2025-10-13,,미상,"포트홀 영조물배상요청 / 010-****-****, 010-****-****",시 당직실 이관,건설과,,complaints_2025.xlsx,건설과
2025,604,2025-10-13,,미상,용계동 ***-* 유성 -> 진잠방향 포트홀 처리요청,시 당직실 이관,건설과,,complaints_2025.xlsx,건설과
2025,606,2025-10-13,,미상,***아파트 종량제 수거함 비울 때 주변 흩어지는 쓰레기 정리 요청 / 이전 동일한 건으로 민원 넣었으나 답 X,해당부서이첩,청소행정과,,complaints_2025.xlsx,청소행정과
2025,607,2025-10-13,,익명,유성구청에서 카이스트로 향하는 길 스타벅스 앞 새끼고양이 사체 발견,담당부서 이첩,청소행정과,,complaints_2025.xlsx,청소행정과
2025,608,2025-10-13,,서구청 당직실,엑스포다리 가로등이 해가 떠있음에도 꺼지지 않음,담당부서 이첩,건설과,,complaints_2025.xlsx,건설과
2025,609,2025-10-12,,익명,봉명동 **** 음식물쓰레기 수거가 안되고 있음,담당부서 이첩,청소행정과,,complaints_2025.xlsx,청소행정과
2025,610,2025-10-12,,익명,현충원역 사거리 10월 9일 ~ 10월 11일 화물차 등 불법주차 단속 여부 확인,담당부서 이첩,주차관리과,,complaints_2025.xlsx,주차관리과
2025,611,2025-10-12,,익명,관평동 무인민원 발급기의 전원이 꺼져있음,담당부서 이첩,관평동,,complaints_2025.xlsx,관평동
2025,612,2025-10-12,,익명,청사 내 주차장에서 지갑 분실(2025.10.11.)로 습득 시 연락 요망,담당부서 이첩,회계과,,complaints_2025.xlsx,회계과
2025,613,2025-10-12,,유성지구대,봉명동 ****** 앞 횡단보도 중간 노면이 고르지 못해(움품 파인부분이 있다고 함) 보행 및 자전거 이동 시 피해발생이 예상됨(당직 휴대전화에 사진 有),담당부서 이첩,건설과,,complaints_2025.xlsx,건설과
2025,614,2025-10-12,,익명,승적골네거리(연구단지종합운동장)에서 도룡동 방향으로 가로등 고장,담당자 연락 및 담당부서 이첩,건설과,,complaints_2025.xlsx,건설과
2025,615,2025-10-12,,익명,덕송초등학교에서 유성천으로 가는 방향의 가로등이 켜지지 않음,담당부서 이첩,건설과,,complaints_2025.xlsx,건설과
2025,616,2025-10-12,,익명,"유기동물(새끼고양이) 신고
 - 노은역 1번 출구 솜리치킨 앞
 - 손바닥만한 크기로, 민원인에게는 1일 후까지 유기 시 구조할 예정이라 답변
 - 추후 유기 신고가 있을 시 조치요망",담당부서 이첩,지역산업과,,complaints_2025.xlsx,지역산업과
2025,617,2025-10-12,,익명,"월드컵경기장4거리~현충원역, 미트갤러리~노은농수산도매시장, 열매마을**단지 인근 화물차 밤샘주차단속 요청/ 주기적 단속 했는지 확인문의 / 
(몇 주 전부터 민원을 넣었으나 변화가 없다고 하심)",담당부서 이첩,교통정책과,,complaints_2025.xlsx,교통정책과
2025,625,2025-10-12,,익명,대형 폐기물 스티커 2건 양면으로 발행되어 폐기물 수거시 조치 요청 및 유선 연락 요청.,담당부서 이첩,청소행정과,,complaints_2025.xlsx,청소행정과
2025,626,2025-10-12,,익명,천변 인도 파손되어 보도블럭 튀어나와 넘어져 얼굴 다쳤다고 함.,담당부서 이첩,건설과,,complaints_2025.xlsx,건설과
2025,627,2025-10-12,,익명,유성구 방동 *** 비닐하우스 인근 발목이 잘린 유기견 구조 요청. (동물보호센터 부재중),담당부서 이첩.,지역산업과,,complaints_2025.xlsx,지역산업과
2025,628,2025-10-12,,익명,죽동근린공원 입구에 반려견 출입금지 표시판 설치되어 있어 처리 요청.,담당부서 이첩,공원과,,complaints_2025.xlsx,공원과
2025,629,2025-10-12,,익명,천변 인도 파손되어 보도블럭 튀어나왔다고 함. 조치 요청.,담당부서 이첩,건설과,,complaints_2025.xlsx,건설과
2025,631,2025-10-12,,[삭제],"강아지를 호텔에 맡겼는데 잃어버렸다는 연락 받음 / 신고 접수된 건 있으면 연락 달라고 하심
- 소유자 인적사항: 유보연(개명 전 유보겸), 010-****-****
- 유기동물 특징: 푸들, 진한 크림색, 10~11살 정도",담당부서 이첩,지역산업과,,complaints_2025.xlsx,지역산업과
2025,633,2025-10-12,,미상,원내동 ***-* 공공용 음식물쓰레기 배출용기 깨져서 음식물 도로에 쏟아져 있음,담당부서 이첩,청소행정과,,complaints_2025.xlsx,청소행정과
2025,634,2025-10-11,,미상,"관평동(관들*길 1) 옥외영업장에서 화로 사용으로 불편 민원 접수(냄새 등)
- 인도에서 숯불을 피움",담당부서 이첩,위생과,,complaints_2025.xlsx,위생과
2025,635,2025-10-11,,미상,봉명동 ***-* 주차장 내 하수구 역류에 따른 악취 등 불편사항 조치 요청,담당부서 이첩,건설과,,complaints_2025.xlsx,건설과
2025,636,2025-10-11,,미상,전민동 행정복지센터 -> 선비마을 버스정류장 구간 내(유성대로****번길 *-** 부근) 가로등 깜빡거림 조치 요청,담당부서 이첩,건설과,,complaints_2025.xlsx,건설과
2025,637,2025-10-11,,유성지구대,"빨간색 모닝(**보****) 8.11.자 방치차량견인딱지붙어있는데, 해당차량은 방치된지 1년이 넘음. 견인요청",담당부서 이첩,교통정책과,,complaints_2025.xlsx,교통정책과
2025,641,2025-10-11,,미상,"유성구 원내동 내에 골목형 상점가 먹거리 축제가 진행중인 것 같은데 소음이 너무 심하고 인근 건물 사람들이 안좋아하기 때문에 내년부터는 하지 않아주셨으면 한다고 강하게 말씀하셨습니다. 
민원인 의견으로는 올해 원내동에서 두번정도 진행된것 같은데, 공터나 학교부지가 아닌 좁은 골목에서 진행하는 부분이 이해가 되지 않는다고 하셨습니다.  
민원인분이 의견을 반드시 담당부서에 이첩해달라고 하셨습니다.",담당부서 이첩,일자리정책과,,complaints_2025.xlsx,일자리정책과
2025,651,2025-10-11,,미상,"갑천생태공원 놀이터에서 컵과일을 판매하는 노점상이 있는데, 이 노점상이 불법인지 여부와 불법인경우 계도나 조치 요함
노점상 업체 네이버밴드 주소: 야채7번가 도안본점 이라고 함",담당부서 이첩,건설과,,complaints_2025.xlsx,건설과
2025,654,2025-10-11,,익명,"○ 오전8시부터 공사장소음이 심한데 당장 중지시키라고 함. 담당자 확인요망
 - 09:51) 건축물 해체공사업체(010-****-****) 문의하여 현재 해체공사중인지 확인해보니 해체는 끝났고(9월), 현재 신축공사하고있다고 함. 신축공사관계자(010-****-****)전화하니 오전8시부터는 했으나 마지막 타설작업이라 커팅소리는 아니라고함. 현장관계자(010-****-****)가 현재 신성동 현장에 있는데, 미스터보쌈쪽에 커팅소리가 오전8시부터 났다고함.(미스터보쌈 042-****-****)
- 10:09) 미스터보쌈(042-****-****)전화하니, 현재 건축공사하는건 없으며 지하에 난타하는게 있는데 그소리가아니냐고함. 본인은 현재 출근준비중이고, 한번 가서 확인해보겠다고 함.
- 10:14) 지하 세입자 추측(현재는 궁동으로 *개월 전에 이전함)민원이 전화와서 5분전에 전 주인한테 전화를 받았는데, 8시부터 소음이난다고했다며 본인은 궁동이고 관계가없다고함. 유성문화원 앞에 8시부터 공사는하고있으니 참고하라고함.",담당부서 이첩,푸른환경과,,complaints_2025.xlsx,푸른환경과
2025,655,2025-10-10,,구즉지구대,장기방치차량 신고 접수 출동 건(구즉지구대)/ 차량번호 **마**** 장기 방치차량으로 조치 요청/ 부착된 장기방치 차량스티커가 너덜해진 상태,관련부서 이첩,교통정책과,,complaints_2025.xlsx,교통정책과
2025,656,2025-10-10,,익명,반석마을*단지 후문 도로에 불법 주차 차량이 지속적으로 다수 발생/ 주차 단속반 운영종료 이후에도 반복되어 조치가 필요하다고 함/ 월요일 출근 시 담당부서 연락요청함,관련부서 이첩,주차관리과,,complaints_2025.xlsx,주차관리과
2025,657,2025-10-10,,미상,화재로 인해 안전신문고를 통해 불법주정차 신고가 불가/ 사진을 촬영해놓음/ 담당부서에서 직접 사진을 회신하여 처리 가능여부 안내요청(민원인이 월요일 연락 요청),담당부서 이첩,주차관리과,,complaints_2025.xlsx,주차관리과
2025,658,2025-10-09,,익명,온천북로에 고양이 사체 처리 요청 민원,관련부서 이첩,청소행정과,,complaints_2025.xlsx,청소행정과
2025,659,2025-10-09,,익명,장대동 ***-**번지 공사장에 소음이 너무 심하다는 민원 제기,관련부서 이첩,푸른환경과,,complaints_2025.xlsx,푸른환경과
2025,660,2025-10-09,,미상,"운동시설(농구, 배구 코드 등) 저녁, 밤에 등 켜줄수 있는지 문의(저녁 이용 가능시간 민원인에게 안내 필요)",관련부서 이첩,녹지산림과,,complaints_2025.xlsx,녹지산림과
2025,661,2025-10-09,,익명,밀머리네거리에서 유성방면 용계동 유성대로 인근 가로등이 며칠째 안들어온다고 함,관련부서 이첩,건설과,,complaints_2025.xlsx,건설과
2025,662,2025-10-09,,익명,"신성로**번길(왕복 2차선) 양쪽에 상습 불법주정차로 차량 통행이 어렵고, SUV 등은 지나가기 힘들어 단속 요청함.
담당자와 통화 희망하여 당직민원 등록 안내함. ",해당부서 이첩,주차관리과,,complaints_2025.xlsx,주차관리과
2025,663,2025-10-09,,익명,"- 현대프리미엄아울렛 인근 핑크뮬리 관람 목적으로 해당 구간 갓길에 잠시 주정차함.
- 주정차 단속 차량이 지나가 단속된 것으로 추정(차량번호: **서****)함.
- 민원인측 입장: 핑크뮬리를 조성해놓고 주정차 단속하는 것은 부당하다고 주장함.
- 주말이라 핑크뮬리 조성 주최도 파악이 어렵고, 주정차 단속 억울한 부분도 담당부서가 아니라 상담할 수 없어 당직 민원으로 등록하여 업무일에 연락드릴 수 있도록 조치 안내함.",해당부서 이첩 ,주차관리과,,complaints_2025.xlsx,주차관리과
2025,664,2025-10-09,,익명,신성동 ***-*번지앞 공사건물에서 오전부터 거의 하루종일 소음 발생. 개선요청,담당부서 이첩,푸른환경과,,complaints_2025.xlsx,푸른환경과
2025,665,2025-10-09,,익명,"상대동 불법현수막(우수아파트 선정, 아파트 분양 관련 현수막 등) 철거 요청
* 우수아파트 선정 현수막은 단지 내에 걸 수 있도록 아파트에 전달 요청함 ",해당부서 이첩,건축과,,complaints_2025.xlsx,건축과
2025,667,2025-10-08,,익명,"봉명동 **** 주변 횡단보도에 18시 이후에 지속적으로 불법주차하는 인원이 있어 단속 요망
(통화시 민원인께서 전화번호를 남기지 말아달라고 함)",해당부서 이첩,주차관리과,,complaints_2025.xlsx,주차관리과
2025,668,2025-10-08,,미상,"관평동 테크노벨리 *단지, *단지 사이 조명(가로등)에 불이 꺼짐
***동 앞. 관평동 ***",담당 부서 이첩,건설과,,complaints_2025.xlsx,건설과
2025,670,2025-10-08,,익명,"갑천생태호수공원 주차장 입구(원신흥동 *** 일원) 지속적인 불법주차가 심해 차량운행에 지장이 있음
해당 도로에 설치되어있는 CCTV가 단속용인지 단속용이면 단속을  하고 있는건지 문의
",해당부서 이첩,주차관리과,,complaints_2025.xlsx,주차관리과
2025,671,2025-10-08,,익명,"반석초등학교 인근 지족1교와 반석*단지 사이 횡단보도 어린이 보호구역 바닥형 보행 신호등이 고장나서 제대로 작동되지 않음(보행신호등은 빨간불인데 바닥형 보행신호등은 계속 초록불임) 
조치요청",담당부서 이첩,교통국 교통정책과,,complaints_2025.xlsx,교통국교통정책과
2025,672,2025-10-08,,미상,"(은구비서로**번길 **, ***호) 유성구청 위생과 직원이라고 하면서 휴일중에 위생점검으로 방문했다고 함. 사실여부 확인 후 연락요청함",담당부서 이첩,위생과,,complaints_2025.xlsx,위생과
2025,673,2025-10-08,,[삭제],현대프리미엄아울렛 대전점 근처 동화울 수변공원 주차단속 관련 불만사항 및 이의신청 요청,담당부서 이첩,주차관리과,,complaints_2025.xlsx,주차관리과
2025,674,2025-10-08,,미상,전민동 ***-*  주차단속 관련 불만사항 제기(이의신청),담당부서 이첩,주차관리과,,complaints_2025.xlsx,주차관리과
2025,675,2025-10-08,,미상,동서대로 ***  앞 인도 오토바이 주정차되어있음 ,유성경찰서 상황실 연락. 경찰서에서 민원인분이 직접 112로 신고하여 세부 내용 설명 요청. 이에 따라 민원인분이 112로 신고하였으나 경찰서에서는 운전자가 탑승한것이 아니므로 단속이 어렵고 주정차는 행정청에서 해야 한다고 하여 담당부서 이첩,주차관리과,,complaints_2025.xlsx,주차관리과
2025,676,2025-10-08,,익명,****** 스피커 노랫소리가 그 앞 무대 공연소리와 함께 나와서 공연 관람에 방해됨. 스피커 소리 조절 가능한지 ,담당부서 이첩,공원과,,complaints_2025.xlsx,공원과
2025,677,2025-10-08,,미상,"학하초등학교에서 계산동 방향 임시정류장 인근 포트홀 조치요청(차바퀴 반정도 들어가는 깊이라고함)
민원인이 차량 손상 관련 문의(차량점검 필요하다고함) 등 통화요청함",해당부서 이첩,건설과,,complaints_2025.xlsx,건설과
2025,678,2025-10-08,,미상,"학하로 ** 외부차량 주차 출입 과정에서 시설물 파손 후 그냥 감, 해당 기관에서 차주 연락 요청",담당부서 이첩,주차관리과,,complaints_2025.xlsx,주차관리과
2025,680,2025-10-08,,미상,신세계백화점 뒷길 라바콘 설치로 통행어려워 조치 요청,해당 부서 이첩,건설과,,complaints_2025.xlsx,건설과
2025,681,2025-10-07,,도룡지구대,"***주사님 메일로 장애인주차구역 위반 주차 사진 보낼 예정이니 처리 부탁드립니다. (****@****.***)
(16시 43분에 접수한 민원과 다른 건임)",담당부서 이첩,노인장애인과,,complaints_2025.xlsx,노인장애인과
2025,682,2025-10-07,,익명,궁동 ***-* 입구 앞에 오토바이가 상습적으로 무단주차 함 다시는 못하게 조치가 가능한지 관련해서 연락달라고 함,해당부서 이첩,주차관리과,,complaints_2025.xlsx,주차관리과
2025,683,2025-10-07,,도룡지구대,***주사님 메일로 장애인주차구역 위반 주차 사진 보낼 예정이니 처리 부탁드립니다. (****@****.***),담당부서 이첩,노인장애인과,,complaints_2025.xlsx,노인장애인과
2025,684,2025-10-07,,[삭제],관평동 행정복지센터에서 주민자치 탁구레슨을 하는데 지하 레슨장에 탁구용품을 놓고 왔는데 연휴 끝나면 확인하고 연락 부탁함,해당부서 이첩,관평동,,complaints_2025.xlsx,관평동
2025,685,2025-10-07,,익명,명절마다 도룡동 성심당 근처 불법주정차가 너무 심해서 통행이 불편하다 해결책 강구를 원한다,해당부서 이첩,주차관리과,,complaints_2025.xlsx,주차관리과
2025,686,2025-10-07,,세동2통 *** 회장님,세동*통 경로당 뒷편 세동***번지 비가와서 토사물 등이 흘러내렸음,해당부서 이첩,건설과,,complaints_2025.xlsx,건설과
2025,687,2025-10-06,,[삭제],"주택가에서 불법개조 의심차량이 3일간 공회전 중
차량의 개조가 불법인 경우 시정명령 등 조치바람",소관부서 이첩,교통정책과,,complaints_2025.xlsx,교통정책과
2025,689,2025-10-06,,익명,"국립중앙과학관 앞 버스정류장 앞 차도에서 버스가 물웅덩이를 밟으며 물이 튀었음
도로 파손 탓으로 보임
세탁비 원함",소관부서 이첩,건설과,,complaints_2025.xlsx,건설과
2025,690,2025-10-06,,[삭제],송림마을*단지 전기차충전구역에 충전하지 않는 차가 주차하고있어 과태료 처분 바람,소관부서 이첩,푸른환경과,,complaints_2025.xlsx,푸른환경과
2025,691,2025-10-06,,[삭제],민원인 주소지 맞은편에 위치한 (봉명동 대학로 **)에서 야간 음악소리 등 소음이 심하여 해결해주길 바람,해당부서 이첩,푸른환경과,,complaints_2025.xlsx,푸른환경과
2025,692,2025-10-06,,[삭제],"며칠전 도로 공사 차량이 이동하는 과정에서 민원인 주소지(대정동 **)의 대문을 파손하였음. 10월 4일,5일 쯤 구청에서 보수해주기로 하였으나 방문하지 않았다고 함. 명절 끝나면(10월 10일 이후) 바로 보수해줄 수 있는지 민원 요청함.
(대문 파손 건으로 며칠전 구 담당 직원이 방문하여 민원인과 대화했었다고 함.)",해당부서 이첩,건설과,,complaints_2025.xlsx,건설과
2025,693,2025-10-05,,미상,"유성구 대전 유성구 온천로 ** 인근 유성온천공원에서 풀, 나뭇가지 등 예초작업 중 민원인 차량에 나뭇가지 등이 튀어 차량파손이 발생(돌이 튐 등)하여 보상을 요청하심
9월 25일~30일 경 예초작업 진행(차량번호 **무****)",담당부서 이첩,공원과,,complaints_2025.xlsx,공원과
2025,694,2025-10-05,,익명,"월드컵경기장4거리~현충원역, 미트갤러리~노은농수산도매시장, 열매마을**단지 인근 화물차 밤샘주차단속 요청/ 주기적 단속 했는지 확인문의 / 
주정차과태료 부분 확인요망(몇 주 전부터 민원을 넣었으나 변화가 없다고 하심)",담당부서 이첩,교통정책과,,complaints_2025.xlsx,교통정책과
2025,695,2025-10-05,,익명,"월드컵경기장4거리~현충원역, 미트갤러리~노은농수산도매시장, 열매마을**단지 인근 화물차 주정차 단속요청/ 주기적 단속 했는지 확인문의 / 
주정차과태료 부분 확인요망(몇 주 전부터 민원을 넣었으나 변화가 없다고 하심), 밤샘주차단속 요청 ",담당부서 이첩,주차관리과,,complaints_2025.xlsx,주차관리과
2025,696,2025-10-05,,익명,"유성구 노은로 **번길일원 풀, 나뭇가지 등 예초작업 중 민원인 차량에 나뭇가지 등이 튀어 차량파손이 발생(도색 까짐 등)하여 보상을 요청하심
10월 5일 오전 이른시간 예초작업 진행되었으며, 차량번호 **주**** 검은색 차량임",담당부서이첩,녹지산림과,,complaints_2025.xlsx,녹지산림과
2025,697,2025-10-05,,미상,"유성CJ나인파크아파트 인근 지하철 1,3번 출구 방향 인도에 자갈이 많이 떨어져 있어서 보행이 어려우니 조치 요청 ",해당부서 이첩,건설과,,complaints_2025.xlsx,건설과
2025,698,2025-10-05,,미상,음식물 쓰레기 배출일과 배출시간에 대하여 담당부서 안내 요망.  안내받은 내용과 수거일이 달라 불편함 호소(평소에도 수거시간이 명확하지 않아 불편함),해당부서 이첩,청소행정과,,complaints_2025.xlsx,청소행정과
2025,700,2025-10-04,,익명,ㅇ 장대동 ***-*번지 가로등이 고장(또는 파손)되어 수리를 요청,ㅇ 담당자 전달,건설과,,complaints_2025.xlsx,건설과
2025,701,2025-10-04,,[삭제],ㅇ 정부양곡미가 도착(택배)하지 않음에 대한 민원 전화,담당자 전달,생활보장과,,complaints_2025.xlsx,생활보장과
2025,702,2025-10-04,,구즉지구대 *** 경장,관평동 **마트에서 유통기한이 지난 사이다를 판매하여 신고인(*** / 010-****-****) 유성경찰서 구즉지구대에 신고하여 식품위생법 위반으로 사건됨.,담당부서 이첩,위생과,,complaints_2025.xlsx,위생과
2025,703,2025-10-04,,미상,"월드컵 경기장에서 세종 방향 반석네거리 가기 전 굴다리 밑에 중앙버스차로가 있어 일반 차량이 다닐 수 있는 차선이 일차선 밖에 없어
차량 정체가 심하고 다른 차량들이 끼어드는 일이 발생함. ",담당부서 이첩,교통정책과,,complaints_2025.xlsx,교통정책과
2025,704,2025-10-04,,미상,도룡동 TJB방송국 네거리 앞 불법 현수막(아파트 광고) 철거 요청,관계부서 지정,건축과,,complaints_2025.xlsx,건축과
2025,705,2025-10-04,,미상,"노은동 한마음 축제 관련 현수막(sk 허브, 노은역 2번출구, 가나파로스빌, 케이마트 총 4개소) 철거하지 말아달라 하십니다. (노은상가연합회)",관계부서 이관,건축과,,complaints_2025.xlsx,건축과
2025,706,2025-10-04,,미상,"계룡로**번길 ** 온천돌구이 바로 앞 온천수공원 들어가는 입구에 싱크홀이 발생하여 차가 빠짐.
임시로 흙을 덮어 놓았는데 비가 와서 패임. 근본적인 해결 요청.",담당부서 이첩,건설과,,complaints_2025.xlsx,건설과
2025,707,2025-10-03,,미상,"봉명동 ***-*번지 음식물 쓰레기 수거 요청. 엊그제 내 놓은 음식물쓰레기를 수거해가지 않았다며, 당장 담당자에게 전화해서 해결하라고함. 이전에도 비슷한 민원 요청하였으나 미조치되었다 하며 담당자 개인 연락처를 지속적으로 요구. 개인 음식물 쓰레기통을 쓴다고 주장했지만, 해당번지가 공동주택 아니냐, 지금은 해결해줄 수 없다 하니 별말 없이 끊음. 반복민원 제기자인 것 같아 참고용으로 접수합니다. 민원인에게 전화 안주셔도 됩니다.",담당부서 이첩,청소행정과,,complaints_2025.xlsx,청소행정과
2025,708,2025-10-03,,미상,원내로 **(원내동 ***-**) 앞 가로등이 깜박거림. 빠른 조치 바람.,담당부서 이첩,건설과,,complaints_2025.xlsx,건설과
2025,709,2025-10-03,,미상,"전민동 ***아파트 종량제 쓰레기함 봉투에 들어가있지 않은 낱개 쓰레기도 수거 요청, 쓰레기함 비울 때 흘리는 쓰레기들 없도록 수거 바람.",담당부서 이첩,청소행정과,,complaints_2025.xlsx,청소행정과
2025,710,2025-10-03,,미상,"상대동 *** 진터지하차도 내 조명시설 미점등, 조치 요함.",관련부서 이첩,건설과,,complaints_2025.xlsx,건설과
2025,711,2025-10-03,,미상,"반석동 자연드림 물류 상하차 칸에 개인용달 화물차 세우고 차주(**배****/ 010-****-****) 연락도 받지 않아 추석 명절 대량 물류 상하차 작업 어려워 민원 제기
주정차금지 표지판(또는 노란봉) 세웠는데 불법사항이라고 해서 철거했었음. 당직실에서도 화물차 차주 계속 연락했으나 전화받지 않았음. 주차단속요원꼐도 문의드렸으나 방법이 없다고 하심.
자연드림 쪽에서 표지판 세울 수 있게 해주든지 다른 방법을 찾아달라고 담당자 확인 좀 해달라고 요청함.",담당부서 이첩,주차관리과,,complaints_2025.xlsx,주차관리과
2025,712,2025-10-03,,익명,신분증 분실신고 원하심/범죄관련 걱정하심/ 민원인에게 연락 부탁드립니다.,담당부서 이첩,노은3동,,complaints_2025.xlsx,노은3동
2025,713,2025-10-03,,[삭제],정부 양곡 배송불편사항/진잠동 복지센터관할/배송일정좀 지켜주시고 누락된 적도 많다고 하심/연락부탁드려요,담당부서 이첩,생활보장과,,complaints_2025.xlsx,생활보장과
2025,714,2025-10-03,,익명,월드컵경기장4거리~현충원역/ 주정차 단속 했는지 확인문의/ 단속팀과 통화후 안내드림(25.10.03.오후3시경 2차확정단속까지 마치심)/주기적 단속 요청 및 차량이동할때까지 계속 전화할꺼라고 하심/ 주차관리과 *** 주사님에게 내용전달함/,담당부서 이첩,주차관리과,,complaints_2025.xlsx,주차관리과
2025,715,2025-10-03,,익명,유성구 대학로 **-* 앞 하얀색 고양이 사체 파란비닐 안에 있음 처리부탁/건물주전화옴,담당업체 이관,청소행정과,,complaints_2025.xlsx,청소행정과
2025,716,2025-10-03,,미상,노은3동 복지센터에서 파란색 줄무늬 3단우산 분실문의/ 민원인 연락 주세요,담당부서 이첩,노은3동,,complaints_2025.xlsx,노은3동
2025,717,2025-10-03,,익명,유성구 장대로 **-**번기 앞 /무조건적인 견인요청/주정차 단속반 문자남김,담당부서 이첩,주차관리과,,complaints_2025.xlsx,주차관리과
2025,718,2025-10-03,,익명,자운대네거리->국군대전병원 방향 유기동물사체처리 / 고양이보다 조금 큼/민원인분 연락 달라고 하심,담당업체 문자 남김,청소행정과,,complaints_2025.xlsx,청소행정과
2025,719,2025-10-03,,익명,원신흥동 어울림아파트 정문쪽 불법현수막 4개정도 제거 문의/ 세븐일레븐 어울림점 앞에 여기 사장님이신데 이것때문에 손님들이 다 돌아가야 한다고 하심/ 빠른 처리 요청,담당부서 이첩/25.10.03. 오전 10시15분경 건축과 안세희 주사님과 통화 완료/ 현장 현수막 담당분에게 내용전달 해드리겠다고 하심,건축과,,complaints_2025.xlsx,건축과
2025,720,2025-10-03,,익명,"노은역 근처 아이캔유치원 공사소음 민원/ 담당부서 연락 달라고 하심/
방문하여 이야기 해보시라고 전하였으나 반복된 민원전화로 담당부서 접수 요청으로 접수함",담당부서 이첩,푸른환경과,,complaints_2025.xlsx,푸른환경과
2025,723,2025-10-02,,119,"문자로 접수된 소화전 불법주차 신고 민원 인수. 위치: 덕명동 ***-*, 차량: 포르쉐 **더****, 신고자: 010-****-****",담당부서 이첩,주차관리과,,complaints_2025.xlsx,주차관리과
2025,724,2025-10-02,,미상,반석역에서 반석네거리사이 가로등 불이 안들어옴 조치 요청. 벌써 여러번 반복되고 있는 상황인데 근본적인 해결이 필요하다고 생각됨. 통화를 원하지 않음.,담당부서 이첩,건설과,,complaints_2025.xlsx,건설과
2025,725,2025-10-02,,미상,현충원역삼거리부터 월드컵경기장역까지 길 양옆으로 화물차 밤샘 불법주차 단속 요청,담당부서 이첩 / 야간단속 종료로 10.3. 주차단속 요청,교통정책과,,complaints_2025.xlsx,교통정책과
2025,726,2025-10-02,,미상,원촌동 사이언스빌 올라가는 길(원촌동 ***-*) 왼편 산에서 길을 만드는 공사를 하고 있음. 공사관계자 말로는 허가없이 무허가로 진행하고 있다함. 조치가 필요해보이며 정확한 위치 등 담당자 연락시 설명가능.,담당부서 이첩,건설과,,complaints_2025.xlsx,건설과
2025,727,2025-10-02,,미상,금일 유성국화축제 관련하여 뽑기를 진행하였으나 사전 공고 내용과 달라 민원 제기. 사전 공고시에는 국화와 관련된 레시피의 경우 우선 선발한다하여 새로운 레시피 개발을 위한 노력을 하였으나 우선선발없이 일괄 뽑기로 진행됨. 이와 관련하여 통화를 원함. 회신요청,담당부서 이첩,녹지산림과,,complaints_2025.xlsx,녹지산림과
2025,728,2025-10-02,,[삭제],금일 원신흥동 행정복지센터에서 서류발급 후 지갑을 놓고 나온듯 하여 확인 후 회신요청. 검정색 루이비통 가죽 *단지갑이라고 함. 지갑안에 신분증도 들어있음.,담당부서 이첩,원신흥동,,complaints_2025.xlsx,원신흥동
2025,729,2025-10-02,,미상,전민동 ***-* 세종아파트 ***동 앞 버스정류장 부근 가로등  수리 요청 민원,민원 접수,건설과,,complaints_2025.xlsx,건설과
2025,730,2025-10-02,,미상,상대동 아이파크시티*단지 내에 인도에서 불법으로 차량을 이용한 영업을 하고 있음. 이전에 구청에 신고했었던 내용으로 주의를 주겠다는 답변을 받았는데 불법사항이 아니라 주의만 주는건지 계도기간 후 단속을 하는건지 궁금하여 회신을 요청함.,담당부서 이첩,건설과,,complaints_2025.xlsx,건설과
2025,731,2025-10-02,,미상,"봉명동 ***-* 에서 보쌈세트를 주문하였으나 메뉴판에도 명시된 쌈채소가 재료소진을 이유로 제공되지 않자 환불을 요구하였으나 거절당함.
보쌈은 3점 정도 섭취. 경찰에서 구청 행정심판을 안내해줘 연락. 회신요청",담당부서 이첩,위생과,,complaints_2025.xlsx,위생과
2025,732,2025-10-02,,미상,"구암동 ***-* 가정집 내부에서 난로를 이용한 소각이 이루어지고 있음. 해당지번 거주자에게 이야기하자 이곳이 그린벨트라 이런 병든 낙엽같은 것은 소각해도 된다는 답변을 받았다고 이야기함.
해당내용이 사실인지와 만약 사실이라면 이웃주민들은 연기를 마시고 살 수 밖에 없는지 다른 방법을 문의함. 회신요청",담당부서 이첩,청소행정과,,complaints_2025.xlsx,청소행정과
2025,733,2025-10-02,,미상,도안대로 ***번길** 스카이뷰리브와 유성고등학교 사이 월드컵대로 ***번길대형화물차 장기주차중 단속요청 민원,민원접수,교통정책과,,complaints_2025.xlsx,교통정책과
2025,734,2025-10-02,,미상,도안대로 ***번길** 스카이뷰리브와 천성교회 사잇길 교통과에서 설치해준 주차금지 플래카드 훼손되어 교체요청 민원,민원접수,주차관리과,,complaints_2025.xlsx,주차관리과
2025,735,2025-10-02,,미상,"봉명동 ***-** 아늑호텔과 편의점 사이에 쓰레기 대량 불법 투기 장기간 반복되고 있어 단속 및 카메라 설치 등 민원요청
담당자 전화 요망",민원 접수,청소행정과,,complaints_2025.xlsx,청소행정과
2025,736,2025-10-02,,미상,"유성온천역 주변, 구암역주변, 봉명우체국, 유성자이쪽 헬스장업체에서 부착한 옥외광고물 조치 요청
(내일 꼭 떼달라고 하심) ",담당부서이첩,건축과,,complaints_2025.xlsx,건축과
2025,737,2025-10-02,,119,신성동 *** KT&G중앙연구원 버스정류장 앞 도로에 고사리 사체처리 요청,담당부서이첩,청소행정과,,complaints_2025.xlsx,청소행정과
2025,738,2025-10-02,,미상,지족고등학교 정문 앞 도로에 은행이 많이 떨어져 있어 도로 청소 요청,담당부서 이첩,녹지산림과,,complaints_2025.xlsx,녹지산림과
2025,740,2025-10-01,,미상,기계연구원삼거리 정문쪽 가로등 깜빡거림 조치요청,담당부서이첩,건설과,,complaints_2025.xlsx,건설과
2025,741,2025-10-01,,***경위,진잠파출소 전화: 대전 유성구 진잠로 **번길 ** 위치에 운영정지차량 발견 / 전국번호판 **주****  (운영정지는 경남 김해 차량등록사업소에서 함),담당부서이첩,교통정책과,,complaints_2025.xlsx,교통정책과
2025,742,2025-10-01,,익명,"미래로네거리에 차선을 막고 페인트칠을 함, 출근시간에 꼭 해야되는지 의문이고 전화 요망",민원 이관,건설과,,complaints_2025.xlsx,건설과
2025,743,2025-10-01,,익명,"불법주정차 단속 요청
위치: 지족로***번길 **-**일원 인앤인 아파트 ***동부터 소화전 인근
해당구역에 자동차 단속 요청",해당부서 이첩,주차관리과,,complaints_2025.xlsx,주차관리과
2025,744,2025-10-01,,익명,"로드킬로 인한 고양이 사체 처리 요청
위치: 한우물네거리 1차선 인근(모다아울렛에서 대전유통단지 방면)",해당부서 이첩,청소행정과,,complaints_2025.xlsx,청소행정과
2025,748,2025-09-30,,익명,인도 위 차량 단속요청,단속반 전달 후 당직민원 등록,주차관리과,,complaints_2025.xlsx,주차관리과
2025,749,2025-09-30,,익명,"봉명동 ***-** 유성자이 뒷편 길에 최근들어 주정차단속을 유예하면서 양쪽 모두 불법주정차가 너무 심해지고 있고, 지금(9. 30.(화) 07:35분) 10분째 못 움직이고 있음 해결요망",민원 이관,주차관리과,,complaints_2025.xlsx,주차관리과
2025,750,2025-09-30,,익명,"노점상 단속 요청 (신문고로 민원 넣었으나 화재로 확인이 불가하여 전화로 민원 제기)
위치:관평동 ***번지 ",해당부서 이첩,건설과,,complaints_2025.xlsx,건설과
2025,751,2025-09-30,,익명,"대형폐기물 접수번호(****~****) 관련 10.2일자 배출신고를 했으나 
스티커는 9.30일자로 발부되어 괜찮은지 문의",담당부서 이첩,노은2동,,complaints_2025.xlsx,노은2동
2025,753,2025-09-30,,익명,국립중앙박물관 하천 화단조성에 따른 부산물 처리 바람,담당부서 이첩,재난안전과,,complaints_2025.xlsx,재난안전과
2025,754,2025-09-30,,익명,봉산동 휴먼시아 ***동 인근 신호등 설치공사(추측)으로 트렉터 통행이 안됨,해당부서 이첩,교통정책과,,complaints_2025.xlsx,교통정책과
2025,755,2025-09-30,,익명,"봉명동***-*번지 공사를 이른 새벽~늦은 저녁까지 작업하고 있음(지속민원)
-저녁에 한번 통화 했었음",담당부서 이첩,푸른환경과,,complaints_2025.xlsx,푸른환경과
2025,756,2025-09-30,,익명,문화원로 *** 모텔 부근 공사를 매일 새벽 6시부터 하고 있음. 소음이 심하니 이에 대한 조치 바람,담당부서 이첩,푸른환경과,,complaints_2025.xlsx,푸른환경과
2025,757,2025-09-29,,익명,관평동행정복지센터 무인민원발급기 이용 중 수수료 투입하였으나 필요서류 발급안되고 작동 중지됨. / 수수료 환급 등 사후 처리 요구,해당부서 이첩,민원여권과,,complaints_2025.xlsx,민원여권과
2025,758,2025-09-29,,익명,충남대학교 쪽문 쪽(봉암초 부근) 붕어빵 장사 노점 단속 요청(통행 불편),담당부서 이첩,건설과,,complaints_2025.xlsx,건설과
2025,759,2025-09-29,,익명,노은 농수산물도매시장 ~ 현충원역 사거리 인근 주정차 금지 현수막 게시 요청 ,해당부서 이첩,주차관리과,,complaints_2025.xlsx,주차관리과
2025,760,2025-09-29,,익명,"화물차 불법 주정차량 밤샘 단속 요청, 회신 요청
노은동 수산 도매시장",담당부서 이첩,교통정책과,,complaints_2025.xlsx,교통정책과
2025,761,2025-09-29,,미상,중고차 매매단지 관련 업무 담당자 및 팀장님 전화 회신 요청,담당부서 이관,교통정책과,,complaints_2025.xlsx,교통정책과
2025,762,2025-09-29,,익명,유성구 방동 ***쪽 부근 소나무(가로수로 추정) 가지가 부러져 도로 쪽으로 침범하여 처리 요청,관련 부서 이첩,녹지산림과,,complaints_2025.xlsx,녹지산림과
2025,763,2025-09-28,,미상,"도안동로 *** 힐스테이트 ***동 앞 어린이 보호구역 / 포크레인 및 덤프트럭 주차 / 여러번 전화했다고 함 / 단속요청(낮, 밤)",해당부서 이첩,교통정책과,,complaints_2025.xlsx,교통정책과
2025,764,2025-09-28,,익명,장애인차량등록증 부정 사용 신고 문의,관련 부서 이첩,노인장애인과,,complaints_2025.xlsx,노인장애인과
2025,765,2025-09-28,,익명,도룡동 스마트시티 *단지 지하2층 주차장에 장애인 차량이 아닌 차량이 장애인주차구역에 장시간 주차중 / 안전신문고로 신고하려고 하였으나 전산망 문제로 구청에 전화하심 / 과태료 부과가 가능한지 회신 요청,관련부서 이첩,노인장애인과,,complaints_2025.xlsx,노인장애인과
2025,766,2025-09-28,,복용파출소,상대동 중동골네거리 ~ 복용초 방향 우회전차선 불법현수막을 제거하여 길 옆에 두었음. 수거 바람,해당부서 이첩,건축과,,complaints_2025.xlsx,건축과
2025,768,2025-09-28,,익명,문화원로*** 주차장에 있는 맨홀('통신'으로 써져있다고 함) 에서 역류하여 냄새가 심하니 조치 요망,해당부서 이첩,건설과,,complaints_2025.xlsx,건설과
2025,769,2025-09-28,,[삭제],"특정인이 자신의 건물에 지속적으로 쓰레기을 무단투기하고 있으며, 오늘은 대형폐기물(가스레인지 등)을 무단으로 투기하였음.
차량 블랙박스에 촬영되어 누구의 행동인지 특정할 수 있으며, 월요일 필히 연락요망!!!(화내시진 않음)
",해당부서 이첨,청소행정과,,complaints_2025.xlsx,청소행정과
2025,771,2025-09-28,,익명,구암동 (계룡로**번길 **) 앞 통행이 어려울 정도로 길을 막고 주차해놓고 있음. 단속 요청에 따라 주말단속반 전달,주말단속반 문자 전달 완료,주차관리과,,complaints_2025.xlsx,주차관리과
2025,774,2025-09-28,,익명,진잠동 다목적체육관 수영장에서 보름전에 다침. 담당자와 통화 원하심.,담당부서 이첩,문화관광체육과,,complaints_2025.xlsx,문화관광체육과
2025,775,2025-09-28,,익명,장대동 **-**번지 세이빌라 앞 도로가 패이고 깨진 파편이 날라다녀서 위험함. 보수 요청.,담당부서 이첩,건설과,,complaints_2025.xlsx,건설과
2025,776,2025-09-28,,익명,"(계룡로 **), 장대동 **-*번지쪽 공사 소음 민원. 단속 바람.",담당부서 이첩,푸른환경과,,complaints_2025.xlsx,푸른환경과
2025,777,2025-09-28,,익명,(계룡로 **) 앞 공사 소음 민원. 단속 요청.,담당부서 이첩,푸른환경과,,complaints_2025.xlsx,푸른환경과
2025,778,2025-09-28,,구즉지구대,"<노래방 미성년자 취업 적발>
관평동 ***번지 *** 코인노래연습장
적발일시 : 2025. 9. 28. 00:32 
업주연락처 : 010-****-****
내용 : 미성년자 *** 외 4명을 취업시켜 노래부르게 함",해당부서 이첩,문화관광체육과,,complaints_2025.xlsx,문화관광체육과
2025,779,2025-09-28,,유성지구대,"유성구 온천북로 **번길 **-* 솔노래방 / 주류판매 적발, 조치바람
",해당부서 이첩,문화관광체육과,,complaints_2025.xlsx,문화관광체육과
2025,780,2025-09-27,,미상,봉명동 ***-*번지 횡단보도 모서리에 불법주정차 되어있음.,담당부서이관,주차관리과,,complaints_2025.xlsx,주차관리과
2025,781,2025-09-27,,익명,"월드컵경기장역에서 현충원역 3거리 방향으로 가는 도로변, 화물차들이 불법주정차 하고 있음. 불법주정차 단속 및 차고지 위반에 대한 단속 원함.
1년 동안 민원을 지속적으로 넣었으나 시정되지 않음.
민원인이 042-****-****(경찰청 교통단속 부서)에 전화 요청을 해서 전화까지 했으나, 경찰청에서는 받지 않음.",담당부서 이첩,주차관리과,,complaints_2025.xlsx,주차관리과
2025,783,2025-09-27,,익명,"유성구청 홈페이지에서 폐기물 결제 후 출력하다 페이지를 닫고 출력을 하려고 하니 오류가 나서 출력이 되지 않음.
재신청해서 발급받을 예정으로 기존 결제내역은 환불 바람. (식탁, 옷걸이, 소파, 화장대 등 22천원 정도)
신청인 전화번호는 010-****-**** / 버리는 장소는 지족로 ***번길 ** 네이쳐뷰 ***동 분리수거장으로 신청하였음",담당부서로 이첩,청소행정과,,complaints_2025.xlsx,청소행정과
2025,784,2025-09-27,,미상,금요일 민원여권과 방문 후 신분증 분실하여 확인 전화 바람,담당부서 이첩,민원여권과,,complaints_2025.xlsx,민원여권과
2025,785,2025-09-27,,미상,유성시장 내 참기름집 앞에 불법주차 단속 요청 민원,관련부서 이첩,주차관리과,,complaints_2025.xlsx,주차관리과
2025,786,2025-09-27,,미상,월드컵경기장역에서 현충원역삼거리 방면으로 대형화물차 차고지 위반 및 밤샘주차 단속 매일 요청,담당부서 이첩,교통정책과,,complaints_2025.xlsx,교통정책과
2025,787,2025-09-27,,미상,어린이보호구역 불법주차 민원 / 도안동로 *** 힐스테이트 아파트 ***동 앞에 포크레인 불법주차중인 건.,관련부서 이첩,주차관리과,,complaints_2025.xlsx,주차관리과
2025,788,2025-09-27,,미상,"자운동 ***번지 신축건설현장 관련 민원 / 건설현장이 도로를 점령해서 불편이 많다는 민원, 허가된 건축인지 확인해 달라고 함.",관련부처 이첩,건축과,,complaints_2025.xlsx,건축과
2025,789,2025-09-27,,미상,상대동 *** 도안센트럴아이파크*단지 와요커피 쪽 주정차 단속 요청 및 1차선로 된 차선 가상 규제봉 설치 요청 및 강력한 단속 요청,담당부서 이첩,주차관리과,,complaints_2025.xlsx,주차관리과
2025,790,2025-09-27,,미상,"유성컨벤션웨딩홀, 한가족 요양병원 단속요청",담당부서 이첩,주차관리과,,complaints_2025.xlsx,주차관리과
2025,791,2025-09-27,,미상,용계동 ***-* 힐스테이트 4차선 양도로 단속요청,담당부서 이첩,주차관리과,,complaints_2025.xlsx,주차관리과
2025,792,2025-09-27,,미상,라도무스 앞 및 아이파크시티 주차단속 요청,담당부서 이첩,주차관리과,,complaints_2025.xlsx,주차관리과
2025,793,2025-09-27,,미상,상대동 *** 도안센트럴 아이파크 ***동 앞 주차단속 요청,담당부서 이첩,주차관리과,,complaints_2025.xlsx,주차관리과
2025,794,2025-09-27,,미상,구암역 환승주차장에서 다가온 사이 불법주차 단속 요청,담당부서 이첩,주차관리과,,complaints_2025.xlsx,주차관리과
2025,795,2025-09-27,,미상,봉명동 ****-* 불법주차 단속 요청,담당부서 이첩,주차관리과,,complaints_2025.xlsx,주차관리과
2025,796,2025-09-27,,미상,수통골 불법 노점상 단속 요청민원 / 노점행위 금지구역 현수막 앞에서 영업중인 트럭 4대 단속요청(노점트럭이 주차규제봉파손 했다고 함.  강력한 규제를 위해 현수막 추가 설치 및 규제봉 추가설치 요구함) ,담당부서 이첩,건설과,,complaints_2025.xlsx,건설과
2025,797,2025-09-27,,미상,현충원에서 유성Ic 방향 제초작업으로 차량 손상 보상 청구 민원,담당부서 이첩,녹지산림과,,complaints_2025.xlsx,녹지산림과
2025,799,2025-09-27,,미상,온천북로**번길 ** 시관로 막혀 정화조 물 넘침 민원. 막힌 하수도 뚫어달라 하심.,담당부서 이첩,건설과,,complaints_2025.xlsx,건설과
2025,800,2025-09-27,,노은지구대,"교통사고로 반석동 *** (반석마을 *~*단지 사이 ***동 앞 담장쪽 소방금지구역 쪽 어린이보호구역 안내판 쇠기둥 휘어짐)
/훼손자 010-****-****",담당부서 이첩,건설과,,complaints_2025.xlsx,건설과
2025,801,2025-09-27,,미상,노은동 반석마을*단지 정문앞 주말에 노점상 단속 요청(주말만 노점상 있음),담당부서 이첩,건설과,,complaints_2025.xlsx,건설과
2025,802,2025-09-27,,미상,"온천역사거리에 게시된 현수막 불법여부 확인 및 처리 요청.
수차례 욕설과 함께 즉시처리 및 담당자와의 통화를 요구함.",담당부서 이첩,건축과,,complaints_2025.xlsx,건축과
2025,803,2025-09-27,,미상,로드킬 동물사체 처리요청 민원 / 관평동 방면 제이오테크가 있는 갑천변 대로(용신교에서 탑립동으로 가는방향) 큰 트럭밑에 개 사체가 있어 처리요청하는 내용,펫레스큐에 전달,청소행정과,,complaints_2025.xlsx,청소행정과
2025,804,2025-09-27,,미상,"갑하산 등산중 구절봉에서 우산봉으로 넘어가는 길에 큰 개 두마리가 돌아다니고 있어 조치요청 / 119상황실을 통해 신고들어온 건.
",담당부서에 이첩,재난안전과,,complaints_2025.xlsx,재난안전과
2025,805,2025-09-27,,[삭제],"주민센터에서 발급받은 민생소비쿠폰을 분실한 건.
분실신고 및 재발급 문의 하심.",담당부서에 이첩,전민동,,complaints_2025.xlsx,전민동
2025,807,2025-09-27,,미상,불법현수막 단속요청(대전 유성구 봉명동 ***-**),담당부서 이첩,건축과,,complaints_2025.xlsx,건축과
2025,810,2025-09-27,,미상,봉산동 로제비앙 부근 악취가 심함. 가스냄새와 탄내가 섞여 올라옴,담당부서 이첩,푸른환경과,,complaints_2025.xlsx,푸른환경과
2025,811,2025-09-27,,미상,"월드컵경기장역에서 현충원역 3거리 방향으로 가는 도로변, 화물차들이 불법주정차 하고 있음. 견인지역이고 지속적으로 민원을 넣었으나 시정되지 않고 있음. 견인지역이라는 스티커를 부착하는 등의 조치를 원함 
그리고 담당자와 통화를 원함(10월 10일)",주차단속반 단속 요청 및 담당부서 이첩,주차관리과,,complaints_2025.xlsx,주차관리과
2025,812,2025-09-27,,미상,유성자이아파트 앞 시장들어가는 다리에서 새벽부터 공사를 해 소음이 심하다는 민원임,"건축법 상 공사시간은 별도 제한이 없고, 주말에도 공사 가능하다고 안내함. 
주말마다 반복되어 민원제기함.

",푸른환경과,,complaints_2025.xlsx,푸른환경과
2025,814,2025-09-26,,미상,한국가스기술공사 - 신구교 방면 악취가 너무 심함,담당부서 이첩,푸른환경과,,complaints_2025.xlsx,푸른환경과
2025,815,2025-09-26,,미상,대전 유성구 전민동 ***-* 앞 대로변 가로등이 깜빡임. 수리를 원함,담당부서 이첩,건설과,,complaints_2025.xlsx,건설과
2025,816,2025-09-26,,미상,반석동 *단지 아파트 인근 도로변 타는냄새가 심함,담당부서 이첩,푸른환경과,,complaints_2025.xlsx,푸른환경과
2025,819,2025-09-26,,미상,신성동 파리바게트 앞 과일 노점상 장사를 하는데 지속적으로 주차를 해놓는데 단속이 안된다는 민원임,담당부서 이첩,주차관리과,,complaints_2025.xlsx,주차관리과
2025,820,2025-09-26,,미상,"유성 레전드호텔 공사현장 인근 공사인부들이 지속적으로 불법주차를 하여, 차량이 지나다닐 수 없을 지경임",담당부서 이첩,주차관리과,,complaints_2025.xlsx,주차관리과
2025,821,2025-09-25,,미상,용산동 악취민원,해당부서 이첩,푸른환경과,,complaints_2025.xlsx,푸른환경과
2025,822,2025-09-25,,미상,테크노밸리 **단지 악취,해당부서 이첩,푸른환경과,,complaints_2025.xlsx,푸른환경과
2025,823,2025-09-25,,미상,용산동  악취,해당부서 이첩,푸른환경과,,complaints_2025.xlsx,푸른환경과
2025,824,2025-09-25,,미상,용산동 악취 민원,해당부서 이첩,푸른환경과,,complaints_2025.xlsx,푸른환경과
2025,825,2025-09-25,,미상,유성 악취 관련 민원 접수,관련부서 이첩,푸른환경과,,complaints_2025.xlsx,푸른환경과
2025,826,2025-09-25,,미상,신탄진 한솔제지 유한킴벌리에서 악취가 관평동까지 넘어옴,해당부서 이첩,푸른환경과,,complaints_2025.xlsx,푸른환경과
2025,828,2025-09-25,,미상,유성온천 족욕장 주변 흡연자가 많고 수질상태가 좋지않음,담당부서 이첩,공원과,,complaints_2025.xlsx,공원과
2025,829,2025-09-25,,미상,노은3동 행정복지센터 건너편 및 새미래교회쪽 가로등 꺼져있음,담당부서 이첩,건설과,,complaints_2025.xlsx,건설과
2025,832,2025-09-25,,미상,"고라니 가게 앞 터에 앉아 있음 확인 필요
주소: 원촌동**-* 쌍촌본가 식당 앞 
",담당부서 이첩 및 펫레스큐 인계,푸른환경과,,complaints_2025.xlsx,푸른환경과
2025,833,2025-09-25,,119,"봉산동 ***-* 일원 신구교 교통사고에 따른 잔재물 처리 필요
 * 안전에 위험이 있다 판단 현장확인 청소(도로 측구수로 쪽으로 밀어 놨음) 및 라바콘 설치 후 귀청(시청 건설관리본부도 나왔음)
 * 잔재물에 대해 수거 및 노면 자동차 오일 청소 또는 시청으로 인계 필요",담당부서 이첩,청소행정과,,complaints_2025.xlsx,청소행정과
2025,834,2025-09-24,,미상,"라도무스 건설 현장, 밤12시가 가까운데도 쇠를 자르는 등 소음이 매우 심해서 힘듦.
지속적인 민원을 제기했는데도 해결이 안되고 있음.",관련부서 이첩,푸른환경과,,complaints_2025.xlsx,푸른환경과
2025,835,2025-09-24,,익명,"원신흥로 **번길 *-* 명가 순대 앞
차 밑 고양이 사체 처리 요청",담당 부서 이첩 및 펫 레스규 전달,청소행정과,,complaints_2025.xlsx,청소행정과
2025,836,2025-09-24,,미상,구암동 ***-** 앞 인도 로드킬 당한 고양이 사체 1마리 수거 필요,담당부서 이첩,청소행정과,,complaints_2025.xlsx,청소행정과
2025,837,2025-09-24,,노은3동 행정팀장,"반석서로 ** 들마루 식당 옆 공실건물 앞에 싱크홀 생김 (철골까지 보일정도)
-> 라바콘으로 진입경로 차단하였으나 조치가 필요
",담당부서 이첩,건설과,,complaints_2025.xlsx,건설과
2025,838,2025-09-24,,익명,"주민등록 사실조사 관련하여  기관지호흡기질병으로 외부인 만나기 힘들다고 했는데도 통장님이 계속 찾아오셔서 불편하다고 함 
통장님 연락처 010-****-**** 맞는지 확인하고 싶으며, 사실조사 방문하기 전에 문자로 안내받기를 원함.
",담당부서 이첩,온천1동,,complaints_2025.xlsx,온천1동
2025,839,2025-09-24,,유성경찰서,"반석역에서 대전방향으로 *중 추돌사고로 도로에 잔해가 많으므로 처리 바람
도로에 누유도 있고 가로등이 신호등에 걸쳐 있어 넘어질 것 같으므로 바로 처리 바란다고 하심",담당부서 이첩,건설과,,complaints_2025.xlsx,건설과
2025,840,2025-09-23,,익명,대정동 물류창고 근처 화물차들이 도로 *차선 중 2개차로를 막고 주차되어 있어 차량통행 불편 및 위험 초래 단속 바람,해당부서 이첩,주차관리과,,complaints_2025.xlsx,주차관리과
2025,841,2025-09-23,,익명,유성우체국 주변 불법주차 만연에 따라 단속 요청,해당부서 이첩,주차관리과,,complaints_2025.xlsx,주차관리과
2025,842,2025-09-23,,익명,구즉로**번길 ** 배수관이 막혀 역류 및 악취  발생,담당자 연락,건설과,,complaints_2025.xlsx,건설과
2025,844,2025-09-23,,익명,"유성구 장애인복지관 남자화장실 에어컨 바닥에 떨어져 있으므로 조치 바람
민원인이 화가 많으시며, 따로 연락처로 연락하지 말라고 하심",담당부서 이첩,재난안전과,,complaints_2025.xlsx,재난안전과
2025,845,2025-09-23,,익명,"반석고등학교 4차선 도로에 반석마을*단지 아파트 이사 중 유리창 파손되어 파편이 길옆에 모여 있어 보행자 위험, 처리 바람",담당부서 이첩,청소행정과,,complaints_2025.xlsx,청소행정과
2025,846,2025-09-23,,익명,추석지원금 50만원 지원 문의(기초수급자x),관련부서 이첩,사회돌봄과,,complaints_2025.xlsx,사회돌봄과
2025,847,2025-09-23,,익명,"둔곡동 일대 가스냄새, 악취가 2주전부터 발생했는데 더 심해지고 있어 확인 요청",관련부서이첩,푸른환경과,,complaints_2025.xlsx,푸른환경과
2025,849,2025-09-23,,유성경찰서 구즉지구대,"불법업소(식당)-접대부고용
- 위치 : 관들*길 8-14
- 사업자번호 ****-****-*** (사업주 : ***)",담당부서 이첩,위생과,,complaints_2025.xlsx,위생과
2025,850,2025-09-22,,익명,추석위로금(기초수급자) 여부에 대한 문의,담당부서 이첩,생활보장과,,complaints_2025.xlsx,생활보장과
2025,851,2025-09-22,,익명,봉명동 ***-* 부근 공사진행중인데 9시-18시 이후에도 공사가 진행되어 소음으로 시끄럽다고 합니다.,담당부서 이첩,푸른환경과,,complaints_2025.xlsx,푸른환경과
2025,852,2025-09-22,,익명,용계동 ***-* 불법현수막 철거 요청,담당부서 이첩,건축과,,complaints_2025.xlsx,건축과
2025,853,2025-09-22,,익명,10월 전에 기초수급비가 나오는지 문의 요청,담당부서 이첩,생활보장과,,complaints_2025.xlsx,생활보장과
2025,854,2025-09-22,,익명,관평동 선풍기 및 물건 쓰레기 처리시 스티커 부착 문의,담당부서 이첩,청소행정과,,complaints_2025.xlsx,청소행정과
2025,855,2025-09-22,,익명,봉명동 ***-* 건설현장 공사소음 민원처리요청,담당부서 이첩,푸른환경과,,complaints_2025.xlsx,푸른환경과
2025,856,2025-09-22,,익명,(긴급) 화암네거리 고속도로 밑 고가다리 전도위험목 제거요청,담당부서 이첩,건설과,,complaints_2025.xlsx,건설과
2025,860,2025-09-21,,미상,봉명서로 **번길공원 주변 가로등 고장으로 빠른 조치 요청(당직실 악성민원등록자),담당부서 이첩,건설과,,complaints_2025.xlsx,건설과
2025,861,2025-09-21,,미상,관평동 호반 ***동 앞다리 양 옆 그물 같은 적치물이 있어 처리 요청 / 9월 2일 7일 두번연락 하셨는데 지금까지 처리가 아예 안되어있다며 화내셨습니다(바로 월요일 처리 요망),담당부서 이첩,재난안전과,,complaints_2025.xlsx,재난안전과
2025,863,2025-09-21,,미상,금요일에도 구청 담당자와 소음때문에 통화함. 지금 또 옆집에서 공사 시작하여 불편사항 제기. (당장 담당자와 통화할수 있게 하셨으나 주말이라 전화 못받는 점 말씀 드렸습니다) 궁동 ***-*,담당부서 이첩 ,푸른환경과,,complaints_2025.xlsx,푸른환경과
2025,864,2025-09-21,,미상,"상대동 휴먼시아 *단지 유성중학교 근처에 새끼고양이 부상(어제부터 전화하셨고, 하루정도 어미고양이가 데려갈수 있어서 기다렸으나 오늘까지 다친상태로 있어서 다시 전화하심)","당직근무매뉴얼에는 2785로 신고하라고 적혀 있으나, 파견중이시라 떠서 같은 팀 2311로 전화(메신저 on) 및 휴대폰 연락 하였지만 전화 받지 않으셔서 유기동물 구조 담당자에게 구조요청 부탁드림 -> 유기동물구조담당자가 현장 가보니 손바닥 보다 커서 구조 안하심 ",지역산업과,,complaints_2025.xlsx,지역산업과
2025,865,2025-09-21,,민원,"온천1동 행정복지센터 현관 앞 불이 소등 안되어 있으며, 여자화장실 불 켜있음. ",담당부서 이첩,온천1동,,complaints_2025.xlsx,온천1동
2025,866,2025-09-21,,미상,지족동 ****-* 다이소근처 인도 위에서 옥수수 노상 판매 단속 요청,담당부서 이첩,건설과,,complaints_2025.xlsx,건설과
2025,867,2025-09-21,,미상,"유성구 방면으로 갑천호수공원 개장 근처(도솔터널에서 나와서 유성구쪽 방면), 갑천으로 내려가는 계단길이 비가 와서 물이 꽉참. 정리가 필요하다고 하심",담당부서 이첩,재난안전과,,complaints_2025.xlsx,재난안전과
2025,872,2025-09-20,,익명,"노은3동 노은에코힐 주민인데 낮에 누군가 와서 문을 심하게 두드려 자녀가 문을 열어주자 고압적인 태도로 사실조사 진행하였다고 함
시대가 어느 시대인데 이런 식으로 직접 와서 하냐고 하여 정부24 통한 사실조사기간이 있었음을 안내하였으나
사실조사 진행방식에 대한 민원 접수 요청을 하였음",해당 동 이첩,노은3동,,complaints_2025.xlsx,노은3동
2025,873,2025-09-20,,익명,"시청 당직실 통해서 민원 접수되어 민원인과 통화한 사항으로,
종료시간(21:30) 안내하였으며
원신흥동 마을축제 앞으로도 계속 이렇게 추진할 것인지,
낮부터 밤까지 지속적인 행사 소음으로 주말에 너무 피로하다고 함",해당 동 이첩,원신흥동,,complaints_2025.xlsx,원신흥동
2025,874,2025-09-20,,미상,유성ic 톨게이트 나와서 유성ic삼거리 방면 공사현장 옆쪽으로 불법 주정차가 너무 많음.  단속 요청,담당부서이첩,주차관리과,,complaints_2025.xlsx,주차관리과
2025,875,2025-09-20,,미상,북대전 세무서 앞 폭염대비그늘막 고장  / 292번이라고 표기되어있음,담당부서이첩,재난안전과,,complaints_2025.xlsx,재난안전과
2025,876,2025-09-20,,미상,"유성대로***번길 ***(봉명***-**) 먹태집 앞 스틸그레이팅 노후로 실족 우려 있다고 함
-바로 처리 원하심(010-****-****)","- 건설과 하수팀(백경호) 전달
- 당직사령(윤호상) 현장 나가 라바콘 및 안전선 설치",건설과,,complaints_2025.xlsx,건설과
2025,877,2025-09-20,,미상,불법현수막 철거 요청/ 한라비발디 아파트에서 아이파크시티*단지까지 도로(유성구 상대동 ***) ,담당부서 이첩,건축과,,complaints_2025.xlsx,건축과
2025,878,2025-09-20,,미상,"상대동 ***-* 부근 공공녹지 제초작업이 잘 안되고 있음. ex) 상대도로 **는 깎고 상대도로**에서 복용자원공원 올라가는 길은 관리가 안되서 잔디가 죽고 있음.
2~3년 전 구청 녹지산림과 or 공원과에서 매년 용역을 줘서 제초작업을 하는 것으로 알고 있음. 관리감독 요청. 010-****-**** 연락주면 설명해주심다고 함.",담당 부서 이첩,녹지산림과,,complaints_2025.xlsx,녹지산림과
2025,879,2025-09-20,,미상,노은교회(노은동 ***) 공사현장 토사가 빗물로 앞 도로로 흘러내려 통행이 불편함. 도로 정비 요청,담당부서 이첩,건설과,,complaints_2025.xlsx,건설과
2025,880,2025-09-20,,미상,"구청 홈페이지에서 원신흥 마을축제에 대한 프로그램이나 일정 등을 확인 할 수 없음. 다음부터는 홈페이지에 게시해서 많은 사람들이 알 수있도록 안내 바람
",담당부서 이첩,원신흥동,,complaints_2025.xlsx,원신흥동
2025,881,2025-09-20,,미상,구암역 환승주차장에서 구암다가온행복주택(복합환승로 **)까지 불법주정차 주기적으로 단속 요청,담당부서이첩,주차관리과,,complaints_2025.xlsx,주차관리과
2025,882,2025-09-20,,익명,"재난상황실 민원접수
전민동 ***-** 대한항공 항공기술연구원 맞은편 도로 나무 쓰러짐",경찰 및 소방 현장출동 ,녹지산림과,,complaints_2025.xlsx,녹지산림과
2025,883,2025-09-20,,익명,"유성경찰서 상황실(042-****-****)에서 민원접수건 내용전달받음
-전민동 ***-** 나무 쓰러져 차선막음",소방서 현장출동하여 처리 예정,녹지산림과,,complaints_2025.xlsx,녹지산림과
2025,884,2025-09-20,,익명,"학하초등학교에서 관저동 방향 300~400m 근처 호남고속도로쪽 언더패스 지방도로의 배수펌프가 작동안하여 침수
","김영철 하수팀장 해당내용 전달완료
042-****-**** 유성경찰서에 도로통제 요청하였고 출동하기로 함",건설과,,complaints_2025.xlsx,건설과
2025,885,2025-09-20,,익명,"문지네거리(GS칼텍스기술연구소) 도로 배수가 안됨
",김영철 하수팀장 해당사항 전달,건설과,,complaints_2025.xlsx,건설과
2025,886,2025-09-19,,유성경찰서,"청소년보호법 위반관련 신고 접수 요청
- 유성구 신성로 **, **** PC방
- 청소년 불가게임 운영",해당부서 이첩,문화관광체육과,,complaints_2025.xlsx,문화관광체육과
2025,887,2025-09-19,,익명,"구룡동 ***-*번지 가로등 고장 / 둔곡에서 송강동 방향
-  9. 22일(월) 민원인께서 소관부서와 통화 요청함",소관부서 이첩,건설과,,complaints_2025.xlsx,건설과
2025,888,2025-09-19,,[삭제],"유성구 농대로**번길 ** 주차관련 민원 
- 부지 안에 있는 나무가 이면도로(실선) 쪽으로 나와있어 주차 방해함.
- 해당 카페에서 이면도로 관련해서 주차를 못하게 할수 있는지
- 주차금지 표지판을 개인이 이면도로 통제를 할 수 있는지 
- 해당민원을 이전에 넣은 적이 있는데 관련해서 월요일에 통화 원하심",해당부서 이첩,주차관리과,,complaints_2025.xlsx,주차관리과
2025,889,2025-09-19,,익명,봉산동***근처 도로 세종에서 유성가는 방면 도로 고양이사체수거요청,관련부서이첩,청소행정과,,complaints_2025.xlsx,청소행정과
2025,890,2025-09-19,,익명,관평동 **** 근처 구즉에서 용산동 가는 방면 2차선도로 동물사체수거요청,관련부서이첩,청소행정과,,complaints_2025.xlsx,청소행정과
2025,891,2025-09-18,,익명,"위치: 봉명동 ***-**번지
내용: 신협건축공사 현장 소음 관련 민원이며, 개선 후 연락요망 (명두종합건설 실시중) ",담당부서 이첩,푸른환경과,,complaints_2025.xlsx,푸른환경과
2025,892,2025-09-18,,익명,"위치: 전민동 ***-*번지
내용: 보안등 설치 사유 설명해 달라는 민원 ",담당부서 이첩,건설과,,complaints_2025.xlsx,건설과
2025,893,2025-09-18,,익명,박산로**번길 ** 앞 도로 공사 중 소음 관련 민원. 아침 6시부터 클락션 울리면서 공사함. 개선 요청.,담당부서 이첩,푸른환경과,,complaints_2025.xlsx,푸른환경과
2025,894,2025-09-17,,익명,유성대로 **** KT매장 뒤쪽 협착방지봉(유도봉) 파손. 트럭이 파손 후 주차해 놓았다고 함. 트럭 번호 **무****. 협착방지봉 재설치 및 해당 차주 파손관련 조치 원함. 파손된 사진 및 트럭 사진 당직실 핸드폰에 저장되어 있음. ,관련 부서 이첩,건설과,,complaints_2025.xlsx,건설과
2025,895,2025-09-17,,익명,충남대 푸드트럭 입점시 영업신고 관련/ 충남대학교 총장님 직인 대신 학생회장님 직인 제출해도 가능한지 문의,관련부서 이첩,위생과,,complaints_2025.xlsx,위생과
2025,896,2025-09-17,,[삭제],"재산세 독촉장관련 문의/ 9.11.입금 완료 했는데 9.5. 발행된 독촉장이 왔다고 함. 해당 독촉장 무시해도 되는지 문의/ 낮엔 통화가 어려워 문자로 답변 바람, 꼭 전화가 필요할 시 17:30 이후 연락 바람. (*** ******)",관련부서 이첩,세정과,,complaints_2025.xlsx,세정과
2025,897,2025-09-17,,미상,수통골 공영주차장내 조명등 모두 꺼짐,관련부서 이첩,주차관리과,,complaints_2025.xlsx,주차관리과
2025,898,2025-09-17,,익명,노은서로***번길 ** 앞의 가로등 1개가 고장나서 안켜짐 ,관련부서 이첩,건설과,,complaints_2025.xlsx,건설과
2025,899,2025-09-17,,익명,"유성문화원 근처 ""궁동하교"" 및 ""장현교"" 위 주정차단속 요청",담당부서 이첩,주차관리과,,complaints_2025.xlsx,주차관리과
2025,901,2025-09-16,,미상,봉명동 ***-*번지 공영주차장 차단기 고장 조치 요청,관련부서 이첩,주차관리과,,complaints_2025.xlsx,주차관리과
2025,902,2025-09-16,,[삭제],지족동 ***-* 보행로 쪽으로 큰 소나무 쓰러져 소방서 1차 조치 예정,담당부서 이첩,공원과,,complaints_2025.xlsx,공원과
2025,904,2025-09-16,,"소방서,경찰서","원촌동 ***-** 삼화문구몰 앞 가로수 쓰러져 있어 소방,경찰 장비투입. 잔가지가 많아 처리 요청",담당부서 이첩,녹지산림과,,complaints_2025.xlsx,녹지산림과
2025,905,2025-09-16,,[삭제],복용동 ***-*번지 고속도로 다리 밑 침수로 인한 조치 요청,관련부서 이첩,건설과,,complaints_2025.xlsx,건설과
2025,906,2025-09-16,,미상,폭염 파라솔 고장으로 인한 조치 요청(파라솔 번호 71번),관련부서 이첩,온천1동,,complaints_2025.xlsx,온천1동
2025,908,2025-09-16,,[삭제],"전민동 *** 도로변 가지치기 요청
(추가)유성경찰서 추가 연락사항: 인근 도로변 수목 정리가 필요하며, 연락주시면 사진 등 설명해주신다고 하셨습니다.(010-****-****)",담당부서 이첩,녹지산림과,,complaints_2025.xlsx,녹지산림과
2025,909,2025-09-16,,[삭제],방현동 *-* 도로변 가지치기 요청,담당부서 이첩,녹지산림과,,complaints_2025.xlsx,녹지산림과
2025,910,2025-09-16,,익명,세동에서 계룡가는 방면 첫번째 교통카메라 인근에서 악취로 인한 현장 확인 및 조치 요청(동물 사체 냄새로 추정됨),관련부서 이첩,푸른환경과,,complaints_2025.xlsx,푸른환경과
2025,911,2025-09-16,,미상,"전민동 엑스포코아 앞 전민네거리 인도까지 비 침수가 심하여 조치 요청
임시복구 문의 여러번 왔음",담당부서이첩,건설과,,complaints_2025.xlsx,건설과
2025,912,2025-09-16,,미상,"반석역 다이소 주차장 입구부터 내려가는 길 비가 많이 내려 물이 넘침(낙엽쌓임)
주변 낙엽 정리가 잘 안되어있어 처리요청",담당부서 이첩,청소행정과,,complaints_2025.xlsx,청소행정과
2025,913,2025-09-16,,[삭제],주정차 위반 고지서(렌트카)를 받았는데 본인이 운전한게 아님 / 연락요청,담당부서 이첩,주차관리과,,complaints_2025.xlsx,주차관리과
2025,914,2025-09-16,,익명,노은동 노블레스~열매마을 **단지 후문 쪽으로 현대걸설 힐스테이트 불법 현수막 제거 요청,해당부서로 이첩,건축과,,complaints_2025.xlsx,건축과
2025,915,2025-09-16,,익명,둔곡동 우미린아파트 인근에서 최근 1~2주동안 가스냄새 같은 악취가 계속 발생/ ,담당부서에 이첩 ,푸른환경과,,complaints_2025.xlsx,푸른환경과
2025,916,2025-09-16,,익명,대덕초등학교 일대 가로등이 모두 나감 ,관련부서에 이첩 ,건설과,,complaints_2025.xlsx,건설과
2025,917,2025-09-15,,익명,봉명동 ***-*번지 이랜드건설 공사현장 아침부터 소음이 너무 심해 소음측정 요청,담당부서 이첩,푸른환경과,,complaints_2025.xlsx,푸른환경과
2025,918,2025-09-15,,익명,"둔곡동 일원 가스냄새가 너무 심함(송강, 관평동쪽에서 나는 냄새로 추정)",담당부서 이첩,푸른환경과,,complaints_2025.xlsx,푸른환경과
2025,919,2025-09-15,,익명,송강동 **-*번지 음식물통 수거안됨,담당부서 이첩,청소행정과,,complaints_2025.xlsx,청소행정과
2025,920,2025-09-15,,익명,대덕초 정문에서 쌍용빌라까지 가는 길 가로등이 모두 나감 / 4일째 고쳐지지 않고 있음,담당부서 이첩,건설과,,complaints_2025.xlsx,건설과
2025,921,2025-09-15,,[삭제],도안대로 ***-** 지하주차장에 흰색 포메라니안 유기견 배회,유기동물 구조 담당자(김명덕)에게 이첩 ,지역산업과,,complaints_2025.xlsx,지역산업과
2025,923,2025-09-15,,익명,죽동성당 산 방향 이면도로에 풀과 잡초가 많아 주차가 어려움,담당부서 이첩,건설과,,complaints_2025.xlsx,건설과
2025,924,2025-09-15,,익명,신성동 화학연구소에서 표준과학연구소 방면으로 가로등 불이 안들어옴,담당부서로 이첩,건설과,,complaints_2025.xlsx,건설과
2025,925,2025-09-15,,익명,관평천 현대아울렛~ 용산고등학교 방면 하천변쪽에 가로등 불이 안들어온다고 하심(가로등에 관평천 1-1~1-7이라고 적혀있다고 함),담당부서 이첩 ,재난안전과,,complaints_2025.xlsx,재난안전과
2025,927,2025-09-15,,시 당직실,노은지하차도(세종방향) 배수 문제로 물이 안빠져 차량 통행 어려움 / 빠른 조치 요망(구 소관이라고 함),담당부서 이첩,건설과,,complaints_2025.xlsx,건설과
2025,928,2025-09-15,,익명,전민동 ***-*(한남대학교 앞) 2차선에 고양이 사체 있음,담당부서 이첩,청소행정과,,complaints_2025.xlsx,청소행정과
2025,930,2025-09-14,,익명,전민스포츠센터 - K워터 연구소 가로등 안켜짐 / 조치요망,담당부서 접수,건설과,,complaints_2025.xlsx,건설과
2025,931,2025-09-14,,익명,전민동 수자원공사 인재개발원~대덕복지센터 부근 가로등이 들어오지 않음,부서이첩,건설과,,complaints_2025.xlsx,건설과
2025,932,2025-09-14,,익명,도룡동 ***-* 일원 대덕초~삼정빌라 가로등 안들어옴 / 3일 전에도 같은 내용으로 문의하였으나 현재까지도 조치 안됨 / 조치 후 통화요망,담당부서 이첩,건설과,,complaints_2025.xlsx,건설과
2025,933,2025-09-14,,익명,전민동 엑스포코아 - 한국 수자원공사 2차선 도로 가로등 전체 소등 / 조치요망,담당부서 접수,건설과,,complaints_2025.xlsx,건설과
2025,934,2025-09-14,,익명,현대아울렛 아래 자전거 도로 가로등 안켜진지 오래됐다고 함 / 조치 및 연락 바람,담당부서 접수,재난안전과,,complaints_2025.xlsx,재난안전과
2025,935,2025-09-14,,익명,전민동 LH - 수자원공사 가로등 안들어옴,담당부서 접수,건설과,,complaints_2025.xlsx,건설과
2025,936,2025-09-14,,익명,노은1동사무소 앞 골목 가로등 전체 점등 안되어 있다고 함. 조치 요망,담당부서 이첩,건설과,,complaints_2025.xlsx,건설과
2025,937,2025-09-14,,익명,(대전 유성구 유성대로***번길 **) 앞 뽑기기계에 관리책임자 정보가 적혀 있지 않아 확인 및 전화요청,담당부서 이첩,문화관광체육과,,complaints_2025.xlsx,문화관광체육과
2025,938,2025-09-14,,미상,욕실에서 붉은 불개미로 추정되는 개미가 나와서 신고함,,보건의약과,,complaints_2025.xlsx,보건의약과
2025,939,2025-09-14,,익명,덕명로 **  맞은 편 도로 연석에 고양이 사체 신고,펫레스규 전달,청소행정과,,complaints_2025.xlsx,청소행정과
2025,941,2025-09-14,,익명,"대전도안센트럴아이파크 *단지 오피스텔 주출입구 인근 지능형CCTV(카메라 108번) 불법 주정차 등 작동여부 확인요청.
(전화로 안내받기 원하심)",담당부서 이첩,주차관리과,,complaints_2025.xlsx,주차관리과
2025,942,2025-09-14,,미상,9. 13.(토)부터 덕명동 *** 야외공주차장 출차 소리가 계속 나서 조치 요청,"단속반에 문의하였으나, 시설관련 처리는 못한다고하여 담당부서 이첩",주차관리과,,complaints_2025.xlsx,주차관리과
2025,945,2025-09-14,,익명,"유성 장날 차량 렉카 요청. 9시부터라고 말씀드리니, 장소, 차번호 말씀 없으심.",담당 부서 이첩,주차관리과,,complaints_2025.xlsx,주차관리과
2025,946,2025-09-14,,익명,"봉명동 금별맥주 앞 횡단보도 허가없이 푸드트럭 장사, 단속 요청. 경찰에도 연락해 놓은 상황.",담당 부서 이첩,건설과,,complaints_2025.xlsx,건설과
2025,947,2025-09-13,,익명,"가로등 번호 지족동-049 안들어옴(계속해서 민원 넣으셨다고함, 시청 당직실 이송 민원임.)",해당부서이첩,건설과,,complaints_2025.xlsx,건설과
2025,948,2025-09-13,,익명,작은내수변공원 뮤직토크쇼 소음 및 행사 진행 시간 관련 민원,담당 부서 이첩,공원과,,complaints_2025.xlsx,공원과
2025,949,2025-09-13,,익명,작은내수변공원 뮤직토크쇼 소음 및 행사 진행 시간 관련 민원,담당 부서 이첩,공원과,,complaints_2025.xlsx,공원과
2025,950,2025-09-13,,익명,작은내수변공원 뮤직토크쇼 소음 및 행사 진행 시간 관련 민원,담당 부서 이첩,공원과,,complaints_2025.xlsx,공원과
2025,951,2025-09-13,,익명,리베라더시티 주차장 입구 주차. 차 번호: **서****,담당 부서 이첩 ,주차관리과,,complaints_2025.xlsx,주차관리과
2025,952,2025-09-13,,익명,작은내수변공원 뮤직토크쇼 소음 및 행사 진행 시간 관련 민원,담당 부서 이첩,공원과,,complaints_2025.xlsx,공원과
2025,953,2025-09-13,,익명,진잠타운아파트~한아름아파트 부근 및 서대전IC 가는 부근에 대형수집운반트럭이 주차되어있다. 집중단속 요청.,담당 부서 이첩,주차관리과,,complaints_2025.xlsx,주차관리과
2025,954,2025-09-13,,익명,전민동 LH인재개발원 쪽 가로등 안들어옴.,해당부서이첩,건설과,,complaints_2025.xlsx,건설과
2025,955,2025-09-13,,익명,작은내수변공원 뮤직토크쇼 소음 및 행사 진행 시간 관련 민원,담당 부서 이첩,공원과,,complaints_2025.xlsx,공원과
2025,956,2025-09-13,,익명,"뮤직토크쇼 소음 민원. 가수 공연까지는 괜찮은데 늦은 시간까지 일렉, 드럼 소리는 힘들다. 볼륨을 낮추던지 너무 늦은 시간까지 허가를 안 하는게 좋을 것 같다는 의견이었습니다.",담당 부서 이첩,공원과,,complaints_2025.xlsx,공원과
2025,957,2025-09-13,,익명,"관평천 현대아울렛~용산고 방면 가로등이 안들어옴(가로등에 관평천 4, 관평천1-1~6 이라고 써있다고 함.)",해당부서이첩,재난안전과,,complaints_2025.xlsx,재난안전과
2025,958,2025-09-13,,익명,"현충원 후문, **모**** 복사차 밑 고라니 사체",010-****-**** 문자 남김,청소행정과,,complaints_2025.xlsx,청소행정과
2025,959,2025-09-13,,미상,"- 동물(개 2마리) 사체 처리 신고
1. 아이파크아파트시티 *단지 옆 6차선 도로 (유성온천역 가는 방향)
2. 트리플시티 *단지 옆 (유성온천역 가는 방향)",동물사체처리 담당(010-****-****) 전달,청소행정과,,complaints_2025.xlsx,청소행정과
2025,960,2025-09-13,,[삭제],"- 화암동 ***-** 옆집의 병든 소나무들로 인해 민원인의 소나무까지 병들어가고 있음(전이)
- 옆집의 병든 소나무들을 소독 또는 제거 요청 
- 현장 확인 요청함",담당부서 이첩,녹지산림과,,complaints_2025.xlsx,녹지산림과
2025,961,2025-09-13,,미상,용산동 호반써밋 *단지 정문 앞쪽 불법 노점상 단속 요청(주말에만 오는 것 같음),담당부서 이첩,건설과,,complaints_2025.xlsx,건설과
2025,962,2025-09-13,,미상,선병원에서 월드컵경기장 사거리 가기 백미터 전쯤 이차선도로에 로드킬 부엉이 사체 처리 요망,펫레스큐 업체 처리 요청 ,청소행정과,,complaints_2025.xlsx,청소행정과
2025,963,2025-09-13,,유성경찰서 신성지구대,"- 오토바이 3대 방지차량 신고 접수 (번호판 없음)
- 위치: 죽동로 ***번길 *** 건물 사이",- 담당부서로 이첩,교통정책과,,complaints_2025.xlsx,교통정책과
2025,964,2025-09-13,,미상,장대동 ****레스토랑 내 실내철거작업 등으로 인한 소음 발생,담당부서 이첩,푸른환경과,,complaints_2025.xlsx,푸른환경과
2025,965,2025-09-13,,익명,도안동로 *** 인도 쪽 부상 고라니 구조 요청 - 구조하러갔을때 죽어있었다고 합니다,부상동물 구조 담당(010-****-****) 전달-처리완료 유선확인,청소행정과,,complaints_2025.xlsx,청소행정과
2025,966,2025-09-12,,미상,"도안센트럴시티 버스정류장(진터지하차도 연접) 인근 지역 가로수 전도
이동조치 요망",담당부서 이첩,공원과,,complaints_2025.xlsx,공원과
2025,967,2025-09-12,,119 상황실,"방현동 *-** 화암네거리 교량 앞 방축에 위치한 나무가 부러져 통신선과 얽혀 있음
119 상황실 및 시청 도로관리사업소에서 출동하였으나, 통신선 손상 우려 때문에 완전한 제거가 어려운 상황임.
특수장비 이용한 수목제거 요망",현장확인 후 담당부서 이첩,건설과,,complaints_2025.xlsx,건설과
2025,968,2025-09-12,,119 상황실,"방현동 *-** 화암네거리 교량 앞 방축에 위치한 나무가 부러져 통신선과 얽혀 있음
119 상황실 및 시청 도로관리사업소에서 출동하였으나, 통신선 손상 우려 때문에 완전한 제거가 어려운 상황임.
특수장비 이용한 수목제거 요망","현장확인, 담당부서 이첩",녹지산림과,,complaints_2025.xlsx,녹지산림과
2025,969,2025-09-12,,119,장대동 ***-* 차량 화재 사고(GV80 음주운전차량)/  천양원 쪽 어린이보호구역 펜스 파손 수리 요망,"재난상황실 상황 전파/ 당직 사령 현장 확인, 진압 및 경찰조사 완료",주차관리과,,complaints_2025.xlsx,주차관리과
2025,970,2025-09-12,,119,"유성천 쪽 온천서로 **-* 건물과 하천 사이 뉘어진 나무, 나무 심어져있는 구멍 사이로 사람 1명의 다리가 끼어 구조 출동한 상태./ 보수여부에 대해 판단요망","담당부서 이첩/ 당직사령 직접 현장 확인, 데크 파손된 부분은 없는 것으로 확인.",재난안전과,,complaints_2025.xlsx,재난안전과
2025,971,2025-09-11,,미상,"유성문화원 쪽 다리(궁동하교) 위, 황색선 주차 단속요청. ",담당부서 이첩,주차관리과,,complaints_2025.xlsx,주차관리과
2025,972,2025-09-11,,미상,은구비공원 입구쪽 가로등 1개 및 그 맞은편 가로등 1개 불 안들어옴 ,담당부서 이첩,공원과,,complaints_2025.xlsx,공원과
2025,973,2025-09-11,,미상,노은서로 **번길 ** 주택가에 유성구 주차단속차량이 오랫동안 방치되어있다고 꼭 당직민원으로 남겨달라고 하십니다..,담당부서 이첩,주차관리과,,complaints_2025.xlsx,주차관리과
2025,974,2025-09-11,,미상,유성구 은구비서로 ** 앞 황색선(어린이보호구역) 주차단속 요청 ,담당부서 이첩,주차관리과,,complaints_2025.xlsx,주차관리과
2025,976,2025-09-11,,봉명지구대,"청소년 담배판매 수사개시 통보(문화원로****/  ***,***,***호)세븐일레븐 대전봉명 시티빌점 ",담당부서 이첨,일자리정책과,,complaints_2025.xlsx,일자리정책과
2025,977,2025-09-10,,미상,지족동 해피트리 어린이집(북유성대로***번길 **) 뒤쪽 가로등 고장,담당부서 이첩,건설과,,complaints_2025.xlsx,건설과
2025,978,2025-09-10,,미상,유성구 도룡동 ***-*번지 가로등 고장 / 얼마전에도 고장났었는데 재고장,담당부서 이첩,건설과,,complaints_2025.xlsx,건설과
2025,979,2025-09-10,,미상,대덕대학교일원 도로 가로등이 안들어옴,담당부서 이첩,건설과,,complaints_2025.xlsx,건설과
2025,980,2025-09-10,,미상,신성동 ***-* 앞(신성동 대전순대국밥) 인도가 꺼져있음 수리요망,담당부서 이첩,건설과,,complaints_2025.xlsx,건설과
2025,981,2025-09-10,,미상,"문지로 ***번길 **-* 앞 불법 주정차로 인하여 통행 불편
(**러**** 전화번호 등록되어있지 않고, 불법 주정차 단속반과 연락이 닿지 않아 해당부서로 이첩)
",해당부서 이첩,주차관리과,,complaints_2025.xlsx,주차관리과
2025,984,2025-09-10,,신성지구대,"신성지구대에 다친부엉이 데리고옴.
조치요청",펫 레스큐 요청 후 담당부서 이첩,지역산업과,,complaints_2025.xlsx,지역산업과
2025,985,2025-09-10,,도룡지구대,신세계 앞쪽 제*엑스포다리 밑 텐트치고 노숙하는것으로 보임. 조치요청,담당부서 이첩,하천관리사업소 시설과,,complaints_2025.xlsx,하천관리사업소시설과
2025,986,2025-09-09,,도룡지구대,"**저****(***) 
운행정지 명령 사유: 개인간의 중고차 탁송 매매인데 소유권 이전이 안되어있음
민원내용: 교통사고 접수 현장방문하여 차량조회해보니 운행정지명령 차량이라 유성구청에 인계
차량위치: 전민동 ***-*번지 / 인근 방범cctv 관리번호: **-*** / 엘리제하우스 앞 주차되어있음 ",담당부서 이첩,교통정책과,,complaints_2025.xlsx,교통정책과
2025,987,2025-09-09,,익명,유성구 온천서로 * 리베라호텔 인근 황색선 불법주정차 단속요청,담당부서 이첩,주차관리과,,complaints_2025.xlsx,주차관리과
2025,988,2025-09-09,,익명,"대전 유성구 대학로 * 건물 입구쪽 맨홀뚜껑에 물이 계속 넘침
",담당부서 이첩,건설과,,complaints_2025.xlsx,건설과
2025,989,2025-09-09,,익명,"대전 유성구 동서대로 *** 라도무스 앞쪽 횡당보도 우회전 하는길
맨홀뚜껑 파손",담당부서 이첩,건설과,,complaints_2025.xlsx,건설과
2025,990,2025-09-09,,미상,궁동 ***-*번지 앞 가로등이 깜빡거림 수리요망,해당부서 이첩,건설과,,complaints_2025.xlsx,건설과
2025,991,2025-09-09,,익명,지족로***번길**앞 고양이 사체,담당부서 이첩,청소행정과,,complaints_2025.xlsx,청소행정과
2025,992,2025-09-09,,[삭제],"대전 유성구 온천북로**번길 **-** 건물앞쪽 황색 실선 주정차관련 민원.
불법주정차 단속이 안되는곳이라 민원제기. 통화연결 원한다고 하십니다.",담당부서 이첩,주차관리과,,complaints_2025.xlsx,주차관리과
2025,993,2025-09-09,,익명,현충원로 ***(갑동) 길한가운데 타이어 버리고 갔음,해당부서 이첩,건설과,,complaints_2025.xlsx,건설과
2025,994,2025-09-09,,무,음식물스티커 붙여서 집앞에 배출하였으나 수거하시는 분이   전량 가져가지 않고 3/2 만 수거하고 3/1 자량을 남김. 나머지 분 수거요망,부서이첩,청소행정과,,complaints_2025.xlsx,청소행정과
2025,995,2025-09-09,,[삭제],덕명동 ***-*번지 1달가량 된 시력상실 고양이 유기돼있음,해당부서 이첩,지역산업과,,complaints_2025.xlsx,지역산업과
2025,996,2025-09-09,,미상,왓더버거(대전 유성구 온천로 ** ***호) 앞 유성구청 현수막 버려져있음 수거 요망,담당부서 이첩,건축과,,complaints_2025.xlsx,건축과
2025,997,2025-09-08,,익명,노은지구대) 노은지하차도 조명시설 작동안함에 따른 조치요청,담당부서 이첩,건설과,,complaints_2025.xlsx,건설과
2025,998,2025-09-08,,익명,"이륜차 운전자임
라도무스 앞에서 우회전차로 주행 중 도로에 아무 표식 없이 도로굴착 및 맨홀돌출로인해 피해를 입었음(사고시간 20:58)
해당 내용으로 보험가능문의",담당부서 이첩,건설과,,complaints_2025.xlsx,건설과
2025,999,2025-09-08,,익명,봉산로 ** 일원 네거리 가로등이 안나온지 며칠됨,담당부서 이첩,건설과,,complaints_2025.xlsx,건설과
2025,1000,2025-09-08,,익명,"전민동 ***-*번지 빌라 내 이중주차가되어있는데 차량에 연락처가 없는상태임
혹시 연락이 가능한 방법이 있는지",담당부서 이첩,주차관리과,,complaints_2025.xlsx,주차관리과
2025,1001,2025-09-08,,익명,"반석교 다리밑 가로등이 전부 안들어와 주민들이 랜턴을 키고 통행중임.
어제 해당내용으로 민원접수하였는데 처리가어떻게되가고있는것인지 연락바람",담당부서 이첩,재난안전과,,complaints_2025.xlsx,재난안전과
2025,1002,2025-09-08,,익명,송림*단지 와 뒷산 사이에 길에 낮은 가로등이 최근 켜지지않고있는데 해당내용 관련해서 통화원함,담당부서이첩,공원과,,complaints_2025.xlsx,공원과
2025,1003,2025-09-08,,익명,해랑숲근린공원 및 주변 가로등이 전부 소등되어 민원접수,담당부서 이첩,공원과,,complaints_2025.xlsx,공원과
2025,1004,2025-09-08,,익명,"봉명동 *** 도로는 2차로로 양옆이 황색실선으로 되어있는데 주차로인해 차량이 한대밖에 못지나가는 상태임.
해당내용으로 민원을 접수하였으나 불수용처리되어 단속기준이나 접수방법 및 위법사항에 대해 담당자와 전화원함",담당부서 이첩,주차관리과,,complaints_2025.xlsx,주차관리과
2025,1005,2025-09-08,,익명,"용신교 밑 평상 인근에 낭떠러지가있는데 주변이 위험해서 점등요청 하였으나 여러번 민원을 접수하였음에도 조치가 잘 이루어지지 않아 소관부서 담당자와 통화원함
5/6 ,6/10 해당민원 접수하였으나 미처리상태로 보임",담당부서 이첩,재난안전과,,complaints_2025.xlsx,재난안전과
2025,1006,2025-09-08,,익명,유성호텔 앞 데크산책길로부터 천변내려가는 계단 손잡이 정비요청(민원인의 상태가 온전치 않아보임),담당부서 이첩,재난안전과,,complaints_2025.xlsx,재난안전과
2025,1007,2025-09-08,,익명,유성구 만남의광장 주차장 내 화장실 앞 장애인주차장 앞쪽으로 장애인주차 및 차량통행을 할 수없게 무단주차되어있어 해당 내용 신고,담당부서 이첩(단속반 sms 전송하였음),노인장애인과,,complaints_2025.xlsx,노인장애인과
2025,1008,2025-09-08,,미상,탑립동~전민동 넘어가는(전민동 방향) 작은 도로 인근(수자원공사인재개발원근처)에 고양이 사체. ,담당부처이첩,청소행정과,,complaints_2025.xlsx,청소행정과
2025,1009,2025-09-07,,미상,어미가 없어보이는 새끼고양이가 죽어가고 있음. (정확하지 않음) 구즉로 **번길 *호(주택인거 같음),해당부서 이첩,지역산업과,,complaints_2025.xlsx,지역산업과
2025,1010,2025-09-07,,미상,하기동 송림마을 *단지 *단지 산책로 가로등 나감.,해당부서 이첩,건설과,,complaints_2025.xlsx,건설과
2025,1011,2025-09-07,,미상,교촌동 ***-*번지 일대 가로등이 다 나감. 조치요망,담당부서 이첩,건설과,,complaints_2025.xlsx,건설과
2025,1013,2025-09-07,,미상,반석동 행복한 교회 옆 하천 위 다리에 전기가 나감.,관련부서 이첩,재난안전과,,complaints_2025.xlsx,재난안전과
2025,1014,2025-09-07,,미상,110번(경찰서에서 주행하는 오토바이만 경찰서 소관이라 했다고 함)에서 민원인과 연결해줌. 번호판 없는 오토바이가 주정차 되어 있음(관들*길10). 당장 조치는 어렵고 해당부서 이첩하겠다고 안내함. ,해당부서 이첩,교통정책과,,complaints_2025.xlsx,교통정책과
2025,1015,2025-09-07,,불명,구암어린이공원 식수대 물이 계속 새고 있음 잠금장치 따로 보이지 않음,해당부서이첩,재난안전과,,complaints_2025.xlsx,재난안전과
2025,1016,2025-09-07,,유성경찰서상황실,유성ic삼거리 공사로 인해 횡단보도 흰색라인이 지워짐. 도색 요망...(민원인이 경찰서 전화함.) * 시청당직실에도 보고함.,담당부서 이첩,건설과,,complaints_2025.xlsx,건설과
2025,1018,2025-09-07,,익명,"봉명동 스테이호텔(계룡로**번길**) 옆 유성온천공원 정문 바로 앞 인도에 보도블럭이 하나 빠져있고 직경 15센치 정도되는 씽크홀이 발생됨. 
통행자 다칠 우려가 있으니 신속한 대처 바람.",담당부서 이첩,건설과,,complaints_2025.xlsx,건설과
2025,1019,2025-09-07,,미상,어은동 ***-**/ 금호타이어카센터 옆 주차라인에 고양이 사체 처리 민원,펫레스큐 담당자에 내용 문자 전송,청소행정과,,complaints_2025.xlsx,청소행정과
2025,1020,2025-09-07,,미상,세동 **번지 농장안에 유기견 신고 ,해당내용 유기동물 구조 담당자 전달(010-****-****),지역산업과,,complaints_2025.xlsx,지역산업과
2025,1021,2025-09-07,,익명,"관평동 호반아파트 ***동 앞 관평천 다리공사하는곳(다리공사하는 곳이 2곳인데 상류쪽이라고 함) 다리밑 천바닥에 좌우측으로 그물망 형태의 적치물이 있음.
9월 2일 민원접수하였는데 여전히 치워지지 않고 있어 다시 전화함. 천바닥 좌우측 그물망 형태 적치물 치워줄 것을 요청",담당부서 이첩,재난안전과,,complaints_2025.xlsx,재난안전과
2025,1023,2025-09-07,,익명,"마을버스기사인데, 신성동노인복지관 정류장에 가로수 나뭇가지가 많이 내려와 버스 진입에 어려움이 있음. 처리바람. ",담당부서 이첩,녹지산림과,,complaints_2025.xlsx,녹지산림과
2025,1024,2025-09-07,,익명,"장동***-**번지 화암네거리에서 신성119센터 방향으로 고라니 2마리 사체 있음. 인도쪽으로 치워놓은 상태라고 하였으며 민원인은 소방관이라고 함. 
",펫 레스큐에 전달완료함,청소행정과,,complaints_2025.xlsx,청소행정과
2025,1025,2025-09-07,,익명,장재울삼거리에서 충렬사삼거리 방향으로 *차선 도로에 고라니 사체 있음,펫레스큐에 문자 전달 완료함,청소행정과,,complaints_2025.xlsx,청소행정과
2025,1026,2025-09-07,,[삭제],"재외국민으로 노은3동행정복지센터에서 민생회복소비쿠폰 이의신청을 하였음. 어떻게 되어가는지 알아보고자 온라인 조회를 하니 신청된 민원이 없다고 나오는데 왜 그런것인지 이와 관련하여 궁금함.
***이고 ****년 *월 *일 생",담당부서 민원이첩후 민원인에게 전화할 수 있도록 하겠다고 안내함. ,일자리정책과,,complaints_2025.xlsx,일자리정책과
2025,1027,2025-09-07,,유성구 마을버스회사 관리자,"유성대로 ****번길왕복1차선 도로(대덕특구체육공원에서 삼성푸른아파트 방향으로 내려가는 길)에 가로수나뭇가지가 도로 위쪽으로 휘어져 내려와, 
차량 통행이 어렵고, 위험한 상황임.
마을버스가 다니는 도로로 버스가 지나가려면 중앙선을 침범하여 비껴 가야 하는 상황으로 조속한 처리 요청함. 
9월 8일 월요일 오전중에 빠른 처리를 부탁하며 처리 후 전화요청함. ","관련 사진 요청하였으며, 오늘 담당자 근무를 하지 않아 민원등록후 전달하겠다고 안내함. 
",녹지산림과,,complaints_2025.xlsx,녹지산림과
2025,1028,2025-09-07,,미상,"원신흥동쪽에서 형광색 하네스를 착용한 노리치 테리어 종의 강아지 발견하면 연락 요청함(갈색, 암컷, 꼬리가 짧고 귀가 쫑긋함)",해당부서 이첩,지역산업과,,complaints_2025.xlsx,지역산업과
2025,1029,2025-09-07,,유성지구대,"문화원로 중앙분리대 파손(3칸)
파손 행위자는 도주 하여 사건접수 하였고, 행위자에 대해서는 향후 유성경찰서 사고조사 4팀에 문의해보면 될 것같음
중앙분리대 파손 잔해는 우선 유성지구대 앞에 모아뒀으며 수거해주시기 바람",담당부서 전달,건설과,,complaints_2025.xlsx,건설과
2025,1030,2025-09-07,,유성경찰서,장현근린공원(궁동 ***)의 나무가 쓰러져 골목길을 막음,해당부서 이첩. 소방서에서 긴급조치 완료했다고 연락 받았음(2025.09.07. 12:17). 오전에 잔가지 처리 요청,공원과,,complaints_2025.xlsx,공원과
2025,1031,2025-09-06,,미상,"계룡대교 네거리 가로등 및 LED조명탑(?)이 안들어온다고 하셨으나 20분 후 다시 확인해보니 가로등은 들어오고 LED조명탑만 안들어온다고 하심
일주일 전에 벼락맞아서 안들어온다고 민원 넣었으나 조치가 안됨, 언제쯤 조치가 되는지 알고싶음","20:15 건설과 정일형 주사님께 민원내용 설명 드렸고, 9. 7.(일) 연간단가 계약업체에 지시하겠다고 말씀하신 내용을 민원인께 안내드림",대전광역시,,complaints_2025.xlsx,대전광역시
2025,1032,2025-09-06,,미상,"봉명동 박봉명생갈비(원탁 있는 곳, 주황선) 골목에 불법주차 차량이 많음, 현장출동 단속 요청함, 국민신문고 이미 접수했으나 불수용처리된 상태임(9.8.월에 회신 요청함)",해당부서 이첩,주차관리과,,complaints_2025.xlsx,주차관리과
2025,1033,2025-09-06,,미상,도안네거리 신호등 위(도로교통공단 맞은편)의 정당 현수막이 뜯어짐,해당부서 이첩,건축과,,complaints_2025.xlsx,건축과
2025,1034,2025-09-06,,미상,봉명동 공영주차장 (계룡로**번길 **) 차단기가 고장나서 차가 빠져나가지 못하고 있음.,해당부서 이첩 및 차단기 수동 조정,주차관리과,,complaints_2025.xlsx,주차관리과
2025,1035,2025-09-06,,미상,전동킥보드 관련 민원 / 관평동 *** 인근 전동킥보드 도로위 방치로 인한 조치 요청 ,해당부서 이첩,교통정책과,,complaints_2025.xlsx,교통정책과
2025,1036,2025-09-06,,미상,"라도무스 증축 공사 관련 민원 / 공사 관계자 측에서 원신흥동 *** → 605 도로 통행을 막음에 따라 불편발생, 이에 따른 조치 요청",해당부서 이첩,건축과,,complaints_2025.xlsx,건축과
2025,1037,2025-09-06,,미상,"궁동 ***번지 앞 분리수거 관련 민원 사항으로, 월요일에 해당 사항에 대해 민원인께 안내 필요
- 원래 궁동 수거 일시는 월, 목이라서 목요일에 수거할 줄 알았는데 미수거함
- 목요일에 수거하지 않았기 때문에 금요일에 처리해달라고 민원을 넣어서, 금요일 저녁에 처리해준다고 했는데 미수거함
- 지금이라도 수거해달라고 요청하였으나, 주말에는 수거가 불가능하다고 알림
- 월요일에 담당자가 출근하여 목요일, 금요일에 수거하지 않은 것에 대한 설명을 드릴 것을 안내",해당부서 이첩,청소행정과,,complaints_2025.xlsx,청소행정과
2025,1038,2025-09-06,,미상,상습 불법주정차 관련 민원 / 1. 봉명동 리베라아이누리2 ~ 계룡로 ***번길 **(사거리) 인근 불법주정차 다량 지역으로 cctv설치 등 지속적인 관리를 통한 불법주정차 단절요청 2. 주차 차단봉 상습 훼손자에 대하여 처벌 가능여부 검토 요청 ,해당부서 이첩,주차관리과,,complaints_2025.xlsx,주차관리과
2025,1040,2025-09-05,,익명,"빗물받이가 휘어져 쇠가 튀어나와 차가 지나가거나 어두울 때 사람이 지나가면 다칠 위험 커보인다고 함. 조치 요청.
위치: 반석동 ***-*에서 새미래공원가는 길목",담당부서 이첩,녹지산림과,,complaints_2025.xlsx,녹지산림과
2025,1041,2025-09-05,,익명,한국우주연구원 입구에서 갑천가는 방향 버스정류장에 외가리(새)가 움직임이 거의 없고 사람이 가도 도망가지 않아 아픈거 같다고 신고하심,펫 레스큐에 구조요청 조치,푸른환경과,,complaints_2025.xlsx,푸른환경과
2025,1042,2025-09-04,,익명,"대덕대로 ***(대덕초등학교) ~ 삼정빌리지 도로변
가로등 고장 문의 / 어제(9.3.)까지는 잘 나옴
조치요망",담당부서 이첩,건설과,,complaints_2025.xlsx,건설과
2025,1043,2025-09-04,,익명,"유림공원 스마트 파고라 - 운영시간이 아닌데 밤마다 불켜져 있고 에어컨이 안꺼져 있다고 합니다. 
",담당부서 이첩,공원과,,complaints_2025.xlsx,공원과
2025,1044,2025-09-04,,익명,송강동 ***-* (한마을 아파트) 밤마다 가스냄새가 심함. 연락요망,담당부서 이첩,푸른환경과,,complaints_2025.xlsx,푸른환경과
2025,1045,2025-09-04,,익명,유성시장 불법주정차 관련 8개월째 민원 전화하는데 시정되지 않음. 담당자 전화 회신 요청함 ,담당 부서 이첩,주차관리과,,complaints_2025.xlsx,주차관리과
2025,1046,2025-09-04,,유성경찰서,봉명동 유성푸르지오시티 파리바게뜨 앞 가로등 분전함 열려 있음. 조치 바랍니다.,담당 부서 이첩,건설과,,complaints_2025.xlsx,건설과
2025,1047,2025-09-03,,익명,테크노중앙로 **(삼경횟집) 앞 대덕테크노밸리 보도육교에 비둘기 사체가 있음(오래되어서 훼손이 있음),담당부서 이관 ,지역산업과,,complaints_2025.xlsx,지역산업과
2025,1049,2025-09-03,,익명,장대로 **번길 ** / 주차금지 차단봉 세워둔 것을 봉고차에서 내려 가져갔다고 함 / 구청에서 철거한 것인지 확인 후 민원인 전화 바랍니다.,담당 부서 이첩,건설과,,complaints_2025.xlsx,건설과
2025,1050,2025-09-03,,익명,"원내동 솔마루어린이공원 내 화장실 사용 불편 조치 요청, 할머니께서 6시 이전에 전화하셨다고 함. 확인 바랍니다.",담당 부서 이첩,공원과,,complaints_2025.xlsx,공원과
2025,1051,2025-09-02,,익명,관평동 *** 동화울 수변공원 가로등이 전부 꺼져있음 조치 요청,관련부서 이첩,공원과,,complaints_2025.xlsx,공원과
2025,1052,2025-09-02,,익명,관평동 ***-*  공사하는 다리 양 옆 그물 같은 적치물이 있어 처리 요청,담당부서 이첩,재난안전과,,complaints_2025.xlsx,재난안전과
2025,1053,2025-09-02,,익명,반석역~송림마을*단지 부근 brt 공사로 인해 출근길 교통체증 불편 호소 ,담당부서 이첩 ,건설과,,complaints_2025.xlsx,건설과
2025,1054,2025-09-02,,익명,유성구청ic앞~한밭대학교 가는 부근 도로 공사로 불편 호소 ,담당부서 이첩,건설과,,complaints_2025.xlsx,건설과
2025,1055,2025-09-02,,유성경찰서,유성경찰서 도룡지구대에서 전민동(대전 유성구 전민동 ***-**)에서 청소년에게 주류판매했다고 전화 통지 ,담당부서 이첩,위생과,,complaints_2025.xlsx,위생과
2025,1056,2025-09-01,,익명,"- 지족동***-**번지 에서부터 지족동***-*까지 가로등점멸되어 조치 요청 
- 현충원 후문부터 영무예다음 까지 거리 가로등 점멸되어 조치 요청 ",담당부서 이첩,건설과,,complaints_2025.xlsx,건설과
2025,1057,2025-09-01,,[삭제],하기동***번지 퇴고개공원 내 능선길 풀잎이 무성해서 조치 가능한지 문의 및 연락 요청(010-****-****) ,담당부서 이첩,공원과,,complaints_2025.xlsx,공원과
2025,1058,2025-09-01,,미상,"재산세 납부 관련 문의, 인터넷뱅킹이 어려워 전자납부번호로 납부하는 방법 등 세부사항 확인 필요","담당부서 이첩
- 민원인에게 2회 전화연락 시도했으나 통화되지 않음. 익일 업무시간 중 전화회신 필요",세정과,,complaints_2025.xlsx,세정과
2025,1060,2025-08-31,,[삭제],온천2동 송원잔디 밑 횡단보도 표지판이 파손으로 버려져 있는것을 발견하여 구청으로 가져다 주셨음.(민원접견실 입구 맞은편에 파손표지판 보관),담당 부서 이첩,건설과,,complaints_2025.xlsx,건설과
2025,1061,2025-08-31,,미상,"자운동 **-*번지 부근 벽돌 무더기가 무너져 있어 도로 침범(통행 방해)

",담당부서 이첩,건설과,,complaints_2025.xlsx,건설과
2025,1062,2025-08-31,,[삭제],"주차공간 부족에 따른 민원
재즈 페스티벌과 관련하여 마지막 날까지(20:30) 행사관련차량 주차장 전용에 따른 불만
행사가 막바지인데도 주차를 통제하여 불만이 많음, 이게 유성구청의 지시사항인지 문의",해당부서 이첩,문화관광체육과,,complaints_2025.xlsx,문화관광체육과
2025,1063,2025-08-31,,미상,유성대로 ***번길 ** 인근 뚝방길 가로등 불 안들어옴,담당부서 이첨,건설과,,complaints_2025.xlsx,건설과
2025,1064,2025-08-31,,익명,"봉명동 벤츠 매장앞에 허가받은건지 모를 현수막이 걸렸는데 미관을 해치니 불법이면 단속을 요청함.(현수막내용은 벤츠 직원들의 생존권 관련 내용인듯함.)
보통 주말에 걸고 평일에 떼는 것같으니 주말에 걸려있을때 현장 단속을 해줄것을 요청함.",관련부서이첩,건축과,,complaints_2025.xlsx,건축과
2025,1065,2025-08-31,,익명,노은동 홈플러스 익스프레스 인근에 닭꼬치 판매 트럭이 생겼는데 닭꼬치에서 닭이 아닌거 같은 불쾌한 냄새가남. ,관련부서 이첩,위생과,,complaints_2025.xlsx,위생과
2025,1066,2025-08-31,,익명,노은동 ***-** 주변에 종이 재활용 쓰레기가 며칠째 안치워짐. 다른 재활용 쓰레기는 다 가져갔는데 종이만 그대로임. 당직자가 광산기업에 통화했지만 통화불가라 당직민원으로 남김.,관련부서 이첩,청소행정과,,complaints_2025.xlsx,청소행정과
2025,1067,2025-08-31,,미상,전민동 ***-* 엑스포공원 관련 전일(30일 목요일) 공연 후 쓰레기 등 정리 없이 무단 투기된 상황으로 조치 요청,해당 부서로 이첩,전민동,,complaints_2025.xlsx,전민동
2025,1068,2025-08-31,,미상,구암동 로봇공원 내 분수가 고장인지 공지된 시간보다 일찍 종료됨. 월요일에 고장인지 확인요청드리겠다함. 분수 가동시간이 8월31일까지 인걸로 알고 있어서 아쉬워하심.,관련부서 이첩,공원과,,complaints_2025.xlsx,공원과
2025,1069,2025-08-31,,미상,현재 비가 예보돼 축제에 많은 인원이 오지 않을걸로 예상됨. 그러므로 축제는 기본 5일은 해야한다고 하심. 그리고 재즈 뿐만아니라 지역의 트로트가수도 불러서 같이 공연을 하면 좋겠다고 제안.,관련부서 이첩,문화관광체육과,,complaints_2025.xlsx,문화관광체육과
2025,1070,2025-08-31,,익명,"어은초와 어은중사이, 충대농대방면 고양이 사체 처리 요청",부상동물 펫레스큐 담당자에 내용 문자 전송,청소행정과,,complaints_2025.xlsx,청소행정과
2025,1071,2025-08-31,,미상,신구교네거리 신탄진방면 가드레일 파손으로 처리요청,관련부서 이첩,건설관리본부 시설부 시설관리과,,complaints_2025.xlsx,건설관리본부시설부시설관리과
2025,1072,2025-08-31,,[삭제],전민동 ***-* 한국토지주택공사 토지주택연구원정문 인근 가로수 쓰러짐. 주말이라 1차 조치는 소방서에서 할 에정. 담당부서에서 추후 확인 요청,담당부서 이첩,녹지산림과,,complaints_2025.xlsx,녹지산림과
2025,1073,2025-08-31,,미상,반석고등학교 정문에 새끼고양이 사체 처리 요청,사체처리 담당 펫레스큐에 전달 완료,청소행정과,,complaints_2025.xlsx,청소행정과
2025,1074,2025-08-31,,미상,소음민원/대전 유성구 봉명동 ***-* 리모델링 공사 오늘부터 시작하시는데 소음 민원때문에 연락주심. 폐기물 관리도 안하는거같다고 말씀하심.,담당부서 이첩,푸른환경과,,complaints_2025.xlsx,푸른환경과
2025,1075,2025-08-31,,익명,장대교 아래 가로등 전기가 자주 나간다고함. 고장신고 후 처리완료해도 며칠뒤 다시 고장 난다고 잘 처리해달라고 부탁하심.,담당부서 이첩,재난안전과,,complaints_2025.xlsx,재난안전과
2025,1076,2025-08-30,,미상,"유림공원 축제 소음 피해, 개선 요청",관련 부서 이첩,문화관광체육과,,complaints_2025.xlsx,문화관광체육과
2025,1077,2025-08-30,,미상,"마을축제 9시까지라고 알고 있는데 통화 당시(9시  28분경)까지도 끝나지 않음
매년 너무 시끄러워서 해결책 필요",담당 부서로 이첩,전민동,,complaints_2025.xlsx,전민동
2025,1078,2025-08-30,,미상,유성구 마을축제로 소음 민원(축제를 주택 없는 곳에서 개최하면 좋겠음),관련 부서로 이첩,전민동,,complaints_2025.xlsx,전민동
2025,1080,2025-08-30,,익명,대학로**번길끝( 충대로 나가는길과 만나는 부분) 에 불법주정차 차량 많아 상습 불법주정차 지역으로 상시적인 단속 요청 ,담당부서 이첩,주차관리과,,complaints_2025.xlsx,주차관리과
2025,1081,2025-08-30,,미상,송강동 ***-*번지 앞 도로 맨홀 근처 아스팔트 포장이 제대로 안되어 있어 민원인이 걸려 넘어졌다고 함. 치료비 관련하여 보상 가능한지도 같이 문의함.,담당부서 이첩,건설과,,complaints_2025.xlsx,건설과
2025,1082,2025-08-30,,익명,"유성구 지족로 ***번길 **-* 어두리 노은점 앞 도로일대 
음식물쓰레기통을 차가 끌고가서 도로 일대에 음식물 쓰레기가 버려져서 도로 일대에 음식물 쓰레기 악취가 심함 
물청소 요청 
근무일에 담당자가 물청소 가능 여부 전화 답변 요청  ",담당부서 민원 등록,청소행정과,,complaints_2025.xlsx,청소행정과
2025,1083,2025-08-30,,미상,유성구 지족동 ****-* 오피스텔 공사 현장 소음 관련 민원,담당부서 이첩,푸른환경과,,complaints_2025.xlsx,푸른환경과
2025,1084,2025-08-30,,미상,덕명4거리 -> 한밭대학교 사이 우측 상가 현수막 및 불법 광고물 제거 요청 / 행정처분 후 결과 전화 요청 당부,담당부서 이첩,건축과,,complaints_2025.xlsx,건축과
2025,1085,2025-08-30,,미상,"계산동 한길자원 고물상 이른 아침(6시 이전) 부터 큰 소음 으로 생활 방해
지속적으로 민원 제기 중이나, 변화가 없음에 대한 민원",담당부서 이첩,푸른환경과,,complaints_2025.xlsx,푸른환경과
2025,1086,2025-08-29,,미상,노은2동 주민센터 앞 하기초 뒷골목 가로등 꺼짐,담당부서 이첩,건설과,,complaints_2025.xlsx,건설과
2025,1087,2025-08-29,,미상,관평동 * 공영 주차장 내 주차선 외 주차로 차량 출차 불가 민원 접수 요청,담당부서 이첩,주차관리과,,complaints_2025.xlsx,주차관리과
2025,1088,2025-08-29,,미상,어은동 올빼미 주막 앞 불법 주정차 단속 요청,단속반 전달,주차관리과,,complaints_2025.xlsx,주차관리과
2025,1089,2025-08-29,,미상,어은동 목양교회 앞 불법주정차 단속 요청,단속반 전달,주차관리과,,complaints_2025.xlsx,주차관리과
2025,1090,2025-08-29,,미상,유성시장 장대교 교량위 불법 주정차 단속 요청,야간단속반 전달,주차관리과,,complaints_2025.xlsx,주차관리과
2025,1091,2025-08-29,,미상,유성대광로제비앙아파트에서 오송역 방향 터널 진입하는 쪽 바로 옆에 고양이 사체 있음.,담당부서 이첩,청소행정과,,complaints_2025.xlsx,청소행정과
2025,1092,2025-08-28,,미상,계산동 ***-*번지 일원 가로등 불이 들어오지 않음,처리부서(건설과) 이첩,건설과,,complaints_2025.xlsx,건설과
2025,1093,2025-08-28,,유성경찰서,궁동 ***-*(구 소비자마트) ~ 충대 정문 방향으로 가로등 전체 안 들어옴. 조치 요망.,담당부서 이첩,건설과,,complaints_2025.xlsx,건설과
2025,1094,2025-08-28,,익명,온천로 **부터 계룡스파텔까지 불법주차 단속 원하심. 불법주차되어있어 횡단보도 건널때 차 오는지 확인 어렵다고 함.,담당부서 이첩,주차관리과,,complaints_2025.xlsx,주차관리과
2025,1096,2025-08-28,,익명,"노은역 주변 벤치, 책상 있는 쪽 불법광고물 포스터 붙어있어서 신고.
처분도 가능한지 궁금해하셔서 통화 원하심.",담당부서 이첩,건축과,,complaints_2025.xlsx,건축과
2025,1097,2025-08-28,,익명,새미래초등학교~새미래 중학교 사이 도리미공원 가로등 전체 불 들어오지 않음.,담당부서 이첩,공원과,,complaints_2025.xlsx,공원과
2025,1098,2025-08-28,,미상,마을버스1번 / 정류장에서 정차하지 않고 지나치는 경우가 빈번하다고 함. 민원인께서 내용 전달 원하심.(회신 불필요),담당부서 이첩,교통정책과,,complaints_2025.xlsx,교통정책과
2025,1099,2025-08-28,,익명,"8월 28일 11시 30분경 마을버스3번을 아이가 탑승(학하초등학교에서 하차, 드리움아파트 방면)해서 천원을 지불했는데 기사님이 잔돈 없으시다며 천원 다 받으셨다함.
민원인이 통화 원하십니다. ",담당부서 이첩,교통정책과,,complaints_2025.xlsx,교통정책과
2025,1100,2025-08-28,,미상,도안우미린트리쉐이드(용계동 산27-1) 앞 정류장 쪽에 승객들이 시내버스에 탑승하기 어려울 정도로 불법 주정차 차량이 많아 단속 요청 / 버스기사 분 전화,담당부서 이첩,주차관리과,,complaints_2025.xlsx,주차관리과
2025,1101,2025-08-28,,미상,신세계백화점 부근 과학의다리 밑 수변문화원 일대에서 노숙자인지는 모르겠지만 텐트를 치고 숙식을 하는 것으로 보이는 사람이 상주하고 있다고 하여 조치 요청,담당부서 이첩,공원과,,complaints_2025.xlsx,공원과
2025,1102,2025-08-27,,미상,마을버스 3번 무정차 신고 / 18:10 구암동정류장(학하동방면),담당부서 이첩,교통정책과,,complaints_2025.xlsx,교통정책과
2025,1103,2025-08-27,,미상,지족동 도리미어린이공원 내 가로등 불이 거의 다 안 들어와 처리 요청 / 요며칠 지속적으로 전화했다고 함,담당부서 이첩,공원과,,complaints_2025.xlsx,공원과
2025,1104,2025-08-27,,미상,은구비로***번길 ** 건물 앞쪽 가로등 2개에 불이 안 들어와 조치 요청,담당부서 이첩,건설과,,complaints_2025.xlsx,건설과
2025,1105,2025-08-27,,[삭제],유성경찰서 민원실 입구 앞 유기견 구조 요청,해당내용 유기동물 구조 담당자 전달(010-****-****),지역산업과,,complaints_2025.xlsx,지역산업과
2025,1106,2025-08-27,,미상,(지족동 ***-*) 앞 도로 불법주정차 단속 요청 / 민원인 연락처 불명,야간단속반 전달(8월 단속B팀),주차관리과,,complaints_2025.xlsx,주차관리과
2025,1107,2025-08-27,,미상,(한우물로 ***) 앞 2차선 도로변(대정동 **-*)에 고양이 사체 처리요망.,담당부서 이첩,청소행정과,,complaints_2025.xlsx,청소행정과
2025,1111,2025-08-26,,[삭제],"신성동 ***-* 도로변 가로수 쓰러짐(소방서에서 임시 조치), 추가 작업 요청",담당부서 이첩,녹지산림과,,complaints_2025.xlsx,녹지산림과
2025,1112,2025-08-25,,미상,봉명동 *** (태평소국밥에서 유성지구대 방면) 중앙분리대 파손,담담부서 이첩,건설과,,complaints_2025.xlsx,건설과
2025,1113,2025-08-25,,미상,롯데마트 서대전점에서 생오리 구매 후 변질,담당부서 이첩,지역산업과,,complaints_2025.xlsx,지역산업과
2025,1114,2025-08-25,,경찰,"금강유역환경청 근처 자전거 도로 갑천좌안 카이스트교에서 대덕대교방면 ***-***번길 쪽 싱크홀 발생 
25일 출근시간대에 발생, 이용자가 많아서 위험해 보여 빠른 복구 바란다고 함.",담당부서 이첩,건설과,,complaints_2025.xlsx,건설과
2025,1115,2025-08-24,,복용경찰서,화산봉교(학하북로 **-* ) 도로 위 캠핑카 불법주정차로 조치요청드립니다.,담당부서 이첩,주차관리과,,complaints_2025.xlsx,주차관리과
2025,1116,2025-08-24,,익명,"덕명동 *** 네오미아 아파트 ***동 정문 앞 횡단보도 쪽에 덤프트럭이 모래를 가득 쏟고 가서 통행에 지장을 초래하므로, 담당부서에서 확인후 조치요청드립니다",담당부서 이첩,청소행정과,,complaints_2025.xlsx,청소행정과
2025,1117,2025-08-24,,익명,"유림공원 스마트 파고라 이용시간이 아닌데 내부 불 켜져있어, 확인 요청드린다고 전화오셨습니다.",담당부서 이첩,공원과,,complaints_2025.xlsx,공원과
2025,1118,2025-08-24,,익명,"관평동(테크노중앙로**) 근처 도로 패여서 다리 다치심. 건물 관리사무소에 문의하였지만 구청으로 전화하라고 했다함.
밤에 일하는 사람이라 전화 못받을 수 있으니 문자라도 남겨달라 부탁하심.",담당부서 이관,건설과,,complaints_2025.xlsx,건설과
2025,1119,2025-08-24,,유성경찰서,관평동****번지 쓰레기 화재 후 잔해물 처리요청(인도쪽),주말 처리 어려움으로 해당부서 이첩,청소행정과,,complaints_2025.xlsx,청소행정과
2025,1120,2025-08-24,,익명,"신성동 공영주차장 내 불법 이중주차로 인해 차량 이동 못함. 경찰서 및 불법주정차 단속반장님 현장 확인 후 해결방법 없다고 안내해드림.
해당부서에서  당일 불편겪은 사항에 대한 해결방법 및 담당자 통화 원함(오전중 꼭 전화요망)",주차장 내 이중주차로 인한 견인은 불가능하다고 안내해드림. 당일 민원처리 어려움으로 해당부서 이첩,주차관리과,,complaints_2025.xlsx,주차관리과
2025,1121,2025-08-23,,노은지구대,반석역 ~ 세종 방향 버스전용차로 고라니 사체가 있어 풀숲에 치워놓음. 처리 요청,동물사체신고 업체 연락,청소행정과,,complaints_2025.xlsx,청소행정과
2025,1122,2025-08-23,,노은지구대,"노숙인(행려자) 신고 및 인계
 - 대상자: ***(******-*******), 전라북도 지안군 백운면 임진로 ****
 - 신원조회 결과: 거주지 불분명
 - 인계시간: 17:10 ","대전광역시 노숙인일시보호센터(042-****-****) 인계
 - 주소: 대전 동구 선화로 224, 2층(꿈터)
 - 인계자: 당직원 김우정 외 1명  ",생활보장과,,complaints_2025.xlsx,생활보장과
2025,1123,2025-08-23,,익명,도안네거리~새터삼거리 불법주정차 빈발로 단속 cctv 설치 건의,담당부서 이첩,주차관리과,,complaints_2025.xlsx,주차관리과
2025,1124,2025-08-23,,미상,갑천로*** 강변모터스 앞 도로공사중임 공사 언제까지 하는지 연락바람. 모터스 안에 차량 진출입 방해 받으므로 차량 이동할지 알기 위함.,담당부서 이첩,명품디자인담당관,,complaints_2025.xlsx,명품디자인담당관
2025,1125,2025-08-23,,미상,상대동 트리플시티 *단지 버스정류장 작은내수변공원방향에 불에탄 오토바이 방치됨  처리 바람. 도로에 그을린 흔적 있음.,담당 부서 이첩,교통정책과,,complaints_2025.xlsx,교통정책과
2025,1126,2025-08-23,,익명,전민동 ***-** 회전교차로에서 ***-* 도로방향으로 약200미터 지점 가로수 가지가 늘어져서 버스에 치일 정도라고 함. 전정요망,담당부서 이첩,녹지산림과,,complaints_2025.xlsx,녹지산림과
2025,1127,2025-08-23,,[삭제],구즉동 행정복지센터 복사기에 주민등록증 놓고 와서 확인 후 회신요청,담당부서 이첩,구즉동,,complaints_2025.xlsx,구즉동
2025,1128,2025-08-23,,[삭제],"재활용품 수거시 택배상자와 재활용상자가 함께 수거됨,  택배 찾고자 함.",담당부서 이첩,청소행정과,,complaints_2025.xlsx,청소행정과
2025,1129,2025-08-23,,미상,(대전 유성구 엑스포로***번길 **) 앞 도로에 은행나무 가지가 부러질 것 같고 조치가 시급해보임,소관부서 이첩,녹지산림과,,complaints_2025.xlsx,녹지산림과
2025,1130,2025-08-23,,미상,관평동 현대아울렛 밑 천변 동화울수변공원(무대 쪽)에 목줄을 달고 배회하는 유기견을 보호하고 있음. 구조바람.,담당 부서 이첩(김명덕 구조담당자 인계),지역산업과,,complaints_2025.xlsx,지역산업과
2025,1131,2025-08-23,,유성지구대,"ㅇ 유성지구대에서 주류 판매로 단속 적발된 노래연습장 정보를 공유, 관련 부서에 전달하고자 함.
 - 온천북로 **번길 **-* 
",관련 부서 이첩,문화관광체육과,,complaints_2025.xlsx,문화관광체육과
2025,1132,2025-08-22,,미상,도안어울림하트**단지아파트 정문 오른쪽 상가 구역에 장애인주차구역임을 인식할 수 없게 검정색 스프레이로 칠을 하여 구분이 어려움. 이런 경우에 어떤 조치가 필요한지 알고 싶음. 월요일에 담당자의 연락을 바람. ,담당 부서 이첩,노인장애인과,,complaints_2025.xlsx,노인장애인과
2025,1133,2025-08-22,,미상,"반석역~반석역네거리 가로등이 꺼져있음. 한달 전에도 같은 건으로 연락하여 해결은 되었으나 문제가 재차 발생하는 것이 이해가 되지 않음. 가로등 점등이 안되는 것을 조치를 해주고, 가로등이 이렇게 수시로 꺼지는 이유를 정확히 소명해 주었으면 함.",관련 부서 이첩,건설과,,complaints_2025.xlsx,건설과
2025,1135,2025-08-22,,[삭제],날개가 찢어진 박새를 구조하여 보호중임. ,펫레스큐에 전달,푸른환경과,,complaints_2025.xlsx,푸른환경과
2025,1136,2025-08-22,,미상,트리플시티 *단지 월공보도육교 근처 버스정류장에 불에 탄 오토바이가 며칠째 방치되어있어 차량 통행에 지장을 주고 있어 조치를 원함.,관련부서 이첩,교통정책과,,complaints_2025.xlsx,교통정책과
2025,1137,2025-08-22,,[삭제],하기동 ***-* 집 앞에 세워둔 차 바퀴에 나사못이 두번 박혀 있어서 cctv(관리번호 **-***) 열람을 희망함.,담당부서 이첩,회계과,,complaints_2025.xlsx,회계과
2025,1138,2025-08-22,,익명,계룡로 **-* 유성신협 신축공사 현장 인근 길에 불법주차로 인해 차량통행이 어렵다고 함.,담당부서 이첩,주차관리과,,complaints_2025.xlsx,주차관리과
2025,1140,2025-08-22,,익명,반석마을 *단지 하얀색 진돗개로 추정되는 유기견이 배회하여 구조 요청 ,담당부서 이첩(유기동물 구조 담당(김명덕님)에게 연락했으나 구조가 어렵다고 함.),지역산업과,,complaints_2025.xlsx,지역산업과
2025,1141,2025-08-21,,익명,계룡로 **-* 유성신협 신축공사 현장 인근 좁은 길에 불법주차로 인해 차량통행이 어렵다고 함.,담당부서 이첩,주차관리과,,complaints_2025.xlsx,주차관리과
2025,1142,2025-08-21,,익명,계룡로 **-* 유성신협 신축공사 현장 인근 길에 불법주차로 인해 차량통행이 어렵다고 함.,담당부서 이첩,주차관리과,,complaints_2025.xlsx,주차관리과
2025,1143,2025-08-21,,익명,계룡로 **-* 유성신협 신축공사 현장 인근 좁은 길에 불법주차로 인해 차량 통행이 어렵다고 함.,담당부서 이첩,주차관리과,,complaints_2025.xlsx,주차관리과
2025,1144,2025-08-21,,익명,"전투기 소음으로 민원 발생.
민원인이 전투기 소음과 관련해서 아무런 공지를 받지 못했다고 함.
훈련시 구청에서 주민들에게 소음이 발생한다는 공지 요청.",담당부서 이첩,푸른환경과,,complaints_2025.xlsx,푸른환경과
2025,1145,2025-08-21,,[삭제],"학하초등학교 정문 맞은편에 폐가로 추정되는 건물 쪽에 40~50마리의  개들이 방치되어 있음.
22:37분 경에  같은 내용으로 동일 민원 접수,  민원인(*** / 010-****-****)이 *** 님의  연락을 받고 출동했다고 함.
민원인  ***님께서 개들을 구조할 수 있는지 부서에서 확인하고 본인에게 연락을 해달라고 요청함.
 ",담당부서 이첩(유기동물 구조 담당자(김명덕)에게 연락했으나 유기동물 구조 담당자가 조치할 수 없다고 함.),지역산업과,,complaints_2025.xlsx,지역산업과
2025,1146,2025-08-21,,익명,"휴먼시아 *단지 앞에서 둔곡동 방향으로 도로에 가로등이 안 들어옴.
(조치 후 민원인에게 연락  요청)",담당부서 이첩,건설과,,complaints_2025.xlsx,건설과
2025,1147,2025-08-21,,[삭제],도안동 트리플시티 앞 원신흥들 육교 밑에 버스 승강장에 제초가 되지 않아 이용에 불편.,담당부서 이첩,건설과,,complaints_2025.xlsx,건설과
2025,1148,2025-08-21,,익명,"하나로 아파트 앞 공사소음 문제(같은 건으로 민원접수 다수)
- 새벽 시간에 공사가 진행되는 것에 대한 불편
- 오늘뿐만이 아니기 때문에 빠른 조치 요구(일과시간에 공사해줄 것을 요청)
- 민원인은 수도공사 같다고 말씀하심",해당부서 이첩,푸른환경과,,complaints_2025.xlsx,푸른환경과
2025,1150,2025-08-20,,미상,"하기동 (유성구청에서 분양해준 공동체)텃밭 수도에서 물이 샘
빠른 조치 희망",담당부서 이첩,지역산업과,,complaints_2025.xlsx,지역산업과
2025,1151,2025-08-19,,미상,"북대전주유소(S-oil) 가는 길(화암네거리 부근)
**노**** 차량이 중앙분리대를 들이받아 파손됨
차주 ***(******-*******) / 차주 연락처 010-****-****",담당부서 이첩,건설관리본부 시설부 시설정비과,,complaints_2025.xlsx,건설관리본부시설부시설정비과
2025,1152,2025-08-19,,미상,"042-****-**** 번호로 문자가 옴
본인 차를 이동주차해달라는 내용이며, 본인은 중구에 거주하고 차도 중구에 있는데 왜 이런 문자를 보냈냐고 하시며
문자보낸 담당자와 익일 통화 원함",담당부서 이첩,온천1동,,complaints_2025.xlsx,온천1동
2025,1153,2025-08-19,,미상,"유성구 반석동 ***-**번지에
금일 보안등 4개를 교체했는데 그 중 1개에 불이 안들어옴
빠른 조치 희망",담당부서 이첩,건설과,,complaints_2025.xlsx,건설과
2025,1154,2025-08-19,,미상,"봉명동 ***번길 주차단속 너무 많이하는 거 아니냐며, 공영주차장은 만들고 단속을 하던가 하며 하소연함
내일 오전(8/20)중에 과태료 부과한 담당자가 연락달라고 함",담당부서 이첩,주차관리과,,complaints_2025.xlsx,주차관리과
2025,1155,2025-08-19,,미상,관평동 대덕비즈센터 쪽 우회전 차선에 불법주차가 되어 있어 교통정리 요청,담당부서 이첩,주차관리과,,complaints_2025.xlsx,주차관리과
2025,1156,2025-08-18,,미상,"문지동 케이더블유뉴클리어콤포넌트와 오토플러스 사이 골목부터 효성헤링턴 아파트 근처까지 도로 전체에 교통사고 잔해가 쌓여있음
",도로 위 큰 잔해들 한쪽으로 치운 뒤 담당부서 전달,청소행정과,,complaints_2025.xlsx,청소행정과
2025,1157,2025-08-18,,미상,죽동 장대도시조성공사첨단산업(?) 관련 공사장인거같은데 먼지가 너무 날려서 위험하다고 치워달라하심.,담당부서 전달,푸른환경과,,complaints_2025.xlsx,푸른환경과
2025,1159,2025-08-18,,대전지방국토관리청,계룡터널 지나 세동교차로에 페인트 차량 전복되어 페인트 청소 요청함.,담당부서 이첩,건설과,,complaints_2025.xlsx,건설과
2025,1160,2025-08-18,,익명,"대전 유성구 한밭대로 *** (장대동), HD현대오일뱅크 한밭대로 셀프주유소 지점 도로변 뒷편에 쓰레기 무단매립이 의심되어 민원접수 요청",소관부서 이첩,청소행정과,,complaints_2025.xlsx,청소행정과
2025,1161,2025-08-18,,익명,한국원자력안전기술원 앞 하천변 청소작업으로 인해 하천으로 사람들을 내몰아 신변의 위협을 느낀다고 함. 조치요망.,담당부서 이첩,재난안전과,,complaints_2025.xlsx,재난안전과
2025,1163,2025-08-17,,불상,"농대로, 충대농대 방향으로 고양이 사체 1구

 11:40경 010-****-**** 동일 민원",펫레스큐 내용 전달,청소행정과,,complaints_2025.xlsx,청소행정과
2025,1164,2025-08-17,,미상,"대전광역시 농업기술센터에서 발생하는 공사 소음으로 불편 호소, 농업기술센터 직접 방문해서 해결요함.",담당부서 이첩,푸른환경과,,complaints_2025.xlsx,푸른환경과
2025,1165,2025-08-17,,미상,신세계 백화점 후문 인근 도로에 오전 8:30 ~ 9:50사이 불법시설물이 설치되어 통행에 불편하여 단속 요청,담당부서 이첩,건설과,,complaints_2025.xlsx,건설과
2025,1166,2025-08-16,,미상,"유성구 계룡로**번길 **-** 앞 도로에 물이 고여있음. 유선상 하수가 넘쳐 물이 졸졸 흐른다고 설명하셨는데, 발이 잠길정도로 심각하지는 않아서 근무일(월요일) 오전에 확인 가능하다고 답변드림.
아울러 이런 내용을 신고할 경우 포상제도가 있다고 들었는데, 그 부분도 같이 답변 받기를 원하심",담당부서 이첩,대전광역시,,complaints_2025.xlsx,대전광역시
2025,1168,2025-08-16,,미상,지족동 꿈에그린 *단지 ***동 앞 야외주차장 피흘리는 새 구조 요청,펫레스큐 전달,푸른환경과,,complaints_2025.xlsx,푸른환경과
2025,1169,2025-08-16,,익명,상대동 트리플시티 *단지와 *단지 사이 4차선 도로 화물차 주정차단속 요청,해당부서 이첩,주차관리과,,complaints_2025.xlsx,주차관리과
2025,1170,2025-08-16,,익명,카이스트 내부 외국인 교수 아파트 앞쪽 부상당한 새 구조 요청,펫 레스큐 문자 조치 함,푸른환경과,,complaints_2025.xlsx,푸른환경과
2025,1171,2025-08-16,,익명,도룡동 줄리엣로즈 카페 내에 다친 조류 구조 요청,펫레스큐 문자 조치 ,푸른환경과,,complaints_2025.xlsx,푸른환경과
2025,1172,2025-08-16,,익명,인터시티 호텔 앞쪽 족욕장에서 운동화 분실(타인 운동화랑 바뀐것으로 추정) / 확인 후에 연락 요망,해당 부서 이첩 (월요일 연락 드린다고 함.),공원과,,complaints_2025.xlsx,공원과
2025,1173,2025-08-16,,익명,송림근린공원 근처 화장실 건물 옆 도로에 인도쪽으로 고양이 사체 처리 요망.,펫레스큐 문자 조치 ,청소행정과,,complaints_2025.xlsx,청소행정과
2025,1174,2025-08-16,,익명,"과태료 관련 억울함 호소 
청장님 면담 요청 (월요일에 꼭 답변 전화 요망)",해당 부서 이첩,교통정책과,,complaints_2025.xlsx,교통정책과
2025,1175,2025-08-16,,[삭제],유성구 전민로 ** 삼성푸른아파트 ***동 뒤쪽 다친 조류 구조 요청,펫레스큐 문자 연락 취함,푸른환경과,,complaints_2025.xlsx,푸른환경과
2025,1177,2025-08-16,,익명,대전 유성구 장대동 ***-* 음식물 쓰레기 수거 요청(지속적으로 요청하였으나 처리되지 않음),담당부서 이첩,청소행정과,,complaints_2025.xlsx,청소행정과
2025,1179,2025-08-15,,익명,"송강한마을아파트, 롯데마트, 관평농협 인근 악취 민원",담당부서 이첩,푸른환경과,,complaints_2025.xlsx,푸른환경과
2025,1182,2025-08-15,,익명,복용동 *** 학하동 행정복지센터 앞 도로 가로등 문이 열려 있어 위험해 보임,담당부서 이첩,건설과,,complaints_2025.xlsx,건설과
2025,1183,2025-08-15,,미상,"가로등 5개 고장 수리 요망
- 위치: 신성동네거리~송림*단지",담당부서 이첩,건설과,,complaints_2025.xlsx,건설과
2025,1184,2025-08-15,,미상,신세계 백화점 뒷편 불법주차 단속 요청,주차관리과 주말단속반에 조치요청,주차관리과,,complaints_2025.xlsx,주차관리과
2025,1185,2025-08-15,,미상,상대동 태극기 게양 위치 확인 요청,상대동 총무에게 설명 요청,상대동,,complaints_2025.xlsx,상대동
2025,1186,2025-08-15,,미상,유성ic삼거리 강아지 사체처리 요청,펫레스큐 보고,지역산업과,,complaints_2025.xlsx,지역산업과
2025,1187,2025-08-15,,미상,소라실카페 부상 고양이 구출 요청,펫레스큐 전달완료,지역산업과,,complaints_2025.xlsx,지역산업과
2025,1188,2025-08-15,,미상,금고동 ***-* 고라니 사체 처리,펫레스큐 전달완료,지역산업과,,complaints_2025.xlsx,지역산업과
2025,1189,2025-08-15,,익명,"대정동 일원 도로 태극기게양대가 도로쪽으로 휘어져 임시 철거를 해놓은상태
후 처리 관련하여 회신 요청",해당부서 이첩,진잠동,,complaints_2025.xlsx,진잠동
2025,1190,2025-08-14,,익명,구암역에서 유성ic방면 로드킬 처리요망,펫레스큐 문자 전송 및 사체처리대장 기재,청소행정과,,complaints_2025.xlsx,청소행정과
2025,1191,2025-08-14,,익명,"반석동 ***번지 내 현수막(헬스장 관련) 철거 요청
광고 사진이 너무 선정적임
처리 내용 회신 요청",해당부서 이첩,건축과,,complaints_2025.xlsx,건축과
2025,1192,2025-08-14,,익명,"오당골근린공원 내 공원등 안들어옴
민원인 회신 요청함",담당부서 이첩,공원과,,complaints_2025.xlsx,공원과
2025,1193,2025-08-14,,익명,"방동저수지 포토존 인근 수목 고사 중
현장확인 요청",해당부서 이첩,공원과,,complaints_2025.xlsx,공원과
2025,1194,2025-08-13,,익명,학하중앙로***번길 *-** 인근 골목 가로등이 여러개가 다 안들어옴.. 조치요청,관련부서 이첩,건설과,,complaints_2025.xlsx,건설과
2025,1195,2025-08-13,,[삭제],"관평동 인근(용신교~신구교) 다리사이 구간에 도로 화물차 주차단속 요청(퇴근시간 불편)
단속반 단속요청 문자 전송 및 민원인께 저녁시간 주차단속유예시간은 안내해드렸음",담당부서 이첩,주차관리과,,complaints_2025.xlsx,주차관리과
2025,1196,2025-08-12,,익명,**** 웨딩센터 늦은시간(8시23분)까지 공사 소음 민원,해당부서 이첩,푸른환경과,,complaints_2025.xlsx,푸른환경과
2025,1197,2025-08-12,,유성경찰서 구즉지구대,미성년자에게 주류 판매 적발 / 구즉로 ** 상가동 *층 ***호 ,관할 부서로 민원 접수,위생과,,complaints_2025.xlsx,위생과
2025,1198,2025-08-12,,[삭제],복지급여 관련 입출금 내역 제출하라는 문자를 받고 문의,해당부서 이첩,생활보장과,,complaints_2025.xlsx,생활보장과
2025,1199,2025-08-12,,익명,며칠 전 온천2동 공용컴퓨터 사용 후 USB분실. 연락바람,해당부서 이첩,온천2동,,complaints_2025.xlsx,온천2동
2025,1200,2025-08-11,,미상,"관평동 명진식당 횡단보도에 상시 주차해놓은 차 견인 요청
**구****
추후 주차 못하게 조치 요청",해당부서 이첩,주차관리과,,complaints_2025.xlsx,주차관리과
2025,1201,2025-08-11,,미상,공군대학아파트 ***동 앞 고라니 사체 처리 요청,펫레스규 전달,청소행정과,,complaints_2025.xlsx,청소행정과
2025,1202,2025-08-11,,유성경찰서,"미성년자 주류 판매 단속
(농대로**번길 **) / 대표자 ***",해당부서 이첩,위생과,,complaints_2025.xlsx,위생과
2025,1203,2025-08-10,,미상,"악취 민원 / 테크노밸리**단지
20분전부터 하수구 냄새, 가스 냄새 등 악취가 너무나 심하게 난다고 하심
아파트 카페글에도 악취가 심하다고 하심",악취종합상황실 전달 및 해당부서 이첩,푸른환경과,,complaints_2025.xlsx,푸른환경과
2025,1204,2025-08-10,,미상,"새끼 고양이 구조 요청
관평동 롯데마트 대덕점 부근 트럭 밑에서 안 나온다고 함
트럭번호 **라****",해당부서 이첩,지역산업과,,complaints_2025.xlsx,지역산업과
2025,1205,2025-08-10,,미상,"부상 고양이 구조요청
엑스포아파트 관리소(배스킨라빈스 쪽)",유기동물 구조 담당(김명덕) 연락,지역산업과,,complaints_2025.xlsx,지역산업과
2025,1206,2025-08-10,,미상,"가로등 및 가로수 파손 / 구룡달전로 ***
오후 5시경 교통사고로 인해 가로등은 아래가 휘어있고 가로수는 아예 뽑혀있다고 하심",관련부서 이첩,건설과,,complaints_2025.xlsx,건설과
2025,1207,2025-08-10,,미상,"악취 민원 / 용산동 호반써밋
작년에도 그렇고, 올해도 악취가 난다고 함
아파트 카페글에도 악취난다는 글이 많이 올라온다고 하심",악취종합상황실 근무자 전달 및 해당부서 이첩,푸른환경과,,complaints_2025.xlsx,푸른환경과
2025,1208,2025-08-10,,미상,"자운대 수운교 부근 가로등 안들어옴
장마 이후에 고쳤는데 보름이상 다시 불이 안들어옴
전체적으로 확인 후 수리 요청",해당부서 이첩,건설과,,complaints_2025.xlsx,건설과
2025,1210,2025-08-10,,미상,"쓰레기 불법투기 민원(CU 봉명호반점 사장님)
CU 봉명호반점(유성구 도안동로 ***)에서 쓰레기 봉투 구입 후에 쓰레기 담은 쓰레기봉투를 편의점 앞에 버리고 가셨다고 함
CCTV 확인결과 16:00 경 40대후반~50대초반 남녀라고 하심",해당부서 이첩,청소행정과,,complaints_2025.xlsx,청소행정과
2025,1211,2025-08-10,,미상,다리다쳐서 날지 못하는 콩새 민원인 집에서 보관 중,펫레스큐 전달,푸른환경과,,complaints_2025.xlsx,푸른환경과
2025,1212,2025-08-10,,미상,"고라니 사체 처리 요청
상대동 아이파크시티아파트 맞은편 버스정류장 근처 횡단보도(상대동->봉명동 방향)",펫레스큐 전달 완료,청소행정과,,complaints_2025.xlsx,청소행정과
2025,1213,2025-08-10,,미상,"신성동(신성남로***번길 ** 부근)
자주 목격되는 노숙자인데 현재 다리를 절고 있어서 도움이 필요해 보임
인상착의: 남자, 겨울점퍼 입고있으며 옷이 찢어짐, 마스크 착용 중
찍어놓은 사진이 있으므로 연락하면 알려준다고 함",해당부서 이첩,신성동,,complaints_2025.xlsx,신성동
2025,1215,2025-08-10,,미상,상대동 아이파크시티 버스정류장 부근 고라니 로드킬,동물사체신고업체 전달,청소행정과,,complaints_2025.xlsx,청소행정과
2025,1218,2025-08-10,,[삭제],신성동 두레아파트 ***동 ***동 사이 부상당한 조류 신고,구조 담당자 전달,지역산업과,,complaints_2025.xlsx,지역산업과
2025,1219,2025-08-10,,미상,"유성고네거리 봉오동순댓국 인근 건널목 부근 생활쓰레기 불법 투기 단속 및 조치 요청
- 박스 채 투기, 쓰레기 속 처방전에서 '최왕근' 이름 확인",담당부서 이관,청소행정과,,complaints_2025.xlsx,청소행정과
2025,1220,2025-08-10,,미상,학하동 ***-* 공사소음 민원. 조치요청,담당부서 이관,푸른환경과,,complaints_2025.xlsx,푸른환경과
2025,1221,2025-08-10,,미상," (대전 유성구 학하남로**번길 **) 앞 중간사이즈 프랜치블독이 배회하고 있음. 구조요청
-시 당직실에서 전달","유기동물 구조대(김명덕) 연락(전화,문자)하여 해당내용 인계 출동 요청",지역산업과,,complaints_2025.xlsx,지역산업과
2025,1222,2025-08-10,,미상,대덕테크노밸리 *단지 숨을 못쉴정도로 악취가 심함. 악취종합상황실에 접수 요청.,악취종합상황실 근무자에게 해당 민원내용 전달,푸른환경과,,complaints_2025.xlsx,푸른환경과
2025,1223,2025-08-09,,미상,대덕테크노밸리 *단지 ***동 창문열면 악취가 심함. 악취종합상황실에 해당내용 접수 요청.,악취종합상황실 근무자에게 전달,푸른환경과,,complaints_2025.xlsx,푸른환경과
2025,1227,2025-08-09,,미상,"수변공원->관평동 방향 도로 *차선 중 2개 차선 막고 공사중임.
공사하는 것까진 이해하는데 공사 관계자로 추정되는 사람(경찰 아님)이 도로를 임의적으로 통제함. 계도 요청",해당부서 이첩,건설과,,complaints_2025.xlsx,건설과
2025,1228,2025-08-09,,미상,"긴급복지상담 요청. 지금 6인 가족이며, 급여가 압류당한 상황이라 생계가 어려움. 상대동 거주",담당부서 이첩,상대동,,complaints_2025.xlsx,상대동
2025,1231,2025-08-09,,[삭제],학하동 재활용 쓰레기 수거해가는 곳 위치 문의. 다음주 월요일 담당자 확인후 연락요청,담당부서 이첩,청소행정과,,complaints_2025.xlsx,청소행정과
2025,1233,2025-08-09,,미상,"재활용 쓰레기 비닐류만 수거 안함. 위치는 봉산동 송강마을*단지 정문 앞 
수거 관련 몇번 민원넣으셨다고 제대로 수거 부탁한다고 요청하심. ",해당부서 이첩,청소행정과,,complaints_2025.xlsx,청소행정과
2025,1234,2025-08-09,,미상,본인 휴대폰으로 유성구청에서 부동산 임대차계약(접수번호:***-****) 관련 카톡이 옴.  본인은 강원도사람이고 대전으로 이사 갈 예정도 없음. 휴대폰 번호가 잘못 입력된거 같다고 하심. ,해당부서 이첩,공동주택과,,complaints_2025.xlsx,공동주택과
2025,1235,2025-08-09,,미상,"화암네거리 떠돌이개(중간사이즈, 백구) 구조 요청
구조담당자(김명덕) 전달->현장가서 2마리 구조 (1마리는 카센터 주인있는 개, 1마리는 카센터 밑 하우스 개로 추정)",구조담당자->담당부서 전달사항 : 카센터 밑 하우스에 개 4마리정도 있는데 밤마다 풀어놓음. 담당자분이 현장 가서 계도 또는 조치가 필요함.,지역산업과,,complaints_2025.xlsx,지역산업과
2025,1237,2025-08-08,,미상,"송강동 스티로폼 대량 배출 관련 문의(배출 시 스티커를 붙여서 배출해야하는지, 배출장소 협의 등)
월요일에 꼭 연락달라고 하셨음
",해당부서 이첩,청소행정과,,complaints_2025.xlsx,청소행정과
2025,1238,2025-08-08,,[삭제],"학하로 **(학의뜰 학하리슈빌아파트) 인근 주변 공장인지, 건설현장인지 알 수 없으나
뭔가를 태우는 냄새, 먼지 등으로 인해 두통, 목아픔 호소(밤 8시 ~10시 경 가장 심각함)
저녁에 냄새, 먼지 등이 심할 때 연락을 하면 한 번이라도 현장 확인하러 나와줬으면 함",해당부서 이첩,푸른환경과,,complaints_2025.xlsx,푸른환경과
2025,1239,2025-08-08,,미상,"복용초등학교 옆 힐스테이트도안리버파크 *단지아파트 공사 소음 민원
주말 새벽부터 공사를 하는데 해결 방법이 없는지 문의
",해당부서 이첩,푸른환경과,,complaints_2025.xlsx,푸른환경과
2025,1240,2025-08-08,,미상,북대전IC ~ 도룡동 방향 고가(현대오일뱅크 맞은편쯤) 가로등 깜빡임,해당부서 이첩,건설과,,complaints_2025.xlsx,건설과
2025,1242,2025-08-08,,미상,"유성구 관들*길 **-** (관평동) 식당 식사 후 화장실을 갈때 입구에 문턱이 있는데 안내문이 없어서 2번 넘어진 바 있고, 지인도 넘어짐.
주의문구가 없는 등 건물관리가 소홀한데 건물관리인의 연락처를 찾지 못하여 민원 제기하였고 건물관리 지도가 가능한지...연락달라고 하심",해당부서 이첩,건축과,,complaints_2025.xlsx,건축과
2025,1243,2025-08-08,,[삭제],"노은동 ***-*라고 하며, 다이소 뒤쪽 길 단속 요청
10분 후 다시 전화와서 단속반 통화 후 조치 요청했다고 하니 월요일에 과장님 뵙고 조치 했는지 확인한다고 함","단속반 통화 후 조치해주실것을 요청함
",주차관리과,,complaints_2025.xlsx,주차관리과
2025,1244,2025-08-08,,익명,관평동 세관에서 전민동 방향으로 ***~400M 지점 횡단보도 위 불법 주정차 차량 단속요청,주차 단속반 전달,주차관리과,,complaints_2025.xlsx,주차관리과
2025,1245,2025-08-07,,익명,유성시장 장대교 불법 주정차 단속요청,단속반 전달,주차관리과,,complaints_2025.xlsx,주차관리과
2025,1246,2025-08-07,,익명,송강마을*단지 ***동 후문 불법주정차 차량 단속 요청,주정차 단속반 전달,주차관리과,,complaints_2025.xlsx,주차관리과
2025,1247,2025-08-07,,익명,한남대학교 전민캠퍼스에서 대한항공기술연구원 방면 중앙선에 고라니 사체 수거 요청 ,펫레스큐에 민원 전달,청소행정과,,complaints_2025.xlsx,청소행정과
2025,1248,2025-08-06,,[삭제],진잠동 노인복지 업무 관련하여 담당자와 통화했었다며 목요일(8.7) 출근 시 바로 전화주길 요청함.,담당부서 이첩,진잠동,,complaints_2025.xlsx,진잠동
2025,1249,2025-08-06,,익명,도룡동 성당 인근 주택가 거주민인데 수·일요일에 오던 재활용쓰레기차가 한동안 오지 않아 길거리에 쓰레기가 수거되지 않고 많이 쌓여있음. 확인 요청함.,담당부서 이첩,청소행정과,,complaints_2025.xlsx,청소행정과
2025,1250,2025-08-05,,익명,"유성구 대학로 ** 주변 불법주차 차량 견인여부 확인 요청
주차일 : 8.4.(월) / 확인요청 :8.5.(화)
차량 : **호**** 흰색 K8",담당부서 이첩,주차관리과,,complaints_2025.xlsx,주차관리과
2025,1251,2025-08-05,,익명,주차관련 민원으로 통화 요청,담당부서 이첩,주차관리과,,complaints_2025.xlsx,주차관리과
2025,1252,2025-08-05,,미상,"마을버스 5번 탑승 후  송강전통시장 18시 전후 하차 
본인 휴대폰 분실 (아이폰 14 흰색) - 분실물 습득여부 문의",해당부서 이첩,교통정책과,,complaints_2025.xlsx,교통정책과
2025,1253,2025-08-05,,익명,카이스트 정문 앞 유성구청 방면 도로에 구멍이 있음,담당부서 이첩,건설과,,complaints_2025.xlsx,건설과
2025,1254,2025-08-05,,익명,학하동 ***-**번지(학하초교 앞) 도로공사 관련 민원 제기(6시 이후 작업 자제 요청). 연락 요청,담당부서 이첩,건설과,,complaints_2025.xlsx,건설과
2025,1255,2025-08-05,,[삭제],학하동 ***-**번지(학하초교 앞) 도로공사 관련 민원 제기. 연락 요청,담당부서 이첩,건설과,,complaints_2025.xlsx,건설과
2025,1257,2025-08-04,,[삭제],음식점의 바가지 요금 의심 신고하고자 함(구암동 소재 음식점),담당부서 이첩,위생과,,complaints_2025.xlsx,위생과
2025,1258,2025-08-04,,미상,장대네거리(온천2동) 속도위반카메라 교통사고로 인하여 파손. 조치 요청.,"시청 당직실(정도영) 이관 조치  042-****-**** (25.8.4 06:53)
유성지구대 현장상황 문의  042-****-**** (25.8.4 07:18)",운영지원과,,complaints_2025.xlsx,운영지원과
2025,1259,2025-08-04,,미상,봉명동 ***-*번지 모나빌3차아파트 출입구 막은 K5승용차(***허****우) 견인 요청,담당부서 이첩,주차관리과,,complaints_2025.xlsx,주차관리과
2025,1260,2025-08-04,,유성지구대,봉명동 ***-*번지 모나빌3차아파트 출입구 막은 K5승용차(***허****우) 견인 요청,담당부서 이첩,주차관리과,,complaints_2025.xlsx,주차관리과
2025,1261,2025-08-03,,미상,원내동 일대 가로등 점멸(미작동) 확인 요청. (19:48 가로등 미작동),담당부서 이첩,건설과,,complaints_2025.xlsx,건설과
2025,1262,2025-08-03,,미상,"죽동, 장대동 일대 가로등 점멸(미작동) 확인 요청. (19:41 가로등 미작동)",담당부서 이첩,건설과,,complaints_2025.xlsx,건설과
2025,1263,2025-08-03,,미상,"- 도로 공사(레미콘 작업)로 인한 교통체증 발생
- 장소: 학하초 삼거리 (동양하우징 건물, 진잠옛로 ***)
- 공사표지판을 수미터 전에는 설치해줘야 우회하여 교통체증 발생안할 것 같다, 공사가 진행된지 한달정도 된것 같은데 이와 같은 상황 해소 안됨.",해당부서 이첩,건설과,,complaints_2025.xlsx,건설과
2025,1264,2025-08-03,,미상,"악취민원
장소: 용산동 호반아파트 부근, 용산동 ***-*번지 쪽에 가축 분뇨로 추정됨",악취종합상황실 연락 및 해당부서 이첩,푸른환경과,,complaints_2025.xlsx,푸른환경과
2025,1265,2025-08-03,,미상,"새끼고양이 부상 구조 요청
장소: 교촌동 한승미메이드 아파트",담당센터 전달 및 해당부서 이첩,지역산업과,,complaints_2025.xlsx,지역산업과
2025,1266,2025-08-03,,신세계직원,신세계백화점 뒷편 안전지대 차량이 너무 많다고 함 단속 및 이동 조치 요청,주말 단속반에 전달 하여 처리요청,주차관리과,,complaints_2025.xlsx,주차관리과
2025,1269,2025-08-03,,미상,무연고자 사망. 시신 운구 조치요청. (지족동 ***-*),담당부서 이첩,생활보장과,,complaints_2025.xlsx,생활보장과
2025,1271,2025-08-02,,미상,죽동 ***-**번지 근처 도로에서 불법 공사하고있음. 구청에 신고하여 일시정지 받은 상태이나 밤에 몰래 공사하고 있으니 조치 요청,담당부서 이첩,건축과,,complaints_2025.xlsx,건축과
2025,1272,2025-08-02,,미상,"죽동 ***-** 공사정지 처분중인데, 포크레인 들어가고 야밤에 공사진행중. 소음 발생. 안전법 위반 등 문제 제기. 출입구를 아예 막거나 근본적인 해결책 요구.",담당부서 이첩,건축과,,complaints_2025.xlsx,건축과
2025,1273,2025-08-02,,미상,열매마을 **단지 경비실에서 유기동물 보호중,구조 담당자에게 전달완료,지역산업과,,complaints_2025.xlsx,지역산업과
2025,1274,2025-08-02,,익명,"노은동 피자스쿨에서 식사하는데 위생 상태가 너무 안좋아 위생신고 원하심. 
매장안에 거미가 많고, 컵도 더러웠고, 식기류가 전체적으로 매우 더러웠다고 함.",담당부서 이첩,위생과,,complaints_2025.xlsx,위생과
2025,1275,2025-08-02,,미상,"봉명동 제주똥돼지 오겹살 앞 일대에 비둘기 사료를  주고 다니는 사람 및 차량(**조**** / 트렁크에서 사료를 꺼내는것을 목격함) 발견하여 신고함. / 사진 필요시 연락하면 사진제공 가능
단속 등 조치 바람.",담당부서 이첩,푸른환경과,,complaints_2025.xlsx,푸른환경과
2025,1276,2025-08-02,,익명,유성호텔 사거리 밤시간 호객행위(사복을 입고) 여러명이 2차 등 호객행위를 많이 함 / 유흥업소 불법영업 등 단속요청 ,관련부서 이첩,위생과,,complaints_2025.xlsx,위생과
2025,1277,2025-08-02,,익명,구암동 ***-*번지 주변 도로 공사중인지 정확히는 알 수 없으나 악취와 소음이 심하다고 함.,담당 부서 이첩,푸른환경과,,complaints_2025.xlsx,푸른환경과
2025,1278,2025-08-02,,익명,봉명동 코오롱 공사 주변 소음이 심각함 (토요일 소음이 가장 심각함),담당 부서 이첩,푸른환경과,,complaints_2025.xlsx,푸른환경과
2025,1279,2025-08-01,,익명,노은역광장 다이소 근처 주차난이 심각하니 단속원뿐만 아니라 실무자들도 나와있으라는 민원,담당부서 이첩,주차관리과,,complaints_2025.xlsx,주차관리과
2025,1280,2025-08-01,,119상황실,"송강마을아파트 ***동 ***호 거주 여성의 신고로 *** 구급대원 출동하였으나 구급차 탑승 거부
어르신 단말기(추정) 벨소리로 인한 민원으로 판단하여 유성구청 전달.  확인 후 해결 요망
(단말기 벨소리 off 요망)
",담당부서 이첩,노인장애인과,,complaints_2025.xlsx,노인장애인과
2025,1282,2025-08-01,,미상,"송강동 한솔아파트 ***동 앞 E마트24(한솔상가) 앞 도로가 왕복2차선임.
이 장소가 불법주차 신고 가능 지역인지 확인하여 연락 바람.",관련부서 이첩,주차관리과,,complaints_2025.xlsx,주차관리과
2025,1284,2025-07-31,,익명,"대광로제비앙(와룡로***) 악취민원발생
",담당 부서 이첩(악취종합상황실 군무자),푸른환경과,,complaints_2025.xlsx,푸른환경과
2025,1286,2025-07-31,,미상,"신성동 ***-* 신서(일식당) 앞 씽크홀 발생
처리결과 연락 요망",담당부서 이첩,건설과,,complaints_2025.xlsx,건설과
2025,1287,2025-07-31,,미상,신성동 대포갈비 주차장 입구 쪽 지름 40~50 센티미터의 싱크홀이 있음.,관련부서 이첩,건설과,,complaints_2025.xlsx,건설과
2025,1288,2025-07-31,,미상,재산세 고지를 못받은거 같음(주소지에 일주일에 한번정도 방문함),관련부서 이첩,세정과,,complaints_2025.xlsx,세정과
2025,1289,2025-07-31,,미상,본인은 기초생활 수급자인데 의료급여 변동된 듯 한데 왜 그런건지 알고 싶음.,관련부서 이첩,진잠동,,complaints_2025.xlsx,진잠동
2025,1290,2025-07-31,,익명,"공원과에서 운영하는 신성동 연구단지종합운동장 내 물놀이장에 새 한 마리가 몇 시간째 계속 그 자리에 가만히 있어서 이상해서 신고함 / 조치 요망
",담당부서 이첩,푸른환경과,,complaints_2025.xlsx,푸른환경과
2025,1291,2025-07-30,,익명,관평천변로(운암네오미아*단지아파트와 밸리우림필유**단지아파트 사이 도로)에 대형 트럭이 매일 8시 넘어서 주차를 하여 위험하니 조치 요청,담당부서 이첩,교통정책과,,complaints_2025.xlsx,교통정책과
2025,1292,2025-07-30,,익명,"공사 소음 관련 전화 민원 / 유성구 장대동 한밭대로***번길 **, 스위트빌 ***호 공사
 - 민원요지: 18시 넘은 시간에 공사소음으로 불편, 앞으로 이런 공사소음이 18시 이후에도 지속되면 본인이 할 수 있는 조치가 뭔지 전화 회신 요청드렸습니다.",담당부서 이첩,푸른환경과,,complaints_2025.xlsx,푸른환경과
2025,1293,2025-07-30,,익명,"싱크홀 신고 / 자운동 **-** 일원 (대포갈비와 대왕본가 골목길)
너비 40cm 깊이 4~50cm 가량",담당부서 이첩,건설과,,complaints_2025.xlsx,건설과
2025,1294,2025-07-30,,익명,은골어린이공원(궁동)에서 남자분이 야구공으로 계속 바닥을 세게 내리쳐 바닥이 파손되고 있음(수시로 목격됨) / 07.30.  08:34분 전화,관련부서 이첩,공원과,,complaints_2025.xlsx,공원과
2025,1295,2025-07-30,,익명,마을버스 5번 노선 관련민원(25.07.24. 18:16경 / 노선이 도룡에서 연구원쪽으로 갔는데 원래는 이 노선이 아니었음. 정상노선 운행이 맞는지 사실관계 파악 후 회신요청 희망),관련부서 이첩,교통정책과,,complaints_2025.xlsx,교통정책과
2025,1296,2025-07-30,,익명,봉명동 ***-* 송암모텔 앞 정화조 역류,관련부서 이첩,푸른환경과,,complaints_2025.xlsx,푸른환경과
2025,1297,2025-07-30,,익명,원신흥동 ***번지 트리풀시티아파트에서 보이는 바로 앞 공사현장에서(친수1초등학교 예정지 )에서 화염방지기로 태우고 산업폐기물 소각 불법신고함. 민원인이 즉시 단속  요청함.,관련부서 이첩,청소행정과,,complaints_2025.xlsx,청소행정과
2025,1298,2025-07-29,,익명,송강동 한마을아파트 ***동 주민 악취신고 (23:52분경),관련부서 이첩,푸른환경과,,complaints_2025.xlsx,푸른환경과
2025,1299,2025-07-29,,익명,"- 전민동 산 5-15 (별베이커리 건물 진입하는 쪽) 싱크홀 발생 신고(119, 지구대 출동)
- 전날(07.28.) 동일 신고건 / 사고 위험성으로 빠른조치 요망 ","당직사령 및 당직원 현장확인 출동, 해당부서 이첩",건설과,,complaints_2025.xlsx,건설과
2025,1300,2025-07-29,,익명,진잠향교 뒷편 불법소각 단속요청,관련부서 이첩,청소행정과,,complaints_2025.xlsx,청소행정과
2025,1301,2025-07-29,,유성지구대,온천로 ** 인근 가로등용 분전함 열려있음. 관리번호 **-** ,담당부서 이첩,건설과,,complaints_2025.xlsx,건설과
2025,1302,2025-07-29,,익명,열매마을 *단지~*단지 사이 도로변 가로등 조명 고장으로 수리요청 / 010-****-****(21:24분경 2차 민원전화) / 010-****-****(22:02 3차 민원전화),담당부서 이첩,건설과,,complaints_2025.xlsx,건설과
2025,1303,2025-07-29,,익명,"차량통행 불가 (구룡동 버스승강장 천동천1교 부근)
작업차량으로 길이 막혀있어 버스가 지나갈수 없음",담당부서 이첩,주차관리과,,complaints_2025.xlsx,주차관리과
2025,1304,2025-07-29,,익명,"동물사체신고(고라니 추정), 처리 후 전화 회신 요청
계룡1터널 진입 전 (세동 → 공주 방향) , 형체가 많이 훼손",담당부서 이첩(평일 06-09시),청소행정과,,complaints_2025.xlsx,청소행정과
2025,1305,2025-07-29,,익명,동물사체신고(고양이) 문지네거리 → 전민네거리 방면,담당부서 이첩(평일 06-09시),청소행정과,,complaints_2025.xlsx,청소행정과
2025,1306,2025-07-28,,익명,"가로등 꺼져있음 (장동 **-** 다름고개 삼거리 부근, 대로 ***m 이상)",담당부서 이첩,건설과,,complaints_2025.xlsx,건설과
2025,1307,2025-07-28,,익명,"가로등 꺼져있음 (노은동 *** 부근, 100m 가량)
이상있는지 확인 및  점검 후 전회회신 요청(원인이 궁금)

+ 동일민원 3건",담당부서 이첩,건설과,,complaints_2025.xlsx,건설과
2025,1308,2025-07-28,,익명,"포트홀 신고 / 엑스포로 ***번길 **-** 진출입로 부근
너비 20cm 깊이 50cm 가량",담당부서 이첩,건설과,,complaints_2025.xlsx,건설과
2025,1311,2025-07-28,,119상황실,해당 주소 고라니 사체 수거 요청,관련부서 이첩,청소행정과,,complaints_2025.xlsx,청소행정과
2025,1312,2025-07-27,,유성경찰서,전민동 ***-*(전민네거리 엑스포로) 교통사고 파편 처리 요청,관련부서 이첩,청소행정과,,complaints_2025.xlsx,청소행정과
2025,1313,2025-07-27,,익명,카이스트 삼거리부터 구성삼거리까지 도로 가로등이 며칠째 꺼져있음,관련부서 이첩,건설과,,complaints_2025.xlsx,건설과
2025,1316,2025-07-27,,시청 콜센터,"유성온천역 맥도날드 앞 신호등 없는 횡단보도가 있는데
일부가 스펀지처럼 말랑해서 땅꺼짐 우려가 있음.",담당부서 이첩,건설과,,complaints_2025.xlsx,건설과
2025,1319,2025-07-27,,미상,"방동저수지 근처 차로 통행하다가 돌덩이를 밟고 타이어가 펑크나서 교체하였음
이와 관련하여 보상문제로 담당자와 통화하고 싶음
- 차량번호: **구****, 차주: ***",담당부서 이첩,건설과,,complaints_2025.xlsx,건설과
2025,1320,2025-07-27,,미상,"배달기사인데 행인이 배달통에 쓰레기를 투기함.
내용물 조사하여 쓰레기 투기한 사람을 확인하고 싶어하심.",담당부서 이첩,청소행정과,,complaints_2025.xlsx,청소행정과
2025,1321,2025-07-27,,db손해보험,"유성대로 **** 앞에 자전거도로 펜스를 가해자가 주행 중에 들이받아 파손시켜 보험회사에 도로시설물 원상복구 접수함. 가해자(*** 010-****-****, 차량번호 **러****), 보험사(db손해보험, 010-****-****)",교통사고 피해로 인한 도로시설물 원상복구 요청,건설과,,complaints_2025.xlsx,건설과
2025,1322,2025-07-27,,유성경찰서,덕명네거리에서 현충원방향으로 대전시내버스 기사가 교통사고로 가로등을 전도시킴. 건설과 전기팀에 내용 전달완료함. 해당 팀 현장반이 조치한다고 하며 이에 대한 후속조치 필요 요망.,담당부서 이첩,건설과,,complaints_2025.xlsx,건설과
2025,1323,2025-07-27,,유성 경찰서,덕명네거리에서 현충원 방향으로 대전시내버스 기사가 교통사고로 가로수를 전도시킴. 사고원인자(010-****-****)에게 보험회사 등을 통해 조치를 요청하였음. 경찰 통해 현장사진 확인 결과 가로수 담당자 추가 확인이 필요해 보임.,담당부서 이첩,녹지산림과,,complaints_2025.xlsx,녹지산림과
2025,1324,2025-07-26,,미상,전민동 토지주택공사 정문에서 후문사이 가로등 고장난 곳이 있어 수리 요청.,담당부서 이첩,건설과,,complaints_2025.xlsx,건설과
2025,1325,2025-07-26,,미상,용계동 ***-* 거주민이 금일 출근후 퇴근하여 확인해보니 본인 앞 빌라 앞 나무 불법투기로 인해 방범용 cctv 열람을 요청하심. 회신 요망.,담당부서 이첩,회계과,,complaints_2025.xlsx,회계과
2025,1326,2025-07-26,,미상,"위치: 관평동 *** 
내용: 비둘기 먹이를 주는 사람이 있어 현수막 설치 및 현장 방문 계도 요청",담당부서 이첩,푸른환경과,,complaints_2025.xlsx,푸른환경과
2025,1327,2025-07-26,,미상,"성북동 ***-* / 재활용 수거차량 오는 날인데 오지 않음, 필히 연락을 바란다고 합니다",해당부서 이첩,청소행정과,,complaints_2025.xlsx,청소행정과
2025,1329,2025-07-26,,미상,"민원인 유선 연락 필히 요청함 (아내분 연락처 010-****-****)
대전 유성구 계룡로**번길 ** 소문난 순대 앞 과속방지턱 부근에서 오토바이 운전중 싱크홀에 걸려 본인 및 동승자 부상(골절상)입음(사고일시 7월 23일(수요일) 23시~ 7월 24일(목요일) 새벽2시 추정) 
부상에 대한 보험 및 보상 처리 가능여부 확인요청",해당부서 이첩,건설관리본부 시설부 시설정비과,,complaints_2025.xlsx,건설관리본부시설부시설정비과
2025,1330,2025-07-26,,미상,갑천변에서 icc들어오는 대로쪽 불법주정차가 심각하여 지속적 조치 요함,해당부서이첩,주차관리과,,complaints_2025.xlsx,주차관리과
2025,1332,2025-07-26,,[삭제],지족동 *** 소라실공원 전체 가로등 나감,담당부서 이첩,공원과,,complaints_2025.xlsx,공원과
2025,1333,2025-07-26,,익명,"복용동 ***-* 하수구청소차량 3대가 물이 나오는 채로 불법주차하여 도로에 물이 범람함
대전**아****, **가****, **보**** ",담당부서 이첩,주차관리과,,complaints_2025.xlsx,주차관리과
2025,1334,2025-07-26,,유성지구대,봉명동 역전할머니맥주봉명점 앞 광장 전봇대가 쓰러져있다고 신고,"한국전력공사 전화해서 조치 요구 
담당부서이첩",건설과,,complaints_2025.xlsx,건설과
2025,1335,2025-07-25,,익명,"온천1동 행정복지센터 화장실에서 공무원증 분실함
분실물 있는지 민원인에게 통화 드리기를 원함",담당부서 이첩,온천1동,,complaints_2025.xlsx,온천1동
2025,1336,2025-07-25,,[삭제],"장애인 복지카드 등기 수령으로 신청했는데, 직접 행정복지센터를 방문해서 받고싶다고 하심
장애인 복지카드 담당자와 통화 원함",담당부서 이첩,학하동,,complaints_2025.xlsx,학하동
2025,1337,2025-07-25,,익명,"봉명동 매드블럭 페스티벌 때문에 매년 소음에 시달리고 있고, 축제 허가 담당자와 통화를 원합니다",담당부서 이첩,문화관광체육과,,complaints_2025.xlsx,문화관광체육과
2025,1338,2025-07-25,,익명,"유성구 문지로 * 앞 인도에 차량이 인도에 주차하여 길을 막고 있어 신고하고 싶음
담당자와 통화 요망",담당부서 이첩,주차관리과,,complaints_2025.xlsx,주차관리과
2025,1339,2025-07-25,,송규,도룡동 신세계백화점 앞쪽 다리에서 유성구청 방향으로 **m ~ 100m 사이 자전거도로하고 인도 갈라지는부분 하천 가로등을 중심으로 흙이 폭우때문에 쓸려내려가서 지반이 꺼져있어 보수 요청,담당부서 이첩,건설과,,complaints_2025.xlsx,건설과
2025,1340,2025-07-25,,송규,원신흥동 흥도초등학교 옆 공원 나무 휴식공간의 의자와 테이블 마루가 뜯겨있어 수리 요청,담당부서 이첩,공원과,,complaints_2025.xlsx,공원과
2025,1341,2025-07-24,,익명,"노은역 주변(다이소 앞, 우체국 앞 등) 불법 주정차 단속 요청(19시부터 단속유예임을 알고 있으나, 19시전까지는 단속 철저히 해주기를 요청)",단속반 상황실 전달,주차관리과,,complaints_2025.xlsx,주차관리과
2025,1343,2025-07-24,,익명,구청 청사 뒤 안녕센터 근처 공원(어은어린이공원 추정)에 가로등이 며칠째 들어오지 않음,담당부서 이첩,공원과,,complaints_2025.xlsx,공원과
2025,1344,2025-07-24,,미상,"진잠동 sk행복충전충전소와 진잠근린공원 사이 도로에 관광버스 및 화물차가 계속 불법 주차를 하여 사고가 발생할 뻔 함. 이에, 잦은 단속을 요청함.",담당부서 이첩,주차관리과,,complaints_2025.xlsx,주차관리과
2025,1345,2025-07-24,,[삭제],문지네거리에서 헤링턴플레이스 방면 화물차 불법주차 단속 요청(매일 출근 시간전에 주차되어있다고 함/09:00시에는 차가 모두 빠진다고 함),담당부서 이첩,주차관리과,,complaints_2025.xlsx,주차관리과
2025,1346,2025-07-24,,[삭제],고양이 사체 처리 요청(원촌삼거리에서 S-oil방면),담당부서 이첩,청소행정과,,complaints_2025.xlsx,청소행정과
2025,1347,2025-07-23,,[삭제],봉명동 ***-** 인근(구암역 -> 유성온천역 방향) 횡단보도 쪽 지름 15cm정도 포트홀 발생,담당부서 이첩,건설과,,complaints_2025.xlsx,건설과
2025,1350,2025-07-22,,미상,"전민동 ***-* ~ 탑립동 ***-*(한알천) 가는 도로에 가로등이 꺼져있음
수리 요망",담당부서 이첩,건설과,,complaints_2025.xlsx,건설과
2025,1351,2025-07-22,,미상,"원내동 **-** 가로등 고장
이전에도 한번 문의를 하였는데 안고쳐짐 
빠른 시일내에 수리 요망 ",담당부서 이첩,건설과,,complaints_2025.xlsx,건설과
2025,1352,2025-07-22,,익명,반석마을 *단지 ***동 앞 네거리(KT대리점) 가로등이 깜빡거림 조치바람. ,담당부서 이첩,건설과,,complaints_2025.xlsx,건설과
2025,1353,2025-07-22,,미상,(전화달라고하셨습니다) 관평동(관평*로 **-*) 용산고 맞은편 교회근처 고양이 사체 처리 요청 ,담당부서이첩,청소행정과,,complaints_2025.xlsx,청소행정과
2025,1354,2025-07-21,,미상,진잠로 ***번길일대(진잠농협 인근) 가로등이 전부 나감/토요일에 등록했었는데 안들어와서 다시 연락,담당부서 이첩,건설과,,complaints_2025.xlsx,건설과
2025,1356,2025-07-21,,미상,원내동 **-** 앞 가로등과 그 옆 강경종합젓갈건물 앞 가로등이 나감. 4일 됐다고하심.,담당부서 이첩,건설과,,complaints_2025.xlsx,건설과
2025,1357,2025-07-21,,미상,해랑숲공원 일대 가로등 전체 나감,담당부서 이첩,공원과,,complaints_2025.xlsx,공원과
2025,1358,2025-07-21,,미상,지질자원연구원 기준 천변쪽 일대 가로등 나감.,담당부서 이첩,재난안전과,,complaints_2025.xlsx,재난안전과
2025,1359,2025-07-21,,미상,송림마을*단지 아파트에서 반석역으로 가는 산책로? 뒷길? 일대 가로등이 다 나갔다고함. 더불어 가로등이 나갔을 때 당장 처리를 하지못하는 상황에 대해서 불만을 말씀하심... ,담당부서 이첩,공원과,,complaints_2025.xlsx,공원과
2025,1360,2025-07-21,,미상,새미래초등학교 옆 도리미어린이공원 일대 가로등 다 나감. 회신 연락은 불필요하다고하셨음. 빠른 처리 바라셨습니다!,담당부서 이첩.,공원과,,complaints_2025.xlsx,공원과
2025,1361,2025-07-21,,미상,유성시장 앞 장대교 교량 위 차량 단속 요청,단속반 전달 및 단속요청,주차관리과,,complaints_2025.xlsx,주차관리과
2025,1363,2025-07-20,,119,"유성구 동서대로 ** 멧돼지 출몰하여 포획 요청(119에서 신고)
119 출동하여 확인하였으나 발견하지 못해 철수함. 
전달사항 : 119에 멧돼지 등 야생동물 포획관련 비상연락망 공유 요청함.
",담당부서 이첩 및 119 측에 상황설명함.,푸른환경과,,complaints_2025.xlsx,푸른환경과
2025,1364,2025-07-20,,익명,노은3동 네이쳐뷰아파트 근처 가로등 안들어온다고 함.,담당부서 이첩,건설과,,complaints_2025.xlsx,건설과
2025,1365,2025-07-20,,[삭제],"구성삼거리에 좌회전 관련 비보호가 되는게 이해가 안된다고 하심. 보행신호 있는 곳에 비보호 좌회전 되는 것이 자기는 이해할 수 없으며 이로 인해 본인이 큰 사고가 날 뻔했다고 하며,
관련된 내용을 전화도 좋으나 문자로도 통보받고 싶다고 함.",담당부서 이첩,건설과,,complaints_2025.xlsx,건설과
2025,1366,2025-07-20,,미상,관평동 한들어린이공원 인근 중앙하이츠빌*단지 ~ 쌍용스윗닷홈*단지 사이 가로등 2개 고장,담당부서 이첩,공원과,,complaints_2025.xlsx,공원과
2025,1367,2025-07-20,,[삭제],노은3동 영무예다음아파트 주변 가로등 다 나갔다고 함. 처리요청하시며 꼭 처리하고 본인에게 전화달라고 하심.,담당부서 이첩,건설과,,complaints_2025.xlsx,건설과
2025,1368,2025-07-20,,미상,유기동물 신고 -> 반석동 *** 오모리생칼국수 뒷길 큰 대형견(진돗개) 돌아다니고 있음.,유기동물 구조 담당자 연락함.,지역산업과,,complaints_2025.xlsx,지역산업과
2025,1369,2025-07-20,,미상,도룡동 *** (대덕대로 *** 시속50km 단속카메라 인근) 가로등이 깜빡깜빡 거리고 있어 수리 필요함. ,담당부서 이첩,건설과,,complaints_2025.xlsx,건설과
2025,1370,2025-07-20,,익명,신세계백화점 후문 쪽 비게이트에서 씨게이트 사이 양쪽 불법주정차 단속 요청(특히 주말 저녁8시 이후로 요청하심.),담당부서 이첩,주차관리과,,complaints_2025.xlsx,주차관리과
2025,1372,2025-07-20,,미상,자운대 수은교 일대 가로등 불빛 나감 ,해당부서 이첩,건설과,,complaints_2025.xlsx,건설과
2025,1373,2025-07-20,,미상,이비가짬뽕유성본점 앞 (문화원로**번길일대) 가로등 전부 고장으로 정비요청,해당부서 이첩,건설과,,complaints_2025.xlsx,건설과
2025,1374,2025-07-20,,익명,최근 우천 등으로 봉명동 번화가 일대 천변 부근에 쓰레기가 있는 등 청소를 요청함. / 통화 상 민원신고를 자주하는 분으로 보임. (다른 민원 포함.),부서로 이첩,재난안전과,,complaints_2025.xlsx,재난안전과
2025,1375,2025-07-20,,미상,"식당 위생점검 요청(마스크, 위생모자x 등) 
해당과에 현장점검 요청",해당부서 이첩,위생과,,complaints_2025.xlsx,위생과
2025,1377,2025-07-20,,미상,"화암동 제주소나이해장국 주차장 인근 한전주 옆 싱크홀발생 신고
(폭1m, 깊이1m)",해당부서 이첩,건설과,,complaints_2025.xlsx,건설과
2025,1378,2025-07-20,,재난상황실,"신성동 ***-*번지 인근 싱크홀 발생 신고 (깊이2~3m, 지름80cm)
12시 경 소방서에서 긴급조치완료(출입금지 띠)","당직사령 및 당직반장 현장확인 출동, 해당부서 이첩",건설과,,complaints_2025.xlsx,건설과
2025,1379,2025-07-20,,익명,"차도로 포트홀(도로함몰)로 차량피해(타이어 펑크)로 민원을 제기함. 
위치: 탑립동, 갑천파크골프장1지구에서 2지구사이 유성으로 가는 방향 차도로(3차선임.) / 통화를 요망함.
",해당부서로 이첩,건설과,,complaints_2025.xlsx,건설과
2025,1383,2025-07-20,,익명,상대동 휴먼시아 *단지 일원 방역요청,해당부서 이첩,보건의약과,,complaints_2025.xlsx,보건의약과
2025,1385,2025-07-20,,미상,"호우로 인한 농수로 및 밭 피해가 심해 보상을 받을 수 있는지 문의함. 농수로, 밭 위치는 세동이라고 함.",담당부서 이첩,지역산업과,,complaints_2025.xlsx,지역산업과
2025,1387,2025-07-20,,미상,지족동 네이쳐뷰아파트 301~***동 구간 가로등 전부 꺼져있음 ,담당부서 이첩,건설과,,complaints_2025.xlsx,건설과
2025,1388,2025-07-19,,익명,노은3동 네이쳐뷰아파트와 산사이 2차선 도로 전구간에 걸쳐 가로등이 안들어온다고 함,해당부서 지정,건설과,,complaints_2025.xlsx,건설과
2025,1389,2025-07-19,,익명,노은2동 행정복지센터에서 송림마을 *단지 아파트 가는 길가 가로등 전체가 들어오지 않아 수리 요청,담당부서 이첩,건설과,,complaints_2025.xlsx,건설과
2025,1390,2025-07-19,,익명,용산동 오당골근린공원 405도 앞 가로등 불이 들어오지 않아 수리 요청,담당부서 이첩,공원과,,complaints_2025.xlsx,공원과
2025,1392,2025-07-19,,미상,신성동 노인복지회관 부근 ( 충대방면 도로)에 포트홀 발생하여 확인 후 조치 요망,담당부서 이첩,건설과,,complaints_2025.xlsx,건설과
2025,1393,2025-07-19,,미상,"(노은서로 ***)에서 풀장을 크게 설치하고 사용한 물을 도로 인근 하수구에 방류함. 
물환경보전법 위반 여부 확인과 지금처럼 비가 많이 올 때 하수구에 방류하면 물난리로 이어질 수 있는 부분이 염려되어 해당 시설에 단속이 어렵다면 계도라도 조치해주길 요청함.",담당부서 이첩,푸른환경과,,complaints_2025.xlsx,푸른환경과
2025,1394,2025-07-19,,미상,"충남대 앞, 유성온천역 7번출구 앞 버스정류장 등 같은 내용(정치 관련 추정)의 불법 현수막이 설치되어 확인 후 철거 요망.",담당부서 이첩,건축과,,complaints_2025.xlsx,건축과
2025,1395,2025-07-19,,미상,장대동 일공공일안경원(문화원로 *) 앞에 있는 보행자 안전 사각볼라드 중 하나가  뽑혀 있음. 확인 후 조치 바람.,담당부서 이첩,건설과,,complaints_2025.xlsx,건설과
2025,1396,2025-07-19,,미상,"관평동 동행어린이치과 건물 1층
비둘기 2마리 건물 안으로 들어옴",담당부서 이첩 및 구조담당자(이진호) 전달,푸른환경과,,complaints_2025.xlsx,푸른환경과
2025,1397,2025-07-19,,미상,"위조된 장애인 주차등록증 신고 
국민신문고, 안전신문고 사용이 어려워 담당부서로 연결 요청
구청 당직 핸드폰으로 관련 사진, 내용 보내기로 함",담당부서 이첩,노인장애인과,,complaints_2025.xlsx,노인장애인과
2025,1398,2025-07-19,,미상,쓰레기 봉투에 모르고 음식물을 넣어서 버렸는데 다시 확인하러 갔더니 수거해가고 없었음. 상기 경우 과태료가 부과되는지 처리절차 문의함.,담당부서 이첩,청소행정과,,complaints_2025.xlsx,청소행정과
2025,1399,2025-07-19,,미상,"전민동 엑스포로 ***-* 
부상 고양이 구조 요망",담당부서 이첩 및 구조담당자(이진호) 전달,지역산업과,,complaints_2025.xlsx,지역산업과
2025,1400,2025-07-18,,미상,반석네거리~반석역 구간 가로등 대부분이 점등되지 않음/ 켜져있는 날이 거의 없다고 함/ 월요일 출근시 담당자 연락을 요청함,담당부서 이첩,건설과,,complaints_2025.xlsx,건설과
2025,1401,2025-07-18,,익명,"7.11. 새벽 5시 경 민원을 접수하였으나 답변을 받지 못해 다시 민원을 제기함.
월요일 담당자 확인 후 바로 연락받기를 바람.

ㅇ 7.11. 당시 민원 내용
이른 시간 제초작업으로 인해 소음발생
 - 새벽 5시 전부터 제초작업으로 소음이 발생하여 잠을 이루지 못함
 - 충대 인근 대학로 부근
 - 제초작업 시작시간을 늦춰줬으면 좋겠음
 - 담당자 회신을 부탁함",담당부서 이첩,건설과,,complaints_2025.xlsx,건설과
2025,1402,2025-07-18,,익명,탑립동 호반써밋*단지 뒤편 근린공원 가로등 수리 요망,담당부서 이첩,공원과,,complaints_2025.xlsx,공원과
2025,1403,2025-07-18,,미상,진잠로 ***번길일대(진잠농협 인근) 가로등이 전부 나감,담당부서 이첩,건설과,,complaints_2025.xlsx,건설과
2025,1404,2025-07-18,,익명,"하기동 송림마을*단지 뒤쪽 산책로, 현대오일뱅크 뒤쪽 및 맞은편 가로등 수리 요망",담당부서 이첩,공원과,,complaints_2025.xlsx,공원과
2025,1405,2025-07-18,,노은지구대,외삼동 ***-*번지 33사단 들어가는 길 포트홀 발생. 처리 요망.,담당부서 이첩,건설과,,complaints_2025.xlsx,건설과
2025,1406,2025-07-18,,미상,"전민동 성당(엑스포공원 입구 쪽) 인근 가로등이 나감/ 이전에 요청했던 민원 건인데 빠른 조치요구함
",담당부서 이첩,건설과,,complaints_2025.xlsx,건설과
2025,1408,2025-07-18,,미상,지족동 ***-* 불법현수막 철거요청,담당부서 이첩,건축과,,complaints_2025.xlsx,건축과
2025,1409,2025-07-18,,미상,문화원로 **번길 ** 용빠주방건물과 이마트24건물 사이 주차공간을 연락처없는 차량이 막고있음/ 불법주정차도 해당되지않는곳이라 다음에 또 이런상황발생시 불편함 호소/ 다른 방법이 없는지 문의,담당부서 이첩,주차관리과,,complaints_2025.xlsx,주차관리과
2025,1410,2025-07-18,,미상,원신흥동 갑천1힐스테이트 경로당 프로그램 문의(어르신들께서 참여가능한 프로그램 안내 요청),관련부서 이첩,노인장애인과,,complaints_2025.xlsx,노인장애인과
2025,1411,2025-07-18,,미상,"현충원역(지하철) 삼거리에서 노은동으로 통하는 왕가봉로 쪽 산에서 내려오는 수로가 막혀 토사 도로로 유입, 조치 요청",관련부서 이첩,건설과,,complaints_2025.xlsx,건설과
2025,1412,2025-07-18,,구즉지구대,"바구니교차로에서 구즉지구대 방향 쪽 도로 로드킬 고라니 사체 발견, 조치 요청.",관련부서 이첩,청소행정과,,complaints_2025.xlsx,청소행정과
2025,1413,2025-07-18,,미상,"신성동 한화솔루션연구소-천문대 가는 방향 가로수 쓰러져 전신주에 걸쳐져 있는 상황, 그  외 가로수들도 전도 가능성 보임. 조치 요청.",관련부서 이첩,녹지산림과,,complaints_2025.xlsx,녹지산림과
2025,1414,2025-07-18,,미상,"방동 ***-*번지 야생 멧돼지 출몰로 인한 농작물 피해, 조치 요청.",관련부서 이첩,푸른환경과,,complaints_2025.xlsx,푸른환경과
2025,1415,2025-07-18,,유성경찰서,"화암동 **번지 도로 위 가로수 쓰러짐. 소방서에서 가로수 철거 완료, 잔해물 조치 요청.",관련부서 이첩,녹지산림과,,complaints_2025.xlsx,녹지산림과
2025,1416,2025-07-18,,미상,"엑스포로**번길 *** 앞 도로, 주차로 통행불편 주차단속 요청",관련부서 이첩,주차관리과,,complaints_2025.xlsx,주차관리과
2025,1417,2025-07-18,,미상,"042119를 통해 전달
학하동 **번지 포트홀 있어서 조치바람",담당부서 이첩,건설관리본부 시설부 시설정비과,,complaints_2025.xlsx,건설관리본부시설부시설정비과
2025,1418,2025-07-18,,[삭제],"유성지하차도 진입 전 도로, 보수처리한 부분이 반 정도 파손되어 포트홀 발생. 조치 요청.",관련부서 이첩,건설과,,complaints_2025.xlsx,건설과
2025,1419,2025-07-17,,미상,반석에서 세종 넘어가는길 / 1번국도 타고가다가 국방과학연구소 표지판 나오면 우회전해서 올라가다보면 산학회관 전에 로드킬 고라니 사체 처리요청,펫레스큐 전달(문자),청소행정과,,complaints_2025.xlsx,청소행정과
2025,1420,2025-07-17,,미상,"수통교에서 화산교까지 가로등 전부 기상악화에 따른 미점등, 조치 요청.",관련부서 이첩,건설과,,complaints_2025.xlsx,건설과
2025,1421,2025-07-17,,미상,"노은터널 부근 가로등 전부 미점등 상태, 조치 요청.",관련부서 이첩,건설과,,complaints_2025.xlsx,건설과
2025,1422,2025-07-17,,미상,구성삼거리~카이스트 후문쪽 과학로길 가로등 전부 꺼짐. 확인 후 조치요청,담당부서 이첩,건설과,,complaints_2025.xlsx,건설과
2025,1423,2025-07-17,,미상,대전 유성구 궁동 ***-*(에이치모터스 볼보 대전전시장) 근방 도로에 물 고임으로 인하여 차량이 지나갈 때마다 인도로 물 들이침. 조치 요청.,관련부서 이첩,철도건설국,,complaints_2025.xlsx,철도건설국
2025,1424,2025-07-17,,미상,(진잠로***번길 **) 앞 가로등 전부 나감. 조치바람,담당부서 이첩,건설과,,complaints_2025.xlsx,건설과
2025,1425,2025-07-17,,미상,"봉명동 맨하탄 모텔 앞 도로 파손, 이에따른 민원인 차량 파손 추정됨. 조치 요청",관련부서 이첩,건설과,,complaints_2025.xlsx,건설과
2025,1426,2025-07-17,,미상,"상기 민원인 외 3건 동일 건 조치 요청. 전민동, 노은동, 봉명동 등 유성 일대 가로등 점등 촉구.",관련부서 이첩,건설과,,complaints_2025.xlsx,건설과
2025,1427,2025-07-17,,미상,"학하초등학교 앞 2차선도로(한라전산 앞)
하수매립시설 공사로 도로를 포장해놓았는데 상태가 매우 좋지 않아 도로 표면이 울퉁불퉁하고 사고 위험이 큼, 확인 후 조치바람",담당부서 이첩,건설과,,complaints_2025.xlsx,건설과
2025,1428,2025-07-17,,미상,"도룡동 ***번지 한국표준과학연구원-도룡SK뷰아파트 사이 신호등 맨홀 뚜껑 열림(파손), 조치 요청",관련부서 이첩,건설과,,complaints_2025.xlsx,건설과
2025,1429,2025-07-17,,미상,"학하동 **번지 도로 포트홀 발생에 따른 차량 바퀴 파손, 보상 및 조치 요청",관련부서 이첩,건설관리본부 시설부 시설정비과,,complaints_2025.xlsx,건설관리본부시설부시설정비과
2025,1430,2025-07-17,,30통 통장,"하기동 **통 노인회관 2층 물이 샌다고 함 , 방문요청함",해당부서 이첩,노인장애인과,,complaints_2025.xlsx,노인장애인과
2025,1431,2025-07-17,,익명,"복용동 ***번지 인근 배수로가 막혀 있다고 함.
조치요망 / 자세한 위치 안내가능하다고 연락달라고 하심",담당부서 이첩,건설과,,complaints_2025.xlsx,건설과
2025,1432,2025-07-17,,익명,"한국조폐공사 화폐박물관 맞은편 인도에 고라니 사체가 있어 마대(노란색)에 담아놓았다고 하심.
처리 요망",담당부서 이첩,청소행정과,,complaints_2025.xlsx,청소행정과
2025,1433,2025-07-17,,유성경찰서,학하동 회동삼거리 포트홀 조치요망,담당부서 이첩,건설과,,complaints_2025.xlsx,건설과
2025,1434,2025-07-17,,익명,탑립1통 버스정류장(LH연구원 방향) 고양이 사체 처리 요망,담당부서 이첩,청소행정과,,complaints_2025.xlsx,청소행정과
2025,1435,2025-07-17,,[삭제],"대전 외국인학교 맞은편 도로에 나무가 쓰러져 통행지장
쓰러진 나무 소방서에서 인도로 이동 완료 / 나무 잔해 처리 요망",당직원 현장확인 및 담당부서 이첩,공원과,,complaints_2025.xlsx,공원과
2025,1436,2025-07-16,,익명,"(시청 당직실 → 구청 당직실 전달 민원)
장대동 ***번지 궁동교 아래 소하천 인근 거주민인데 비가 오면 하천이 범람하는데 인근 학교 다니는 학생들이 위험의식없이 돌아다녀 사고가 날거같다고 함.
안전을 위해 통행 금지 조치 등 방안이 있었으면 함.",담당부서 이첩,재난안전과,,complaints_2025.xlsx,재난안전과
2025,1437,2025-07-16,,익명,전민동 엑스포공원 입구쪽 도로변 가로등이 몇달째 점등이 안된다고 함. 조치 요망,담당부서 이첩,건설과,,complaints_2025.xlsx,건설과
2025,1438,2025-07-16,,익명,전민동 엑스포공원 분수대 수도가 안잠겨 물이 계속 흐른다고 함. 조치 요망,담당부서 이첩,공원과,,complaints_2025.xlsx,공원과
2025,1439,2025-07-16,,익명,"반석동 다이소 앞 하수도 범람 비가 더 오기전에 살펴봐주시기 바람.
얼마전에도 같은 내용으로 연락주셨다고 함.",담당부서 이첩,건설과,,complaints_2025.xlsx,건설과
2025,1440,2025-07-16,,미상,"봉명동 자이아파트 앞에 고물상 차량이 위험하게 작업하고 있는게 자주 목격되고 있음
차량 정체도 심하고 주민 안전에 위협이 되므로 시정조치 해주기 바람
(본인이 동영상을 찍었다고 당직실 폰으로 전송하기로 하였음)",담당부서 이첩,청소행정과,,complaints_2025.xlsx,청소행정과
2025,1441,2025-07-16,,미상,"용계동 ***-* 힐스테이트아파트 건설중인 주변 도로(황색선)에 공사 관계자들 차량이 주차를 해서 차량 정체가 매우 심각함
아파트 건설 시작 이후 매일 반복되고 있으므로 시정될 수 있도록 단속 요청드림(시공사 측에서 자체 주차공간 마련 필요)",담당부서 이첩,주차관리과,,complaints_2025.xlsx,주차관리과
2025,1442,2025-07-16,,미상,장대동 ***-*번지 도로에 불법주차가 심해 통행이 어렵다고 함. 조치 및 단속 요청함,담당부서 이첩,주차관리과,,complaints_2025.xlsx,주차관리과
2025,1443,2025-07-16,,미상,박산삼거리 현대오일뱅크 주유소 앞 고라니 사체 처리 요청,담당부서 이첩,청소행정과,,complaints_2025.xlsx,청소행정과
2025,1444,2025-07-15,,미상,"대덕테크노밸리*단지와 호반서밋 아파트 사이 다리에 대형트럭 불법주차가 밤마다 이어진다고 함. 다리 한 쪽면에 여러 대형트럭이 불법주차 되어있어 하중때문에 굉장히 위험하다고 함. 사고위험때문에 근본적인 대책 마련 및 연락 요청함. 빠른 조치 바람.
대덕테크노밸리*단지와 호반서밋 아파트 사이 다리 위 대형트럭 불법주차 및 대덕테크노밸리**단지~*단지 사이 푸르지오아파트 방향으로도 단속요청함.",담당부서 이첩,교통정책과,,complaints_2025.xlsx,교통정책과
2025,1445,2025-07-15,,미상,학의뜰 아파트 큰도로 쪽(계산동 ***-* 일대) 가로등이 다 안들와서 그 일대가 매우 어두우므로 빠른 처리 요망,담당부서 이첩,건설과,,complaints_2025.xlsx,건설과
2025,1446,2025-07-15,,미상,구즉로 **(봉산동) 일대 가로등 안 들어옴. 전에는 오후 7시 30분만 돼도 불빛이 들어왔으나 최근에 안 들어온다고 함. 일찍 가로등 켜달라고 요청.,담당부서 이첩,건설과,,complaints_2025.xlsx,건설과
2025,1447,2025-07-15,,미상,"학하동 ***-*번지 골목길 근처 및 하천 주변 쪽에 2-3주째 다리 부상당한 어미 고양이와 새끼 고양이2-3마리 구조 및 보호 요청
연락 요청",담당부서 이첩 및 구조담당자(김명덕) 전달,지역산업과,,complaints_2025.xlsx,지역산업과
2025,1448,2025-07-15,,미상,"우천시 죽동천교 하상도로를 차단하는 차단기 고장으로 매우 불편하여 여러번 전화를 하였으나, 아직 처리가 안되어있음
*7.14.(월) 숙직자가 방문하여 현장확인하였고, 처리해주기로 했는데 다음날 처리도 안되어있고 연락도 못받았다고 함
*빠른 처리 및 연락 요망",담당부서 이첩,재난안전과,,complaints_2025.xlsx,재난안전과
2025,1449,2025-07-15,,미상,신성동 대림두레아파트 앞 사거리 커브 쪽 파리바게뜨 방향 인도에 있는 비둘기 사체 처리 요청,펫레스큐 전달,청소행정과,,complaints_2025.xlsx,청소행정과
2025,1450,2025-07-15,,미상,노은역 2번출구로 나오면 보이는 북쪽방향 화단(천원짜리 가게 근처)쪽 쓰레기 단속 조치 요청,관련부서 이첩,청소행정과,,complaints_2025.xlsx,청소행정과
2025,1451,2025-07-15,,미상,"이틀 전 관평동 제5공영주차장(유성구 관평동 ****)에 주차했더니 그 주변 바로 옆 도로공사때문에 묻은 까만색 가루가 차에 묻어 안 지워진다고 하심
해결방법 문의",관련부서 이첩,건설과,,complaints_2025.xlsx,건설과
2025,1452,2025-07-15,,익명,"엑스포로***번길(전민초 ~ 전민중) 일대가 오전 출근시간에 불법주차로 혼잡하여 불편함.
불법주정차단속 요청",해당부서이첩,주차관리과,,complaints_2025.xlsx,주차관리과
2025,1453,2025-07-15,,익명,"봉명동 래자미 3차에 거주중인데 새벽부터 인근에 건축공사행위로 인해 불편함. 
연락요청",담당부서 이첩,공동주택과,,complaints_2025.xlsx,공동주택과
2025,1454,2025-07-14,,미상,"우천시 죽동천교 하상도로를 차단하는 차단기 관리 철저 요망
*한쪽은 열려있고 한쪽은 닫혀있어 매우 불편함(한 두번이 아니라고 하셨습니다.)
*본인 스스로 유명한 진상민원인이라고 하셨습니다(술을 매우 많이 드셨습니다.)",담당부서 이첩,재난안전과,,complaints_2025.xlsx,재난안전과
2025,1456,2025-07-14,,미상,"학하동 ***-*번지에 위치한 고물상에서 06시경 혹은 18시경에만 작업을 하여 소음공해 발생에 따른(측정 결과 68db) 제재 요망
* 행위제한보다는 작업시간을 조정하는 쪽으로 계도해 달라고 하셨습니다.
**처리결과 알려주시면 좋다고 하셨습니다.",담당부서 이첩,푸른환경과,,complaints_2025.xlsx,푸른환경과
2025,1457,2025-07-14,,익명,"- 종합사회복지관 이용객으로 이용객 간에 불편사항이 발생하여 CCTV 자료를 보거나 득하고 싶음.
- 경찰 측에는 15일 오전에 고소 예정
- 15일 오전 중에 전화 요망
",담당부서 이첩,사회돌봄과,,complaints_2025.xlsx,사회돌봄과
2025,1458,2025-07-14,,익명,"재활용 수거 관련 민원 제기
 - 다른 주민들이 개인 주택 앞에 재활용을 모아놔서 오늘 오후에 구청에서 현장방문을 하여 현수막을 달아줬는데 미흡함
 - 안내 현수막 추가설치 및 불법투기 관련 CCTV 설치 요청
 - 유선으로 상담 요망",해당부서 이첩,청소행정과,,complaints_2025.xlsx,청소행정과
2025,1459,2025-07-14,,미상,유성시장 장날이라 주차 혼잡 심각하니 즉시 단속 요청바란다고 하심.,담당 부서 유선 전달 완료,주차관리과,,complaints_2025.xlsx,주차관리과
2025,1460,2025-07-14,,노은지구대,cu ******점 청소년보호법위반: 청소년에게 주류판매한 것으로 경찰 조사중인 것 알림. ,담당 부서 이첩,교육과학과,,complaints_2025.xlsx,교육과학과
2025,1461,2025-07-14,,유성경찰서,(온천북로 **번길 ** ) 청소년보호법위반: 청소년에게 주류판매한 것으로 경찰 조사중인 것 알림. ,담당 부서 이첩,위생과,,complaints_2025.xlsx,위생과
2025,1463,2025-07-13,,미상,"여러 대의 차량들이 소화전 주변, 보도 등에 가릴 것 없이 일렬로 주차를 해놓은 상황. 
",단속 불가한 시간이라 안전신문고에 신고하시도록 한 후 방법 안내함. ,주차관리과,,complaints_2025.xlsx,주차관리과
2025,1464,2025-07-13,,유성경찰서,"교통사고가 나 지하차도 옆 나무가 쓰러짐. 
차로를 막고 있지는 않아 당장 조치가 필요한 상황은 아니나 관련 부서에 이첩하기를 요청하심.",담당 부서 이첩,녹지산림과,,complaints_2025.xlsx,녹지산림과
2025,1465,2025-07-13,,미상,방통대~청벽산네거리 차도에 나무가 쓰러져 3차선을 막고 있다고 함.,119에 조치 부탁드렸고 접수 및 조치해주신다고 하였으나 익일 관련 부서 현장 확인 필요.,녹지산림과,,complaints_2025.xlsx,녹지산림과
2025,1466,2025-07-13,,미상,도안힐스테이트1차 주차장 입구 불법주정차 단속 요청,담당부서 이첩,주차관리과,,complaints_2025.xlsx,주차관리과
2025,1467,2025-07-13,,미상,"유성온천역 네거리~온천교, 유성 자이~유성온천역 네거리 대로변 / 현수막 제거 요청",담당 부서 이첩,건축과,,complaints_2025.xlsx,건축과
2025,1468,2025-07-13,,미상,대학로 **-**(봉명동) / 쓰레기 수거 요청,담당 부서 이첩,청소행정과,,complaints_2025.xlsx,청소행정과
2025,1469,2025-07-13,,익명,싸이흠뻑쇼관련 힐스테이트도안퍼스트 인근 인도위 불법주정차 차량 단속 요청,단속반 전달,주차관리과,,complaints_2025.xlsx,주차관리과
2025,1470,2025-07-13,,익명,싸이흠뻑쇼 관련 힐스테이트2차 뒷편 불법주정차 차량 단속요청,단속반 전달,주차관리과,,complaints_2025.xlsx,주차관리과
2025,1474,2025-07-13,,미상,월드컵대로***번길 * 천성교회 왼쪽 큰 주택(스카이뷰리브 아파트 앞)에 대형견 두 마리가 입마개 하지 않고 지나가는 행인들 쪽으로 위협을 준다고 합니다.,담당부서 이첩,지역산업과,,complaints_2025.xlsx,지역산업과
2025,1475,2025-07-13,,유성경찰서,화암네거리-도룡동 고가도로 위 갓길 100m 가량 폐지 떨어져 있다고 함. 경찰 측에서 통행에 방해되지 않는 것은 확인했다고 합니다.,담당 부서 이첩,청소행정과,,complaints_2025.xlsx,청소행정과
2025,1478,2025-07-12,,미상,"싸이의 흠뻑쇼는 매년 반복되는 행사이며, 갈수록 불법주차로 인한 인근 주민들의 어려움이 증가하고 있음.
당장 해결할 수 없다면 이후에 반복되지 않도록 주최측과 조율, 대책마련 할 것.
죄송하다고 하고 전화 마무리 함.",담당부서 이첩,주차관리과,,complaints_2025.xlsx,주차관리과
2025,1479,2025-07-12,,유성경찰서,용계동 ***-*번지 힐스테이트 도안 퍼스트 오피스텔 인근 불법 화물자동차 단속 요청,담당부서 이첩,주차관리과,,complaints_2025.xlsx,주차관리과
2025,1480,2025-07-12,,미상,"컨벤션센터의 행사로 인해 도로에 이중으로 주차가 되어있는데도 단속 유예시간으로 인하여 같은 일이 반복됨
유예시간을  해제하거나 국민신문고 민원에 대한 과태료 부과를 요청. 
몇번을 민원넣어도 담당부서의 연락이 없으니 이번에는 반드시 전달하기를 요청함.",담당부서 이첩,주차관리과,,complaints_2025.xlsx,주차관리과
2025,1481,2025-07-12,,[삭제],원신흥동 ***-* 인스빌리베라 ***동쪽 횡단보도 인근 보도 들림으로 인한 사고 발생 위험,담당부서 이첩,건설과,,complaints_2025.xlsx,건설과
2025,1484,2025-07-12,,미상,"구암동 ***-** 음식물 쓰레기 수거를 안해가서 악취가 나 빠른 처리 요청(왜 수거 안해갔는지 민원인에게 직접 답변해주기를 원함, 010-****-****)",담당부서 이첩,청소행정과,,complaints_2025.xlsx,청소행정과
2025,1485,2025-07-12,,미상,"학하초등학교 앞 도로 공사 진행중인데 신호수가 적고 교통 통제가 잘 안된다고 조치 요청, 월요일(7/14) 담당 부서에서 답변받기를 원함(010-****-****)",담당부서 이첩,건설과,,complaints_2025.xlsx,건설과
2025,1486,2025-07-12,,미상,"궁동***-* 음식물 쓰레기를 목요일에 내놓았는데 아직도 수거를 안해가서 악취랑 벌레가 꼬인다는 민원, 빠른 조치 요청",담당부서 이첩,청소행정과,,complaints_2025.xlsx,청소행정과
2025,1487,2025-07-12,,미상,장대동 ***-* 앞 공영주차장 난간 붕괴 위험으로 빠른 조치 요청,담당부서 이첩,주차관리과,,complaints_2025.xlsx,주차관리과
2025,1490,2025-07-12,,익명,유성구  유성대로 ***번길 *** (구암동) 일대 재활용 등 쓰레기를 내놨는데 수거를 해가지않음,담당부서 전달,청소행정과,,complaints_2025.xlsx,청소행정과
2025,1492,2025-07-11,,익명,열매마을 *단지와 *단지 사이 가로등 안들어옴,담당 부서 이첩,건설과,,complaints_2025.xlsx,건설과
2025,1493,2025-07-11,,익명,"학하로**번길 **(학의뜰아파트 맞은편) 일원 가로등이 전부 안들어옴
조치 후 조치결과 전화 회신 바람",담당부서 이첩,건설과,,complaints_2025.xlsx,건설과
2025,1495,2025-07-11,,익명,"청솔아파트 송강근린공원 // 운동기계, 의자 고장 // 수리 요망",해당부서 이첩,공원과,,complaints_2025.xlsx,공원과
2025,1497,2025-07-11,,익명,"이른 시간 제초작업으로 인해 소음발생
 - 새벽 5시 전부터 제초작업으로 소음이 발생하여 잠을 이루지 못함
 - 충대 인근 대학로 부근
 - 제초작업 시작시간을 늦춰줬으면 좋겠음
 - 담당자 회신을 부탁함",담당부서 이첩,건설과,,complaints_2025.xlsx,건설과
2025,1499,2025-07-10,,익명,**** 2층 연회장에서 소음이 심함. 여러번 민원 제기함. 민원인 전화 요망.,해당부서 이첩,푸른환경과,,complaints_2025.xlsx,푸른환경과
2025,1501,2025-07-10,,익명,"주차 단속유예 관련 주차단속 여부 확인 요청
 - 노은역 4번출근 인근에 주차유예 현수막을 보고 주차하였는데 단속 차량이 지나감
 - 단속 여부를 확인하고 싶음, 담당자의 연락을 요청드림
 - **머**** (2025.7.10. 19:00경, 19:25경, 19:30경 세 차례 단속)",담당부서 이첩,주차관리과,,complaints_2025.xlsx,주차관리과
2025,1502,2025-07-10,,익명,"이동주차 안내 요청
 - 건물 앞에 한 차량이 주차를 했는데 삐뚤어지게 주차를 하여 사고 발생 가능성이 높아보임
 - 차주에게 연락하여 이동조치 안내해주시기 바람
 - **호****, 010-****-****(전화불가)
 - 주차위치: 대학로**번길 **-*
 - 주차후 3일간 이동조치 하지않아 당직민원 남기게 됨",담당부서 이첩,주차관리과,,complaints_2025.xlsx,주차관리과
2025,1503,2025-07-10,,익명,"불법 노점상 단속 요청
 - 대전 유성구 학하남로**번길 **(삼순이뼈해장국) 앞 대로",담당부서 이첩,건설과,,complaints_2025.xlsx,건설과
2025,1504,2025-07-10,,익명,"**** 증축현장 새벽시간(02:30~ )
쇠파이프 소리, 소형장비 소리 등 소음 무척 심해 불면 호소",관련 부서 이첩,푸른환경과,,complaints_2025.xlsx,푸른환경과
2025,1505,2025-07-09,,119,봉명동 엔터펠리스 1차 지하주차장 배수관 전체 흔들림/ 건물안전문제 확인요청/ 신고자 번호:010-****-****,담당부서 이첩,공동주택과,,complaints_2025.xlsx,공동주택과
2025,1506,2025-07-09,,익명,은구비서로 ** / 주정차 단속 유예로 알고 있는데 저녁 8시 이후에 찍혔다는 파킹벨 어플 알림이 옴/ 확인 및 연락 부탁드려요. / 차량번호:**로****,담당부서 이첩,주차관리과,,complaints_2025.xlsx,주차관리과
2025,1507,2025-07-09,,신성지구대,"* 불법업소 신고
 - 위치: 유성구 신성로 **번길 **
 - 내용: 주류판매, 동석접대",관련부서 이첩,문화관광체육과,,complaints_2025.xlsx,문화관광체육과
2025,1508,2025-07-09,,대전유성경찰서,교통사고로 인하여 유성구 계룡로**번길 ** 신태양공인중개사 앞 주정차금지표지판 전도,소관 부서로 당직민원 등록,주차관리과,,complaints_2025.xlsx,주차관리과
2025,1509,2025-07-09,,익명,봉명동 ***-**번지 앞 도로 한 가운데 고양이 사체 처리 요청,관련부서 이첩,청소행정과,,complaints_2025.xlsx,청소행정과
2025,1510,2025-07-08,,[삭제],"국민콜센터(02-110)에 접수된 건으로, 민원인이 유성구 소재 음식점에서 저녁식사 중 반찬이 상해 민원을 넣고 싶다며 지자체 관련과로 접수 요청하였다고 함.(식당 소재지 알 수 없고 담당자와 통화를 원한다고 함)
",관련부서 이첩,위생과,,complaints_2025.xlsx,위생과
2025,1511,2025-07-08,,익명,원신흥동 ***-*(BMW) 뒤편 상시 단속 요청,담당부서 이첩,주차관리과,,complaints_2025.xlsx,주차관리과
2025,1512,2025-07-08,,익명,외삼풋살장(외삼동 ***-*번지) 수도시설에서 물이 나오지 않음. 조치요청.,관련부서 이첩,문화관광체육과,,complaints_2025.xlsx,문화관광체육과
2025,1513,2025-07-08,,미상,"진잠로***번길 **, 신대산식당 지하수계량기 고장나서 교체하라고 검침원이 안내했다고함. 
급하니 담당자 출근하자마자 연락주시길 바람.",해당부서 이첩,건설과,,complaints_2025.xlsx,건설과
2025,1514,2025-07-08,,[삭제],관평동 배울*로 ** 운암네오미아 아파트 지하~지상 주차장 계단에서 유기 강아지 방치 중,펫레스큐에 내용 및 민원인 연락처 전달,지역산업과,,complaints_2025.xlsx,지역산업과
2025,1517,2025-07-07,,익명,"전민동 엑스포아파트 버스정류장(정류장번호:*****, 문지초입구방면) 파손되어 인도에 유리파편 산재
",해당부서 이첩 및 시 당직실에 버스정류장 파손 관련 내용 전달,청소행정과,,complaints_2025.xlsx,청소행정과
2025,1518,2025-07-07,,익명,관평동 동화울수변공원 앞 육교 유리 파손되어 2층 엘리베이터 앞 유리파편 산재,담당부서 이첩,청소행정과,,complaints_2025.xlsx,청소행정과
2025,1519,2025-07-07,,익명,"신성동 다이소-메가커피 사거리 중앙 쪽 포트홀 발생하여 라바콘 설치되어있는데 그 라바콘들로 인해 차량통행에 방해가 되고 라바콘과 충돌하여 차량손상 발생.
어제(7. 6.)도 당직민원 접수하였는데 연락이 없고 빠른 처리 원함, 되도록 빨리 연락해주길 원하심",담당부서 이첩,건설과,,complaints_2025.xlsx,건설과
2025,1520,2025-07-07,,익명,구암동 ***-*** 장대교 위 주정차량 단속 요청,단속반에 전달 및 현장계도 요청,주차관리과,,complaints_2025.xlsx,주차관리과
2025,1521,2025-07-07,,익명,유성생명과학고~유성터미널 가는길 성화목공소 굴다리 옆 고양이시체.,펫레스큐 연락  ,청소행정과,,complaints_2025.xlsx,청소행정과
2025,1522,2025-07-07,,익명,"진잠중학교 통학로 인근 불법주정차 단속을 원함. 월요일, 화요일은 특히 심하다고 함",담당부서 이첩,주차관리과,,complaints_2025.xlsx,주차관리과
2025,1524,2025-07-07,,익명,신성동 ***-*번지 현대오일뱅크 앞 고라니 사체,업무 담당자(펫레스큐)에 전달,청소행정과,,complaints_2025.xlsx,청소행정과
2025,1525,2025-07-07,,익명,"유성대로 ****번길 **, 로드킬당한 오소리사체 방치되어 있음.",업무담당자(펫레스큐)에 해당사항 전달,청소행정과,,complaints_2025.xlsx,청소행정과
2025,1526,2025-07-07,,익명,"화암사거리 근처 현대오일뱅크, 유기견 3마리 구조요청","- 유기동물 구조 담당자(김명덕)에게 해당사항 전달
- 구조 담당자 출동
- 1:13분경 유기견 2마리 구조
- 화암동 30-5번지 근처 농장에서 5마리정도의 개를 풀어놓은 채 길러서 - 개들이 근처를 돌아다니며 짖는다고 전달받음
- 담당부서 이첩",지역산업과,,complaints_2025.xlsx,지역산업과
2025,1528,2025-07-06,,익명,노은동 ***-*번지 가로등 고장,담당부서 이첩,건설과,,complaints_2025.xlsx,건설과
2025,1529,2025-07-06,,익명,자운대네거리 도로한복판에 고양이 사체 방치되어 있음,펫레스큐에 인계,청소행정과,,complaints_2025.xlsx,청소행정과
2025,1530,2025-07-06,,익명,"탯줄도 안 잘린 새끼고양이 자생능력이 없어 보여 일단 집에 델고 갔으며, 구조 및 보호 요청
",유성구 유기동물 구조담당자 전달,지역산업과,,complaints_2025.xlsx,지역산업과
2025,1531,2025-07-06,,익명,"신성동 다이소부근 도로 중앙에 라바콘 5개가 세워져 있었으며 주행 중 라바콘에 부딪혀 차량 손상 일어남.
도로 보수 및 공사로 인해 라바콘을 설치한 것 같다고 하셨으며 회신요청하셨습니다.",접수,건설과,,complaints_2025.xlsx,건설과
2025,1532,2025-07-06,,익명,탯줄도 안 잘린 새끼고양이가 종이박스에 담겨 밖에 유기되어 구조 및 보호 요청합니다,접수,지역산업과,,complaints_2025.xlsx,지역산업과
2025,1533,2025-07-06,,익명,학의뜰 아파트 인근 밤샘주차 단속 요청,관련부서 이첩,교통정책과,,complaints_2025.xlsx,교통정책과
2025,1534,2025-07-06,,익명,올빼미 구조 요청,펫레스큐 전달,푸른환경과,,complaints_2025.xlsx,푸른환경과
2025,1535,2025-07-06,,익명,"궁동 ***-* 도로 페인트칠을 하고 있으며 페인트 냄새가 나서 조치 요청
(말을 험하게 하니 주의 요망)",접수,건설과,,complaints_2025.xlsx,건설과
2025,1536,2025-07-06,,익명,유성온천역 인근 사거리 8차로 도로에서 유기견(말티즈)발견 후 보호중이심. 구조 요청. ,유기동물 구조 담당자께 문자와 전화 통보 완료. ,지역산업과,,complaints_2025.xlsx,지역산업과
2025,1537,2025-07-06,,진잠파출소,대정동 한진택배 근처 한우물네거리쪽 중앙분리대 화단 작업자분들(8명) 차선 하나 막고 작업하시는데 막아있는 방향 이외에 다른 방향쪽 차선까지 넘어가 작업하여 교통사고의 우려있음. 진잠파출소에서 녹지과 담당이라고 알고계시고 파출소에서 직접 현장관리자께 말씀드렸으나 유성구청에서도 현장 교통사고 위험있으니 신속하게 조치 필요하다고 하심. ,"담당부서 이첩 (빠른조치요망, 담당 부서에 문자전송)",녹지산림과,,complaints_2025.xlsx,녹지산림과
2025,1538,2025-07-05,,미상,지족동 ***-*번지 일원 갓 태어난 새끼고양이 구조 요청하셨음. (발견된지 오랜 시간 지남),담당부서 이첩(유기동물 구조 담당자에게 인계하였음.),지역산업과,,complaints_2025.xlsx,지역산업과
2025,1540,2025-07-05,,미상,신성동 대덕양문교회와 메가커피 사이 멘홀 인근 도로 침하 발생,담당부서 이첩,건설과,,complaints_2025.xlsx,건설과
2025,1541,2025-07-05,,미상,"세종에서 대전오는 길, 남대전IC 지나 빠지는 길 안산동 진출입로가 위험해서 민원 넣고 싶어하심. 월요일 4시 이후 연락 부탁드림.
(세종시에서 세종시 소관이 아니라는 답변을 들었다고 함)",담당부서 이첩,건설과,,complaints_2025.xlsx,건설과
2025,1542,2025-07-05,,미상,도안더리브(복용동) 지식산업센터 옆 불법소각으로 인한 매연과 흰 연기로 인한 피해 호소. 월요일 연락 부탁드림.,담당부서 이첩,청소행정과,,complaints_2025.xlsx,청소행정과
2025,1543,2025-07-05,,미상,"25.7.4. 선병원에서 월드컵경기장 가는 길, 도로변 제초작업 울타리 밖에서 제초작업으로 인해 날라온 돌에 차량 파손 문의",담당부서 이첩,건설과,,complaints_2025.xlsx,건설과
2025,1544,2025-07-05,,미상,"지족동, 노은역 옆 중문교회에서 주말 공사로 인한 소음과 분진 민원",담당부서 이첩,푸른환경과,,complaints_2025.xlsx,푸른환경과
2025,1545,2025-07-05,,익명,"엑스포코아 후문 주말 주차금지 요청 등 대안 회신 요청, 주중에 전화 꼭 달라고 하셨습니다",단속반 조치,주차관리과,,complaints_2025.xlsx,주차관리과
2025,1546,2025-07-05,,익명,"신성로 **번길일원 건축공사(여러곳)를 몇달째 하고 있는데, 비산먼지 방지 조치도 되어 있지 않고
평일,주말할거없이 아침부터 소음이 너무 심해서 집에서 편히 휴식을 취할 수가 없어 참다참다 전화했다고 함
건축관련부서(인허가부서 등)와 협조해서 시공사 측에 해당 사항 전달하여 공사시간 조정, 비산방지시설 설치하여 지역주민 소음,먼지피해 저감방안 마련요청하였음(관련법을 다 알고있는 사람으로, 이에 대한 조치 계획 전달 필요)",담당부서 이첩,푸른환경과,,complaints_2025.xlsx,푸른환경과
2025,1547,2025-07-05,,익명,"갑동 **번길 ** 일원 그물에 걸린 고라니(살아있음) 조치 요청
- 펫레스큐(***)에 전달하여 처리 요청하였음",담당부서 이첩(유기동물로 볼 수 없다고 하여 펫레스큐에 말씀드렸더니 해주신다고 하셨음),청소행정과,,complaints_2025.xlsx,청소행정과
2025,1548,2025-07-05,,유성경찰서 봉명지구대,"봉명동 일원 주인없는 강아지 발견하여 유성경찰서에 임시보호 중으로 유기동물구조대 보내줄 것을 요청하여, 구조 담당자(***)에게 연락 및 조치요청하였음",담당부서 이첩,지역산업과,,complaints_2025.xlsx,지역산업과
2025,1549,2025-07-05,,익명,"금고동 *** 일원 수목전도로 인한 차량통행 지장(전봇대 선도 덮쳤음)
- (06:01분경) 민원인에게 주말에는 현장팀 근무 없어 119에 차량통행가능토록 재문의 및 한국전력공사(전봇대 전력 차단 조치 필요) 문의 필요한 사항임을 안내하였음
- (07:34분경) 119에서 07.34분경 현장도착했으나 나무가 너무 커서 119 기계톱으로는 작업불가해서 철수 했다고 함
- (08:26분경) 다른 민원인(010-****-****) 또 연락와서 전도수목 조치요청 / 주말에 작업인원 없어서 월요일에 현장확인 후 조치가능 판단 필요하다는 안내하였음",담당부서 이첩,녹지산림과,,complaints_2025.xlsx,녹지산림과
2025,1550,2025-07-04,,익명,하기동 ***(송림마을 *단지~송림중학교 사이) 가로수 불이 안들어옴,"담당부서 이첩(담당자한테 문자 전송, 조속한 조치 요청)",건설과,,complaints_2025.xlsx,건설과
2025,1551,2025-07-04,,익명,하기동 ***(송림마을 *단지~송림중학교 사이) 가로수 불이 안들어옴,담당부서 이첩,건설과,,complaints_2025.xlsx,건설과
2025,1552,2025-07-04,,익명,궁동 *** 일원 가로등 불이 한달가까이 안들어온다고 함,담당부서 이첩,건설과,,complaints_2025.xlsx,건설과
2025,1553,2025-07-04,,익명,상대동 ***(대전시립박물관~원신흥도서관쪽으로 우회전하기 직전) 수목 전도되어 옆에 나무에 기울어져 있다고 함(나무 말라죽기 전에 신속한 조치 요청),담당부서 이첩,공원과,,complaints_2025.xlsx,공원과
2025,1554,2025-07-04,,익명,"지족동 다이소대전노은3지구점 앞에 고라니 로드킬 신고
",담당부서 이첩,청소행정과,,complaints_2025.xlsx,청소행정과
2025,1555,2025-07-03,,미상,"장대동 상떼빌아파트 맞은편 유성천 데크(우드) 로 만든 길 나무 손상이 심해 군데 군데 구멍이 나 있어 매우 위험하다고 함 .
현장 점검하시어 위험을 방지해 달라는 민원 요청",해당부서 이첩,재난안전과,,complaints_2025.xlsx,재난안전과
2025,1556,2025-07-03,,[삭제],"방범용 CCTV가 설치된 전봇대에 있던 안심벨이 떨어져 있어서 조치요망
- 위치: 반석로 ***번길 ** 근처
- 정확한 위치와 상황설명을 위해 민원인과 통화하시면 됨",담당부서 이첩,회계과,,complaints_2025.xlsx,회계과
2025,1557,2025-07-03,,미상,"119를 통해 민원 접수됨.  어은교에서 카이스트교 방향 파라솔 파손되어 통행불편 신고 접수됨
현장 방문하여 사전처럼 임시조치 취했으나 담당부서에서 방문하여 조치필요할 것으로 판단됨",담당부서 이첩,재난안전과,,complaints_2025.xlsx,재난안전과
2025,1558,2025-07-03,,유성경찰서,"주민 신고로 현장 출동한 내용 공유
- 내용: 궁동 ***-*번지 골목길에 가로세로 **cm 정도의 포트홀(구멍이 비어 있음) 생김
- 경찰 출동하여 주민에게 안전신문고 등록 방법 안내하고 별도의 조치는 취하지 않았다고 함",처리부서 이첩,건설과,,complaints_2025.xlsx,건설과
2025,1559,2025-07-03,,미상,복용초 근처 아파트 공사현장에서 3~4일전부터 아침에 임대한 걸로 보이는 차량으로 음악을 크게 틀어놔서 소음 발생으로 불편민원 제기,관련 부서 이첩,푸른환경과,,complaints_2025.xlsx,푸른환경과
2025,1560,2025-07-03,,미상,노은cgv 있는 사거리에서 노은역 방향 고양이 사체 처리 요청,소관부서 이첩,청소행정과,,complaints_2025.xlsx,청소행정과
2025,1561,2025-07-03,,미상,유성생명고 삼거리 신호등 있는 횡단보도 아래 고양이 사체 처리 요청,소관부서 이첩,청소행정과,,complaints_2025.xlsx,청소행정과
2025,1562,2025-07-02,,유성소방서,"- 위치 : 전민동 ***-* 일원(LH토지주택연구원 앞 왕복 2차선 도로) 
- 내용 : LH토지주택연구원 부지 내 수목이 부러져 도로 침범으로 차량 통행 지장 → 소방, 경찰 출동하여 현장 조치 完(잔여물 반대편 녹지대(사면)에 모아서 놓아둠)",관련 부서 이첩(LH토지주택연구원 측에서 관련 사항 협조할 부분있으면 연락달라고 하심 / 시설담당자 연락처 : 042-****-****),녹지산림과,,complaints_2025.xlsx,녹지산림과
2025,1563,2025-07-02,,미상,장대동 꼭두배어린이공원 최근 공사한 공원등 미점등 → 낮에 켜지고 밤에 꺼져있다고 하심(3일 전부터 말씀하셨다고 함),관련 부서 이첩,공원과,,complaints_2025.xlsx,공원과
2025,1564,2025-07-02,,미상,원신흥남로**번길 **-* 인근 양방향 불법주차로 통행 어려워 단속 요청 / 단속유예 안내 했음,소관부서 이첩,주차관리과,,complaints_2025.xlsx,주차관리과
2025,1565,2025-07-02,,미상,저녁시간대 신성동 파출소 인근 불법주차로 통행 어렵다고 합니다,소관부서 이첨,주차관리과,,complaints_2025.xlsx,주차관리과
2025,1566,2025-07-02,,익명,"장대동 ***-*번지 일반쓰레기,재활용 섞어서 배출 신고 (처리요청)",해당 부서 이첩 알림,청소행정과,,complaints_2025.xlsx,청소행정과
2025,1567,2025-07-02,,구즉지구대 경장,"배울*로 *** 생지온한의원 앞 인도에 폭1m,깊이1m싱크홀 발생 제보 (010-****-**** 민원인 통해) 및 생지온 한의원 건물 관리인과 함께 임시조치 (빠른 조치 요망)",해당 부서 이첩 (빠른 조치 요망),건설과,,complaints_2025.xlsx,건설과
2025,1568,2025-07-02,,익명,장대동 월드컵패밀리타운 아파트 앞 가로등 한 라인 전체 점멸,해당 부서 이첩 알림,건설과,,complaints_2025.xlsx,건설과
2025,1569,2025-07-02,,익명,대정동 ***-*번지 한진 메가허브 터미널 에서 진잠방향으로 가는 일차선에 개 사체 처리 요청,펫레스큐 문자 전달,청소행정과,,complaints_2025.xlsx,청소행정과
2025,1570,2025-07-01,,[삭제],유성교 가로등번호 L2-12번 가로등 라인 전체 점멸,해당 부서 이첩 알림,건설과,,complaints_2025.xlsx,건설과
2025,1571,2025-07-01,,익명,노은소방서 ~ 노은어린이집 도로 가로등 점멸,해당 부서 이첩 알림,건설과,,complaints_2025.xlsx,건설과
2025,1572,2025-07-01,,[삭제],노은성당~노은초 가로등 전체 점멸,해당 부서 이첩 알림,건설과,,complaints_2025.xlsx,건설과
2025,1574,2025-07-01,,[삭제],무인발급기 롯데카드분실로 분실물 확인 문의,해당부서 이첩,민원여권과,,complaints_2025.xlsx,민원여권과
2025,1575,2025-07-01,,익명,장대동 **-**번지 또는 25번지 가로등 한 라인 전체  불 안들어옴,해당 부서로 민원사항 전달 조치 통보 ,건설과,,complaints_2025.xlsx,건설과
2025,1576,2025-07-01,,익명,노은동 열매마을 **단지 ~ 노은 스타돔까지 거리에 가로등이 아직까지 켜져있어서 시간 설정이 잘못 된 거 아닌지 전화 / 조치 요청,관련부서 이첩,건설과,,complaints_2025.xlsx,건설과
2025,1577,2025-07-01,,이삭,"-내용: 흰불나방벌레에 대한 살충 요청(감나무 재배중)
",-담당부서이첩,지역산업과,,complaints_2025.xlsx,지역산업과
2025,1578,2025-07-01,,익명,장대동 꼭두배어린이공원 가로등 시간설정이 잘못 되어 새벽에 켜져있다고 연락오심.,관련부서 이첩,공원과,,complaints_2025.xlsx,공원과
2025,1579,2025-06-30,,[삭제],"연구단지 종합운동장 트랙 주변 등 안켜짐
농구대 쪽 등은 평상시에도 안켜짐  / 조치요청",담당부서 안내 후 조치,문화관광체육과,,complaints_2025.xlsx,문화관광체육과
2025,1580,2025-06-30,,익명,유성대로 ***번길 ** 앞 도로에 포트홀 있어서 신고하심,관련부서 이첩 / 20:50경 경찰서에서 추가 신고 접수 후 연락와서 현장 확인 / 담당자 연락 후 모래 등 채워넣는 조치 취함,건설과,,complaints_2025.xlsx,건설과
2025,1581,2025-06-30,,미상,"열매*단지앞 및 다이소 주변 불법주정차 단속 요청
-일단 알았다고 하고 종료했으나, 악성 민원으로 기록 남깁니다. 
-발신번호: **** << 핸드폰 아님",-담당부서 이첩,주차관리과,,complaints_2025.xlsx,주차관리과
2025,1582,2025-06-30,,지구대 경찰,현충원로***번길 ** / 공사중인데 도로점용허가 됐는지 전화달라고 하심. ,해당 부서 이첩,대전광역시,,complaints_2025.xlsx,대전광역시
2025,1583,2025-06-30,,익명,"하기로**번길 *** 나무 1그루 쓰러져있어서 조치 요청.
담당자와 통화 원하심. ",해당 부서 이첩,녹지산림과,,complaints_2025.xlsx,녹지산림과
2025,1588,2025-06-29,,미상,"6/29일 8시경 전민동 ***-*번지 도로부분에 신원미상인 사람이 도로인지 하수구인지에 구멍을 뚫고 '엑스포 동우당 약국'으로 들어갔다고 함, 도로에 뚫은 구멍이 문제가 없는건지 확인 바란다고 합니다.",관련부서 이첩,건설과,,complaints_2025.xlsx,건설과
2025,1589,2025-06-29,,익명,"반석마을*단지 앞 고양이 사체 신고하시면서 로드킬 동물들이 수거되면 어떻게 처리되는지 문의함.
월요일에 담당자와 통화 원하심. ",해당 부서 이첩,청소행정과,,complaints_2025.xlsx,청소행정과
2025,1590,2025-06-29,,푸르지오하임 관리사무소 직원,"대전 유성구 용산동 *** /  푸르지오하임 *단지와 *단지 사이에 나무 한그루 잘려서 넘어가있음. 조치 요청.
월요일에 담당자와 통화 원하심.",해당 부서 이첩,녹지산림과,,complaints_2025.xlsx,녹지산림과
2025,1593,2025-06-29,,미상,아동학대 의심 신고 / 장대동 ***-* 아이빌아파트 ****호 / 며칠동안 새벽에 아이 울음소리 들리는데 달래주지 않는 것 같다하심,담당부서 이첩,아동복지과,,complaints_2025.xlsx,아동복지과
2025,1599,2025-06-28,,익명,"자운동***번지 앞 도로, 자운로**번길*** 아파트 앞쪽 도록 과속방지턱 포트홀 발생민원 들어옴. 010 **** ****로 처리 회신로 부탁한다는 민원 들어옴.",담당부서이첩,건설과,,complaints_2025.xlsx,건설과
2025,1604,2025-06-28,,익명,사유자 내 세처거 위법인지 문의(수질오염관련) / 전화요망,담당부서 이관,푸른환경과,,complaints_2025.xlsx,푸른환경과
2025,1606,2025-06-28,,익명,둔곡1교 주변 가로등 소등 요청,담당부서 이관,건설과,,complaints_2025.xlsx,건설과
2025,1609,2025-06-28,,유성지구대 *** 경위,"대학로** 에서 미성년자 주류제공 적발함(04:00)
(현재 업주는 안나오고, 아르바이트생은 퇴근한 상태임) 현재 근무자/베트남인 는 미성년자를 받지 않았다고 하는데 경찰서에서 수사진행예정임 /민원등록 요청",담당부서이첩,위생과,,complaints_2025.xlsx,위생과
2025,1610,2025-06-27,,익명,"월드컵경기장역 1번출구 위쪽으로(왕가봉로**번길) 오른쪽 가로등이 전부 다 나가있음
6개월전에도 다 나가서 신고를 한번 했었는데 또 다 나가서 너무 깜깜함(공사중인지도 확인 필요할것 같음)",담당부서 이첩,건설과,,complaints_2025.xlsx,건설과
2025,1611,2025-06-27,,익명,"송강동에서 둔곡동 넘어가는 방향으로 언덕있는 부근에 고양이 사체 처리요청
편도2차선도로 중 2차선에 있음
",동물사체업체에 문자 통보,청소행정과,,complaints_2025.xlsx,청소행정과
2025,1612,2025-06-27,,익명,"대덕대로(도룡동)  522번길 사이언스 빌리지 뒷쪽에 저녁부터 심야(10시30분)까지 공사 소음이 심하게 남
어떠한 공사인지, 공사기간 및 공사로 인한 소음발생 관련 담당자 확인 후 유선답변 요청하심(유성구청 홈페이지에 게시된 연립주택 공사인지..)",담당부서 이첩,푸른환경과,,complaints_2025.xlsx,푸른환경과
2025,1613,2025-06-27,,신성지구대,죽동 대원칸타빌 아파트 ***동에서 ***동 방향으로 가는 횡단보도에서 ***동 담벼락을 차량이 박으면서 인도에 있던 볼라드가 손괴됨,담당부서 이첩,건설과,,complaints_2025.xlsx,건설과
2025,1614,2025-06-27,,유성경찰서 상황실,"유성 노은동로 **, 농수산물시장 정문 앞 사각형 맨홀 파손됨",담당부서 이첨,노은농수산물도매시장관리사업소 관리과,,complaints_2025.xlsx,노은농수산물도매시장관리사업소관리과
2025,1615,2025-06-26,,미상,"용산동 경남 아너스빌 *, *단지 둘레길 가로등 미점등",소관부서 이첩,건설과,,complaints_2025.xlsx,건설과
2025,1617,2025-06-26,,미상,죽동칸타빌아파트(죽동로**)에서 서당골근린공원 가는 산책로에 불법주정차가 많아 볼라드 설치 요청,소관부서 이관,공원과,,complaints_2025.xlsx,공원과
2025,1618,2025-06-26,,익명,현충원로 기아유승대리점 인근 삼거리 굴다리 방향 1차선에 고라니 사체 처리 요망,담당부서 이첩,청소행정과,,complaints_2025.xlsx,청소행정과
2025,1626,2025-06-25,,[삭제],"노은지구대 *** 경사 010-****-****

대상자 ***에 대해 구급대와 함께 출동하여 상태를 확인한 결과, 많이 야위고 기운이 전혀 없는 상태로 요양보호사나 장애인활동지원사 등 정기적 방문을 통해 돌봄을 수행할 인력을 지원해 주길 희망하심.","행복e음 조회결과 지역사회통합돌봄 대상자로 주 3회 도시락 배달 대상임을 안내함.
매일 방문을 통한 직접적인 돌봄을 희망하여 동 담당자와 상의 후 연락드리기로 함.",노은3동,,complaints_2025.xlsx,노은3동
2025,1628,2025-06-25,,익명,노은동 *** 노은농수산물시장 제1문 앞 신호등 근처에 생긴 포트홀로 인해 차량 휠이 파손됨 ,시청 관할 도로로 파악돼 민원인에게 문자로 시청당직실 번호 안내함,건설과,,complaints_2025.xlsx,건설과
2025,1630,2025-06-25,,익명,"-봉산동 ***-* 공사현장 인근에서 해당 공사현장 차량이 아닌 다른 공사차량이 밤샘주차가 아닌 20일넘게 가만히 있음
-가끔 운행후에는 흙 먼지 등으로 인해 해당 공사현장에서 민원처리를 하는 상황이므로 조치를 요청함",담당부서 이첩,주차관리과,,complaints_2025.xlsx,주차관리과
2025,1631,2025-06-25,,구즉지구대 직원,둔곡동 서한이다음@ *단지 입구 주변 대로 중앙분리대 파손 수리 요망,민원접수,건설과,,complaints_2025.xlsx,건설과
2025,1632,2025-06-24,,119,"교촌동 ***-**인근에서 유기견(보더콜리)한마리가 돌아다닌다는 신고를 119에서 접수받아 119와 경찰은 출동했고 유기동물 구조 담당자 연결을 요청함
-유성구 유기동물 구조 담당자(***)에 유선, 문자 안내 완료",담당부서 이첩,지역산업과,,complaints_2025.xlsx,지역산업과
2025,1633,2025-06-24,,복용파출소 직원,학하중앙로 *** 및 학하삼거리 주변 쓰레기 및 폐기물 쌓여있어 수거 요망,민원 접수,청소행정과,,complaints_2025.xlsx,청소행정과
2025,1634,2025-06-24,,익명,"-대전과학수사연구소 인근 화암동 **-*에 포트홀이 크게있어 포트홀을 지나간 민원인이 차량의 이상을 느낌
-포트홀 처리를 요청함
-내일(25일) 확인후 차량 이상있으면 연락하겠음
-22시48분 다시 전화와 본인 차량이 이상있다고함",22시 48분 재 통화시 대로이므로 시청관할임을 안내하고 시청 당직실 번호를 안내함.,건설과,,complaints_2025.xlsx,건설과
2025,1636,2025-06-24,,익명,반석마을 호반베르디움 *단지 ***동 바로 옆 지족동 **** 내에 있는 에어건이 작동 안함.,담당부서 이첩,공원과,,complaints_2025.xlsx,공원과
2025,1638,2025-06-24,,익명,"이전에도 같은 내용으로 몇번 문의한 적 있음
복용동 ***-*번지 옆 도로에 항상 같은 화물차(대전**아****)가 다른차량의 통행이 불편하게 주차를 해놓음
흰선이라 단속이 어렵다 안내
화물차번호판이 노란색인데 이런경우는 전용차고지에 주차해야하는것으로 알고있으니 확인후 단속해달라고 요청함",담당부서이첩,교통정책과,,complaints_2025.xlsx,교통정책과
2025,1639,2025-06-24,,[삭제],"-유성소방서에서 우성이산 올라가는 쪽 계단 예초작업 요청
-우성이산 예초작업하시는 분들께 요청드렸는데, 소관이 아니라 못해준다는 답변으로 항의 전화옴",-해당부서 이첩,녹지산림과,,complaints_2025.xlsx,녹지산림과
2025,1640,2025-06-24,,미상,"-카이스트 문지캠~LG화학기술연구원 가는 길 고라니 사체(06:52)
-119에서 도로 구석쪽으로 치워두심",- 해당부서 이첩,청소행정과,,complaints_2025.xlsx,청소행정과
2025,1641,2025-06-23,,미상,"-관평동 관평천 나무다리(용산고->**단지 방향) 부서짐
-해당다리 수리 요청
",-안전상 통행 위험함에 따라 임시방편으로 통행금지라인 쳐놓은 상태임,재난안전과,,complaints_2025.xlsx,재난안전과
2025,1642,2025-06-23,,익명,도룡동 공동관리아파트 정류장 횡단보도 앞  도로에 유리가 떨어져 깨져있어 서 있는 사람에게 유리가 튀어 찔리기도 함. 위험한 상황이니 빠른 조치 바람. 새벽에 학생들이 다칠까봐 걱정됨,관련부서 이첩,청소행정과,,complaints_2025.xlsx,청소행정과
2025,1643,2025-06-23,,[삭제],"- 우미린 아파트 악취 민원
- 담당자 통화 요청",-해당부서 이첩,마을자치과,,complaints_2025.xlsx,마을자치과
2025,1644,2025-06-23,,[삭제],"-유성구 둔곡동 우미린 아파트 단지 내 흰 진돗개 돌아다님(몇년째)
-주인은 있다고 해서, 유기동물 접수는 못함
-유기견업체 김명덕님이 출동하셨으나, 업체에서도 포획은 못한다고 한 상황.
-민원인분 담당자랑 통화 요청",-해당부서 이첩,지역산업과,,complaints_2025.xlsx,지역산업과
2025,1645,2025-06-23,,미상,포트홀/ 유성구 장대동 ***-* 앞 도로에 홀이 파여있어서 차가 덜컹거림. ,담당부서 이첩,건설과,,complaints_2025.xlsx,건설과
2025,1646,2025-06-23,,[삭제],"관평동 **** 번지 <- 웅진 에너지 본사있는 삼거리 방향 인도쪽 나무 쓰러져있음, 인근 소방서에서 제거가능한지 현장 확인중./ 임시로 나무 잘라서 옆으로 치워놓음
",담당부서 이첩,공원과,,complaints_2025.xlsx,공원과
2025,1647,2025-06-23,,미상,관평동 ***번지 일원 하천변쪽 포트홀 신고,담당부서 이첩,건설과,,complaints_2025.xlsx,건설과
2025,1648,2025-06-23,,미상,"대전 유성구 북유성대로***번길 **, 칠갑산 식당에서 지속적으로 쓰레기 소각함. 여러번 민원 넣었는데도 계속되는 소각으로 영업정지나 타 행정처분 요청",담당부서 이첩,청소행정과,,complaints_2025.xlsx,청소행정과
2025,1649,2025-06-22,,[삭제],지족중학교 옆 안산어린이공원에 나무가 3m정도 부러져있음. (메타세콰이어 나무로 추정됨). 조치요망,담당부서 이첩,공원과,,complaints_2025.xlsx,공원과
2025,1650,2025-06-22,,미상,신성교에서 자운대 방면(대림산업연구소 부근)으로 탄동천 둘레길 전도목 발생,담당부서 이첩,재난안전과,,complaints_2025.xlsx,재난안전과
2025,1651,2025-06-22,,미상,유성구 지족동 네이처뷰 아파트 주위에 너구리 새끼들이 있어 임보중. 구조요청함. 010-****-**** <- 임보중인 보호자 연락처,담당부서 이첩,푸른환경과,,complaints_2025.xlsx,푸른환경과
2025,1652,2025-06-22,,미상,"노은서로 ***번길 **, 상가(명태촌) 앞 도로가 부풀어오르고 악취가 심하게 남(오수관 파손 의심됨) ",담당부서 이첩,건설과,,complaints_2025.xlsx,건설과
2025,1655,2025-06-22,,미상,신구교 밑에서 외국인 취사 단속요청,담당부서 이첩,재난안전과,,complaints_2025.xlsx,재난안전과
2025,1656,2025-06-22,,미상,"홍익돈까스 노은하기점 2층 테라스 야생 새 구조요청 (천연기념물 황조롱이 추정으로 물이나 먹이줘도 되는지, 구조언제되는지 궁금해하셔서 연락부탁드려요)",담당부서 이첩,문화관광체육과,,complaints_2025.xlsx,문화관광체육과
2025,1657,2025-06-22,,봉산동 주민,"1.대덕대로 **** 에서 우회전 하여 한전원자력연료 가는 방향 자전거도로
*.송강동무지개송어 지나서 한전원자력연료로 가는 길
폭우로 인해 나무가지가 보행에 피해가됨. 빠른시일 내 가지치기 요청, 조치 후 연락 요청하셨습니다.",담당부서 이첩,녹지산림과,,complaints_2025.xlsx,녹지산림과
2025,1658,2025-06-22,,미상,"전민동성당 앞, 도로맞은편에 있는 햇빛가림막 펴달라는 민원",담당부서 이첩,재난안전과,,complaints_2025.xlsx,재난안전과
2025,1659,2025-06-22,,미상,네이처뷰 아파트 ***동 옆 큰도로(덕산삼거리 방향) 인도에 야생새끼너구리 포획요청,담당부서이첩,푸른환경과,,complaints_2025.xlsx,푸른환경과
2025,1660,2025-06-22,,미상,유성천(전체적으로) 자전거도로에 폭우로 인한 쓰레기 등 환경정비요청 (방대한 양),담당부서 이첩,재난안전과,,complaints_2025.xlsx,재난안전과
2025,1662,2025-06-22,,[삭제],"나무가 쓰러져 비닐하우스 뼈대 손상, 밭 피해 (송정동 ***-*)
나무 처리와 피해보상 가능한지 유선통화요청드립니다.",담당부서 이첩,녹지산림과,,complaints_2025.xlsx,녹지산림과
2025,1663,2025-06-22,,미상,진잠초등학교 옆 도로(원내동***) 부터 다섯시 방향으로 신우한아름아파트까지 이어지는 도로에 현수막 2~30m 간격으로 현수막 설치로 처리 요청,담당부서이첩,건축과,,complaints_2025.xlsx,건축과
2025,1664,2025-06-22,,미상,대정동 ***-* 앞 도로에 큰 나무가 쓰러져있어 통행이 어려움,담당부서 이첩,건설과,,complaints_2025.xlsx,건설과
2025,1665,2025-06-22,,미상,궁동성당(궁동로**)과 뒷산사이 인도에 수목 전도 ,담당부서 이첩,녹지산림과,,complaints_2025.xlsx,녹지산림과
2025,1666,2025-06-22,,미상,"집마당에 대형견 2마리(입마개,목줄 x)가 있는데 담장이 있긴 하지만 
사람 지나갈때 바위에 올라와 위협적으로 짖음 언제든 밖으로 나올 수도 있어보임 간곡히 조치요청
(도안대로***번길 **)
",담당부서이첩,지역산업과,,complaints_2025.xlsx,지역산업과
2025,1667,2025-06-22,,미상,구즉체육관(송강동*) 바로 옆 인도의 수목 전도(당직실 핸드폰내 현장사진있음 22일 오전 10시쯤 문자 수신),담당부서 이첩,공원과,,complaints_2025.xlsx,공원과
2025,1668,2025-06-22,,미상,봉산동 ****(구즉초에서 오봉산 올라가는 길) 산사태 발생으로 처리요청,담당부서 이첩,녹지산림과,,complaints_2025.xlsx,녹지산림과
2025,1669,2025-06-22,,임창균 경사,고라니 사체 / 유성경찰서 직장어린이집 맞은편 갓길,"펫레스큐 연락, 동물사체신고 접수대장 기록, 담당부서로 당직민원 등록",청소행정과,,complaints_2025.xlsx,청소행정과
2025,1670,2025-06-21,,미상,용산동 푸르지오하임아파트와 외국인학교 인근 도로 화단으로된 중앙분리대 파손 ,시 도로로 판단되어 시 당직실(김선우) 이첩,건설과,,complaints_2025.xlsx,건설과
2025,1672,2025-06-21,,미상,송강그린아파트 및 한마을아파트 정문(송강동 ***번지) 싱크홀(60cm)가량 발생 / 사고발생 우려,박종필계장님 및 최욱진주사님 유선통화 및 확인 완료 / 4차선 도로로 시 당직실(김선우) 이첩,건설과,,complaints_2025.xlsx,건설과
2025,1674,2025-06-21,,미상,"1001번 버스기사분이신데 송강 휴먼시아 버스정류장 인도 가드레일?펜스 관련하여 불편사항이 있어 민원접수. 가드레일 일부 철거 요청. 
자세한 사항은 민원인분과 통화해보셔야 할 것 같습니다.",담당부서 이첩,건설과,,complaints_2025.xlsx,건설과
2025,1675,2025-06-21,,미상,장대동***(오토피아카센터 앞 쪽)불법 적치로 인도를 막아 통행불편함. 불법 적치 단속 요청.,담당부서 이첩,건설과,,complaints_2025.xlsx,건설과
2025,1676,2025-06-21,,[삭제],"비가 너무 많이 와서 모래주머니가 필요한데 동사무소에서 30포 내외 받을수있는지 문의주셨고 
전화 부탁드립니다. ",행정복지센터 이첩,진잠동,,complaints_2025.xlsx,진잠동
2025,1677,2025-06-21,,미상,성북로**번지 소나무 쓰러져있음. 처리요청.,담당부서 이첩,녹지산림과,,complaints_2025.xlsx,녹지산림과
2025,1680,2025-06-21,,미상,노은동 열매마을아파트*단지 후문 놀이터 그네 옆 소나무 부러짐. 처리 요청.,담당부서 이첩,공원과,,complaints_2025.xlsx,공원과
2025,1682,2025-06-21,,[삭제],성북로**(방동**-**)번지 나무가 쓰러져 건물 덮침. 쓰러진 나무 처리 요청,담당부서 이첩,녹지산림과,,complaints_2025.xlsx,녹지산림과
2025,1683,2025-06-21,,[삭제],계산동***(계산초등학교 정문)앞 도로 꺼져서 차량 타이어파손. 차주(***)가 보험처리요청.,담당부서 이첩,건설과,,complaints_2025.xlsx,건설과
2025,1684,2025-06-21,,미상,진잠로**번길** 앞 도로변 도로 꺼짐. 처리 요청,담당부서 이첩,건설과,,complaints_2025.xlsx,건설과
2025,1685,2025-06-21,,세종 도시교통공사,반서역~세종 도로(남세종IC올라가기전 언덕밑) 물웅덩이 처리 요청,담당부서 이첩,건설과,,complaints_2025.xlsx,건설과
2025,1686,2025-06-21,,미상,반석로**번길** 나뭇가지가 부러져서 주택 담장에 걸쳐있음.,담당부서 이첩,녹지산림과,,complaints_2025.xlsx,녹지산림과
2025,1687,2025-06-21,,익명,화암네거리에서 전민동 방향으로 ***m가다보면 S-oil 주유소 있는데 그 옆 커브길이 도로가 침수되었다고 시청콜센터에서 민원인 전화번호 접수 없이 내용 전달만 해주셨습니다.,담당부서 이첩,건설과,,complaints_2025.xlsx,건설과
2025,1688,2025-06-21,,[삭제],송정동 ***번지 소나무가 비닐하우스를 덮쳐 소나무와 함께 무너짐. 처리요청,담당부서 이첩,녹지산림과,,complaints_2025.xlsx,녹지산림과
2025,1689,2025-06-21,,익명,구암동 ***-* 맞은편 도로 양쪽에 트럭이 주차되어있어 불법주정차 신고. 강하게 단속요청을 바라신다고.. 국민신문고도 사진과 함께 넣는다고 하심.,담당부서 이첩,주차관리과,,complaints_2025.xlsx,주차관리과
2025,1692,2025-06-21,,익명,노은역 근처 국가대표농수산물 앞에 트럭을 세워서 불편하다고 하심. 전화 요망.,담당부서 이첩,주차관리과,,complaints_2025.xlsx,주차관리과
2025,1693,2025-06-21,,미상,관평동 *** 배울네거리에 설치된 정당현수막 신속 철거 필요 / 현수막 문구: 여성접대부~~ / 아이들이 많이 다니는 곳임 (숙직때도 다시 전화와서 월요일 오전9시에 바로 철거 요청하셨습니다..),담당부서로 당직민원 등록,건축과,,complaints_2025.xlsx,건축과
2025,1694,2025-06-21,,미상,로드킬 고라니 추정 2마리 사체 처리 필요,"펫레스큐 연락, 동물사체신고 접수대장 기록, 담당부서로 당직민원 등록",청소행정과,,complaints_2025.xlsx,청소행정과
2025,1695,2025-06-20,,미상,반석역 일원(반석네거리) 북유성대로 가로등 점등 안됨,담당부서 이첩,건설과,,complaints_2025.xlsx,건설과
2025,1696,2025-06-20,,미상,충대 오거리에서 홈플러스 가는 방향(한밭대로) 가로등 점등 안됨,담당부서 이첩,건설과,,complaints_2025.xlsx,건설과
2025,1697,2025-06-20,,익명,불법주정차 신고. 원자력안전기술원 정문앞 인도에 트럭 주차. ,담당부서 이첩,주차관리과,,complaints_2025.xlsx,주차관리과
2025,1700,2025-06-19,,익명,"도룡동 연구단지 사거리부터 표준과학연구원 가는길, 신성동 연구단지 종합운동장 삼거리에서 승적골 3거리 가는길 가로등 불이 나감. 어제 시당직실 통하여 민원 전달하였지만 처리되지 않아 불편 표함.",담당부서 이첩,건설과,,complaints_2025.xlsx,건설과
2025,1701,2025-06-19,,미상,"연구단지운동장(대덕싸이언스어린이집 근처) 주뱐 가로등이 전부 꺼져있음.
확인후 조치 바람",담당부서에서 익일 조치 예정임을 안내,건설과,,complaints_2025.xlsx,건설과
2025,1703,2025-06-19,,[삭제],구암동 ***-*번지 거주. 바로앞 가로등 불빛이 너무 밝아 빛공해와 벌레꼬임이 심하여 현장확인 및 소등 요청,담당부서 이첩,건설과,,complaints_2025.xlsx,건설과
2025,1704,2025-06-19,,익명,반석역 1번출구 출퇴근시간에 택시 주정차로 불편함 토로. 여러번 민원제기 해왔으나 반영되지 않는다 불만 표시. 플랜카드 경고문구 설치 원함.,담당부서 이첩,주차관리과,,complaints_2025.xlsx,주차관리과
2025,1705,2025-06-19,,익명,<긴급> 구암동 ***-** 공사현장 불법주정차 신고 / **머**** 티볼리 흰색 차량 / 휴대폰 번호 가려져있다고 함,담당 부서 이첩,주차관리과,,complaints_2025.xlsx,주차관리과
2025,1706,2025-06-19,,노은지구대,유성구 지족동 ****-*  식당 맞은 편 도로 포트홀 발생 ,담당 부서 이첩,건설과,,complaints_2025.xlsx,건설과
2025,1707,2025-06-18,,익명,"시청 당직실로부터 전달받음
* 신성동 연구단지로 가는 대덕대로 주변 (한국에너지연구원 등) 가로등 일부 고장으로 오후 통행 염려스럽다며 신고함 / 번호 알려지지 않기를 희망함",담당부서 이첩,건설과,,complaints_2025.xlsx,건설과
2025,1709,2025-06-18,,미상,차량번호판 교부위해 현충원 주변 '유성기업사' 방문하였으나(17:40) 본인들 기계 전원을 꺼버려 교부 불가하다고 안내 받음. 행정지도 요청하심.,민원이관,교통정책과,,complaints_2025.xlsx,교통정책과
2025,1710,2025-06-17,,미상,봉명동 ***-*번지 인근 공사로 인한 소음과 진동으로 불편 신고,해당부서 이첩,푸른환경과,,complaints_2025.xlsx,푸른환경과
2025,1711,2025-06-17,,익명,"봉명동 ***-* 교촌치킨 번호판 없는 오토바이 단속 요청
/ 경찰서 신고 안내 했으나, 민원 등록 요청함.",해당부서 이첩,교통정책과,,complaints_2025.xlsx,교통정책과
2025,1712,2025-06-17,,익명,"계산동 ***-* 방역 요청 (계룡리슈빌 학의뜰 아파트 근처)
/ 계룡리슈빌 아파트 방역하는 것을 보고 연락",해당부서 이첩,보건의약과,,complaints_2025.xlsx,보건의약과
2025,1713,2025-06-17,,익명,충대 정문 앞 불법현수막 제거 요청,해당부서 이첩,건축과,,complaints_2025.xlsx,건축과
2025,1714,2025-06-17,,미상,악취 관련 민원 / 유성구 장대동 ***번지(드림아파트) ~ 인근 장대초등학교 / 벤젠 및 휘발유 악취 냄새 확인 요청 (유기화학 약품 의심),해당부서 이첩,푸른환경과,,complaints_2025.xlsx,푸른환경과
2025,1715,2025-06-16,,미상,"가로등 수리 요청 건 / 만년교 ~ 홈플러스 방향 (용반네거리 인근 ) 가로등 1개소 불이 안들어옴, 조치 요청 ",해당부서 이첩,건설과,,complaints_2025.xlsx,건설과
2025,1716,2025-06-16,,[삭제],"카이스트 정문에서 200m 가량 직진해서 들어와, 해외생물소재센터 부근 맨홀 안에 오리 혹은 거위 빠져있어서 구조 요청함.
-> 펫레스큐 전달 결과, 맨홀 올리기 작업 지금은 하기 어렵고, 내일 낮에 시청과 협의해서 구출해야할것 같다고 함.",펫레스큐 전달 및 해당 부서 이첩,푸른환경과,,complaints_2025.xlsx,푸른환경과
2025,1717,2025-06-16,,미상,유기동물 구조 요청 건 / 유성대로 **-** 벤치 유기견 구조 요청 / 서구청 당직실로부터 전달,구조담당자(김명덕) 전달,지역산업과,,complaints_2025.xlsx,지역산업과
2025,1718,2025-06-16,,미상,옥외광고물 관련 조치 요청 건 / 덕명동 ***-* 건축물 바로 맞은편 도로 옥외광고물(현수막)으로 인하여 신호등 안보임 / ,해당부서 이첩,건축과,,complaints_2025.xlsx,건축과
2025,1719,2025-06-16,,[삭제],"유성숲오투그란데3차 옛날 유스호스텔 부지 쪽에서 노루 or 사슴 2마리 보여서 처리 요망..
-> 부상당하지 않은 야생동물 단순 포획은 민원처리 불가하다고 안내드림
-> 해당 부지가 현재 출입금지구역으로 되어있고 울타리가 쳐져있어서 노루 or 사슴 2마리가 나오려고 해도 못나오는 상황같은데, 이럴때는 조치를 할 수 있는지 궁금함
-> 담당자 답변 듣고 싶음.",해당부서 이첩,푸른환경과,,complaints_2025.xlsx,푸른환경과
2025,1720,2025-06-16,,[삭제],"자운레스텔 1층, 빨래방 가는 부근에 새(맹금류로 추정됨) 발견. 처리 요망.",펫레스큐 문자 전화 연락 및 해당 부서 이첩,청소행정과,,complaints_2025.xlsx,청소행정과
2025,1721,2025-06-16,,[삭제],"6월 16일 5시 55분경, 충남대학교 정문 부근에서 쓰레기 처리 차량이 쓰레기 적재하는 과정에서 
본인 및 본인의 오토바이에 오물 튀는 사건 발생함.
차량 넘버: **머****
해당 담당자와 내일 아침 통화 원함.",해당부서 이첩,청소행정과,,complaints_2025.xlsx,청소행정과
2025,1722,2025-06-16,,[삭제],"딱새(?)의 알이 우편 반송함 안에 있어서 처리 요망.
위치: 봉명서로**길 **, 우편반송함","펫레스큐 문자,전화 연락 및 해당부서 이첩",청소행정과,,complaints_2025.xlsx,청소행정과
2025,1723,2025-06-16,,미상,세동*통 경찰특공대 확포장공사하는 부근 산사태로 토사 흘러내림 / 세동*통장님께 사진 등 보낸다고 하십니다,관련부서 이첩,건설과,,complaints_2025.xlsx,건설과
2025,1724,2025-06-16,,미상,유성여고~롯데마트(은구비로 ***번길) 인근 공사현장 토사 무너짐 / 연락회신요청,관련부서이첩,도시계획과,,complaints_2025.xlsx,도시계획과
2025,1725,2025-06-16,,미상,용계동 ***-* 앞 산사태 / 현장확인요청,관련부서이첩,도시계획과,,complaints_2025.xlsx,도시계획과
2025,1727,2025-06-16,,미상,유성대로 원내동->대정동 방향 대전교도소 가기 직전 도로 고라니 사체 있음,"펫레스큐 문자 발송, 전화는 안 받음 / 담당부서 이관",청소행정과,,complaints_2025.xlsx,청소행정과
2025,1728,2025-06-16,,미상,"하기동 산2-7번기 신성동 자운대에서 충남대로 가는 방향 고가도로 전 나무가 쓰러져 있음. 4차선 도로에 4차선을 막고 있음(1~3차선 제외)
(현장확인) 4차선도로중 4차선을 막고 있어 사고위험이 높아보여 빠른 조치가 필요할 것으로 판단되며, 119에 협조를 얻어 안전조치는 하였음. 현장사진은 담당자에게 메일로 보냄",소방서에 출동해 달라고 연락하여 안전조치 취한다고 함/ 담당부서 이관(아침에 처리),건설과,,complaints_2025.xlsx,건설과
2025,1729,2025-06-15,,119,상대동 ***-*번지 가로수가 도로에 쓰러져서 동네 길을 막음 /  소방서에서 출동 했으나 나무가 커 잔가지만 정리함 ,"부서담당자 김보미 직원과 통화 월요일 아침에 해결 가능하다고 함 / 담당부서 이관
(현장확인) 차도는 아니나 3~4가구가 출입하는 도로를 막고 있어 빠른 조치가 필요할것으로 판단됨. 현장사진은 담당자 메일로 전송",녹지산림과,,complaints_2025.xlsx,녹지산림과
2025,1731,2025-06-15,,미상,고라니 사체신고 / 지족로***번길 **-**,펫레스규 연락완료 / 관련부서 이관,청소행정과,,complaints_2025.xlsx,청소행정과
2025,1732,2025-06-15,,미상,전민동 엑스포아파트 인근(고속도로 부근)에서 며칠 간 쓰레기 등 소각 냄새 발생,관련부서 이관,청소행정과,,complaints_2025.xlsx,청소행정과
2025,1733,2025-06-15,,미상,"경찰, 소방서 공동대응 건: 봉산동 ***-*번지(둔곡->세종 넘어가는 길) 나무가 차도에 쓰러져 있어서 소방서에서 출동하고 있음","재난상황실에 알림, 담당부서 이관",건설과,,complaints_2025.xlsx,건설과
2025,1734,2025-06-15,,미상,"관평동 *, ** 단지 사이 가로등 안들어옴. 관평동주민센터 쪽은 가로등 들어옴",담당부서에서 출동 조치,건설과,,complaints_2025.xlsx,건설과
2025,1735,2025-06-15,,미상,용산동 도로공사(호반써밋에서  고속도록 가는 쪽) 토사 맞은 편 논으로 밀려들어옴,건설과 직원 과 통화함 당직민원에 적어 놓으라고 함 / 담당부서 이관,건설과,,complaints_2025.xlsx,건설과
2025,1736,2025-06-15,,미상,"상대동 사거리, 유성고 앞 등 가로등 안들어옴",담당부서에서 출동 조치,건설과,,complaints_2025.xlsx,건설과
2025,1737,2025-06-15,,미상,본관 청사 1층 출입구(배수로) 정비 요청 / 호우 시 빗물이 청사 내로 넘칩니다.,관련부서 이관,회계과,,complaints_2025.xlsx,회계과
2025,1738,2025-06-15,,미상,상대동 사거리 ~ 봉명동(봉명동 ** / 홈플러스 등) 가로등 꺼짐 / 유성지구대 등에서 전달,담당부서에서 출동 조치,건설과,,complaints_2025.xlsx,건설과
2025,1739,2025-06-15,,미상,봉명동 ***-*번지 본인 집 앞 도로에 불법주차(안전신문고에 신고해도 불법주차가 아니라고 함) 도로 앞에 불법주차때문에 주민 불편,담당자에게 이첩,주차관리과,,complaints_2025.xlsx,주차관리과
2025,1740,2025-06-15,,미상,현대아울렛 인근 관평천 부근 행사 후 쓰레기 등 방치 / 해결 후 전화 요망 / 다수민원,관련부서이첩,재난안전과,,complaints_2025.xlsx,재난안전과
2025,1741,2025-06-15,,미상,"현대아울렛 근처 관평천주변 불법 쓰레기 처리 요망 / 어제부터 보았는데 구청에서 전혀 관리가 안된다며 당장 치우라고하셨습니다,,",해당부서 이첩,재난안전과,,complaints_2025.xlsx,재난안전과
2025,1742,2025-06-15,,미상,상습민원인으로(공중전화) /  리베라호텔 공중전화 근처 불법쓰레기 처리 요청 ,해당부서 이첩,청소행정과,,complaints_2025.xlsx,청소행정과
2025,1743,2025-06-15,,복용경찰서,덕명동 ***-*(수통골3거리) 조국혁신당 현수막 횡단보도 주변에 설치되어 있어 사고위험 높음. 처리요망,관련부서 이첩,건축과,,complaints_2025.xlsx,건축과
2025,1745,2025-06-15,,[삭제],말티즈 흰색(***/*세) 분실신고 (구암동 쪽),관련부서 이첩,지역산업과,,complaints_2025.xlsx,지역산업과
2025,1746,2025-06-15,,미상,"라도무스 근처 모델하우스 앞에서 불법현수막을 걸지는 않고, 사람 두명이 불법현수막을 1시간동안 직접 들고 있는데 이것이 불법은 아닌지 전화상담요청 하셨습니다.",해당부서 이첩,건축과,,complaints_2025.xlsx,건축과
2025,1749,2025-06-15,,익명,"진잠 다목적 체육관에 대전 꿈나무사랑카드(다자녀)를 사용하려고 하는데, 진잠 다목적체육관에서는 세 자녀 이상만 꿈나무사랑카드를 사용할 수 있다고 함. 인터넷에는 두 자녀 이상 시 꿈나무 사랑카드를 발급 후 사용할 수 있다고 하는데 유성구만 기준이 다른지?",관련부서이첩,문화관광체육과,,complaints_2025.xlsx,문화관광체육과
2025,1750,2025-06-15,,유성소방,궁동 ***-* 이마트24 앞 땅꺼짐발생.,담당자 전화 및 해당부서이첩.,건설과,,complaints_2025.xlsx,건설과
2025,1752,2025-06-15,,익명,신성동 동사무소 뒷편 공사중(나무배기) 소음문제 민원,담당부서 이첩,푸른환경과,,complaints_2025.xlsx,푸른환경과
2025,1753,2025-06-14,,익명,"관평동 한들어린이공원(놀이터)
미끄럼틀-징검다리 점검요청(나사 풀림)",담당부서 이첩,공원과,,complaints_2025.xlsx,공원과
2025,1754,2025-06-14,,미상,거실 베란다 앞 부상동물 구조 요청,펫레스큐(이진호님) 인계 및 해당부서 이첩,푸른환경과,,complaints_2025.xlsx,푸른환경과
2025,1755,2025-06-14,,미상,고양이 사체 처리,펫레스큐(이진호님) 인계 및 해당부서 이첩,청소행정과,,complaints_2025.xlsx,청소행정과
2025,1756,2025-06-14,,익명,노은서로 ***번길 ** 앞 횡단보도에 불법주차 ,담당부서 이첩,주차관리과,,complaints_2025.xlsx,주차관리과
2025,1757,2025-06-14,,미상,어느 축사(성북동 ***-*) 앞 도로에 개 한마리가 부상당해 오전부터 계속 누워있어 구조 요청,펫레스큐(이진호님)에 인계 및 해당부서 이첩,지역산업과,,complaints_2025.xlsx,지역산업과
2025,1758,2025-06-14,,미상,"- 음식물쓰레기봉투는 금요일 및 일요일에 수거하고 토요일 휴무로 알고 있는 상황이어서, 금요일 일찍 내놓았는데 수거하지 않음. 
- 토요일에 보니 야생동물(새)들이 봉투를 다 뜯어놓아 난장판이 되었으며, 쓰레기통도 다 부서져있음.
- 왜 금요일에 수거를 하지 않았는 지 확인해주고, 쓰레기통 및 청소에 대한 보상 요구, 그리고 담당자 연락 요망.",담당부서 이첩,청소행정과,,complaints_2025.xlsx,청소행정과
2025,1759,2025-06-14,,미상,(송강동 *) 공원 내 맨홀에서 하수인지 정확히는 확인되지 않지만 물이 넘치고 있다고 조치 요청,해당부서 이첩,공원과,,complaints_2025.xlsx,공원과
2025,1760,2025-06-14,,미상,"유성시장 노점상 때문에 인도 및 자전거도로 통행이 불가. 버스정류장으로도 갈 수도 없고, 상인들은 자전거 타고 다니는 사람에게 눈총을 주기도 함. 장날이라 어느정도 이해는 하지만, 정도가 지나친 상황. 위치는 (장대동 ***-**) 앞 도로. 연락 요망.",담당부서 이첩,건설과,,complaints_2025.xlsx,건설과
2025,1761,2025-06-14,,미상,****아파트(덕명로 **) ***동 지하주차장에 부상당한 걸로 추정되는 아기새 구조 요청,펫레스큐(이진호님) 인계 및 해당부서 이첩,푸른환경과,,complaints_2025.xlsx,푸른환경과
2025,1762,2025-06-14,,미상,"DCC 1전시장(성심당 앞) 인근 도로가 주말마다 불법주정차로 통행이 어려운데, 주말에도 카메라 달린 차량으로 단속 요청",담당부서 이첩,주차관리과,,complaints_2025.xlsx,주차관리과
2025,1763,2025-06-14,,미상,"성북동 **-* 논밭에서 소고기, 돼지고기를 22시까지 팔며 시끄럽게 한다고
구에서 영업 허가를 받고 영업하는지 확인 요청함",해당부서 이첩,지역산업과,,complaints_2025.xlsx,지역산업과
2025,1764,2025-06-14,,미상,"DCC 1전시장(성심당 앞) 인근 불법주정차가 극심. 집이 근처인데, 주차 출입이 오래걸릴 정도로 생활이 불편함. 매주 이런 상황인데, 구차원에서 주말 불법주정차에 대한 조치 요망.",담당부서 이첩,주차관리과,,complaints_2025.xlsx,주차관리과
2025,1765,2025-06-14,,미상,DCC 1전시장(성심당 앞) 인근 불법주정차가 너무 많아서 주말 주기적인 단속 등 요청,담당부서 이첩,주차관리과,,complaints_2025.xlsx,주차관리과
2025,1766,2025-06-14,,미상,수통골 주차장에 있는 비상급수시설 작동 안됨,담당부서 이첩,재난안전과,,complaints_2025.xlsx,재난안전과
2025,1767,2025-06-14,,미상,논(탑립동 ***)에 고라니들이 와서 논을 헤집어 놓으신다고 포획 등 조치 요청,해당부서 이첩,푸른환경과,,complaints_2025.xlsx,푸른환경과
2025,1768,2025-06-14,,미상," - 현대아울렛 인근 관평천에서 행사가 있는데, 이 행사가 승인된 행사인지 알고 싶으며,
 - 이 행사때문에 차량이 계속 하천 보행도로 및 자전거 도로로 들어오는데, 하천 이용중인 아이들에게 너무 위험해서 재발되지 않도록 조치 요청",담당부서 이첩,재난안전과,,complaints_2025.xlsx,재난안전과
2025,1769,2025-06-14,,유성경찰서,"계백로 국도4호선 논산방향 사면에서 토사 흘러내림, 시청으로 연락하겠으나 구청에서도 알고있길 바람.",담당부서 이첩,건설과,,complaints_2025.xlsx,건설과
2025,1770,2025-06-14,,미상,대전다문화센터(유성구 대학로 **) 앞 버스장류장 부근 부상당한 까치 구조 요청,펫레스큐(이진호님) 인계 및 해당부서 이첩,푸른환경과,,complaints_2025.xlsx,푸른환경과
2025,1771,2025-06-14,,미상,용계로**번길 ***-**(힐스테이트 도안 부근) 모델하우스 인근 불법주정차 심해 단속 요청,주말단속반 인계 및 해당부서 이첩,주차관리과,,complaints_2025.xlsx,주차관리과
2025,1772,2025-06-14,,미상,성북3통 마을회관(성북동 **) 앞 맨홀의 하수가 역류해서 조치 요청,해당부서 이첩,건설과,,complaints_2025.xlsx,건설과
2025,1773,2025-06-14,,미상,온천서로 *(비엔피병원 홍탁명가 사이) 흰색 벤츠 불법주정차 단속 요청,주말단속반 인계 및 해당부서 이첩,주차관리과,,complaints_2025.xlsx,주차관리과
2025,1774,2025-06-14,,미상,"장대동 ***-* 고속버스터미널 뒤편, 정화조에서 악취가 심함",담당부서 이첩,건설과,,complaints_2025.xlsx,건설과
2025,1775,2025-06-14,,미상,"갑천로 테크노밸리옆 파크골프장 근처 3차선 도로에 불법 주차(이중주차), 해당장소 항상 불법주차가 만연한데, 주차단속이 전혀 이루어지지 않는다고 함. 본 민원건에 대해서만 처리할것이 아니라 평소에도 주차단속 요청","주말불법주차단속반에 단속요청, 해당부서 이첩",주차관리과,,complaints_2025.xlsx,주차관리과
2025,1776,2025-06-14,,미상,**호텔 철거 현장(주말 포함) 소음이 데시벨이 너무 높아 확인 및 조치 후 꼭 연락바람,유성호텔 철거 감리업체랑 통화하니 해당부지는 아니고(주의는 하겠음) 인근 금성장 리모델링 현장인것으로 추정. 담당부서 이첩,푸른환경과,,complaints_2025.xlsx,푸른환경과
2025,1777,2025-06-14,,한전직원,"봉명동 청주해장국 앞 공중화장실에서 스파크가 튄다는 민원으로 현장출동 했으나, 차단기 등 찾을수가 없어서 관리부서에서 처리하여야 함",담당부서 이첩,공원과,,complaints_2025.xlsx,공원과
2025,1782,2025-06-13,,유성경찰서,학하동 ***-**번지 인근 도로에 포트홀(공사 웅덩이)로 인한 차량파손 피해. 빠른 조치요망,현장 응급 조치 후 담당부서 이첩,건설과,,complaints_2025.xlsx,건설과
2025,1783,2025-06-13,,미상,유성홈플러스에서 웰니스병원 구간 가로등 수리공사 요망,담당부서 이첩,건설과,,complaints_2025.xlsx,건설과
2025,1784,2025-06-13,,미상,"* 장대동 길산골프클리닉 밤 10시가 넘었는데도 골프치는 소리 등으로 생활불편함을 민원제기(4회) 하였으나 지금도 상황이 바뀌지 않고 있음.
 담당부서나 유성구청에서 적극적으로 해결할 수 있도록 하여야함. ","1차적으로 길산골프클리닉에 유선으로 민원내용을 전달하였으나, 담당(관리)부서에서 민원인에게 안내하여야 할 것으로 판단됨.",문화관광체육과,,complaints_2025.xlsx,문화관광체육과
2025,1785,2025-06-13,,미상,다이소 반석점 하수구 범람,건설과 도로관리팀 현장조사 및 추후 보강 공사 하기로 함,건설과,,complaints_2025.xlsx,건설과
2025,1786,2025-06-13,,미상,갑천~홈플러스 쪽 용반4거리 쪽 가로등이 다 나가있음. 근처 신축 아파트에서 공사 중 실수로 한전 전기 끊었다고 함(한전처리 예정),담당부서 이첩,건설과,,complaints_2025.xlsx,건설과
2025,1787,2025-06-13,,미상,"유성구 상대로 **, 트리풀시티 ***동 정문 경비실에 상태가 좋지 않은 아기새를 맡겨놓으심. 구조를 원하셨지만 유기동물 구조팀에서는 아기새는 담당하지 않음. 
동물보호센터를 안내해 드렸음.",펫레스큐 문자 발송,푸른환경과,,complaints_2025.xlsx,푸른환경과
2025,1788,2025-06-13,,미상,엑스포아파트 ***동 옆에 담이 있는데 담 바깥의 청소구역이 치워지지 않아 배수구가 막힘. 물이 아파트로 넘치니 치워주기를 원하심,담당부서 이첩,녹지산림과,,complaints_2025.xlsx,녹지산림과
2025,1789,2025-06-13,,미상,"은구비로***번안길부근 분리수거 관련해서 여러차례 신문고 및 당직민원을 남겼으나 회신이 없어 다시 연락을 함
새벽시간에 작업하는 분리수거 관련해서 문의할것이 있으며, 추가로 분리수거를 담당하는 광산기업과 통화를 원하나 
통화가 계속적으로 되지 않아 이 부분 관련해서도 답변을 받고싶음(신문고로도 같은 내용 신고함) /  담당자와 통화 요청(오후 1시 30분 이후 가능)",담당부서 이첩,청소행정과,,complaints_2025.xlsx,청소행정과
2025,1790,2025-06-12,,미상,장대동 ***-* / 소음이 매우 시끄러워 생활하기가 불편함. / 처리 요망 ,담당부서 이첩,푸른환경과,,complaints_2025.xlsx,푸른환경과
2025,1791,2025-06-12,,미상,온천동로** 한가족 병원 앞쪽 및 건너편 인도부근 가로등이 꺼져 있음. 처리요망,담당부서 이첩,건설과,,complaints_2025.xlsx,건설과
2025,1792,2025-06-12,,미상,주차단속요원들의 회신이 이루어지지 않아 주차계도에 어려움이 있음 / **** 번호,담당부서 이첩,주차관리과,,complaints_2025.xlsx,주차관리과
2025,1793,2025-06-12,,미상,****웨딩홀에서 발생하는 소음으로 인해 불편을 겪고있음. 담당자와 통화 요청,담당부서 이첩,푸른환경과,,complaints_2025.xlsx,푸른환경과
2025,1794,2025-06-12,,익명,"반석역 1번출구 앞 택시 주정차로 인하여 출퇴근시간마다 혼잡을 초래함
출퇴근 시간 단속 강화 요청 및 단속 강화 안내 현수막 게시를 통해 택시기사 인식 개선 필요
개선안될시 국민신문고 신고 예정이라고 함",담당부서 접수,주차관리과,,complaints_2025.xlsx,주차관리과
2025,1795,2025-06-12,,미상,진잠에서 유성방향으로 가는 도로(밀머리네거리 300M 전) 유성대로 *차선 위에 고양이 사체 처리부탁드립니다.,담당부서 이첩,청소행정과,,complaints_2025.xlsx,청소행정과
2025,1796,2025-06-12,,미상,"용계동 아파트 건설현장 공사차량, 건설현장 근로자 승용차가 레일주차(200~300M)를 해놓아서 왕복통행이 불가합니다. 
도안 리버파크 힐스테이트 공사현장으로 보이고 천변도로쪽 확인부탁드립니다. (흰색선, 황색선 혼재)
공사 관계자들에게 계도 요청하셨습니다.",관련부서 이첩,공동주택과,,complaints_2025.xlsx,공동주택과
2025,1797,2025-06-11,,미상,"기계연구원 옆에 거주하시는데, 검은 연기(매연)가 나와서 연락주셨음.
자주 접수하셨던 민원이라고 하셨음. 
확인하시면 전화부탁드립니다. ",담당부서 이첩,푸른환경과,,complaints_2025.xlsx,푸른환경과
2025,1798,2025-06-11,,[삭제],"민원실에서 지갑분실 (색상: 녹색)
팩스, 복사기쪽에서 잃어버린 것 같다하고 하여 당직자가 확인하였으나 없음
토지정보과쪽에서 민원처리함.
못찾아도 회신 부탁하셨음.",관련부서 이첩,민원여권과,,complaints_2025.xlsx,민원여권과
2025,1801,2025-06-11,,미상,"열매마을 **단지 아파트 ****동 앞에 도로가쪽에 노란색 통학버스 차가 몇개월째 정차되어있음. 
인근에 앞번호판 지워진 차량도 1년째 정차되어있음.(열매마을 **단지 정문에서 쭉 올라오면 있음)
확인 부탁드립니다.  ",담당부서 전달,주차관리과,,complaints_2025.xlsx,주차관리과
2025,1802,2025-06-11,,익명,충남대학교 오거리 불법현수막 철거 요청.(내용 : 부정선거 범죄자를 처단하라...),담당부서 이첩,건축과,,complaints_2025.xlsx,건축과
2025,1803,2025-06-11,,미상,노은동 수정초교 네거리에서 한밭대 방향 노은터널 입구(노은동 ***-*) 옆 화단에 부상당한 고라니 구조요청,대전야생동물구조관리센터 문자 발송,푸른환경과,,complaints_2025.xlsx,푸른환경과
2025,1804,2025-06-11,,익명,계룡로***번길 **-* 루체스타오피스텔 앞 유성하늘채하이에르 공사소음이 아침 8시부터 심하다고 함.,담당부서 이첩,푸른환경과,,complaints_2025.xlsx,푸른환경과
2025,1805,2025-06-11,,익명,부상당한 까치 구조 요청(신성로**번길 **-** 주차장),펫레스큐 문자 발송,푸른환경과,,complaints_2025.xlsx,푸른환경과
2025,1806,2025-06-11,,미상,"고라니 사체처리 요청,  구룡달전로(송강동에서 둔곡동 방향 1차로 /  둔곡동 진입 전)",펫레스큐 문자 발송,청소행정과,,complaints_2025.xlsx,청소행정과
2025,1807,2025-06-10,,익명,외삼로 ** 장원토건 앞 도로에 빗물 내려보내는 쇠붙이가 튀어나와있어 처리 요청.,담당부서 이첩,건설과,,complaints_2025.xlsx,건설과
2025,1812,2025-06-10,,익명,"용산동 용신교 다리 밑 벤치, 평상 근처 조명이 꺼져있음. 4.23. / 5.6. 요청하였으나 처리 되지 않아 빠른 조치를 원하며 연락 요청함.",담당부서 이첩,재난안전과,,complaints_2025.xlsx,재난안전과
2025,1813,2025-06-09,,미상,"봉명동 갑천근린공원(유성한가족 요양병원 길건너쪽 둔치 산책로) 및 갑천 하천변이 너무 어두워서 조명 설치 등 여러차례 민원 남겼으나 전혀 조치가 이루어 지지 않았다고 함
진행사항에 대한 답변을 원하심(민원인 전화 요망)
*갑천 하천변(시 하천관리사업소 소관)은 시 당직실에 전달함
",담당부서 이첩,공원과,,complaints_2025.xlsx,공원과
2025,1814,2025-06-09,,미상,"위치: 신성동 숯골원조냉면집(자운대 투썸플레이스 건너편) 주차장에서 애경연구소 가는 방면 다리 시작점 전봇대 아래
내용: 거북이류(테투리 노란색, 가로**cm, 세로**cm 크기)가 흙속에 오랜 시간 파묻혀서 말라가고 있다고 함, 확인 후 조치요망",담당부서 이첩,푸른환경과,,complaints_2025.xlsx,푸른환경과
2025,1815,2025-06-09,,미상,"탑립동 ***번지 인근 도로 중간에 고양이 사체, 위험해보여서 민원접수드린다고 함",펫레스큐 문자 발송,청소행정과,,complaints_2025.xlsx,청소행정과
2025,1816,2025-06-09,,미상,유성구청 스타벅스 앞 갑천변 도로 횡단보도에 고양이 사체 처리 민원,해당부서 이첩,청소행정과,,complaints_2025.xlsx,청소행정과
2025,1817,2025-06-09,,미상,자운대 육군대학 아파트 ***동 1-2라인 보도블럭과 주차장 사이 고양이 사체 처리 민원,해당부서 이첩,청소행정과,,complaints_2025.xlsx,청소행정과
2025,1818,2025-06-09,,미상,"***(/010-****-****)님이 자동차(스타리아/ **로****)로 봉명로 **번지 도안*단지 예미지 ***동과 버스정류장 사이에 있는 충격방지대(볼라드)를 부딪혀 훼손시킴.
(시에 연락했음.)",해당부서 이첩,건설과,,complaints_2025.xlsx,건설과
2025,1819,2025-06-08,,미상,문지동 강변어린이공원 코끼리 모양의 분수에서 물이 잠기지 않고 나옴.,해당부서 이첩,공원과,,complaints_2025.xlsx,공원과
2025,1820,2025-06-08,,미상,"전민동 세종아파트앞 프랭크버거들어가는 골목 싱크홀발생 

20-30cm 정도 발이빠지고 아래가 보임",건설과 010-****-**** 윤종선 주사님께 연락하여 조치예정,건설과,,complaints_2025.xlsx,건설과
2025,1821,2025-06-08,,미상,신 신성동행정복지센터 뒤편 숲에서 벌목소음이 발생 민원제기 주중이라도 처리 요청,관련부서이첩,푸른환경과,,complaints_2025.xlsx,푸른환경과
2025,1822,2025-06-08,,미상,유성금호고속터미널 앞 오토피아카센터 노상적치물로 인해 통행이 어려워 처리요청,관련부서이첩,건설과,,complaints_2025.xlsx,건설과
2025,1823,2025-06-08,,익명,열매마을 *단지 *단지 사이 테니스장 옆 나무 쓰려져감 (회신 필요없음),담당부서 이관,녹지산림과,,complaints_2025.xlsx,녹지산림과
2025,1824,2025-06-08,,미상,도룡고속시외버스 정류소에서 화암동방향으로 고라니사체 처리 신고,펫레스큐 문자전송,청소행정과,,complaints_2025.xlsx,청소행정과
2025,1825,2025-06-07,,미상,관평천변로 **번지 주차장 고양이 사제 처리신고,펫레스큐 문자전송,청소행정과,,complaints_2025.xlsx,청소행정과
2025,1826,2025-06-07,,익명,"엑스포공원 내 까치 사체
",펫레스큐 문자 전송,청소행정과,,complaints_2025.xlsx,청소행정과
2025,1827,2025-06-07,,익명,계산동 ** 울타리에 고라니 걸려 사망함. 처리요청,펫레스큐 문자 전송,청소행정과,,complaints_2025.xlsx,청소행정과
2025,1828,2025-06-07,,[삭제],봉산동 ***-*번지 앞 고양이 사체 처리요청,펫레스큐 문자 전송,청소행정과,,complaints_2025.xlsx,청소행정과
2025,1829,2025-06-07,,익명,"구암동 ***-* 맞닿은 도로 공사에서 발생한 쓰레기 미처리 및 과수원 부지에 불법투기
공사업체 확인하여 수거 요청 및 민원인에게 회신요청",담당부서 이첩,건설과,,complaints_2025.xlsx,건설과
2025,1830,2025-06-07,,익명,"궁동 ***-* 다가구주택 앞 주차장 입구 앞 장기주차 차량 **누**** 이동조치 요청
","담당부서 이첩
당직근무시 전화번호 조회하였으나 법인차량이라 차주에게 연락하지 못했습니다. 민원인이 해결방법 확인 후 회신 요청",주차관리과,,complaints_2025.xlsx,주차관리과
2025,1831,2025-06-07,,[삭제],"불무교 위 폐기물(재 등)이 날려 농작물까지 까맣게 뒤집어 쓰게되어 피해 발생
피해보상 받을 수 있는지 문의 ",담당부서 이첩,지역산업과,,complaints_2025.xlsx,지역산업과
2025,1832,2025-06-07,,익명,"불무교부터 쓰레기매립지로 올라가는 소로*류
매립지로 향하는 차량에서 흘린듯한 폐기물 다수 정비요청 (악취나는 재... 등)
교량 소관인 시에서 확인차 나갔으나 소로*류로 판단되어 구로 이첩",담당부서 이첩,청소행정과,,complaints_2025.xlsx,청소행정과
2025,1833,2025-06-07,,익명,방동 ***-* 일원 부상당한 고양이 구조 요청,펫레스큐 문자 전송,지역산업과,,complaints_2025.xlsx,지역산업과
2025,1834,2025-06-07,,익명,카이스트 **관 근처 부상당한 까치 구조요청,펫레스큐 문자 전송,푸른환경과,,complaints_2025.xlsx,푸른환경과
2025,1835,2025-06-07,,익명,"불무교 위 폐기물(재 등)이 날려 농작물까지 까맣게 뒤집어 쓰게되어 피해 발생
피해보상 받을 수 있는지 문의 ",담당부서 이첩,지역산업과,,complaints_2025.xlsx,지역산업과
2025,1836,2025-06-07,,익명,"지족동 고래들네거리 공사구간 근처에서 맨홀 위 지나갈때 공사파편(?)등에 의해 타이어 터지고 자량 피해 약간 발생함 (인명피해 없음)
현재 급한대로 출장 불러서 타이어는 교체하는 중이고, 현장사진 찍어두었다고 하심.",담당부서 인계,건설과,,complaints_2025.xlsx,건설과
2025,1837,2025-06-07,,익명,"(온천동로**) 뒷편 쓰레기투기 (텐트 등)
쓰레기 투기차량 번호는 알지만 법인차량이라 운전자 조회는 안됨
",담당부서이첩,청소행정과,,complaints_2025.xlsx,청소행정과
2025,1838,2025-06-07,,익명,"반석로 **-** 근처 마트폐업후 뒤처리를 안하여 음식물쓰레기 및 기타 쓰레기가 너무 지저분하고
악취가 심하며 벌레가 들끓음",담당부서 이첩,청소행정과,,complaints_2025.xlsx,청소행정과
2025,1839,2025-06-07,,익명,"유성농협 구암동지점 ,  원불교 사이 노점상 단속 요청",담당부서이첩,건설과,,complaints_2025.xlsx,건설과
2025,1842,2025-06-07,,[삭제],봉산동 ***-* 새끼고양이 구조요청,유기동물 구조담당자에게 전화 및 문자 발송,지역산업과,,complaints_2025.xlsx,지역산업과
2025,1843,2025-06-07,,[삭제],"신성동주민센터 신축현장 주차장 공사 소리 소음 (주말에 너무 시끄러움)
",담당부서이첩,푸른환경과,,complaints_2025.xlsx,푸른환경과
2025,1844,2025-06-07,,[삭제],"도안*-*지구 , 용계동 ***-* 사이
안치운 음식도시락상자들이 많아서 해결해달라는 민원 ",담당부서이첩,청소행정과,,complaints_2025.xlsx,청소행정과
2025,1845,2025-06-07,,[삭제],구암역 삼거리 교통사고로 인한 파편 처리 요청,"당직자가 일부 처리하였으나, 해당 부서에서 남은 잔여물 처리 요청",청소행정과,,complaints_2025.xlsx,청소행정과
2025,1846,2025-06-07,,익명,죽동 ***-* 3층 강아지 짖는 소음 하루종일 지속되어 주의요청 및 회신 요망,담당부서이첩,푸른환경과,,complaints_2025.xlsx,푸른환경과
2025,1847,2025-06-06,,시 당직실,"교촌동 ***-** 앞 오토바이 장기 방치 중, 진잠파출소(042-****-****)에서 시 당직실로 전달",해당부서이첩,교통정책과,,complaints_2025.xlsx,교통정책과
2025,1848,2025-06-06,,익명,"성북동에서 세동넘어가는 쪽 하천공사 하는 인부들이 하수관을 잘라놓고 마무리를 안하고 감. 
마무리 조치바람.",담당부서이첩,지역산업과,,complaints_2025.xlsx,지역산업과
2025,1849,2025-06-06,,익명,현충일에 상대동 천성교회 앞쪽 도로변 태극기 안달려있음. 확인차 연락함.,담당부서 이첩,상대동,,complaints_2025.xlsx,상대동
2025,1850,2025-06-06,,익명,봉명동 ***-**번지 상가건물 앞에 번호판이 없는 오토바이가 주차되어있다고 하심.  조치 요청 / 민원인 전화 회신 요청,담당부서 이첩,교통정책과,,complaints_2025.xlsx,교통정책과
2025,1851,2025-06-06,,익명,"장소: 대전 유성구 지족로***번길 ** 
내용: 인도에 자재를 적치하여 보행 중 다침. 인도에 적치된 자재에 대하여 처리 요망(민원인 전화 통화 요청)
        - 인도에 적치한 자재 사진 및 다친부위 사진 찍어놓음  
 ",담당부서 이첩,건설과,,complaints_2025.xlsx,건설과
2025,1852,2025-06-06,,미상,"진잠다목적체육관 홈페이지(네이버링크)에 휴관 공지가 없어 방문하였다며 불편 토로, 홈페이지 등에 휴관일 등 공지 요청하심 ",담당부서 이첩,문화관광체육과,,complaints_2025.xlsx,문화관광체육과
2025,1853,2025-06-06,,익명, 문화원로*번길 ** 절 앞으로 봉과 타이어등으로 도로를 무단으로 점용하고 있다고 함,담당부서 이첩,건설과,,complaints_2025.xlsx,건설과
2025,1854,2025-06-05,,미상,송강동 청솔아파트 *단지 도로변 하수관 공사 소리때문에 잠을 못자는 등 불편 호소함,건축법 상 공사시간은 별도 제한 없음을 안내드렸으며 관리부서 전달 안내함,푸른환경과,,complaints_2025.xlsx,푸른환경과
2025,1857,2025-06-05,,익명,"노은역 다이소 부근(지족동 ***-*)
열매마을 *단지 앞 대로변 단속요청",단속반 이첩,주차관리과,,complaints_2025.xlsx,주차관리과
2025,1858,2025-06-05,,[삭제],"용신교에서 신구교 방향 갓길에 화물차 상습 주차, 단속 및 처리 현황 문자로 회신 요청(월요일)",불법 주정차 단속반 연락 및 담당부서 이첩,교통정책과,,complaints_2025.xlsx,교통정책과
2025,1859,2025-06-05,,[삭제],계룡로 **(유성온천역 7번출구 다이소 앞) 오수받이쪽에서 물이 새고있음 ,담당부서 이첩,건설과,,complaints_2025.xlsx,건설과
2025,1861,2025-06-05,,[삭제],노은1동 복지관에서 투표참관인으로 참여한 윤**(**.**.**.)분 참관인 수당 계좌이체를 못 받았음. 담당자와 통화를 원함.,담당부서 이첩,마을자치과,,complaints_2025.xlsx,마을자치과
2025,1862,2025-06-05,,[삭제],평소 노은1동 행정복지센터를 통해 도시락을 지원 받고 있는데 오늘 아침은 받지 못했습니다.,담당부서 이첩,노은1동,,complaints_2025.xlsx,노은1동
2025,1863,2025-06-04,,유성경찰서,"로드킬당한 고라니 사체 처리 요청(복용네거리, 복용동 ***-* 방향 쪽으로 사체 치워둠)",펫레스규 현장 전달,청소행정과,,complaints_2025.xlsx,청소행정과
2025,1864,2025-06-04,,미상,"충남대농대 종점에서 7시50분 출발하는 청백산방면 마을1번 버스를 유서온천 5번출구쪽 정거장에서 기다리고 있었으나 해당 마을버스가 8시경 정거장에 정차하지 않고 통과하여 버스를 타지못함.
이전에도 이렇게 기다리고 있는데 버스가 그냥 지나간 경우가 있음. 이런일이 다시 발생하지 않도록 조치를 요청",담당부서 이첩,교통정책과,,complaints_2025.xlsx,교통정책과
2025,1865,2025-06-04,,미상,도안문화공원풋살장에서 LED 조명을 일찍 킴. 날이 밝은데도 켜두는 것은 낭비라고 생각. 조명을 켜야할 정도로 어두워지면 켜두는게 좋을 것 같다고 의견을 이전에 남겼으나 바뀌는 게 없고 구청에서 민원접수하지 않는다고 느낌. 담당자와 통화를 원함.,담당부서 이첩,문화관광체육과,,complaints_2025.xlsx,문화관광체육과
2025,1866,2025-06-04,,미상,봉명동 ***-**부근 장대교 위에 불법 주정차 차량 단속 요청,단속반 단속 요청,주차관리과,,complaints_2025.xlsx,주차관리과
2025,1867,2025-06-04,,미상,송림근린공원 화장실에서 반석네거리 방면으로 이동하는 길의 언덕 부분 하천변 쪽으로 붉은귀거북이 알을 낳고 있음. 구청에서 가능한 경우 구조바람.,담당부서 이첩,푸른환경과,,complaints_2025.xlsx,푸른환경과
2025,1868,2025-06-04,,미상,"다솔아파트 정문쪽 전봇대에 종량제 50l 봉투 여러개에 누군가 불법적으로 페인트, 신나 등 공사폐기물을 담아 불법 투기하여 냄새가 많이 남.
CCTV 확인 등 투기자 확인하여 과태료 부과 등 행정조치 요청.",담당부서 이첩,청소행정과,,complaints_2025.xlsx,청소행정과
2025,1869,2025-06-04,,미상,"학하중앙로정류장(자광사 방면)에서 3번 마을버스를 기다리고 있었으나 실제 버스가 지나간적이 없는데도 예상소요시간만 증가.
이전에도 이런 상황이 여러번 발생한 적이 있으므로 해당 부분 확인 후 조치 요청.",담당부서 이첩,교통정책과,,complaints_2025.xlsx,교통정책과
2025,1870,2025-06-04,,익명,장대동 월드컵훼밀리아파트 방음벽 설치시 CCTV도 설치 요청,담담부서이첩,회계과,,complaints_2025.xlsx,회계과
2025,1871,2025-06-04,,익명,공사소음처리요청,담당부서이첩,푸른환경과,,complaints_2025.xlsx,푸른환경과
2025,1872,2025-06-03,,유성경찰서,유성봄꽃전시회 하트조형물 옆 화단에 꽃을 뽑아간다고 신고 받았다고 합니다.,담당부서이첩,녹지산림과,,complaints_2025.xlsx,녹지산림과
2025,1873,2025-06-03,,유성경찰서,유성구 방동 ***-* 한마음 정육식당 옆 도로 싱크홀 발생(경찰측 출동하여 상황파악 한다고함),담당이첩,건설과,,complaints_2025.xlsx,건설과
2025,1874,2025-06-03,,미상,"문지동 엑스포아파트 옆 현대자동차 앞 인도에 볼라드 뽑혀있어서 야간보행자 위험우려됨. 조치바람. 
대전시120콜센터에 접수되어 유성구로 전화옴. ",건설과 주사님과 통화하였으나 금일 처리 어려워 민원등록하여 담당부서 이첩,건설과,,complaints_2025.xlsx,건설과
2025,1875,2025-06-03,,논산국도관리사무소,"포트홀 발생신고 - 민원인 (010-****-****)께서 논산국도관리사무소 쪽으로 신고, 반석역에서 세종 방향으로 국방과학연구소 앞 1 .200미터 쯤 앞","건설과 노수빈 주사님 통화 후 시 관할 확인, 이첩",건설과,,complaints_2025.xlsx,건설과
2025,1876,2025-06-03,,미상,"고양이 사체 신고 - 라도무스 건너는 쪽 (도로 아님) / 신고인이 정확한 위치 설명은 잘 못하고, 사진은 찍어놧다 하심",펫레스큐 문자 전송,청소행정과,,complaints_2025.xlsx,청소행정과
2025,1877,2025-06-03,,[삭제],구암동 궁말어린이공원 정자에 쓰레기 적치.  영수증 등 신분확인 가능한 사진 찍어놓은 상태. ,담당부서 이첩,공원과,,complaints_2025.xlsx,공원과
2025,1879,2025-06-03,,[삭제],송강동 주말농장 물탱크 누수,지역산업과 이상훈 팀장 담당 기간제 조치 지시,지역산업과,,complaints_2025.xlsx,지역산업과
2025,1880,2025-06-03,,[삭제],"전민동 주민이며, 더이쁘개애견샵(전민동 ***-*) 앞 흰색실선에 주차가능하다고 판단되어 주차하였으나
애견샵 점주가 차를 계속 빼라고  전화하고, 라바콘도 설치해놓음. 
애견샵 점주 사유지가 아님에도 불구하고 주차를 할수없게 하는 것에 대해서 이해가 가지 않아, 
해당자리에 주차하는것이 실제로 불가한 것인지 전화로 회신 답변을 받기를 바람
오늘 공휴일으로 내일 업무개시 후, 담당부서 이첩하여 전화회신 드리겠다고 안내드림.",담당부서 이첩,주차관리과,,complaints_2025.xlsx,주차관리과
2025,1882,2025-06-03,,익명,세종에서 대전오는 방향으로 // 남세종ic 출구 인근 도로에 부상당한 고라니 있어 신고,펫레스큐 전달,푸른환경과,,complaints_2025.xlsx,푸른환경과
2025,1883,2025-06-02,,[삭제],"송강근린공원 내 반려동물 배설물을 미수거 관련 민원
배설물 방치장소 바로 옆  공원CCTV(관리번호 **-***)로 조회 후 반려동물 소유자 과태료 등 부과할 수 있는지 문의",담당부서 이첩,공원과,,complaints_2025.xlsx,공원과
2025,1884,2025-06-02,,익명,"궁동 ***-*번지 카페영업주임. 야간에 쓰레기를 수거하는 차량이 횡단보도 및 소방용수구역에 주차된 손님 차량을 주정차위반으로 신고하였음. 해당 사실은 위법인 걸 알고있으나, 수거차량(공무수행 주기) 또한 같은 위치에 매일 주정차를 하고 있는데 본인은 공무수행 차량이라 해당 위치(횡단보도 또는 소화전구역)에 주정차를 하여도 법적 문제가 없다고 주장함. 해당 사안에 대해 청소행정 부서의 의견을 듣기 원함",담당부서 이첩,청소행정과,,complaints_2025.xlsx,청소행정과
2025,1885,2025-06-02,,익명,"궁동 ***-*번지 카페영업주임. 야간에 쓰레기를 수거하는 차량이 횡단보도 및 소방용수구역에 주차된 손님 차량을 주정차위반으로 신고하였음. 해당 사실은 위법인 걸 알고있으나, 수거차량(공무수행 주기) 또한 같은 위치에 매일 주정차를 하고 있는데 본인은 공무수행 차량이라 해당 위치(횡단보도 또는 소화전구역)에 주정차를 하여도 법적 문제가 없다고 주장하여 정말로 공무집행하는 차량은 면책조항이 있는지 등 소관부서의 법령 해석을 듣고싶어 민원 접수",담당부서 이첩,주차관리과,,complaints_2025.xlsx,주차관리과
2025,1886,2025-06-02,,익명,서대전ic로부터 방동대교까지 가로등이 전원소등되어 있어 조치요청,담당부서 이첩,건설과,,complaints_2025.xlsx,건설과
2025,1887,2025-06-02,,익명,카이스트 정문 - 구청 사이 가로등 대부분이 신세계방향과 다르게 켜져있지 않아 문의,담당부서 이첩,건설과,,complaints_2025.xlsx,건설과
2025,1888,2025-06-02,,미상,19시 경 신성동 행정복지센터 안내문자로 임대차계약이라고 전송받음. 해당내용이 발송된 이유랑 자세한 사항을 안내받고싶어 전화하였음(회신요청),담당 행정복지센터 이첩,신성동,,complaints_2025.xlsx,신성동
2025,1889,2025-06-02,,익명,도룡동코아루스마트리치 오피스텔 상가 '프리베' 앞 자전거보관소에 날지못하는 까치가 있어 신고하였음.,펫레스큐 전달,푸른환경과,,complaints_2025.xlsx,푸른환경과
2025,1890,2025-06-02,,익명,어은동 ***-** 공사소음 관련 민원,해당부서 이첩,푸른환경과,,complaints_2025.xlsx,푸른환경과
2025,1891,2025-06-02,,익명,신성동 -> 자운대 방향 닭터 식당 부근 도로에 강아지(?) 로드킬 신고,해당부서 이첩,청소행정과,,complaints_2025.xlsx,청소행정과
2025,1892,2025-06-02,,미상,유성구 송정동산 **-**(삽재에서 계룡방향) 검은 분진 등 폐기물 무단 투기 의심되어 확인 요청 / 금요일 아침 최초 발견 ,관련부서 이첩,청소행정과,,complaints_2025.xlsx,청소행정과
2025,1893,2025-06-02,,익명,"봉명동 하늘채 하이에르 공사현장 진입로 *차선 도로에 주정차되어 있는 차량 이동 요청. 법인차량이고 흰색선이라 불가하다고 안내했지만 차선 1개를 막고있어 공사차량 진입이 어렵다고 하심.
주차관리과에 전달해서 조치 취해달라고 하심.",해당부서 이첩,주차관리과,,complaints_2025.xlsx,주차관리과
2025,1894,2025-06-01,,익명,봄꽃 전시회 관련 화분을 가져가고 있다는 신고 전화.(계룡스파텔 인근),해당부서 이첩,녹지산림과,,complaints_2025.xlsx,녹지산림과
2025,1895,2025-06-01,,미상,신성동 금성근린공원 안에(장대묵집 맞은편 쪽) 부상당한 까치가 있어 펫레스큐에 전달함,펫레스큐 전달,푸른환경과,,complaints_2025.xlsx,푸른환경과
2025,1896,2025-06-01,,미상,유성구 궁동 ***번지 / 볼보자동차 맞은편 도로에 차에 치인 오리 발생 신고가 119에 접수됨,팻레스큐 전달,푸른환경과,,complaints_2025.xlsx,푸른환경과
2025,1897,2025-06-01,,미상,송강근린공원 안에 있는 하수구 (화락바베큐 맞은편)가 역류하고있어 조치 요청,담당부서 이첩,공원과,,complaints_2025.xlsx,공원과
2025,1898,2025-06-01,,[삭제],"현재 보은 마음편한병원 2병동 입원 중.
정신병원에 강제 입원됐는데, 보호자인 어머니와 연락도 시켜주지 않고, 병원 생활이 너무 힘들다며 유성구청 담당자와 통화하기를 원함.
병원 입원 전에는 전민동에 거주했다고 함.",해당부서 이첩,전민동,,complaints_2025.xlsx,전민동
2025,1899,2025-06-01,,미상,전민네거리 불법현수막 조치 요청(토요일에도 전화했고 빠른 조치바람),담당부서 이첩,건축과,,complaints_2025.xlsx,건축과
2025,1901,2025-06-01,,미상,"유성구장애인종합복지관 앞 횡단보도, 버튼을 눌러야 신호가 들어오는데, 여러번 눌러도 신호가 안 들어올 때가 있음. 이에, 이 횡단보도를 버튼식이 아닌 일반식으로 신호 들어오게 변경해달라고 함.","유성경찰서 상황실 문의 결과, 대전시 교통시설과 심의 후 결정 사항임. 유성구 교통정책과로 민원 접수 후 시로 문의하도록 조치 예정.",교통정책과,,complaints_2025.xlsx,교통정책과
2025,1902,2025-06-01,,미상,외삼동 보리네숲어린이집 앞 어린이보호구역 도로교통표지판이 쓰러져 길을 막고 있다고 함,해당부서 이첩,주차관리과,,complaints_2025.xlsx,주차관리과
2025,1903,2025-05-31,,유성경찰서지구대,"계룡스파텔 인근 포토존 주변에 놓여진 소형 비닐화분 5개를 들고 가시려다 주변에 신고를 받고 지구대에서 출동함. 6/2부터 전시회 종료에 따라 수거예정이라 본인이 가져가도 될 것으로 판단하셨다 하여
지구대에서 해당부서에 사실확인을 원하는 사항임.",해당부서 이첩,녹지산림과,,complaints_2025.xlsx,녹지산림과
2025,1905,2025-05-31,,미상,한밭대학교 정문 앞 도로 반대편 가로등이 전부 점멸,해당부서 이첩,건설과,,complaints_2025.xlsx,건설과
2025,1906,2025-05-31,,미상,구 유성아드리아호텔 앞 공원 내 공중화장실이 평소 청결치 못해 이용하기 불편하다고 함.,관련부서 이첩,푸른환경과,,complaints_2025.xlsx,푸른환경과
2025,1908,2025-05-31,,미상,전민동***-* 엑스포아파트 ***동 뒤편 밭에 새끼 까마귀가 다친듯이 안움직이고 있으며 그로인해 큰 까마귀들이 사람들을 위협한다고 함.,펫레스큐 전달,푸른환경과,,complaints_2025.xlsx,푸른환경과
2025,1909,2025-05-31,,미상,유성구 봉명동 ***-* 건물쪽 샛길입구에 2틀째 차량이 방치해놓고 있어 통행불편 초례함 (차량번호 **더****)  그 부근에 상습적으로 무단 주차하는 차량같음.,"차주와 통화결과  6.1.(일) 오전중으로 이동예정으로,,  민원 제보자께 해당사항을 전달하였음.  ",주차관리과,,complaints_2025.xlsx,주차관리과
2025,1910,2025-05-31,,[삭제],"관평동 쪽에서 유성구청 재활용 차량(**버****)이 민원인 차량을 박고 내려서 확인만 하고 그냥 갔다고 연락이 왔음.
현재 민원인 쪽에서 블랙박스를 확인하고 경찰 접수를 했다고 함. 어떻게 처리할것인지에 대한 회신 요청",해당 부서 이첩,청소행정과,,complaints_2025.xlsx,청소행정과
2025,1911,2025-05-31,,미상,북대전i.c 만남의 광장에 리트리버 유사종의 유기견 보호 중. ,구조담당자(김명덕) 전달,지역산업과,,complaints_2025.xlsx,지역산업과
2025,1912,2025-05-31,,미상,"노은동 거주민으로,  유기 고양이 새끼를 보호하고 있음.  ",주말은 동물보호센터 연락이 닿지 않아 월요일 오전 구청 관련부서에서 민원인께 연락하여 유기고양이를 동물보호센터 등 관련기관으로 연계될 수 있도록 안내함,지역산업과,,complaints_2025.xlsx,지역산업과
2025,1913,2025-05-31,,미상,교촌동*** 한승미메이드 ***동 앞에 다친 황조롱이 구조요청,펫레스큐 전달,푸른환경과,,complaints_2025.xlsx,푸른환경과
2025,1914,2025-05-31,,도룡지구대,도룡동 *-** 회전교차로부터 대전DCC방면 불법주차가 이중으로 돼있어 버스 교통에 방해가 됨.,주말 단속반 전달,주차관리과,,complaints_2025.xlsx,주차관리과
2025,1915,2025-05-31,,미상,"노은동 열매마을*단지, *단지 근처  대로변 및 이면도로(골목가) 주차 단속 요청",관련부서 전달,주차관리과,,complaints_2025.xlsx,주차관리과
2025,1916,2025-05-31,,신성지구대,자운대 네거리에서 신성 네거리로 가는 도로(죽동방면 고가차로 진입 전) 고라니 동물사체 신고,펫레스큐 전달,청소행정과,,complaints_2025.xlsx,청소행정과
2025,1917,2025-05-31,,구즉지구대,봉산동성당 송강마을아파트 ***동 사이 비둘기 사체 있다고 유성경찰서 구즉지구대에서 연락옴,펫레스큐 전달,청소행정과,,complaints_2025.xlsx,청소행정과
2025,1918,2025-05-31,,미상,고라니사체신고(구즉로 *** 인근 횡단보도),펫레스큐 전달,청소행정과,,complaints_2025.xlsx,청소행정과
2025,1919,2025-05-30,,미상,고라니사체신고(송강동 신구교네거리에서 구즉동 가는 방향 첫번째 삼거리),펫레스큐 전달,청소행정과,,complaints_2025.xlsx,청소행정과
2025,1920,2025-05-30,,[삭제],주차위반사실확인통보서를 받았는데 어떤 이유로 범칙금 부과가 되었는지 자세히 듣고싶다고 하심.,담당부서 이관,주차관리과,,complaints_2025.xlsx,주차관리과
2025,1921,2025-05-30,,미상,봉산동 대광로제비앙 아파트 일대에서 악취가 심함,담당부서 이관,푸른환경과,,complaints_2025.xlsx,푸른환경과
2025,1922,2025-05-30,,미상,장대동 해피하우스 건물 차고지 안에 무단방치된 오토바이 조치 요청,담당부서 이관,교통정책과,,complaints_2025.xlsx,교통정책과
2025,1924,2025-05-30,,[삭제],청둥오리가 구청 로비 유리에 부딪혀 날개를 다쳐 날지못함. 구조해서 당직실 옆 케이지에 넣어두었음,담당부서 이첩,푸른환경과,,complaints_2025.xlsx,푸른환경과
2025,1925,2025-05-30,,구즉지구대,둔곡동 비욘드바이오 앞 사거리에서 교통사고가 크게 나서 청소 필요,해당부서 이첩,청소행정과,,complaints_2025.xlsx,청소행정과
2025,1926,2025-05-30,,도룡지구대,진잠파출소 앞 가로수가 갈라지고 넘어질 위험이 있어보여 빠른 조치 바란다고 하심,해당부서 이첩,녹지산림과,,complaints_2025.xlsx,녹지산림과
2025,1927,2025-05-30,,익명,도룡동 웰스타워 ***동 앞 가로등 불이 꺼져있음,담당부서 이첩,건설과,,complaints_2025.xlsx,건설과
2025,1928,2025-05-30,,익명,"유성한가족요양병원과 갑천 사이의 산책로 가로등이 켜져있지않아 매우 어두움.  가로등이 켜져 있는 구역도 다른 산책로에 비해 어두워서 가로등 설치가 필요해보임
28일에도 같은 민원을 넣었는데 꺼진 가로등에대한 조치가 이루어지지않아 다시 민원을 넣었음",해당부서 이첩,건설과,,complaints_2025.xlsx,건설과
2025,1929,2025-05-29,,익명,"노은동 열매마을 *단지 ***동 앞 대각주차, 노은동 다이소 앞 뒤로 불법주정차 단속요청",해당부서 이첩,주차관리과,,complaints_2025.xlsx,주차관리과
2025,1930,2025-05-29,,익명,"유성에서 유흥업소를 운영중인데 재산세 중과세 현장조사를 나왔는지 궁금해서 
문자로 방문여부를 알려달라고하심",담당부서 이첩,세정과,,complaints_2025.xlsx,세정과
2025,1933,2025-05-29,,익명,본인 차량이 주차단속에 걸렸는지 확인요청,담당부서 이첩,주차관리과,,complaints_2025.xlsx,주차관리과
2025,1935,2025-05-29,,익명,구암동 ***-* 유성타워아파트 휠체어 다니는 곳에 불법 주정차(차량번호: **호****) 단속요청,해당부서 이첩 ,주차관리과,,complaints_2025.xlsx,주차관리과
2025,1937,2025-05-29,,익명,유성한가족요양병원과 갑천 자전거도로 사이 산책로가 가로등이 하나도 없어서 너무 어두움. 가로등 등 조명 설치 건의.,해당부서 이첩,건설과,,complaints_2025.xlsx,건설과
2025,1938,2025-05-28,,익명,"송강동 공영주차장 차단기 오류(차량번호 조회 안됨, 차단봉이 위아래로 계속 왔다갔다거림)로 나가지 못하는 상황이 한두번이 아님. 차단기 확인하고 수리 요망.",해당부서 이첩,주차관리과,,complaints_2025.xlsx,주차관리과
2025,1939,2025-05-28,,익명,원신흥동 ***-*번지 풋살장 주변 불법주정차 차량 단속 요망. ,해당부서 이첩,주차관리과,,complaints_2025.xlsx,주차관리과
2025,1940,2025-05-28,,익명,"반석마을 *단지 입구 앞 도로에 폐기물(세제, 화학물질 같은 액체류 담겨있음) 처리 요청 / 냄새 많이 발생하여 최대한 빨리 처리 요청 ",해당부서 이첩 ,청소행정과,,complaints_2025.xlsx,청소행정과
2025,1942,2025-05-28,,익명,"대전지방기상청 버스정류장 여자 공동화장실 더러움(수도꼭지, 세면대)
민원인 내일 중으로 연락요청 ",해당부서 이첩 ,교통정책과,,complaints_2025.xlsx,교통정책과
2025,1945,2025-05-28,,익명,도안문화공원풋살장에서 LED 조명을 일찍 킴. 날이 밝은데도 켜두는 것은 낭비라고 생각. 조명을 켜야할 정도로 어두워지면 켜두는게 좋을 거 같다고 의견남겨주심.,담당부서 이첩,문화관광체육과,,complaints_2025.xlsx,문화관광체육과
2025,1946,2025-05-27,,미상,"관평동 롯데마트 네거리 선거유세 관련해서, 선거유세 가능한 시간 등 선거사무 관련 문의",해당부서 이첩,마을자치과,,complaints_2025.xlsx,마을자치과
2025,1947,2025-05-27,,미상,상원초 삼거리 등 상대동일대 '일찍투표' 현수막 철거 요청,해당부서이첩,건축과,,complaints_2025.xlsx,건축과
2025,1948,2025-05-27,,미상,"불법현수막 게재 신고 
- 유성구 도처(상대동 아이파크 네거리 등)에 '대전광장시민연대'에서 걸어놓은 선거 관련 불법 현수막이 곳곳에 걸려있어 제거 요청(새벽에 걸어놓았다 함)
- 현수막 내용 : 대한민국 살리는 사전투표, 일찍 투표하자 등",해당부서 이첩,건축과,,complaints_2025.xlsx,건축과
2025,1949,2025-05-26,,구즉지구대,관평동 IBK기업은행 사거리 열병합공사 중으로 불법주정차 있을 경우 버스 통행 불가능함  >> 관평동 관평초 사거리 불법주정차 단속 요청,해당부서이첩,주차관리과,,complaints_2025.xlsx,주차관리과
2025,1950,2025-05-26,,[삭제],청년저축계좌 관련 문의 (부재중 전화 와 있어 전화하셨다고 함),해당 부서 이첩,진잠동,,complaints_2025.xlsx,진잠동
2025,1951,2025-05-25,,익명,"가로등 꺼짐 // 위치: 봉산lh*단지 옆 구남구즉로, 가로등 여러개 꺼져 있어 조치 요청",담당 부서 이첩,건설과,,complaints_2025.xlsx,건설과
2025,1952,2025-05-25,,익명,"동물사체 처리 요청// 위치: 전민동, 우리메밀촌 (->송강방향) // 꿩 ",펫레스규 내용 전달,청소행정과,,complaints_2025.xlsx,청소행정과
2025,1953,2025-05-25,,익명,"새끼고양이들이 모여서 방치되어있는 상태, 어미에게 보호를 받지 못하고 있음",담당부서 이첩,지역산업과,,complaints_2025.xlsx,지역산업과
2025,1954,2025-05-25,,미상,소라실근린공원 화장실 옆 맨홀뚜껑에서 물이 쏟아지는 중,담당부서 이첩,공원과,,complaints_2025.xlsx,공원과
2025,1955,2025-05-25,,[삭제],"파손된 자전거 도로 이용 중 사고
월요일 9시 바로 연락 요청
사고위치: 관평동 테크노*로 진성하이텍 옆",담당부서 이첩,건설과,,complaints_2025.xlsx,건설과
2025,1956,2025-05-25,,익명,한가족요양병원과 렉시모텔 부근 보행자 도로에 자동차 3~4대 정도 무단 불법주차. 지난주에 불법주정차 카메라를 설치해달라고 민원을 넣었으나 연락이 없다고 불만 제기. 민원 전화 모두 녹음했다고 함. 추후에도 관련 부서에서 연락이나 문자가 오지 않을 경우 유성구청을 상대로 소송을 제기하겠다고 강력하게 민원 제기.,주말단속반에 해당 민원 전달 ,주차관리과,,complaints_2025.xlsx,주차관리과
2025,1957,2025-05-24,,익명,온천2동행정복지센터에서 시청방면 대도로에 고양이 사체 처리,펫레스큐로 인계 ,청소행정과,,complaints_2025.xlsx,청소행정과
2025,1958,2025-05-24,,익명,월드컵패밀리아파트 앞 3차선 도로 고양이 사체신고,펫레스큐에 인계,청소행정과,,complaints_2025.xlsx,청소행정과
2025,1959,2025-05-24,,익명,동서대로 *** 그린에너지관 맞은편 자전거도로쪽에 고양이 사체 처리. , 펫레스큐에 인계,청소행정과,,complaints_2025.xlsx,청소행정과
2025,1960,2025-05-24,,익명,둔곡동 농협하나로마트인근 천변 산책로 불법주차( 큰 장비차 / 경기**자 ****) 신고,담당부서 이첩,주차관리과,,complaints_2025.xlsx,주차관리과
2025,1961,2025-05-24,,익명,"도룡동 ***번지 신세계백화점 맞은편 불법주차차량,  라바콘으로 번호판 가려놓음",안전신문고로 접수하도록 함,주차관리과,,complaints_2025.xlsx,주차관리과
2025,1962,2025-05-24,,[삭제],사는 곳이 안동인데 차비가 없어서 ktx 비용 요구 ,ktx 비용결제 후 기차표 QR코드로 지급,생활보장과,,complaints_2025.xlsx,생활보장과
2025,1963,2025-05-24,,불상,"행정입원 문의, 경찰대동 하여 응급입원 하려 했으나 차해 타해 위험성 있지만 기준에 못 미쳐 경찰에서 행정입원을 권유 함. 보호자가 1명 뿐이라 유성구청장이 보호자 1을 대신하여 행정입원을 원 함. ",담당부서 이관,건강정책과,,complaints_2025.xlsx,건강정책과
2025,1964,2025-05-24,,남성,"마을버스 5번  구암동(차량 뒷번호 ****번으로 기억/ 일시 25.5.24.12시50분경)
승차하려고 했으나 버스가 서지 않고 그냥 가서 쫓아가서 버스기사에게 말했더니 그곳은 승차하는 곳이 아니라며 태워주지 않음(고압적).
지도상에 승차하는 곳으로 표기 된 곳에서 버스를 10분 넘게 기다리다 타려고 한 것(기사말대로 그곳이 승차하는 곳이 아니라면 지도 수정이 필요해보인다고 하심)
기사님 말하는 태도가 갑질 하는 것 같아 주의가 필요해 보인다고 하심",담당부서 이첩,교통정책과,,complaints_2025.xlsx,교통정책과
2025,1965,2025-05-24,,남성,"전민동 테크노아파트 가기전 탑립육교 지점 나무가지가 늘어져있어
버스 천장에 닿으니 제거 요망,   정확한 위치 모를 시 전화해도 됨",담당부서 이첩,녹지산림과,,complaints_2025.xlsx,녹지산림과
2025,1966,2025-05-24,,[삭제],"봉명동 하나로마트 앞 도로 중앙선에 차단봉 설치 이유 답변 원하 심, 차단봉으로 인해 교통체증이 더 심해졌다는 의견.",담당부서 이관,건설과,,complaints_2025.xlsx,건설과
2025,1967,2025-05-24,,50대 여성,"현충원역사 바로 뒤, 정원유치원 연결되는 뚝밑에 쑥, 나물을 뜯어 먹은 후 속이 안좋음
그 주변 잡초가 컷팅되어 있던데 혹시 제초제를 뿌렸는지가 궁금함.
(어디서 잡초를 제거한건지는 모르나 구청에서 한거면 제초제 유무 궁금)",담당부서 이첩 ,녹지산림과,,complaints_2025.xlsx,녹지산림과
2025,1968,2025-05-24,,50대 남성,"(수요일에 연락요청)
온천동 사이언스빌 들어가는 입구의 외부주차장에 렌트카 2대가 3주 동안 방치되어 있다.(경찰서에 문의하니 지자체에 문의하라는 답변 받았다고 하심)
월, 화는 휴무니 수요일에 연락요청 ",담당자 내용 전달 ,교통정책과,,complaints_2025.xlsx,교통정책과
2025,1969,2025-05-24,,불상,안산1교 고라니 사체,펫레스규 내용 전달,청소행정과,,complaints_2025.xlsx,청소행정과
2025,1970,2025-05-24,,[삭제],"신성동 ***-*번지 인근 주택 철거공사 및 건축공사로 소음민원 제기
(이전에 소음민원에 대해서 구청담당자랑 통화했었고, 주말에는 공사 안하기로 약속했다고 말함)",담당부서 이첩,푸른환경과,,complaints_2025.xlsx,푸른환경과
2025,1971,2025-05-24,,불상,(지족동 ****) 앞 도로에 조류 사체 1구,펫레스규(이진호) 문자 전송,청소행정과,,complaints_2025.xlsx,청소행정과
2025,1972,2025-05-24,,[삭제],"노숙자 숙박시설 안내(경찰관과 동행)
대상자 인적사항 : ***(******), 이외의 정보는 숙박시설(상아장모텔)에 적어두기로 함",담당부서 이첩,생활보장과,,complaints_2025.xlsx,생활보장과
2025,1973,2025-05-24,,불상,계산동 ***-** 앞 강아지(시추) 1마리 돌아다닌다고 함 구조요청,구조담당자에 내용전달,지역산업과,,complaints_2025.xlsx,지역산업과
2025,1974,2025-05-23,,불상,"노은동 ***-*인데, 음식물쓰레기 내놨는데 4일이 지나도록 수거 안해간다고 함.",해당부서 인계,청소행정과,,complaints_2025.xlsx,청소행정과
2025,1975,2025-05-23,,[삭제],"장대동 ***-*번지, 장대초등학교 앞 CCTV 열람요청(자동차 손괴, 4.24 20시~4.25 사이 )
",해당부서 이첩,주차관리과,,complaints_2025.xlsx,주차관리과
2025,1977,2025-05-23,,불상,둔곡동 국제과학로 (LH북부사업단) 가는 방향으로 가로등이 다 꺼져있다.. 밤인데 켜놔야 하는 것 아니냐고 함(둔곡 LP 6-1-9 외 ),해당부서 인계,건설과,,complaints_2025.xlsx,건설과
2025,1978,2025-05-23,,[삭제],"신성동(도룡동)주민이고,
2025.04.22. 장애인 등록 신청했는데 한달 정도 결린다고 했는데 아직 결과 안 나왔다.
1. 혹시 결과 나오기 전에 취소할 수 있는지 여부
2. 취소했다가 1~2년 뒤에 다시 신청할 수 있는지 여부를 문의함",해당부서 인계,노인장애인과,,complaints_2025.xlsx,노인장애인과
2025,1979,2025-05-23,,대전국과수 직원,"카이스트쪽에서 대전 국과수 경내로 옷입은 유기견 1마리 들어와서 돌아다닌다고 함,.,",유기동물 구조 담당자에게 내용 전달,지역산업과,,complaints_2025.xlsx,지역산업과
2025,1980,2025-05-23,,불상,"2025.05.23. 14시경 어머니 ***(1955년) 종합소득세 민원 관련해서 창구에서 어머니 신분증을 제시했는데, 신분증을 놓고 온 것 같다
청주에 살고 있는 딸(당직민원인)과 같이 왔다고 함",해당부서 인계,세정과,,complaints_2025.xlsx,세정과
2025,1982,2025-05-23,,익명,유성IC 들어오기 1km 전쯤 부상당한 오리 오른쪽도로에 있음 야생동물구조관리센터 전화했으나 9시부터라 연결안됨,담당부서이첩,푸른환경과,,complaints_2025.xlsx,푸른환경과
2025,1983,2025-05-22,,익명,NC백화점 공사 소음 신고 늦은 시간 공사 소음 조치 요청,관련 부서 이첩,푸른환경과,,complaints_2025.xlsx,푸른환경과
2025,1984,2025-05-22,,[삭제],봉산동 *** (동양자원 간판 앞) 쓰레기(하얀 자루 10개 정도) 청소 요청,담당부서 이첩,청소행정과,,complaints_2025.xlsx,청소행정과
2025,1985,2025-05-22,,구즉지구대,"둔곡터널(세종->대전 방향) 유성구청 청소차와 일반차량 간 교통사고 발생, 잔해물 처리 요청",담당부서 이첩,청소행정과,,complaints_2025.xlsx,청소행정과
2025,1986,2025-05-21,,구 당직근무자,"야간 순찰 중 별관 1층 출입문 열려져있었으나 얼굴인식기에는 잠금상태라고 떠 있으며, 세콤은 경보 없음. 
",강제로 출입문 닫음. 담당부서 확인 요청 바람.,운영지원과,,complaints_2025.xlsx,운영지원과
2025,1987,2025-05-21,,[삭제],"가로등 고장(위치:관평동 ***, 한들어린이공원->*단지로 가는길)",담당부서 이첩,건설과,,complaints_2025.xlsx,건설과
2025,1988,2025-05-21,,미상,노은동성당에서 행사를 하는것 같은데 스피커 여러대 틀어놓고 너무 시끄러움. 현수막에 5/25에도 행사가 예정되어있는데 소음 규제 해주길 요청,담당부서 이첩,푸른환경과,,complaints_2025.xlsx,푸른환경과
2025,1989,2025-05-21,,미상,진잠동행정복지센터에 카드지갑 놓고 갔다함. (오후 2시~3시쯤 임대차계약 신고로 방문) 확인후 연락 요청,담당부서 이첩,진잠동,,complaints_2025.xlsx,진잠동
2025,1990,2025-05-21,,미상,어은교 입구쪽 도로공사 소음이 3시간 지속되어 화가 크게 나서 항의하심. 현장 나가서 확인함(오전 1시 50분경). 공사현장 소장님이 낮에 차량통행이 많아 저녁9시부터 공사시작한다고 함. 담당자 확인후 전화회신 달라고함.,담당 부서 이첩,푸른환경과,,complaints_2025.xlsx,푸른환경과
2025,1991,2025-05-20,,미상,도룡동 대덕초등학교 정문 앞 가로등이 며칠째 꺼져있음. 조치 요청,담당부서 이첩,건설과,,complaints_2025.xlsx,건설과
2025,1992,2025-05-20,,미상,유성대로***번길 **(농협중앙회 유성금융센터) 가로등 양쪽이 다 꺼졌음. 조치 요청,담당부서 이첩,건설과,,complaints_2025.xlsx,건설과
2025,1993,2025-05-20,,유성경찰서,장대동 ***-**번지 구암교 네거리-현충원방향 sk유성충전소 마을입구 포트홀 발생 ,담당부서 이첩,건설과,,complaints_2025.xlsx,건설과
2025,1996,2025-05-20,,익명,용신교앞 용산동 ***번지 인근 가로환경정비 및 천변 인근 정비 요청,담당부서 이첩,청소행정과,,complaints_2025.xlsx,청소행정과
2025,1997,2025-05-20,,익명,봉명동 ***-*에서 온천교로 가는 우회전 부근에 불법주정차로 인해 교통체증 발생,담당부서 이첩,주차관리과,,complaints_2025.xlsx,주차관리과
2025,2000,2025-05-19,,익명,"가로등 더 일찍 켜지게 할 수 있는지
장대동 유성시장
/ 일몰시간 기준으로 일괄적으로 켜지는거라 조치가 어려울거같다고 말씀드림 별도로 전화할 필요는 없을것같음
담당부서한테 내용은 전달하겠다고 했음",담당부서 이첩,건설과,,complaints_2025.xlsx,건설과
2025,2001,2025-05-18,,익명,봉명동 도안*단지 아파트 후문 쪽 타이어뱅크 사거리 불법주차 단속 요청,해당부서 이첩,주차관리과,,complaints_2025.xlsx,주차관리과
2025,2002,2025-05-18,,익명,"**** 터널 안 새끼 고양이 구조 관련
(새끼 고양이가 터널안에서 오고가도 못하고 있는 상황, 구조 요청 민원)","유기동물 구조 담당자와 연락했지만, 길고양이는 자체번식 동물로 법적 구조대상 아니라는 답변을 받았고
다치지 않은 새끼 고양이는 어미가 보호 관리하고 있는지 하루 정도 지켜보길 안내받음, 터널 안 구조는 2차 사고 문제로 어렵다고 답변 들음.
-> 위 내용을 민원인에게 안내하였으나 민원인이 이해하지 못함
일과시간 담당부서에서 연락주길 희망하신다고 하심",지역산업과,,complaints_2025.xlsx,지역산업과
2025,2003,2025-05-18,,익명,국립중앙과학관-맥도날드 쪽 도로변 길게 늘어진 가로수 정비 요청,담당부서 이첩,녹지산림과,,complaints_2025.xlsx,녹지산림과
2025,2004,2025-05-18,,미상,용계동 밀머리네거리에서 성세재활원으로 들어가는 길목에 쌓여있는 쓰레기 중 동물사체로 추정되는 쓰레기가 있어(종량제 봉투에 담겨있음) 수거해달라는 민원,해당부서 이첩,청소행정과,,complaints_2025.xlsx,청소행정과
2025,2005,2025-05-18,,미상,유성에서 논산방면 교촌삼거리 지나 바로 가장 오른쪽 차선에 트럭 2~3대가 주기적으로 불법주차하고 있어서 유턴하기가 불편하다는 민원입니다. 한두번이 아니라 매번 불법주차 중이라고 해서 주차관리과에 전달드립니다.,해당부서 이첩,주차관리과,,complaints_2025.xlsx,주차관리과
2025,2006,2025-05-18,,익명,"위치 : 용계로**번길 ***-** 뒤쪽 
내용 : 33블럭, 34블럭 산 벌목으로 새벽 5-6시부터 소음 발생(시행사 느그랑)
담당자 민원인 전화 회신 필수 요망",담당부서 이첩,푸른환경과,,complaints_2025.xlsx,푸른환경과
2025,2007,2025-05-18,,미상,봉명동 ***-**번지 1층 리모델링 공사중. 주말 오전부터 소음이 너무 심하다는 민원. 신고자가 소음진동관리법도 같이 언급하심. 처리 후 연락달라고 하심.,해당부서 이첩,푸른환경과,,complaints_2025.xlsx,푸른환경과
2025,2008,2025-05-18,,미상,둔곡동 ***-*번지 근처 신축공사장 오전부터 소음이 심하다는 민원,해당부서 이첩,푸른환경과,,complaints_2025.xlsx,푸른환경과
2025,2009,2025-05-18,,미상,"원신흥동 라도무스 앞 도안네거리쪽 도로공사 소음
 - 너무 이른시간부터 소음이 발생한다고 함. 이른시간 소음발생 공정 지양 요청 (트램공사로 추정됨)",관련부서 이첩,푸른환경과,,complaints_2025.xlsx,푸른환경과
2025,2010,2025-05-18,,미상,"동물사체 신고(고라니)
화암동 **-* 삼양연구소에서 도룡삼거리 가는 방향 우측 갓길에 고라니 사체 신고",펫레스큐 전달,청소행정과,,complaints_2025.xlsx,청소행정과
2025,2011,2025-05-18,,미상,"로드킬 신고(고라니)
방동 ***-*에서 계룡시 방면도로에 고라니 사체 신고",펫레스큐(010-****-****) 전달,청소행정과,,complaints_2025.xlsx,청소행정과
2025,2012,2025-05-17,,익명,방동 천성교회 옆 농막에서 타지 사람이 종종 생활도 하고 세차기계 사용 및 폐유 매립 등 인근 주민들에게 피해를 지속적으로 끼친다고 주장/ 반복 민원제기사항 / 민원인이 유선 회신 요청,해당부서 이첩,푸른환경과,,complaints_2025.xlsx,푸른환경과
2025,2013,2025-05-17,,익명,봉명동 ***-** 건물 간판이 수목에 가림/ 수차례 민원제기 및 담당자 확인을 받았으나 조치가 이루어지지않았다고 주장/ 필히 연락 요구하였음,해당부서 이첩,녹지산림과,,complaints_2025.xlsx,녹지산림과
2025,2015,2025-05-17,,익명,세종~송강 방면 터널 입구 200m 지점쯤 도로 약간 꺼짐/씽크홀 우려,해당부서 이첩,건설과,,complaints_2025.xlsx,건설과
2025,2016,2025-05-17,,익명,성북동 야영장 하늘02데크 야생너구리 신고/ 유성구 동물구조대 주말 포획불가,해당부서 이첩,푸른환경과,,complaints_2025.xlsx,푸른환경과
2025,2017,2025-05-17,,익명,"유성구 문화원로*번길 ** 앞 골목길에서 사다리차 등을 이용하여 골목길을 통제 중임
이는 도로점용허가를 받아야 가능한 사항으로 알고있는데, 허가를 받았는지 등의 질의 희망함",담당부서 이첩,건설과,,complaints_2025.xlsx,건설과
2025,2018,2025-05-17,,익명,장대중 인근 민원인이 주차 차량을 긁어었으나 안심번호로 되어있었고 차주와 연락이 안됨/ 경찰서로 접수하라고 안내하였으나 이미 경찰서에서는 구청 교통과로 문의하라고 안내받음/ 피해차주 신고접수시 민원인 본인과 연락이 닿을수 있도록 요청,해당부서 이첩,교통정책과,,complaints_2025.xlsx,교통정책과
2025,2019,2025-05-17,,익명,구암동 ***-* 공장건물 위 돌아가는 환풍기? 소음이 심함/ 필요시 소음이 담긴 해당 영상 제공가능하므로 ***_****_****로 연락요청하셨음 ,해당부서 이첩,푸른환경과,,complaints_2025.xlsx,푸른환경과
2025,2020,2025-05-17,,익명,송림마을*단지 앞 도로에서 타이어 펑크로 보상관련 문의/ 유선안내 요청,해당부서 이첩,건설과,,complaints_2025.xlsx,건설과
2025,2021,2025-05-17,,익명,유성구 청소차량이 본인 차량을 긁고 감(블랙박스 영상확보)/ 월요일 유선안내 요청,해당부서 이첩,청소행정과,,complaints_2025.xlsx,청소행정과
2025,2022,2025-05-17,,[삭제],심폐소생술 교육 담당자(****)에게 교육받으려면 유성구청으로 방문하시면 된다고 안내를 받고 방문하셨음,"금일 심폐소생술 교육이 구청에서 실시되지 않는 것으로 확인 되는 것같아
담당자와 통화를 다시 한번 해보시는 것이 좋을 것 같다고 안내드림.",보건의약과,,complaints_2025.xlsx,보건의약과
2025,2023,2025-05-17,,익명,평일에 구청방문이 어려운 상황에 건설기계조종사 면허증 발급 관련 방법 문의 / 유선 회신 요청,해당부서 이첩,교통정책과,,complaints_2025.xlsx,교통정책과
2025,2029,2025-05-16,,익명,"- 서구 → 유성구 방면 상대동 쪽 차도 가로등이 너무 늦게 켜져서 어두움. 운전 중인데 시야확보가 안됨. 
비가 오거나 어두울 때에는 가로등이 좀 빨리 켜질 수 있도록 시간 조정해주었으면 한다고 의견 전달 요청함. ",담당부서 이첩,건설과,,complaints_2025.xlsx,건설과
2025,2031,2025-05-15,,[삭제],유성문화원 앞 궁동하교 위 불법주차 차량으로 사고위험이 크니 단속 요청함,단속반 연계,주차관리과,,complaints_2025.xlsx,주차관리과
2025,2032,2025-05-15,,익명,"우울해서 누구라도 얘기하고 싶어서 전화하셨다고 합니다. / 30대초중반 남성
목소리 들어서 괜찮아졌다고 하셔서 다시 연락할 필요는 없어보입니다.
자살예방 관리차원에서 남겨놓습니다.",통화완료,건강정책과,,complaints_2025.xlsx,건강정책과
2025,2033,2025-05-15,,익명 / 소방 접수,고라니 사체 신고 (금고동 산 **-*번지 도로인데 산 번지로 뜬다고 하시고 금고동 매립장 버스정류장 앞이라고 하십니다),담당부서 이첩,청소행정과,,complaints_2025.xlsx,청소행정과
2025,2034,2025-05-14,,익명,택시 **다**** 차량 승차거부 민원,담당부서 이첩,교통정책과,,complaints_2025.xlsx,교통정책과
2025,2035,2025-05-14,,익명,"대정초등학교 후문 불법주정차 단속 요청 - 도로 양쪽에 주차를 해서 차를 돌릴수 없다고 하심
여러번 민원 제기했는데 시정되지 않고, 플랜카드나 주차방지봉도 설치해 주지 않음  ",담당부서 이첩,주차관리과,,complaints_2025.xlsx,주차관리과
2025,2036,2025-05-14,,익명,"유성정형외과의원 근처 불법주차 단속 요청
장날마다 매번 세워놓아서 차량 통행에 불편이 있음
쥐색 스포츠차량
-> 야간단속반 단속요청 완료",담당부서 이첩,주차관리과,,complaints_2025.xlsx,주차관리과
2025,2037,2025-05-14,,익명,"반석역 1번출구 불법주차 단속 요청
야간단속반에 단속 요청 드렸고, 출퇴근 시간에는 더욱 강화해 달라고 하심",담당부서 이첩,주차관리과,,complaints_2025.xlsx,주차관리과
2025,2038,2025-05-14,,[삭제],"관평동 행정복지센터 주민등록증 신규발급 관련 민원 제기 / 17:57에는 신분증을 만들어 주지 않는건지 문의
지문등록까지 다 했는데 담당자가 과태료를 내야 만들수 있다고 했다며 다음에 오라고 했다고 합니다.
(과태료 낼 돈이 모자란 상황에서 돈을 낼 다른 방법이 있을텐데 퇴근시간이 가까워서 안해준거냐며 민원 제기)
1차로 동 직원과 통화해보시라고 했으나 싫다고 하시며 감사실과 통화하고 싶다고 하십니다.",관련부서 이첩,감사실,,complaints_2025.xlsx,감사실
2025,2041,2025-05-13,,도룡지구대 *** 경감,"전민동 엑스포 근린공원 여자화장실 위쪽 유리 파손되어 조치 요청.
파손자 인적사항(중학생 : ***) 부친 연락처 : 010-****-****",담당 부서 전달,공원과,,complaints_2025.xlsx,공원과
2025,2043,2025-05-13,,익명,"관평동 동화울교 다리 교량 위에 야간에 화물차, 트럭 등 매일 밤샘주차 차량들이 많아 사고위험이 있음. 빠른 조치 바람.",관련 부서 이관,교통정책과,,complaints_2025.xlsx,교통정책과
2025,2046,2025-05-13,,[삭제],신성동 천리집 앞쪽 자전거 카페에 주차 했는데 차량 조수석 편 유리가 파손(금)되었다고 함 차량번호 **수**** 포드익스플로러 흰색 블랙박스 확인해서 구청 차량으로 확인 하여 연락 하였다고함.,해당 부서에 이첩,녹지산림과,,complaints_2025.xlsx,녹지산림과
2025,2047,2025-05-13,,미상,"송림마을*단지랑 *단지 사이길에 가로수 전지작업차량으로 인해 도로 한차선이 막혀서 출근길 복잡하다고 민원넣으심.
9시 이후에 작업했으면 좋겠다고 하심",담당부서 전달,녹지산림과,,complaints_2025.xlsx,녹지산림과
2025,2048,2025-05-13,,미상,"유성구 계룡로***번길 **-* 근처 공사소음이 너무 심하다고 전화하심
회신요청",담당부서 전달,푸른환경과,,complaints_2025.xlsx,푸른환경과
2025,2049,2025-05-12,,노은지구대,"반석네거리에서 세종가는길 송림마을***동 앞 
차사고로 인해 도로 중앙분리대 파손됨.",담당부서 전달,건설과,,complaints_2025.xlsx,건설과
2025,2051,2025-05-12,,시당직실,효성해링턴아파트 천변쪽 가로등이 잘 안켜져 있어서 확인부탁,담당부서 전달,건설과,,complaints_2025.xlsx,건설과
2025,2052,2025-05-12,,미상,"노은동 열매마을*단지 근처 보도블럭 교체했는데 그 위에 돌가루가 너무 쌓여있어서 처리 요청
구청에 민원 넣는게 맞는지 모르시겠다고 본인께 전화해달라고 하심",담당부서전달,건설과,,complaints_2025.xlsx,건설과
2025,2053,2025-05-12,,미상,수급자이신데 10일내로 쌀 신청해야하는걸 바빠서 놓치셨다고 신청 안되는지 문의하심,담당부서 전달,원신흥동,,complaints_2025.xlsx,원신흥동
2025,2054,2025-05-12,,미상,집앞에 사회복지서비스 관련 쪽지 붙어있었는데 어떤 사항인지 문의,담당부서 전달,노은3동,,complaints_2025.xlsx,노은3동
2025,2056,2025-05-12,,미상,"자녀분이 여권발급 해야하는데 필요 서류 / 본인이 직접가야하는지 대리로 가도되는지 관련문의
시각장애인이셔서 전화 꼭 부탁드린다고 하셨음.",담당부서지정,민원여권과,,complaints_2025.xlsx,민원여권과
2025,2057,2025-05-12,,[삭제],봉명동 (계룡로***번길 **-*) 앞 공사장 소음민원. 아침 일찍부터 너무 시끄럽다고 하심. 전화 통화 요망,담당 부서 전달,푸른환경과,,complaints_2025.xlsx,푸른환경과
2025,2058,2025-05-12,,[삭제],"한밭대 정문 앞쪽 도로 가로수들에 인부들이 작업을 하고있는데, 이미 죽은 화양목에 트리머질을 하면 뭐하냐고 항의전화. 민원인분 전화 답변 요망
",담당 부서 전달,녹지산림과,,complaints_2025.xlsx,녹지산림과
2025,2059,2025-05-12,,미상,"송림마을 4, *단지 근방 신성동에서 노은동 방향으로 가는 도로 커브길 1차선에 고라니 사체.
출근길이라 차가 많고, 커브길 1차선에 사체가 위치해서 위험해 보인다는 신고 다수 들어옴. 빠른 처리 요망",담당 부서 전달,청소행정과,,complaints_2025.xlsx,청소행정과
2025,2060,2025-05-11,,119상황실,유성구 장동 ***-* 버스정류장 뒤쪽(인재개발원에서 충열사 가는 방향 버스정류장) 고라니 사체,"유성구 장동 14-2, 한수원 중앙연구원 맞은편 3차선 도로위 고라니 사체 신고
-> 현장이 유성대로 도로 위이므로 시청 당직실로 전달
-> 7시 21분 119에서 새벽에 인재개발원에서 충열사 가는 방향 버스정거장 뒤쪽으로 치워놓았다고 연락와서 시청 당직실로 전달
-> 7시 21분 시청에서 새벽에 출동했으나 도로에 없어서 그냥 들어왔고, 인도는 구청에서 처리해야된다고 연락 받음
-> 담당 부서 전달",청소행정과,,complaints_2025.xlsx,청소행정과
2025,2061,2025-05-11,,미상,지족동 열매마을 *단지 아파트 부근에서 유기견을 발견하여 보호중. 종은 푸들이고 목줄을 하고있었다고 함.,유기동물 구조 담당자 전달(김명덕) 및 해당부서 이첩,지역산업과,,complaints_2025.xlsx,지역산업과
2025,2062,2025-05-11,,미상,전민동 갑쳔번 하수처리장으로 가는방향의 보행자와 자전거가 다니는 도로에 조명이 전부 다 꺼져있어서 위험해 보이신다고 민원. 빠른 조치를 희망하셨음.,담당부서 이첩,재난안전과,,complaints_2025.xlsx,재난안전과
2025,2063,2025-05-11,,119,"엑스포 근린공원(전민동 ***-*번지) 내 화장실 문이 떨어짐
119측에서 출동하여 기본 안전조치(안전띠 설치) 취함
이후 화장실 문 수리는 담당 부서에서 진행할 것을 요청","119측에서 출동하여 기본 안전조치(안전띠 설치) 취함
이후 화장실 문 수리는 담당 부서에서 진행할 것을 요청",공원과,,complaints_2025.xlsx,공원과
2025,2064,2025-05-11,,미상,"원신흥로 ***-* ~ ***-* 건물 사이의 왕복2차선(골목)도로 위에 있는 멘홀
멘홀 나사가 풀려져 있어 도로 위로 살짝 올라와있기에 나사 조임을 요청",담당부서 이첩,건설과,,complaints_2025.xlsx,건설과
2025,2065,2025-05-11,,익명,유성구 계산동 수통골 불법노점 단속 요청 / 월요일에 전화 통화 하길 바람.,"담당부서 이첩
",건설과,,complaints_2025.xlsx,건설과
2025,2066,2025-05-11,,미상,"원내동 산장산 초입(산장산 유래비 있는 근처) 보호수의 가지가 쓰러져 전깃줄에 걸려있음.
119(서부소방서)에서 긴급출동 후 주민들의 안전을 위해 간단한 안전 조치를 취함(보호수 근처 접근 못하도록 안전띠 설치)
당직실에서 현장 방문(오후1시), 안전띠 추가설치 및 해당사항 담당자에게 안내함.
보호수 관할 부서에서 현장 확인 후 적절한 후속 조치 필요.","119연계 및 119에서 간단 안전조치 취하였으며,
당직실에서 현장 방문(오후1시), 안전띠 추가설치 및 해당사항 담당자에게 안내함.
보호수 관할 부서에서 현장 확인 후 적절한 후속 조치 필요.",녹지산림과,,complaints_2025.xlsx,녹지산림과
2025,2068,2025-05-11,,미상,"전민동 푸른아파트  근처 공사현장 소음 심함
공사현장에서 아파트 쪽으로 방음벽 설치 희망",담당부서 이첩,푸른환경과,,complaints_2025.xlsx,푸른환경과
2025,2073,2025-05-10,,익명,"***-***-****에서 연결됨
관평동 ****번지 신세계마트 앞 흰선 주차 스팅어 차량 (**어****) 으로 인해 통행 불편
차주 전화 안받음",담당부서 이첩,주차관리과,,complaints_2025.xlsx,주차관리과
2025,2074,2025-05-10,,세종도시교통공사,"반석역 1번출구 앞 현수막 2개때문에 버스 하차 불편 야기, 현수막 허가 여부",담당부서 이첩,건축과,,complaints_2025.xlsx,건축과
2025,2075,2025-05-10,,익명,"북유성대로*** 왕중왕교회 외부 주차장 측에 다이소에서 세운 외벽(?) 균열 안전진단 가능한지 문의(노은지구대 *** 경위(010-****-****) 통하여 민원 접수, 교회측에서 외벽이 위험해 보여서 민원 접수함)
민원인 전화번호 통화 불가시 010-****-****로 연락 요망",해당 부서 이첩,건축과,,complaints_2025.xlsx,건축과
2025,2076,2025-05-10,,익명,폐기름(등유) 처리 방법 문의,해당 부서 이첩,청소행정과,,complaints_2025.xlsx,청소행정과
2025,2077,2025-05-10,,익명,만년교 다리에서 가수원 방향으로 다리 하나 더 있는쪽(하천변) 게이트볼 치는 곳에 자전거 등 온갖 쓰레기 방치 처리요망,해당 부서 이첩,재난안전과,,complaints_2025.xlsx,재난안전과
2025,2078,2025-05-10,,유성경찰서,도룡동 ***번지(유성구청에서 신세계백화점 가기전 도룡동 방향으로 좌회전 후 바로 횡단보도) 차량사고 잔재물 처리 요망,당직자 현장 출장 후 잔재물 정리,청소행정과,,complaints_2025.xlsx,청소행정과
2025,2079,2025-05-10,,미상,"봉명동 ***-** 쓰레기 무단투기(업소 풍선간판 고무통 등),
- 가게 주차장 입구쪽이라 빠른 조치 요망",담당부서 이첩,청소행정과,,complaints_2025.xlsx,청소행정과
2025,2080,2025-05-10,,익명,반석역 버스정류장(세종->대전 방향) 나무사이 불법플랜카드로 버스 승하차 불편,해당 부서 이첩,건축과,,complaints_2025.xlsx,건축과
2025,2081,2025-05-10,,미상,성북동 ***-* 가로등 켜져있음.,담당부서 이첩,건설과,,complaints_2025.xlsx,건설과
2025,2082,2025-05-10,,익명,"- 전민동 엑스포코아 후문 황색선에 불법주정차 단속요망(몇년째 민원 제기, 근본적인 대책 필요)
- 플랜 카드 반대편에도 크게 추가 설치 요망
- 한쪽은 흰색선으로 해주시길 요망",해당 부서 이첩,주차관리과,,complaints_2025.xlsx,주차관리과
2025,2083,2025-05-10,,미상,학하동 ***-** / 학하동 ***-** 앞 가로수 쓰러짐. 가로수 철거 등 후속 조치 필요.,"당직실, 경찰, 소방 출동하여 도로통행에 방해되지 않게 조치.",녹지산림과,,complaints_2025.xlsx,녹지산림과
2025,2084,2025-05-10,,[삭제],도룡동 공항버스 정류소 건너편 거주자 우선주차구역 지정 관련 전화요망,담당부서 이첩,주차관리과,,complaints_2025.xlsx,주차관리과
2025,2085,2025-05-10,,[삭제],주차관리과에서 우편을 보냈는데 우체국에서 출근시간에만 집배원이와서 본인이 아니면 확인을 못한다고 하여 아직도 못받는 상태임. 12일까지 보관기관이라는데 12일에도 확인을 못한다. 어떤내용인지 월요일날 출근해서 전화로 알려달라 ,담당부서 이첩,주차관리과,,complaints_2025.xlsx,주차관리과
2025,2086,2025-05-10,,무명,교촌동 산*-* 바람으로 인한 나무 쓰러짐,담당부서 이첩,녹지산림과,,complaints_2025.xlsx,녹지산림과
2025,2087,2025-05-09,,미상,"왕가번로 **번길 ** 양방향 가로등 나감, 며칠전부터 들어오지않음 ",건설과 당직민원 접수,건설과,,complaints_2025.xlsx,건설과
2025,2088,2025-05-09,,미사,"송정동***-* 가로등이 안들어온다, 주변은 들어오는데 여기만 그런다 고장난것같다 수리 요망",건설과 당직민원 등록,건설과,,complaints_2025.xlsx,건설과
2025,2089,2025-05-09,,미상,"탑립동 *** 매일 버스가 불법주차 돼어있다. 통행에 불편, 회사 통근버스인것 같다. 조치 취해달라",소관부서 당직민원 등록,주차관리과,,complaints_2025.xlsx,주차관리과
2025,2090,2025-05-09,,미상,"카카오T바이크, G쿠터 등 본인 집에 불법주정차가 너무 많음, 매번 있는 상황이라 해결요인이 있는지 전화 요망",주차관리과 당직민원접수,교통정책과,,complaints_2025.xlsx,교통정책과
2025,2091,2025-05-09,,미상,"하수처리시설 점검 요청
- 도룡동 스마트 시티 *단지 상가 중 '비어스토리 ' 좌측 맨홀 뚜껑 위 먹바퀴 30마리정도 서식하고 있어 처리 요청함.",담당부서 이첩,건설과,,complaints_2025.xlsx,건설과
2025,2092,2025-05-08,,죽동 주민 다수,"가로등 고장 조치 요청
- 은구비로 ***번길(죽동)일대 
- 연락처에 입력한 민원인의 경우 가로등 고장 원인에 대해 문의하여 구청 담당자 현장 확인 결과, 누전으로 파악되어 즉각 조치 어려운 점 문자 안내함.
- 그 외 죽동 주민 다수 민원 접수하여 최대한 빠른 조치 요망 ","- 건설과 담당자 현장 방문하여 확인하였으나, 즉각조치 어려운 점 안내받아 민원인에게 통지함.
- 담당부서 이첩",건설과,,complaints_2025.xlsx,건설과
2025,2093,2025-05-08,,[삭제],"유성온천축제 분실물  습득 여부 확인 
- 브랜드 없는 여성용장지갑 / 지갑 내 신분증 있음(유황희)
- 분실물에 민원인 지갑 있을 시 연락 드리기로 하였으며, 경찰에 분실물 신고 안내함.",담당부서 이첩,문화관광체육과,,complaints_2025.xlsx,문화관광체육과
2025,2094,2025-05-08,,미상,"사유지 무단주차 차주 연락처 확인 요청
- 유성구 전민동 ***-* 옆 주차장
- 무단주차 차량: 벤츠 / **수****",담당부서 이첩,주차관리과,,complaints_2025.xlsx,주차관리과
2025,2095,2025-05-08,,익명,"죽동 ***-*번지 가로등 고장 
즉시 처리 요청하며, 구청장 민원 접수 하겠다고 함
",담당부서 이첩 ,건설과,,complaints_2025.xlsx,건설과
2025,2096,2025-05-08,,미상,"불법주정차 단속 요청
- 민원인에게 조치 결과 전달 요청 
- 용산동 lx세미콘 대전캠퍼스 정문 앞
- 버스가 인도와 도로 걸쳐 주차된 상태 (매일 오후 6시 30분 이후 주차)
",담당부서 이첩,주차관리과,,complaints_2025.xlsx,주차관리과
2025,2097,2025-05-08,,미상,"불법주정차 단속 및 현수막 재설치 요청
- 유성시장 장대교 교량 위
- 교량 위 주차금지 현수막 파손되어 재설치 요청",담당부서 이첩,주차관리과,,complaints_2025.xlsx,주차관리과
2025,2098,2025-05-08,,미상,"오염수 배출 의심
-위치: 반석천(유성경찰서에서 유성구청방면 100m 부근 하수배출구)",담당부서 이첩,푸른환경과,,complaints_2025.xlsx,푸른환경과
2025,2101,2025-05-07,,미상,(대학로 **-**) 일반쓰레기 수거 요청,담당부서 이첩,청소행정과,,complaints_2025.xlsx,청소행정과
2025,2103,2025-05-07,,미상,용산도서관 인근 검제들공원 내 조명 4~5개 미점등,담당부서 이첩,공원과,,complaints_2025.xlsx,공원과
2025,2104,2025-05-07,,미상,관평동 한들어린이공원 놀이기구 파손으로 조치 요청,담당부서 이첩,공원과,,complaints_2025.xlsx,공원과
2025,2105,2025-05-07,,미상,교촌삼거리~진잠네거리 구간 가로수 관리요청(대형 차량 파손우려),담당부서 이첩,녹지산림과,,complaints_2025.xlsx,녹지산림과
2025,2106,2025-05-07,,미상,학하중앙로***번길카센터 타이어안 아기새 네마리가 둥지를 틀고 있어 구조를 원함,관련 부서 이첩,푸른환경과,,complaints_2025.xlsx,푸른환경과
2025,2107,2025-05-07,,미상,문지네거리->구룡동 방향 터널(대덕터널로 추정) 통과 후 대형 화물 트럭들이 바로 주차되어있어 사고위험이 있음. 빠른 조치 바람.,관련 부서 이관,교통정책과,,complaints_2025.xlsx,교통정책과
2025,2108,2025-05-07,,유성경찰서 상황실,[긴급] 교촌동 유성대로***(sk 셀프주유소) 건너편 가로등이 교통사고로 파손됨 / 마을입구를 막고 있어 빠른 처리 요망 / 파손 잔해는 처리됨,관련부서 이관,건설과,,complaints_2025.xlsx,건설과
2025,2109,2025-05-06,,스마트시티관제센터,"장대동 ***-*(공용주차장 앞), 차량차단기가 쓰러져 통행을 방해하고 인도까지 주차가 되어있으며, 횡단보도를 이용하는 사람들이 어려움을 겪고 있으므로 빠른 조치가 필요할 것으로 보임. ",관련부서 이첩 ,건설과,,complaints_2025.xlsx,건설과
2025,2110,2025-05-06,,미상,"용산동 용신교 다리 밑 벤치, 평상 근처 조명이 꺼져있음. 2주전 민원을 넣었으나 처리 되지 않음. 하천관리사업소에서 구청 관할 업무라고 확인 받음. 빠른 조치를 원함.",관련부처 이관,재난안전과,,complaints_2025.xlsx,재난안전과
2025,2112,2025-05-06,,익명,갑천 쏘가리 금어기 단속 요청 및 금어기 안내표지 요청,관련부서 전달,재난안전과,,complaints_2025.xlsx,재난안전과
2025,2118,2025-05-06,,익명,"홈플러스 U턴구간 1톤탑차가 길을 막고있어서 주차 단속 부탁드립니다. 경찰도 여러번 불렀는데 불법주차 외에는 해줄 수 있는게 없다고 매일 확인하겠다고 민원인분이 당부하셨습니다
",관련 부서 전달,주차관리과,,complaints_2025.xlsx,주차관리과
2025,2121,2025-05-05,,익명,현충원로 ***번 버스정류장(주유소옆)에 청둥오리 시체,담당부서 이첩,청소행정과,,complaints_2025.xlsx,청소행정과
2025,2122,2025-05-05,,미상,"홍성군에서 주관하고 금강일보에서 후원하는 한빛탑 일원 특이하누 행사장에서 주류를 판매함.
주류 판매는 허가가 안 될 것으로 알고 있는데 이 건에 대한 위생과 확인 요청.",담담부서 이첩,위생과,,complaints_2025.xlsx,위생과
2025,2123,2025-05-05,,미상,"유성구 교촌로 *, 경동나비엔 근처 유기묘 구조 요청",구조요청 전달,지역산업과,,complaints_2025.xlsx,지역산업과
2025,2124,2025-05-05,,미상,봉명동 *** 쪽 노란색 실선 주차단속 요청,"주말이나 공휴일에는 일정 구역 탄력적으로 주차가능함을 안내드렸음. 
주차단속반에게 전달 하였고, 민원 내용 듣고 단속반은 보내겠으나 과태료 부과가 안될 수도 있음을 안내드렸더니 탄력적 주차허용 범위에 대한 답변을 듣고 싶어함.
",주차관리과,,complaints_2025.xlsx,주차관리과
2025,2125,2025-05-05,,미상,대전광역시 유성구 유성대로***번길 *** 인근 고양이 사체 수거요청,사체처리업체 전달 완료,청소행정과,,complaints_2025.xlsx,청소행정과
2025,2126,2025-05-05,,미상,"대전 유성구 신성로***번길 ** 인근 폐기물 관련 근본적인 대책 수립 요청 / 구청에서 쓰레기를 치워주는 것이 너무 감사하나, CCTV로 과태료를 부과해야한다는 주장",관련부서 이첩,청소행정과,,complaints_2025.xlsx,청소행정과
2025,2127,2025-05-05,,미상,(학하동로**번길 **-*) 부처님오신날 행사 소음 / 종교행사 등 추후 행사 있을 시 소음관련 안내를 행사 주체에 전달 요청,자광사 국제선원(042-****-****) 전화하여 소음 줄여줄 것을 요청 / 12시 이전 행사 끝,푸른환경과,,complaints_2025.xlsx,푸른환경과
2025,2128,2025-05-05,,119상황실,"119상황실 통하여 죽전교 인근 폐수방류 확인 요청 / 119상황실과 경찰에서 확인한바, 냄새가 나는 거 같아 구청으로 민원인 전화번호와 함께 인계함 / 민원인 통화하여 죽전교 - 유성경찰서쪽 하천에서 거품 확인했다고함",당직자가 확인한바(10:30) 악취나 하천 거품 등 오염상황 확인 불가.,푸른환경과,,complaints_2025.xlsx,푸른환경과
2025,2129,2025-05-05,,미상,"원신흥남로 **번길 **, 인근 털 빠진 야생너구리 포획 신고","일반 너구리가 아닌 털 빠진 너구리라고 하여, 부상의심됨. 펫 레스규 전달",푸른환경과,,complaints_2025.xlsx,푸른환경과
2025,2131,2025-05-05,,미상,봉명동 CJ나인파크 쓰레기 수거를 하지 않아 문의 ,담당 업체에 연락하였으나 전화를 받지 않아 담당부서 이첩 ,청소행정과,,complaints_2025.xlsx,청소행정과
2025,2132,2025-05-04,,미상,충남대 오거리 횡단보도에 음식물 쓰레기가 있어 청소 요청 ,당직원이 현장출동하여 큰 음식물을 모아 근처에 있던 음식물 수거차량에 요청하여 처리하였으나 도로 청소가 필요하여 담당부서 이첩. 충남대 정문에서 왼쪽방향(메가커피 앞) 횡단보도임,청소행정과,,complaints_2025.xlsx,청소행정과
2025,2133,2025-05-04,,미상,충남대 오거리 횡단보도에 음식물 쓰레기 수거차량이 음식물을 흘려 처리 요청 ,당직원이 현장출동하여 큰 음식물을 모아 근처에 있던 음식물 수거차량에 요청하여 처리하였으나 도로 청소가 필요하여 담당부서 이첩. 충남대 정문에서 왼쪽방향(메가커피 앞) 횡단보도임,청소행정과,,complaints_2025.xlsx,청소행정과
2025,2134,2025-05-04,,신원미상,"봉명동 ***-*(크라운 호프 앞) 소방용수 시설 앞 주차된 차량 처리 요청
",국민신문고 신고 안내 및 해당부서 이첩,주차관리과,,complaints_2025.xlsx,주차관리과
2025,2135,2025-05-04,,미상,반석마을 *단지에서 *~*단지 가는 길의 가로등이 일주일째 꺼져있음 ,담당부서로 이첩 ,건설과,,complaints_2025.xlsx,건설과
2025,2138,2025-05-04,,익명,"다가구 주택 주차장 내 맨홀 하구관이 막혀 오수가 넘치고 있다고 함.
",해당부서 이첩,건설과,,complaints_2025.xlsx,건설과
2025,2139,2025-05-04,,익명,계룡스파텔 근처 축제 중 발생하는 소음이 불편하다고 하심,해당부서 이첩,문화관광체육과,,complaints_2025.xlsx,문화관광체육과
2025,2140,2025-05-04,,미상,야생너구리 보관하고 있어 조치요청,담당부서 이첩,푸른환경과,,complaints_2025.xlsx,푸른환경과
2025,2144,2025-05-03,,시청당직실,반석마을 *단지->*단지 방향 가로등 및 반석고 아래 가로등 불이 꺼져있어 조치 요청,담당부서 이첩,건설과,,complaints_2025.xlsx,건설과
2025,2146,2025-05-03,,익명,(버스운전기사) 주말마다 반석역 버스정류장(세종-대전방향)에 택시가 정차해 승객 승하차 불편 초래 및 교통체증 발생으로 상시단속 및 CCTV 설치 등 강력한 조치를 원함,담당부서 이첩,주차관리과,,complaints_2025.xlsx,주차관리과
2025,2147,2025-05-03,,익명,"복룡삼거리 함평천지한우 근처 유기견(어미 및 새끼) 신고
어미는 돌아다니고 새끼들은 풀숲에 있다고 함",유기동물 구조 담당자 전달,지역산업과,,complaints_2025.xlsx,지역산업과
2025,2148,2025-05-03,,익명,"주말마다 라도무스 예식장 앞 도로를 예식장 안전요원들이 점거하여 예식장 이용객 주차를 안내하는데.. 거기 지나가는 차량들은 그 안전요원들 때문에 차량통과하는데 많이 지체되고 불편을 겪는다고 함. 
그렇게 일반사람들이 도로를 점거하고 교통정리를 해도 되는건지, 도로교통법 위반사항이라고 생각되니 조치를 취해달라고 함. 
-> 일단 민원 접수하고 구청소관이 아닌 경찰소관인 경우는 경찰에 민원 이첩하겠다고 말씀드릠..",관련부서 이첩,주차관리과,,complaints_2025.xlsx,주차관리과
2025,2149,2025-05-03,,시청 콜센터,장대동 LPG충전소(현충원로 ***) 앞 인도 연석이 깨져있음.. 조치 요망..,처리부서 이첩,건설과,,complaints_2025.xlsx,건설과
2025,2151,2025-05-02,,미상,"재활용 체험 부스 / 어린이 파란색 우산 분실(스티커로 ***이라고 붙여놓음)
찾으시면 연락 주시기 바랍니다.",담당부서 전달,청소행정과,,complaints_2025.xlsx,청소행정과
2025,2152,2025-05-02,,[삭제],"부스 신청했다 떨어진 사람인데 풍선이 판매 품목에 없어서 제외됐다고 알고있는데 현장 확인해보니 풍선을 팔고 있었음. 운영부스에 관리가 잘 안되는거 같다고 하시고, 풍선판매가 가능하다면 본인도 참여하고싶다고 연락 요청 ",담당부서 이첩 ,문화관광체육과,,complaints_2025.xlsx,문화관광체육과
2025,2153,2025-05-02,,미상,봉명동 ***-*번지  현수막 제거 요청,담당부서 이첩 ,건축과,,complaints_2025.xlsx,건축과
2025,2154,2025-05-02,,미상,"한빛아파트에서 어은초 방향 인도에 며칠전부터 깨진 유리조각이 있음. 
청소요청드림",관련부서 전달,청소행정과,,complaints_2025.xlsx,청소행정과
2025,2155,2025-05-01,,미상,길산골프장 늦은시간 골프치는 소리에 소음이 심하다는 민원입니다. 민원인 전화 부탁드립니다..,해당부서 이첩,푸른환경과,,complaints_2025.xlsx,푸른환경과
2025,2156,2025-05-01,,미상,단독주택 주차장 입구(흰색실선)를 막고 연락두절 상황 반복-> 주차장 입구는 임시 주정차도 불가능하게 노란실선 변경 요청,해당부서 이첩,주차관리과,,complaints_2025.xlsx,주차관리과
2025,2157,2025-05-01,,익명,"학의뜰아파트 후문 부근 황가네포차 가게 도로 맞은 편 산쪽 울타리 넘어서 
담비 야생동물 사체 있음. ",해당부서 이첩,청소행정과,,complaints_2025.xlsx,청소행정과
2025,2158,2025-05-01,,미상,dcc앞쪽 버스전용주차장 근방부터 쭉 불법주차차량 단속 요청,담당부서 이첩,주차관리과,,complaints_2025.xlsx,주차관리과
2025,2159,2025-05-01,,진잠파출소 *** 경위,대전 진잠로 ***번길 * 편의점 (판매시간 4월 30일 21시 04분) 미성년자 술 담배 판매,해당 부서 이첩,교육과학과,,complaints_2025.xlsx,교육과학과
2025,2160,2025-04-30,,미상,"8:40분에 신성파출소 근방 양쪽 도로에 차가 주차되어 있는 상황으로 지나갈 수 있는 길의 폭이 여유롭지 않은 상황
마을1번 버스와 민원인 차 주행과정에서 민원인차가 길을 비켜줬음에도 불구하고, 버스기사가 민원인에게 뭐라고 한상황
민원인은 길을 비켜줬음에도 이상황이 기분이 나쁘고 이에 대해 사과요청 (담당자 회신 요청)",담당 부서 이첩,교통정책과,,complaints_2025.xlsx,교통정책과
2025,2161,2025-04-30,,미상,"반석초등학교 마주편 지족1교에 차량운행속도 30km준수하라고 하는 교통표지판이 원래 전봇대에 부착되어있는데 지금 떨어져있음
해당 건 조치 및 회신 바람",담당부서 이첩,주차관리과,,complaints_2025.xlsx,주차관리과
2025,2162,2025-04-30,,미상,"종량제봉투 공급 관련 민원
크린월드 측에서 30일 오후3시 전에 입금한 건에 대해서만 9일에 공급가능하다고함
공휴일인 날에도 소매업자들은 가게를 여는데 그동안 종량제 봉투 공급이 불가능한 건에 대해서 민원사항
(2일 전에 주문한건에 대해서만 공급이 가능하다는 시스템에 대해서 원천적으로 불만사항이 있으신것같아요. 담당자통화원하신다고 합니다.)
",해당 부서 이첩,청소행정과,,complaints_2025.xlsx,청소행정과
2025,2163,2025-04-30,,익명,"구암동 ***-*번지 앞 쓰레기가 무분별하게 휘날리고 있다. 
오늘 뿐만 아니라 상습적으로 발생하여 점검 요청함",담당부서 이첩,청소행정과,,complaints_2025.xlsx,청소행정과
2025,2164,2025-04-30,,익명,"유성대로(서대전 IC방향) - 한승미메이드아파트, 교촌제이파크아파트 사이 2차선 도로변에 동물(고양이) 사체 조치요청",담당부서 이첩,청소행정과,,complaints_2025.xlsx,청소행정과
2025,2165,2025-04-28,,미상,문지네거리 차 크레인 며칠째 방치되어 있어서 이동 조치 부탁드립니다,해당부서 이첩,주차관리과,,complaints_2025.xlsx,주차관리과
2025,2166,2025-04-28,,익명,"노은서로 **번길가로등 불이 너무 늦은 시간에 한참 어두워져서 들어옴 
이른 시간에 들어오게 조치 바람 ",관할부서이첩,건설과,,complaints_2025.xlsx,건설과
2025,2167,2025-04-28,,익명,"은구비공원 텐트 치는 사람이 많음 
텐트 금지 안내 방송 상시로 나올 수 있게 조치 바람 
",담당부서이첩,공원과,,complaints_2025.xlsx,공원과
2025,2168,2025-04-28,,미상,"반석동 등불회관 식당
연탄재 방치 등 ",해당 부서 이첩,청소행정과,,complaints_2025.xlsx,청소행정과
2025,2169,2025-04-28,,미상,"노은동성당 건너편 지점에 배출된 재활용쓰레기 수거가 되고 있지 않습니다. 빠른 수거 부탁드립니다.
(노은서로 ***)에서 알려왔습니다. ",담당부서 이첩,청소행정과,,complaints_2025.xlsx,청소행정과
2025,2170,2025-04-27,,미상,"제2엑스포교(현 과학의다리) 교통사고 부산물 수거 요망
(현재 1차적으로 도로 가장자리로 부산물을 치워 놓은 상황)",담당부서 이첩,청소행정과,,complaints_2025.xlsx,청소행정과
2025,2171,2025-04-27,,미상,"상대복용로(대전도안센트럴아이파크 *단지와 트리풀시티*단지아파트 사이 대로) 센트럴아이파크 측 인도(보행자로) 보안등이 모두 작동하지 않고 있습니다.
수리 및 연락 요청드립니다.",담당부서 이첩,건설과,,complaints_2025.xlsx,건설과
2025,2172,2025-04-27,,익명,둔곡동 ***번지 도로변 맨홀에서 많은 양의 물이 새어나오고 있어 조치 요청,"(1차) 대전시 상수도사업본부 유성사업소 당직실에 현장확인 및 조치 요청(042-****-****) 21시 40분경
(2차) 상수도사업본부 현장확인결과 상수도가 아닌 하수관로 물넘침이라고 연락옴(건설과 처리부서 지정) 23시 10분경
",건설과,,complaints_2025.xlsx,건설과
2025,2173,2025-04-27,,익명,"교촌로 *번길 **번지에 정전 발생 / 민원인 의견은 돌샘어린이공원에 있는 단풍나무가 원인인 것으로 보여 해결 방법(본인이 나무 가지를 잘라도 되는지)에 대해 통화를 하고 싶다고 하심 
- 한국전력공사에서 해결해야할 사안으로 판단되나 통화를 원하셔서 당직민원에 남깁니다.",해당부서 이첩,공원과,,complaints_2025.xlsx,공원과
2025,2174,2025-04-27,,익명,부상당한 고양이 구조 요청,펫레스큐 전달,지역산업과,,complaints_2025.xlsx,지역산업과
2025,2175,2025-04-27,,익명,유림공원 도서관 앞 벤치 앞 CCTV 확인이 가능한 지 및 담당부서 전화요청,담당부서 이첩,공원과,,complaints_2025.xlsx,공원과
2025,2176,2025-04-27,,익명,지족로 ***번길 아파트 앞 도로에 까치 사체 처리 요청,펫레스큐 전달,청소행정과,,complaints_2025.xlsx,청소행정과
2025,2177,2025-04-27,,유성경찰서,유성 계룡대교에서 용반네거리 사이 교통사고로 인한 수목 부러짐(베르디움 ***동 근처) / 수목이 전도되어 도로를 막고 있는 상황은 아니지만 부러져 있어서 처리가 필요해 보임,담당부서 이첩,녹지산림과,,complaints_2025.xlsx,녹지산림과
2025,2178,2025-04-27,,익명,애경종합기술원 담벼락(데일리 로스터리 카페 맞은편)에 부상당한 까치 구조 요청,펫레스큐 전달,푸른환경과,,complaints_2025.xlsx,푸른환경과
2025,2179,2025-04-27,,대전 119 상황실,계산동***번지 목줄풀린 개 1마리 배회중 신고,유기동물 구조담당(김명덕님) 전달,지역산업과,,complaints_2025.xlsx,지역산업과
2025,2180,2025-04-27,,익명,소음 관련 민원으로 상담요청(말씀하실 내용이 많을 것으로 예상되어 월요일 중 시간 여유있을때 전화해달라고 하심),관련부서 이첩,푸른환경과,,complaints_2025.xlsx,푸른환경과
2025,2181,2025-04-26,,대전광역시청 당직실,탑립커피 앞->탑립동 방면에 도로에 고양이 사체,펫레스큐 전달,청소행정과,,complaints_2025.xlsx,청소행정과
2025,2182,2025-04-26,,미상,"금강유역환경청에서 카이스트로 향하는 하천변 인도 땅이 꺼져있음. (천변 따라 운동할 수 있도록 설치된 인도)
아스팔트 아래로 고무가 설치되어있는데 통행 시 땅 꺼질 우려 있으므로 조치 요망.",담당부서 이첩,건설과,,complaints_2025.xlsx,건설과
2025,2183,2025-04-26,,미상,통행에 방해되는 불법 입간판 신고( 원신흥동 ***) 입간판 상호명 : ***,담당부서 이첩,건축과,,complaints_2025.xlsx,건축과
2025,2184,2025-04-26,,미상,"불법숙박업소 신고
- 위치 : 덕명동 ***-**
- 내용 : 한옥건물은 숙박업 신고 후 영업중이나, 한옥건물 앞 건물에서 불법숙박업 영업하는것으로 추정됨. 조치 요망.",담당부서 이첩,위생과,,complaints_2025.xlsx,위생과
2025,2185,2025-04-26,,[삭제],봉명고 다리 부근 서울온천모텔 옆 길가 비들기 사체 처리 요청,펫레스큐 전달,청소행정과,,complaints_2025.xlsx,청소행정과
2025,2186,2025-04-26,,미상,"봉명동 리베라호텔 사거리 스타벅스 앞 그늘막이 다 안펴져서 바람에 너무 흔들거림
보행자 사고위험 있어보임. 처리 요청",담당부서 이첩,재난안전과,,complaints_2025.xlsx,재난안전과
2025,2187,2025-04-26,,미상,"교촌동 미메이드아파트 뒤쪽 유성대로변 포크레인 및 레미콘 차량이 폐기물을 버리고 있음.
시청 당직실 측에서 확인한 결과, 유성구에서 발주한 보도블럭 공사(건우건설 )중 발생된 부산물을 통행에 방해되지 않는 선에서 쌓아놨다고 함
유성구 담당부서 확인 후 조치 요청 ",담당부서 이첩,건설과,,complaints_2025.xlsx,건설과
2025,2188,2025-04-26,,[삭제],대전본병원 뒤편 주차장 출구쪽 노란선 두줄 있는데 불법주정차 되어있다고 단속요청,단속반에 단속 요청 후 해당부서이첩함.,주차관리과,,complaints_2025.xlsx,주차관리과
2025,2189,2025-04-26,,[삭제],하수구청소업체 신고가 필요한지. 신고를 해야한다면 어디에 신고를 해야하는지 문의,해당부서이첩함.,건설과,,complaints_2025.xlsx,건설과
2025,2190,2025-04-26,,미상,도룡동 파커스 마켓 앞 불법주정차 단속 요청 및 인도 가판 설치 단속 요청,단속반에 단속 요청 후 해당부서이첩함.,주차관리과,,complaints_2025.xlsx,주차관리과
2025,2191,2025-04-26,,[삭제],반석역 스타벅스 옆 공영주차장 안내 표지판 분리되어 떨어질 것 같다고 신고.,해당부서이첩함.,주차관리과,,complaints_2025.xlsx,주차관리과
2025,2192,2025-04-26,,유성경찰서,궁동 ***-* 화재발생 / 장현근린공원내 수목 그을림 발생. 담당자 확인 요청,담당부서 이첩,공원과,,complaints_2025.xlsx,공원과
2025,2193,2025-04-26,,유성경찰서,"궁동 ***-* 화재발생 / 화재진압 완료 후 잔여물 처리 요청
",당당부서 이첩,청소행정과,,complaints_2025.xlsx,청소행정과
2025,2194,2025-04-26,,[삭제],장대동 유성농협 뒤편 불법주정차 단속 요청,단속반에 단속 요청 후 해당부서이첩함.,주차관리과,,complaints_2025.xlsx,주차관리과
2025,2195,2025-04-26,,[삭제],"전민동 엑스포코아 후문에서 전민중 사이 주차단속요청. 
가변 주차봉 설치 요청 민원 수시 제기했으나 처리가 안된다고 민원제기 ",단속반에 단속 요청 후 해당부서이첩함.,주차관리과,,complaints_2025.xlsx,주차관리과
2025,2196,2025-04-26,,미상,원신흥동 ***-* 중식당(어느날) 앞 ~  풋살장 도로 불법주정차 단속 요청,주말 단속반 민원 전달,주차관리과,,complaints_2025.xlsx,주차관리과
2025,2197,2025-04-26,,미상,"자운대 당직실에서 연락옴. 
추목동***-*(자운대) 방면 길목 차량이 나무 부딪혀서 나무가 인도쪽으로 기울어져 있음. 
","운전직 당직자분과 현장 방문하여 출입금지라인 설치 후 담당부서 이첩
신고 당일 자운대 당직자 (김성곤 대위 010-****-****) / 사고 가해자 보험사 연락처 (KB손해보험 박용민 010-****-****)",녹지산림과,,complaints_2025.xlsx,녹지산림과
2025,2198,2025-04-26,,미상,봉명동 베르디움 ~ 하나로 마트 사이 불법 주정차 단속 요청,주말 단속반 민원 전달,주차관리과,,complaints_2025.xlsx,주차관리과
2025,2199,2025-04-26,,[삭제],"봉명동 온천로 ** 건물 1층 주차장에 판넬 설치하여 무허가점포를 운영하고 있다. 
건축주가 허가했더라도 무허가점포아니냐고 신고전화하심 ", 해당부서이첩함.,건축과,,complaints_2025.xlsx,건축과
2025,2200,2025-04-26,,[삭제],"용산동 호반써밋 1-*단지 사이 상가 끝쪽 도로공사쪽
안전신문고로 계속해서 접수되는데 어쩔 수 없는 상황인데 왜 계속 신문고 접수를 받아주냐고 항의함. ",해당부서이첩함.,주차관리과,,complaints_2025.xlsx,주차관리과
2025,2201,2025-04-26,,[삭제],"유성온천역 앞 노점상 단속하는 *** 직원분이 딸기 판매하는 노점상 여성 어른분에게 불쾌한 태도로(뒷짐지고) 5분가량 호통을 쳤다고 함. 
직원 단속 철저하게 해달라고 지나는 시민분이 민원제기하심. ",해당부서이첩함.,건설과,,complaints_2025.xlsx,건설과
2025,2202,2025-04-26,,미상,"위생업 허가증을 받고 싶은데, 교육 수료를 2024.12.31.에 수료함. 유효기간이 1년으로 알고 있는데 이게 맞는지 정확히 알고 싶으시다고 함.
월요일에 허가증을 받으러 가야돼서 월요일 오전 중에 연락 달라고 함.",담당부서 이첩,위생과,,complaints_2025.xlsx,위생과
2025,2204,2025-04-26,,시청 당직실,"(원계산로 ***) 맞은편 불법소각 의심, 재발방지 부탁드린다고 연락왔다고 함",담당부서접수,청소행정과,,complaints_2025.xlsx,청소행정과
2025,2205,2025-04-26,,진잠파출소,고라니 사체,펫 레스큐 전달,청소행정과,,complaints_2025.xlsx,청소행정과
2025,2206,2025-04-25,,미상,"운동중 보도블럭이 튀어나와있어 넘어졌다고 함. 부상이 있어 영조물배상 등 안내 요망
- 사고발생위치: 용계동 ***-*",담당부서 접수,건설과,,complaints_2025.xlsx,건설과
2025,2208,2025-04-25,,익명,"흥도초등학교 후문에서 이어지는 공원 입구쪽,
계단 아래 좌측에 사각 대리석이 튀어나와있어 어린이 통행 시 위험하니
시멘트 등으로 조치 요망",담당부서 이첩,건설과,,complaints_2025.xlsx,건설과
2025,2209,2025-04-25,,익명,구 리베라호텔 맞은편 스타벅스유성점 우회전방향 불법주정차 단속 요청,해당부서 이첩,주차관리과,,complaints_2025.xlsx,주차관리과
2025,2212,2025-04-24,,구즉파출소,"봉산동 *** 여성운전자 중앙분리대 파손.
구상권 청구관련 구즉파출소에서 운전자 인적사항 알려줌
○ 전화번호 : 010-****-****
○ 차량번호 : **부****",담당부서 이첩,건설과,,complaints_2025.xlsx,건설과
2025,2213,2025-04-24,,익명,"4/24(목) 초본 발급하러 방문했다가 무선이어폰(연보라색 버즈)를 분실하여
보관된 물건 있는지 확인 요망",민원인 방문부서 내용 전달(민원여권과),민원여권과,,complaints_2025.xlsx,민원여권과
2025,2214,2025-04-24,,익명,"○ 3년만에 전화함. 교촌동 *** 앞 대량집하장소로 사용되고 있는듯함 지금도 100자루가 넘게 쌓여있음.
특히 ****아파트 ***동 앞 *~*라인 소음이 심함.
밤에 수거하는 수차 소리부터 새벽 4~5시에 소리가 소음이 심해 대량집하장소를 변경요청하고(민원인 말로는 바로 옆 쪽에 놓으면 된다고 함) 검토하여 신속히 내일중으로 전화 회신요청함.
○ 당직폰으로 사진 6장 보냄(대량집하장소로 보이는 사진임)",대전지방자치단체 환경조합 유성구 담당자 전달하여 회신요청함.,청소행정과,,complaints_2025.xlsx,청소행정과
2025,2215,2025-04-24,,익명,화암네거리에서 전민동 가는 방향 도로 *차선에 고라니 사체 수거요청,펫레스큐 전달,청소행정과,,complaints_2025.xlsx,청소행정과
2025,2216,2025-04-24,,[삭제],"*민원내용: 봉명동 kfc(kfc 유성온천)에서 늦은시간 공사소음이 커서 불편함을 겪고 있으니 단속바람
*소음원인: 매장 내 배기관에 문제가 생겨 급하게 공사진행하였다 함 / 오후 8시 반부터 시작하여 10시 가까이 되도록 소음이 발생하는 상황
(당직자가 1차적으로 kfc매장에 전화하여 주의조치하였으나, 소관부서에서도 매장에 한번 더 연락하여 조치하고 민원인 본인에게 전화해주기를 원함)","kfc매장과 통화하여 소음원인 확인 후 조치 요청
담당부서 이첩",푸른환경과,,complaints_2025.xlsx,푸른환경과
2025,2217,2025-04-24,,익명,화암동 **-* 도로 앞 고라니사체 수거요청,펫레스규 전달,청소행정과,,complaints_2025.xlsx,청소행정과
2025,2218,2025-04-24,,익명,"아래 2가지 '국공립 영리더 어린이집(원내동 **-*)' 관리담당자는 확인하여 처리여부를 내일(25일)까지 민원인에게 전화회신 요청바랍니다.

1. 늦은시간 어린이집 놀이터 소음에 대한 관리자 부재
○ 아침부터 계속 시끄럽게 떠들더니 저녁 8시가 되어도 놀이터에서 아이들이 시끄럽게 놀음
○ 민원인이 뭐라고 하였더니 놀이터에 있던 학부모가 그냥놀아라고 했다고 함. (선생님은 제지를 안하고 어디갔나 없음)

2. CCTV가 집쪽을 향하고 있음
○ 본인은 투석도 하며, 전신화상을 입어서 집에서는 편하게 쉬면서 벗고있어야 하는데 CCTV를 본인집쪽으로
향하게 하고있어 본인 옷 벗은거 등 다 보인다고 함. ",담당부서 이첩,아동복지과,,complaints_2025.xlsx,아동복지과
2025,2219,2025-04-24,,익명,주민등록증 발급 여부 확인하고싶다고 하심.,소관부서 이첩,노은3동,,complaints_2025.xlsx,노은3동
2025,2220,2025-04-24,,익명,"유성구 주차관리과에서 등기우편을 받았는데 내용이 궁금하다고 하심.
내일(25)일 오전에 바로 연락달라고 하셨습니다.",담당부서 이첩,주차관리과,,complaints_2025.xlsx,주차관리과
2025,2221,2025-04-24,,익명,어제(23일) 상대초 앞 2차선쪽 PP마대에 담겨있는 유리파편들이 약간떨어져있어 수거요청하였으나 오늘도 확인하니 아직 처리가 안됨. 유리파편 수거 요청,담당자 전달(상대동 대행용역업체 담당자),청소행정과,,complaints_2025.xlsx,청소행정과
2025,2222,2025-04-24,,미상,고양이 사체 처리,해당부서 이첩 ,청소행정과,,complaints_2025.xlsx,청소행정과
2025,2223,2025-04-24,,미상,유성선병원 입구에 고라니가 부상입음,해당부서 이첩,푸른환경과,,complaints_2025.xlsx,푸른환경과
2025,2224,2025-04-23,,미상,용신교 밑 가로등 불이 꺼짐,해당부서 이첩,건설과,,complaints_2025.xlsx,건설과
2025,2225,2025-04-23,,미상,"학하동 별빛공원 인근에 포장마차 소음 발생하며 영업 중
단속 요청",해당부서 이첩,공원과,,complaints_2025.xlsx,공원과
2025,2226,2025-04-23,,미상,"카이스트 정문 앞 불법옥외광고물(현수막) 철거요청
특정 현수막을 철거 요청하는 것 같아 보입니다. 전화 꼭좀 해달라고하십니다",담당부서 이첩,건축과,,complaints_2025.xlsx,건축과
2025,2227,2025-04-22,,미상,교통단속 카메라 관련하여 궁금하심. 유선으로 상담 원함,담당부서 이첩,교통정책과,,complaints_2025.xlsx,교통정책과
2025,2228,2025-04-22,,미상,"동서대로 ***번길 ** , 해피리빙텔 ***호 / 옆집(***호) 에어컨 소리 때문에 며칠째 주위 사람들이 잠을 못잔다고... 하십니다 해당 건물 관리인에게 연락드려보라고 했는데 없다고 하십니다..",담당부서 이첩,푸른환경과,,complaints_2025.xlsx,푸른환경과
2025,2229,2025-04-22,,미상,마을버스1번/ 한국표준과학연구원 무정차하고 지나갔다고 하십니다.. 저녁 7시 20분경,담당부서 이첩,교통정책과,,complaints_2025.xlsx,교통정책과
2025,2230,2025-04-22,,미상,"전민동 세종아파트 정문 앞 버스정류장 (***동 앞)에 공유바이크(타슈아니라고합니다)  10대 넘게 대 있음 통행불편하다고 하심.
시청에 전화했더니 구청으로 전화하라고했다고 합니다..",관련부서이첩,교통정책과,,complaints_2025.xlsx,교통정책과
2025,2231,2025-04-22,,미상,"학하초교 공사현장 주변도로 포트홀로 인한 타이어 및 차량파손으로 신체 피해보상 문의,
포트홀 보수 및 예방 조치 요청 (포트홀 안전바 미설치로 인한 피해주장)
2차전화 : 010-****-**** 일행분도 같이 신체피해보상 문의",관련부서 이첩,건설과,,complaints_2025.xlsx,건설과
2025,2232,2025-04-21,,익명,"대전 원촌동 **에서 유생촌사이
고라니 로드킬 사체 처리내용입니다.
(동일반복민원 010-****-****)",관련부서 이첩,청소행정과,,complaints_2025.xlsx,청소행정과
2025,2233,2025-04-21,,미상,"학하동 **번지 옆 도안대로 *차로에 고라니 사체 처리요망
동일민원 신고(010-****-****)",관련부서 이첩,청소행정과,,complaints_2025.xlsx,청소행정과
2025,2234,2025-04-21,,유성지구대,봉명동 작은내수변공원 공중화장실 맨 안쪽 문고리 고장,소관부서 이첩,공원과,,complaints_2025.xlsx,공원과
2025,2235,2025-04-21,,미상,CJ나인파크 밖에 일반 폐기물 수거요청 ,관련부서 이첩,청소행정과,,complaints_2025.xlsx,청소행정과
2025,2236,2025-04-20,,미상,도안대로 ***번길 ** 상가 건물 앞에 번호판이 없는 오토바이가 금요일부터 주차가 되어있는데 조치 요청/ 민원인 전화 회신 요청,관련 부서 이첩,교통정책과,,complaints_2025.xlsx,교통정책과
2025,2237,2025-04-20,,익명,"유성시장 넥스트빌 쪽 불법주정차 단속 요청(상습적이라고 함)
",담당부서 이첩,주차관리과,,complaints_2025.xlsx,주차관리과
2025,2238,2025-04-20,,익명,실험실 폐가전 수거 방법 문의,담당부서 이첩,청소행정과,,complaints_2025.xlsx,청소행정과
2025,2239,2025-04-20,,대전시청 당직실,"대전시 전체적으로 정치, 종교 관련 불법 현수막이 너무 많다고 민원이 들어옴
시 당직실에서 주말은 처리 어렵다고 하니 주말에만 달았다고 떼는 경우도 많다고 주말에도 단속을 철저하게 해줬으면 좋겠다는 민원이 들어왔다고 합니다...(민원인:010-****-****)",담당부서 이첩,건축과,,complaints_2025.xlsx,건축과
2025,2240,2025-04-20,,익명,방동 산 **-** 대전에서 논산방향(방동대교 지나서) 고라니 사체 처리 요청,담당부서 이첩 및 펫레스큐 전달,청소행정과,,complaints_2025.xlsx,청소행정과
2025,2241,2025-04-20,,익명,도룡동 ***-** 고양이 사체 처리요청,담당부서 이첩 및 펫레스큐 전달,청소행정과,,complaints_2025.xlsx,청소행정과
2025,2242,2025-04-20,,익명,원신흥동 ***-*(감동재가복지센터) 앞에 유기된 고양이 구조요청,담당부서 이첩 및 유기동물 구조(김명덕) 전달,지역산업과,,complaints_2025.xlsx,지역산업과
2025,2243,2025-04-19,,익명,영무예다음 앞(노은동 산 **-***과 맞은편) 고라니(2마리) 사체 처리요청,담당부서 이첩 및 펫레스큐 전달,청소행정과,,complaints_2025.xlsx,청소행정과
2025,2244,2025-04-19,,익명,대학로 ***번길 * 인근 가로등 조명이 소등되어 있음,담당부서 이첩,건설과,,complaints_2025.xlsx,건설과
2025,2245,2025-04-19,,익명,원신흥동(원신흥동 ***) 신흥들삼거리 도로에 철판이 5cm정도 내려가있어 차량 통행 시 큰 불편 민원,담당부서 이첩,건설과,,complaints_2025.xlsx,건설과
2025,2246,2025-04-19,,익명,도로상 개 사체 처리요청,펫레스큐 관련사항 전달,청소행정과,,complaints_2025.xlsx,청소행정과
2025,2247,2025-04-19,,익명,교촌삼거리에서 교촌제이파크아파트로 우회전 하는 길목(교촌동 ***)에 주말마다 덤프트럭이 불법주정차하여 우회전 차량 사고 위험 있으니 단속 바람,담당부서 이첩,주차관리과,,complaints_2025.xlsx,주차관리과
2025,2248,2025-04-19,,익명,"월드컵대로***번길원신흥들육교, 엘리베이터 고장으로 소음 발생 ",담당부서 이첩,건설과,,complaints_2025.xlsx,건설과
2025,2249,2025-04-19,,익명,"<게시일자 만료된 현수막 철거 요청>
충남대오거리, 구청사거리 일대에 특정 정당 현수막 게시일자 도래를 사유로 철거 요청",담당부서 이첩,건축과,,complaints_2025.xlsx,건축과
2025,2250,2025-04-19,,익명,"<먼지민원>
위치 : 관평동 롯데마트 대덕점 맞은 편 (예미지 오피스텔 공사 현장)
내용 : 흙먼지 ",담당부서 이첩,푸른환경과,,complaints_2025.xlsx,푸른환경과
2025,2251,2025-04-19,,익명,"<청소민원>
- 위치 : 노은동로**번길 **
- 내용 : 한 곳에 모아둔 쓰레기들이 바람에 흩날리는 중이라고 함",담당부서 이첩,청소행정과,,complaints_2025.xlsx,청소행정과
2025,2253,2025-04-19,,익명,"<소음민원> 
위치 : 유성구 계룡로 **번길 **-*
원인 : 해당 건물 옥상 환풍기 ",담당부서 이첩,푸른환경과,,complaints_2025.xlsx,푸른환경과
2025,2254,2025-04-19,,[삭제],"용계동 ***-* 보명레지던스 앞 도로와 주차장 사이에 박스 모여져있는곳에
박스에 유기된 고양이 구조 요청",유기동물 구조담당자 전달,지역산업과,,complaints_2025.xlsx,지역산업과
2025,2255,2025-04-19,,유성경찰서 복용파출소,"구암동 ***-* 우진주유소 앞 도로 새벽에 대형 화물차가 연속으로 돌아다니면
텅텅 소리가 심하게 나서 포트홀 의심된다고 전화주심
복용파출소에서 현장 나가보신 결과 외관으로 보이는건 없으나 확인 요청 주셨음. 동영상 찍어 놓은신거 있어서 민원인 번호로 꼭 좀 연락달라고 하심(25.4.21. 2차 연락옴)",담당부서 이첩,건설과,,complaints_2025.xlsx,건설과
2025,2256,2025-04-18,,[삭제],"목줄 풀린 큰 개(유기견) 신고
덕명동로 **번길 ** 바로 뒤 산책길",유기동물 구조 담당자 전달,지역산업과,,complaints_2025.xlsx,지역산업과
2025,2257,2025-04-18,,[삭제],대정동에서 오토월드 방향 중간지점(속도제한 지나서) 고라니를 차로 쳤음,"펫레스큐 민원 전달
",청소행정과,,complaints_2025.xlsx,청소행정과
2025,2259,2025-04-18,,미상,고양이 사체 처리 요청,펫레스큐 전달,청소행정과,,complaints_2025.xlsx,청소행정과
2025,2260,2025-04-18,,[삭제],"카이스트 정문 앞 현수막은 신고 후 게시한 것인지 궁금하며, 그렇지 않다면 철거해달라",해당부서(건축과)  이첩,건축과,,complaints_2025.xlsx,건축과
2025,2261,2025-04-18,,[삭제],관평동 *단지 파밀리에 아파트 악취 민원(타는 냄새),담당부서 이첩,푸른환경과,,complaints_2025.xlsx,푸른환경과
2025,2263,2025-04-18,,[삭제],부상 고라니 조치요청,펫레스큐 전달,푸른환경과,,complaints_2025.xlsx,푸른환경과
2025,2264,2025-04-18,,미상,용계동 ***-* 대양빌라 *동앞 고양이사체 수거요청,담당부서 이첩,청소행정과,,complaints_2025.xlsx,청소행정과
2025,2265,2025-04-18,,미상,반석동 ***-* 주택 올라가는길에 방범용 cctv 앞 쓰레기더미가 너무 너저분함 / 수거시간 지나서 쓰레기를 버려서 새떼가 풀어헤침. 조사후 벌금부과 가능한지 회신요청,담당부서 이첩,청소행정과,,complaints_2025.xlsx,청소행정과
2025,2266,2025-04-17,,미상,월드컵경기장 보도육교 2호기(농수산쪽) 엘레베이터 작동을 안함. ,담당부서 이첩,건설과,,complaints_2025.xlsx,건설과
2025,2267,2025-04-17,,미상,"궁동 하나로마트쪽 길거리에서 음식점들이 앞에 자판대 깔아놓고 장사하고 있는데 불법인지 아닌지, 허가받은건지 아닌지 회신요청 / 불법이라면 단속을 요함.",담당부서 이첩,위생과,,complaints_2025.xlsx,위생과
2025,2268,2025-04-17,,미상,"하수구에 무단으로 기름찌거기를 버리고 있는 것으로 추정됩니다.
위반사항에 대하여 불이익(과태료 등)을 안내 받고 싶습니다.",담당부서 이첩,푸른환경과,,complaints_2025.xlsx,푸른환경과
2025,2269,2025-04-17,,미상,송강그린아파트 뒤쪽 산책로에 강아지똥이 너무 많음. 현수막 등 게시 가능여부.,담당부서 이첩,지역산업과,,complaints_2025.xlsx,지역산업과
2025,2270,2025-04-17,,미상,"분리수거 실수
(장소) (대전 유성구 상대동로 **번길 **) 
(내용) 크린넷통 2개(일반쓰레기, 음식물쓰레기)가 있는데 실수로 음식물쓰레기를 일반쓰레기 수거통에 버렸음, 과태료 등 불이익 및 구제방법에 대해서 알려주시기 바랍니다. ","처리부서 지정 및 문자메시지 안내
문자메세지 내용: 민원인에게 부서(청소행정과 청소행정팀)와 행정전화번호(042-****-****) 문자메세지로 안내 
익일(2025.4.18.) 오전 문의 안내 ",청소행정과,,complaints_2025.xlsx,청소행정과
2025,2271,2025-04-17,,미상,"학하초등학교에서 계산동으로 가는 2차선 샛길(LPG진입로), 도로를 굴착해놓고 원상복구가 제대로 되지 않아 운전이 매우 힘듦.
신속한 원상복구 원함(연락은 안해도 된다고 하심)",담당부서 이첩,건설과,,complaints_2025.xlsx,건설과
2025,2272,2025-04-16,,미상,전민동 ***-**번지 앞 횡단보도에 상습적으로 주차하는 차량이 있음. 현재도 횡단보도와 인도에 주차되어 있어 통행이 매우 어려운 상황. 민원인이 안전신문고를 통해 신고를 여러번 했지만 과태료를 내면서도 지속적으로 불법주정차를 하기에 차주 확인 후 계도을 하던 다른 방법을 통해서 조치해주시길 원함(**저**** / 은색 그랜저),담당부서 이첩,주차관리과,,complaints_2025.xlsx,주차관리과
2025,2273,2025-04-16,,신원미상,"오후 7시경 마을버스 1번 (한국기계연구원) 탑승, 난폭운전으로 인해 버스내에서 넘어짐.
버스기사에게 주의요청(대체적으로 마을버스 1번 기사분들이 난폭운전하신다고 함)
민원인에게 연락은 안주셔도 된다고 합니다.",담당부서 이첩,교통정책과,,complaints_2025.xlsx,교통정책과
2025,2274,2025-04-16,,[삭제],"실직 수당을 받고 있는데 취직이 되어 다음달 수당은 안받아도 된다고 하심
(이번달 수당은 받아야 한다고 함)",담당부서 이첩,생활보장과,,complaints_2025.xlsx,생활보장과
2025,2275,2025-04-15,,신성지구대,어은동 치안센터 앞 전봇대에 부착된 도로명주소 표지판 체결 탈락으로 인하여 조치 요청(강풍시 떨어져서 피해 우려),해당부서 이첩,토지정보과,,complaints_2025.xlsx,토지정보과
2025,2276,2025-04-15,,119 상황실,"봉산동 ***-*번지 화재발생 후 부산물 처리 조치 요청
",담당부서 이첩,청소행정과,,complaints_2025.xlsx,청소행정과
2025,2277,2025-04-15,,익명,고라니 사체 / 천변고속도화도로 관평에서 둔산 넘어 가는 길 S-oil 못 미쳐서 오른쪽 끝(시 당직실 전화) ,해당부서 이관,청소행정과,,complaints_2025.xlsx,청소행정과
2025,2278,2025-04-15,,노은지구대,"노은지구대 *** 경위 / 송림마을 *단지 ***동~***동 사이 교통사고 차량이 인도 옆 화단 훼손, 회복필요",해당부서 접수,녹지산림과,,complaints_2025.xlsx,녹지산림과
2025,2279,2025-04-14,,익명,로드킬 // 유성구 한미르대덕cc실외골프연습장 정문에서 전민동 방향으로 ***m정도 더 가면 있음 // 3차선 도로 // 종 추정 불가,해당부서 이첩,청소행정과,,complaints_2025.xlsx,청소행정과
2025,2280,2025-04-13,,미상,"유기동물 분실 // 와이마리너(여, 회색 및 브라운, 단모종) // 신고 들어오면 연락달라고 함",해당부서 이첩,지역산업과,,complaints_2025.xlsx,지역산업과
2025,2281,2025-04-13,,익명,"고양이 사체 처리 요청 , 유성구 계룡로 **(롯데리아 건물 주차장)",펫레스큐 전달,청소행정과,,complaints_2025.xlsx,청소행정과
2025,2282,2025-04-13,,미상,"고양이 사체 처리 요망(봉산동 ***-*, 2차선 도로)",펫레스큐 전달,청소행정과,,complaints_2025.xlsx,청소행정과
2025,2283,2025-04-13,,익명,둔곡동 서한이다음*단지 아파트내에 유기견으로 보이는 개(허스키)가 목줄없이 장시간 동안 아파트 단지 내를 돌아다님,유기동물 구조 담당자에게 문자 발송,지역산업과,,complaints_2025.xlsx,지역산업과
2025,2285,2025-04-13,,익명,용계동 ***-*번지 비어있는 공사현장에 장애물같은 것이 바람에 날려 차량이동에 어려움이 있음   조치 요망,담당부서 이첩,건축과,,complaints_2025.xlsx,건축과
2025,2286,2025-04-13,,익명,유성지구대 앞 중앙쪽에 불법현수막 조치 바람.,담당부서 이첩,건축과,,complaints_2025.xlsx,건축과
2025,2287,2025-04-13,,유성경찰서,장대동 ***-**,중앙분리대 쓰러짐으로 잔해를 (리바트앞) 옮겨 놓은 상태. 수거 혹은 수리 바람.,건설과,,complaints_2025.xlsx,건설과
2025,2288,2025-04-13,,미상,"봉명동 ***-*번지 1층 상가에서 일요일아침부터 인테리어공사로 민원전화하심(관리사무소로 연락하라고 했으나 주말이라 전화를 받지않음)
공사소음은 별도제한이 없음을 안내하고 인테리어 공사로 인한 인도에 적치된 자재(도로점용)에 대하여 주의나 계도해주시길 원함",담당부서 이첩,건설과,,complaints_2025.xlsx,건설과
2025,2289,2025-04-12,,[삭제],"(신성동 ***-*)에 유기견 2마리 (진돗개 추정. 하얀색, 검정색 각 1마리). 며칠되었음. 구조요청
",유기동물 구조 담당자에게 전달,지역산업과,,complaints_2025.xlsx,지역산업과
2025,2290,2025-04-12,,[삭제], (봉명동 ***-** ) 인도 경계석 파손됨,관련부서 이첩,건설과,,complaints_2025.xlsx,건설과
2025,2291,2025-04-12,,[삭제],구암다가온행복주택아파트 주변 전체와 보건소에서 봉오동순대국밥 쪽으로 불법주정차가 심하여 주기적인 단속을 요하심. (특히 카메라가 비추지 않는 사각지대 쪽),단속반에 단속 요청 후 해당부서이첩함.,주차관리과,,complaints_2025.xlsx,주차관리과
2025,2292,2025-04-12,,익명,체육고등학교 뒷편 하이에나 추정 야생동물 포획 요청,"119상황실 등 신고전달

 + 14:46 ) 경찰, 소방 및 펫레스규 현장출장 결과, 해당 동물 발견하지 못 하였으며 오인 신고로 추정하고 해산조치하였음",푸른환경과,,complaints_2025.xlsx,푸른환경과
2025,2293,2025-04-12,,미상,선병원 후문 늘사랑교회 인근 주정차단속,주말단속반 전달,주차관리과,,complaints_2025.xlsx,주차관리과
2025,2294,2025-04-12,,[삭제],지족동***-* 주차장입구에 지속적인 주차로 통행에 방해를 하는 차량에 대한 처분이 어떻게 되는지 문의하심. ,담당부서 이첩,주차관리과,,complaints_2025.xlsx,주차관리과
2025,2296,2025-04-12,,유성소방서,금호석유화학 앞  인도에 고라니 사체 이동해둠,펫레스규 인계,청소행정과,,complaints_2025.xlsx,청소행정과
2025,2297,2025-04-12,,[삭제],유기동물(개) 보호 중. 동물보호센터로 인계희망함. (11시정도에 방문해주길 바람),유기동물 구조 담당(김명덕)에게 문자메시지 발송 /  관련부서 이첩,지역산업과,,complaints_2025.xlsx,지역산업과
2025,2298,2025-04-12,,익명,하기중학교 정류장 토사물 처리 청소요청 민원,당담부서이첩,청소행정과,,complaints_2025.xlsx,청소행정과
2025,2299,2025-04-12,,익명,죽동*** 공사 소음 민원//규정상 금지규정없다고 설명드렸으나 민원등록해달라고 함.,당담부서이첩,푸른환경과,,complaints_2025.xlsx,푸른환경과
2025,2300,2025-04-12,,미상,"애완견 분실,  2025.4.11.(금) 지족동 롯데마트 앞 로드킬 접수 확인 요청 (본인 애완견인지 확인 요청)",관련 부서 이관,청소행정과,,complaints_2025.xlsx,청소행정과
2025,2301,2025-04-11,,유성경찰서,용계동 **  공사현장 크레인이 너무 높게 설치되어 강풍에 넘어질 우려있다는 민원발생.,당담부서 이첩,공동주택과,,complaints_2025.xlsx,공동주택과
2025,2302,2025-04-11,,익명,어은로 **번길 **  쓰레기 투기 및 폐기물 처리 요청/단속 발신번호없음으로 민원인 전화옴.,당담부서이첩,청소행정과,,complaints_2025.xlsx,청소행정과
2025,2303,2025-04-11,,익명,교촌초 앞 가로등 정비요청,담당부서 이첩,건설과,,complaints_2025.xlsx,건설과
2025,2304,2025-04-11,,미상,"※위치 : 학하동**-*, 새터삼거리에서 학하동 가는 방향(도안*-*지구sa*블록아파트 현장 가기 전 초입) 오른쪽 샛길
1. 공사현장 차량 주정차로 큰 차량 통행이 어려워 공사현장에 주의 요청
2. 도로가 움푹 파여있어 차량 휠 파손 및 사고 위험으로 정비 요청",전반적인 처리가 요구되므로 공동주택 인허가 담당부서 이첩,공동주택과,,complaints_2025.xlsx,공동주택과
2025,2305,2025-04-10,,익명,"유성구 계룡로 ***번길 ** 봉명초등학교 앞 녹색어머니회 어머니 2분이 아이들 등하교 도우미 하시면서 빨리 뛰어오라고 재촉하는 등
안전하지 못하게 부적절한 안내로 인한 민원 요청, 적절한 안내하도록 교육 요망",담당부서 이첩,교통정책과,,complaints_2025.xlsx,교통정책과
2025,2306,2025-04-10,,익명,구 유성관광호텔과 구 리베라호텔 사이 사거리 쪽 도로 불법점거한 주정차 단속요망,담당부서 이첩. ,주차관리과,,complaints_2025.xlsx,주차관리과
2025,2307,2025-04-10,,익명,유성대로 ****번길 ** 편의점 앞 횡단보도 위 불법점거 주정차 단속 요청(인명사고 우려),담당부서 이첩/ 4.11(금)현장 방문하여 확인 조치 요망,주차관리과,,complaints_2025.xlsx,주차관리과
2025,2308,2025-04-10,,익명,강아지사체 처리요청 / 위치: 노은지하터널 선병원방향 나오는 쪽(지족동 ***-*),관할부서 이첩,청소행정과,,complaints_2025.xlsx,청소행정과
2025,2309,2025-04-10,,익명,에코시티빌 집 앞에 지속적으로 불법투기된 음식물 쓰레기 처리요망,담당부서 이첩 ,청소행정과,,complaints_2025.xlsx,청소행정과
2025,2310,2025-04-10,,익명,저소득자 주택관련 대출관련 복지문의(lh 주택임대 관련),담당부서 이첩,생활보장과,,complaints_2025.xlsx,생활보장과
2025,2311,2025-04-10,,익명,"강아지 사체 처리요청/ 사체발견위치: 유성구 세동 산 **-* 도로 갓길
",담당부서이첩,청소행정과,,complaints_2025.xlsx,청소행정과
2025,2312,2025-04-09,,익명,"노은동로 ** 큰대로 안쪽 쓰레기 무단투기 단속 요청
 ",담당부서 이첩,청소행정과,,complaints_2025.xlsx,청소행정과
2025,2313,2025-04-09,,익명,카이스트 앞쪽 벚꽃길 19시에도 가로등이 꺼져 있음. 가로등 소등시간 요청,담당부서 이첩,건설과,,complaints_2025.xlsx,건설과
2025,2315,2025-04-08,,익명,"도룡동 대덕고등학교에서 문지동 방향으로 가는 곳 터널 근처의 카이스트교수아파트 문 옆에 상습적으로 불법주정차를 하는 차량이 있어서 단속 요청함.
늘 가운데 황색선에 주차를 해둬서 통행에 방해가 많이 된다고 함. 해당 장소에 주차를 못하게끔 조치 요청. / 차량번호: **두****",담당부서 이첩,주차관리과,,complaints_2025.xlsx,주차관리과
2025,2316,2025-04-08,,익명,유성IC 만남의광장 쪽 렉카 3대 주차되어있으므로 조치 요구,담당부처 이첩,주차관리과,,complaints_2025.xlsx,주차관리과
2025,2317,2025-04-08,,익명,"유성구 계산동 ***번지에 화물차가 불법 주차를 해놔 통행에 불편함이 많다고 함.  단속 요청함.
차량번호: 대전**바****",담당부서 이첩,교통정책과,,complaints_2025.xlsx,교통정책과
2025,2318,2025-04-08,,[삭제],"반석동 ***-*번지 앞 도로에 입산통제 플랜카드 설치 요망
(산불발생방지 및 공사, 낭떠러지에 따른 안전문제)",담당부서 이첩,녹지산림과,,complaints_2025.xlsx,녹지산림과
2025,2319,2025-04-08,,익명,"원신흥네거리, 신흥들에거 계룡네거리로 가는방향에 버스정류장이 하나 있는데
출근길 버스전용차로를 이용하는 일반 차량이 많아 단속 및 단속카메라설치요청",담당부서이첩,교통정책과,,complaints_2025.xlsx,교통정책과
2025,2320,2025-04-08,,시청당직실,유성중학교 정문앞 고양이 사체 수거요청,관할부서이첩,청소행정과,,complaints_2025.xlsx,청소행정과
2025,2321,2025-04-07,,유성경찰서,봉명동 ***-* 철거 현장 펜스가 바람에 휘어있는 상황으로 조치 필요(철거업체 : *****),"유성경찰서 - 경감 장근식 외 8명, 차량3대
유성소방서 - 장호성 외 6명, 구조대 차량 1대(미니버스), 
협조하여 소방측에서 로프로 임시조치 취해놓았으며 해당 도로 통제해두었음.(4월7일 23시경)
해당 철거현장 관리업체인 은하수산업 연락하여 익일 조치 취하도록 하였음.(서울에 있는 업체로 4월8일 오후경 방문 예정이라고 함.)
-은하수 산업 담당자 강지원 010-****-****",재난안전과,,complaints_2025.xlsx,재난안전과
2025,2322,2025-04-07,,익명,"학하동 온마음병원(시립병원) 1차선 도로에 불법주차로 인한 통행 불편민원
-제네시스 차량이 30분 이상 주차되어 있음",담당부서 이첩,주차관리과,,complaints_2025.xlsx,주차관리과
2025,2323,2025-04-07,,119상황실,전민동 ***-* 아리고개 식당 부근 / 동해회관 간판 아래 고라니 사체,담당부서 이첩,청소행정과,,complaints_2025.xlsx,청소행정과
2025,2324,2025-04-06,,유성경찰서,옥녀봉네거리 지하차도 교통사고 잔해물 처리요청,시청소관 도로확인 후 시청당직실 이첩,청소행정과,,complaints_2025.xlsx,청소행정과
2025,2325,2025-04-06,,익명,"-카이스트 정문 불법주차단속 재요청했으나 처리되지 않음으로 인한 민원
 (24년에도 한번 민원 넣은 적 있었으나 해결되지 않았다고 함)
-생활환경국장님,주차관리과장님,주차행정팀장님 모두 9시~10시 사이에 전화주기를 원하셨음 
-경찰배치를 공문 등을 보내서 요청했는지 확인해달라고 하셨음 
-운영지원과 당직민원 담당자 성함이랑 연락처도 요청하셔서 알려드렸음 ",담당부서 이첩,교통정책과,,complaints_2025.xlsx,교통정책과
2025,2326,2025-04-06,,익명,카이스트 정문 불법주차 단속 요청,담당부서 이첩,주차관리과,,complaints_2025.xlsx,주차관리과
2025,2327,2025-04-05,,미상,"4월 4일 18시 30분경에 유림공원 카페테리아에 가방 분실.
cctv 요청(민원인 회신 요청)",담당부서 이첩,공원과,,complaints_2025.xlsx,공원과
2025,2328,2025-04-05,,익명,"루체스타리치먼드시티오피스텔 거주자로  유성하늘채하이에르오피스텔 건설현장 주말 오전소음으로 생활 불편민원 제기

80데시벨이상이며, 민원인은 가급적 공사를 하더라도 주말 오전 10시까지 소음이 안났으면 하는 바람.
처리결과에 대하여 연락을 요망함.(앞전에도 당직실로 민원을 제기했다고함.)",부서로 이첩,푸른환경과,,complaints_2025.xlsx,푸른환경과
2025,2329,2025-04-04,,미상,계룡로**번길 ** 주정차 단속 요청,담당부서 이첩,주차관리과,,complaints_2025.xlsx,주차관리과
2025,2330,2025-04-04,,미정,대전 봉명초등학교와 도안*단지 센트럴 시티 사이 도로(도안*단지 버스정류장 근처)가 파여있어서 확인 요청,담당부서 이첩,건설과,,complaints_2025.xlsx,건설과
2025,2331,2025-04-04,,미상,유성구청 사거리 어은교 방향 선거 끝났는데 현수막 붙어있다고 철거 요청,담당부서 이첩,건축과,,complaints_2025.xlsx,건축과
2025,2332,2025-04-04,,노은지구대 경위,"대전광역시 노은서로 ***번길 ** 피자헛 앞 음주 교통사고로 인해 콘크리트(볼라드로 추정) 파손되었다고 함.

자세한 사고 내용은 유성경찰서 사고조사계로 전화하시기 바랍니다.",담당부서 이첩,건설과,,complaints_2025.xlsx,건설과
2025,2333,2025-04-03,,미상,"초원모텔, 뉴욕노래클럽 입구쪽 노란색 실선에 다른차량이 자꾸 주차 되어있어 불편함 호소. 신문고에 올려봐도 해결되지 않음.
(전화하신 분은 뉴욕노래클럽 종사자 혹은 사장님으로 추정됨) 주차관리과 담당자가 오전 11시 이후에 전화주길 원함.",해당부서 이첩,주차관리과,,complaints_2025.xlsx,주차관리과
2025,2334,2025-04-03,,미상,"봉명동 ***-* 건설현장, 출입문 막고있어 차량 진출입 불가, 차주 전화 안받음, 빠른처리요망",담당부서 이첩,주차관리과,,complaints_2025.xlsx,주차관리과
2025,2336,2025-04-02,,미상,"봉명동 ***-*번지 맞은편 건물(봉명동 ***-*)에 창문과 판자 사이 비둘기 3마리가 갇혀있다고 함. 1마리는 움직임이 없는 것으로 보이고, 구청에서 구조(처리) 가능한지 문의 주심
부상여부는 알 수 없음. 위치 재확인 필요 시 민원인에게 연락해도 된다고 하셨음.  혹시 구청에서 처리 불가하다면 불가 사유 안내 부탁드림.",담당부서 이첩,푸른환경과,,complaints_2025.xlsx,푸른환경과
2025,2337,2025-04-02,,익명,"호산어린이공원 불법주차 화물차(3/19,3/31 접수) 담당자 통화 요망.",담당부서 이첩,주차관리과,,complaints_2025.xlsx,주차관리과
2025,2338,2025-04-01,,미상,"하얀색 포메리안 견주(박민호). 
3.31. 오후에 통화한 담당자 연락 요청함.
본인 가방 확인과 경찰서 신고한 사실에 대한 불쾌함을 전달요청함.",담당부서 이첩,지역산업과,,complaints_2025.xlsx,지역산업과
2025,2339,2025-04-01,,유성경찰서,부상 고라니 조치요청,펫레스규전달,푸른환경과,,complaints_2025.xlsx,푸른환경과
2025,2340,2025-04-01,,유성경찰서,"온천로**, 족욕체험장 여자화장실 불이 안들온다는 민원을 받음. 관련 부서 확인 요청.
(안심벨  070-****-****)",담당부서 이첩,공원과,,complaints_2025.xlsx,공원과
2025,2341,2025-04-01,,익명,"반석동 ***-* 건물 앞 작은도로
차량 사고가 크게 나 도로에 많은 파편이 생겨 처리요청",담당부서 이첩,청소행정과,,complaints_2025.xlsx,청소행정과
2025,2342,2025-04-01,,익명,궁동 ***-* 건물 앞 경관녹지 나무마다 걸린 그물망 및 쓰레기 조치 요청,담당부서 이첩,재난안전과,,complaints_2025.xlsx,재난안전과
2025,2343,2025-03-31,,익명,"즉석판매제조가공업/장대동 **-**
-떡집 찜기에서 증기가 나오는 등 옆 가게에 피해를 주고 있음. 위반사항 없는지 지도점검 바람
*특이사항: 담당자가 꼭 날 밝는대로 전화달라고 하심. 찜기가 밖에 나와있는지 여쭤봐도 대답안하시고 인허가 잘못나갔다고 인허가 내준 직원 나오라고  무지성으로 화내셔서 , 
허가제 아니고 신고제고 찜기 거리 이런 제한 없고 우리는 식품위생법 상 위반사항 있는지만 확인해드릴거고 없으면 민사로 해결하시라고 해도 그냥 담당자 나오래요 
전화 꼭 달라고 하십니다.",담당부서로 이첩,위생과,,complaints_2025.xlsx,위생과
2025,2344,2025-03-31,,미상,화물차가 차고지에 주차하지 않고 주택가 도로에 불법주차함.  단속요망.  열매마을**단지에서 더노은로(카페) 까지 이어지는 도로변. 차량번호 대전**사****. 5톤트럭,담당부서 이첩,교통정책과,,complaints_2025.xlsx,교통정책과
2025,2346,2025-03-31,,익명,호산어린이공원(학하동)에 불법주차 단속요망 ,담당부서로 이첩,주차관리과,,complaints_2025.xlsx,주차관리과
2025,2347,2025-03-31,,[삭제],이사하는 도중 물건을 도난당해서 근처에 있는 무단투기 단속용 CCTV 확인을 요청하심.  위치는 궁동 ***-*번지 코쿤하우스 앞이라고 하십니다.,담당부서 이첩,청소행정과,,complaints_2025.xlsx,청소행정과
2025,2348,2025-03-31,,미상,학하동 힐스테이트도안리버파크 예정부지 비산먼지가 너무 심함,담당부서 이첩,푸른환경과,,complaints_2025.xlsx,푸른환경과
2025,2351,2025-03-30,,미상,덕명동 *****아파트 인근 하천변 가로등 점등 안됨,담당부서 이첩,건설과,,complaints_2025.xlsx,건설과
2025,2352,2025-03-30,,[삭제],궁동 **아파트 3층 복도 강아지가 케이지안에 유기되어 있는것으로 보이며 유기견에대한 구조를 요청,"유기동물 구조업체에 연락(18:50)을하였으나 견주인것으로 추정된다고하여 구조를 거부하여 직접 당직근무자가 구조 후(19:20), 경찰신고(19:53) 및 해당부서(지역산업과)에 익일 이관하여 처리 예정.",지역산업과,,complaints_2025.xlsx,지역산업과
2025,2354,2025-03-30,,익명,"택시표시없이 택시번호판을 달고 운행하는 것으로 보이는 차량이 있음
 - 대전**바**** 또는 대전**바**** 였던 것으로 보임(앞 번호판은 정확히 보지 못했음) / G80차량
 - 허가된 차량인지 확인이 필요해 보임",담당부서 이첩,교통정책과,,complaints_2025.xlsx,교통정책과
2025,2357,2025-03-30,,익명,은구비공원 내 목줄을 착용하지 않은 개들이 많아 위험함. 단속과 함께 목줄착용 안내도 했으면 좋겠음.,담당부서 이첩,지역산업과,,complaints_2025.xlsx,지역산업과
2025,2358,2025-03-30,,익명,도룡동 ****** 상점 주변 불법주정차 차량으로 인해 교통흐름이 방해됨,담당부서 이첩,주차관리과,,complaints_2025.xlsx,주차관리과
2025,2359,2025-03-30,,익명,아파트 주변으로 가로수 등에 불법 현수막이 너무 많아서 단속을 강화 해주기 바람,담당부서 이첩,건축과,,complaints_2025.xlsx,건축과
2025,2360,2025-03-30,,익명,"구암동 정림스토어 비보호 4거리를 시작으로 마을버스 5번 다니는 곳에 불법 주정차로 인해 교통이 원활하지 못하며, 안전사고 발생 우려
 - 단속 요청",담당부서 이첩,주차관리과,,complaints_2025.xlsx,주차관리과
2025,2361,2025-03-29,,익명,봉명동 유성대로 ***번길 고양이 사체,펫레스큐 전달,청소행정과,,complaints_2025.xlsx,청소행정과
2025,2362,2025-03-29,,[삭제],"북유성대로***번길 건물에 방치된 자전거 처리 요청
월요일날 연락 달라고 함",담당부서 이첩,청소행정과,,complaints_2025.xlsx,청소행정과
2025,2363,2025-03-29,,익명,관평동 ***번지 사거리 고정형주정차 단속 카메라가 있는데 이삿짐차량이 어쩔 수 없이 주차함 / 황색 단선이고 월요일에 부서와 통화 원하심,담당부서 이첩,주차관리과,,complaints_2025.xlsx,주차관리과
2025,2364,2025-03-29,,[삭제],"""***"" 학생 청소년증을 신청한 지 3주가 넘었는데 연락이 없어 진행상황 문의, 수령방법도 함께 문의하심",담당 동 이첩,구즉동,,complaints_2025.xlsx,구즉동
2025,2365,2025-03-29,,익명,유성구 궁동 ***-*번지 음식점 운영하는 대표자 분께서 음식물쓰레기 처리 방법 문의,담당부서 이첩,청소행정과,,complaints_2025.xlsx,청소행정과
2025,2366,2025-03-29,,미상,"노은중학교에서 은구비역사공원으로 올라가는 길에 큰 대나무가 많은데 3명이서 베고 있다고 함
구청에서 베는건지 불법적으로 개인들이 베는건지 관련부서에서 확인하고 월요일에 연락달라고 함",담당부서 이첩,공원과,,complaints_2025.xlsx,공원과
2025,2367,2025-03-29,,미상,"금일 학하동, 복용동 일대 정전 관련하여 cncity에너지에 정전 사유와 현황 조치여부 파악하려고 전화하였으나 
재난관리 책임기관 연락체계도에 있는 전화번호(042-****-****)는 통화가 불가능하여 변경 필요함",담당부서 이첩,운영지원과,,complaints_2025.xlsx,운영지원과
2025,2368,2025-03-29,,익명,자운로**번길자운대*단지 아파트 가기 전 버스정류소 앞 도로 고라니 사체 ,펫레스큐 처리요청 완료,청소행정과,,complaints_2025.xlsx,청소행정과
2025,2369,2025-03-29,,미상,"장대교, 유성시장, 공영주차장 입구 불법주정차 관련해서 근본적인 대책 담당부서에서 연락 바람(작년에 인명사고도 있었다고 주장)
","담당부서 이첩, 주말 단속반에 단속 요청",주차관리과,,complaints_2025.xlsx,주차관리과
2025,2370,2025-03-29,,[삭제],"의회사무국장님과 통화 원함(숙직자도 연락을 받았고 당직민원으로 등록처리함)
- 유성구청 앞에 *** 국장님 구속하라고 플랜카드 게시되어있는것 관련해서 사유를 직접 본인에게 묻겠다고 함","당직민원 등록하고 담당부서에서 월요일에 연락드리도록 하겠다고 안내함
- 전 당직자들 이름과 연락처 물어보며 가만히 있지 않겠다고 함",의회사무국,,complaints_2025.xlsx,의회사무국
2025,2371,2025-03-29,,[삭제],의회사무국장과 통화원함(언론사 기자),담당부서 이첩,의회사무국,,complaints_2025.xlsx,의회사무국
2025,2372,2025-03-28,,[삭제],행려자 여비 요청,지급(영수증 및 신분증 사본 생활보장과 전달 예정),생활보장과,,complaints_2025.xlsx,생활보장과
2025,2373,2025-03-28,,익명,불법광고물 자동전화 대상으로 사유 및 해지 문의,담당부서 이첩,건축과,,complaints_2025.xlsx,건축과
2025,2374,2025-03-28,,익명,"장대동 공영주차장 전등문제 (반만들어오고 반은 안들어옴)
최근에도 수리수선한것으로 알고있는데 관련해서 시설담당자와 통화원함
",담당부서 이첩,주차관리과,,complaints_2025.xlsx,주차관리과
2025,2375,2025-03-28,,익명,관평동 주민센터 주차장 / 주차하다가 시설물 충격했는데 어떻게 처리해야 하는지,담당 동 이첩,관평동,,complaints_2025.xlsx,관평동
2025,2376,2025-03-28,,익명,장대동 ***-* 건물 앞 버스정류장 연석 바로앞에 쥐 사체 처리요청,처리용역 전달,청소행정과,,complaints_2025.xlsx,청소행정과
2025,2377,2025-03-28,,미상,관평동에 차량번호 **나**** 차가 전기차가 아님에도 전기차충전소 주차구역에 주차하여 조치요청 및 담당자 연락받기원함(안전신문고 알려드렸으나 할줄모른다며 거부),담당부서 이첩,푸른환경과,,complaints_2025.xlsx,푸른환경과
2025,2378,2025-03-28,,익명,"새벽 긴급 불법견인차량 견인 요청 / 상가 1층 주차장 앞에 차량이 주차하여 다른 차들 출입불가한 상황 
봉명동 ***-*","새벽에 불법주정차 단속이 어려우며, 
개인 건물이어서 불법 주정차 단속 및 견인이 어려울 수 있다고 안내했으나 다른 차들이 출입할 수 없다며 견인 요청 
담당부서 전달 ",주차관리과,,complaints_2025.xlsx,주차관리과
2025,2379,2025-03-27,,익명,"상습 불법 주차차량(**부****) 관련 문의하였으나, 실시간 단속이 어려워 관련 부서에 문의하라고 안내함",관련부서 이첩,주차관리과,,complaints_2025.xlsx,주차관리과
2025,2382,2025-03-27,,익명,목원대 위너스 풋살파크 인근 차량이 지나가지도 못할 정도로 불법주차가 많이 되어 있는데 지속적인 단속 부탁드림(19-21시),관련부서 이첩,주차관리과,,complaints_2025.xlsx,주차관리과
2025,2383,2025-03-27,,미상,신성동***-*번지 건물 철거작업 중으로 소음 및 진동 때문에 옆 건물이 흔들린다고 조치해달라고 함,담당부서 이첩,푸른환경과,,complaints_2025.xlsx,푸른환경과
2025,2384,2025-03-27,,미상,유성선병원 후문 불법주정차 단속 요청,담당부서 이첩,주차관리과,,complaints_2025.xlsx,주차관리과
2025,2385,2025-03-27,,미상,가정로 ***(ETRI에서 ETRI융합기술연구생산센터 방향 고라니 사체,담당부서 이첩,청소행정과,,complaints_2025.xlsx,청소행정과
2025,2386,2025-03-27,,미상,"월드컵경기장에서 유선선병원 방향으로 유성선병원 거의 다와서 2, 3차선에 고라니로 추정되는 동물사체 처리 요청",평일 06-09시 해당되어 담당부서 이첩,청소행정과,,complaints_2025.xlsx,청소행정과
2025,2387,2025-03-27,,미상,복용동 현대오일뱅크 주유소(복용동 ***번지)에서 복용네거리 방향으로 ***m 지난 도로에 고라니 사체,펫레스큐 전달,청소행정과,,complaints_2025.xlsx,청소행정과
2025,2388,2025-03-27,,미상,전민동 롯데리아 인근 유기견 구조 요청,유기동물 구조 담당자 김명덕님에게 내용 전달,지역산업과,,complaints_2025.xlsx,지역산업과
2025,2389,2025-03-26,,미상,컨벤션센터*전시장에서 신세계백화점 방향 1차선 고양이 사체,펫레스규 전달,청소행정과,,complaints_2025.xlsx,청소행정과
2025,2390,2025-03-26,,119 상황실,대덕터널(문지동 ***-** 인근) 고라니 사체,펫레스규 전달,청소행정과,,complaints_2025.xlsx,청소행정과
2025,2392,2025-03-25,,[삭제],행려자 상습수령자 귀향여비 현금 1만원 수령,"신분증 확인 후, 귀향여비 현금 1만원 지급
(3.21.동일 내용으로 귀향여비 수령했음을 당직민원 등록된 내용을 통해 확인 / 본인에게도 확인하였으나 그런적없다고 함 / 강력민원 발생 우려되는 상황으로 여비 지급)",생활보장과,,complaints_2025.xlsx,생활보장과
2025,2393,2025-03-25,,익명,구즉로** 앞 와룡로 도로 공사 관련 화물차가 차선 막아두어 조치 요청.,해당부서 이첩,건설과,,complaints_2025.xlsx,건설과
2025,2394,2025-03-25,,익명,"학하2교 밑 돌출된 콘크리트관에서 물이 흘러나와 산책로에 진입, 흥건한 상태임. 악취는 없는걸로 보아 상수도 누수로 추정됨.",관려부서 이첩,건설과,,complaints_2025.xlsx,건설과
2025,2397,2025-03-24,,익명,"신성동 대림두레아파트 ***동 쪽 삼거리 가로등 깜박거림, 조치요청.",담당부서 이첩,건설과,,complaints_2025.xlsx,건설과
2025,2398,2025-03-24,,미상,건물번호판발급 문의,담당부서 이첩,토지정보과,,complaints_2025.xlsx,토지정보과
2025,2402,2025-03-23,,미상,상지초 운동장에서 불꽃놀이 희망하는 민원인으로 불꽃놀이해도 되냐고 문의하여 산불조심기간이라 어렵다고 말씀드림. 그러자 다시 연락와서 산불조심기간이 아니면 불꽃놀이해도 되냐고 물어봐 해당부서에서 답변드린다고 말씀드림.,담당부서 이첩,녹지산림과,,complaints_2025.xlsx,녹지산림과
2025,2403,2025-03-23,,[삭제],송강동 두리초등학교 그린아파트 정문 뒤쪽 공작새로 추정되는 새가 착지 못하고 날아다님. 구조요청.,담당 부서 이첩,푸른환경과,,complaints_2025.xlsx,푸른환경과
2025,2404,2025-03-23,,미상,"반석동 우산봉교 다리 밑, 비둘기 들이 모여서 살고 있어 배설물 등으로 더럽고 시끄러움. 비둘기 퇴치 요청",민원 이첩,푸른환경과,,complaints_2025.xlsx,푸른환경과
2025,2405,2025-03-23,,119,봉산동 ***-** 화재진압 후 남은 잔여물 처리 요청. 통행에 불편한 잔해물들은 119에서 이미 처리하였으나 남은 잔해물 있음. 잔해물 빠른 처리 요청.,담당 부서 이첩,청소행정과,,complaints_2025.xlsx,청소행정과
2025,2406,2025-03-23,,119,"봉산동***-**, 차량오일샵 화재 전소로 유해물질 확인 요청 및 이동식화장실 요청",담당 부서 이첩,푸른환경과,,complaints_2025.xlsx,푸른환경과
2025,2407,2025-03-23,,미상,"엑스포코아 사거리 / 헬스장 현수막 많이 있음, 철거 요청",민원 이첩,건축과,,complaints_2025.xlsx,건축과
2025,2408,2025-03-23,,노은지구대,지족북로**번길 ** 새미래 교회 앞 불법주정차 단속 요청 ,주말 단속반 내용전달 완료,주차관리과,,complaints_2025.xlsx,주차관리과
2025,2409,2025-03-23,,미상,마을버스1번이 민원인이 버스 기다리고 있었음에도 노선상 자이아파트 다음 정류장을 무정차 하고 지나감.,담당 부서 이첩,교통정책과,,complaints_2025.xlsx,교통정책과
2025,2410,2025-03-23,,미상,"학하*교 밑 돌출된 콘크리트관에서 물이 흘러나와 산책로에 진입, 흥건한 상태임. 악취는 없는걸로 보아 상수도 누수로 추정됨.",담당 부서 이첩,건설과,,complaints_2025.xlsx,건설과
2025,2411,2025-03-23,,미상,반려견 아플때 119처럼 부를수 있는 시스템을 만들어 달라는 요청사항. 담당부서에서 책임지고 답변하길 원하십니다..,담당부서 이첩,지역산업과,,complaints_2025.xlsx,지역산업과
2025,2412,2025-03-23,,미상,"폐기물스티커 부착 후 배출 해 놓았는데(3/7 일경) 미수거 상태 및 다른 사람들이 폐기물 스티커를 다른 곳에 부착 해 현재 불법폐기물 딱지 부착 상태, 확인 부탁 민원",담당자 내용 이첩,청소행정과,,complaints_2025.xlsx,청소행정과
2025,2413,2025-03-22,,미상,"죽동 *** 아파트 내 유기견 구조 요청
 - 구조대에 연결하였으나, 계속하여 접수된 건으로 구조를 위한 포획틀 설치 등이 필요하여 당장 처리 불가 / 구조대에서 담당부서에 내용 공유 요청 ",담당부서 이첩,지역산업과,,complaints_2025.xlsx,지역산업과
2025,2414,2025-03-22,,성명미상,"죽동대원칸타빌 거주민으로, 장롱에 대형폐기물 표지를 붙여서 배출했는데(화요일에 수거한 것으로 추정)
자녀의 의류 등 기물들이 들어있는 상태로 밖에 내놓았음. 장롱이 파기되기 전에 물건을 찾을 수 있을지 여부(전화해주시길 바람)",담당자 내용 이첩,청소행정과,,complaints_2025.xlsx,청소행정과
2025,2415,2025-03-22,,[삭제],"민원인은 환경단체 관련인으로 추정함. 원화분(장대로 ***)에서 유해물질(석면)을 포함한 건설폐기물을 포장없이 부지에 방치하고 있음.
조치결과 회신을 원하심.",담당부서로 민원 전달,청소행정과,,complaints_2025.xlsx,청소행정과
2025,2416,2025-03-22,,[삭제],"관평동***번지 주변(베스킨라빈스 가게 앞), 불법노점상(호떡) 단속요청(처리 시, 민원인 전화요청)",담당부서 이첩,위생과,,complaints_2025.xlsx,위생과
2025,2417,2025-03-22,,성명미상,금고동 대전반려동물공원 하수도공사의 진출입 화물차량 계도미비(신호수 미배치 등)로 인한 교통불편 발생,담당부서로 내용 전달,건설과,,complaints_2025.xlsx,건설과
2025,2420,2025-03-22,,119,"교촌동 ***번지, 논에서 불법소각 민원, 소방서에서 현장점검 협조요청 ","현장 점검(소각 위치, 상태 등) 및 담당부서 이첩",청소행정과,,complaints_2025.xlsx,청소행정과
2025,2421,2025-03-22,,성명미상,지족동 ****번지 우산봉어린이공원 놀이터의 파라솔을 열고 수돗물시설 정비를 요청하는 민원,시설관리부서로 내용전달,공원과,,complaints_2025.xlsx,공원과
2025,2425,2025-03-21,,[삭제],행려자(상습수령자) 귀향여비 요청.,현금으로 만원 지급(영수증 및 신분증 사본 생활보장과 사송함에 제출),생활보장과,,complaints_2025.xlsx,생활보장과
2025,2426,2025-03-21,,[삭제],"구청 주차장 불법광고물 차량(****)과 접촉사고(23:30), 단속차량 피해 없어보이나 확인 요망, 가해 차주 연락 필요함.",담당부서 이첩,건축과,,complaints_2025.xlsx,건축과
2025,2427,2025-03-21,,미상,"자운대 (자운로***번길 **), 음식물 쓰레기 스티커 붙여서 내놓았는 데 스티커만 회수하고 음식물 쓰레기는 회수 안되어있음. 조치 요청.",담당부서 이첩,청소행정과,,complaints_2025.xlsx,청소행정과
2025,2428,2025-03-21,,유성지구대,"온천로 **, ****** 유흥주점 내 청소년 출입 단속. 관련부서 전달 요청.",담당부서 이첩,문화관광체육과,,complaints_2025.xlsx,문화관광체육과
2025,2429,2025-03-21,,미상,"신성동 두레아파트 ***동 가로등 깜박거림, 조치요청.",담당부서 이첩,건설과,,complaints_2025.xlsx,건설과
2025,2430,2025-03-21,,미상,구암동~유성생명고 근처 마을버스 노선 인근 주차단속차량 자주 오게 해달라고 요청 / 도로양쪽으로 주차되어있음,담당부서 이첩,주차관리과,,complaints_2025.xlsx,주차관리과
2025,2431,2025-03-21,,미상,엑스포로***번길근처 순대판매 노점상 단속 요청,담당부서 이첩,건설과,,complaints_2025.xlsx,건설과
2025,2432,2025-03-21,,미상,대전스타트업파크 간판 불빛 때문에 잠을 잘 수 없음 / 22시부터는 불 소등 요청,담당부서 이첩,푸른환경과,,complaints_2025.xlsx,푸른환경과
2025,2433,2025-03-21,,익명,유성구청 앞 횡단보도에서 선거유세 차량이 인도로 올라와 통행이 불편함.,관련부서이첩.,주차관리과,,complaints_2025.xlsx,주차관리과
2025,2434,2025-03-21,,유성경찰서,신동 ***-*번지 교통사고 잔해물 처리 요청,관련부서 이첩,청소행정과,,complaints_2025.xlsx,청소행정과
2025,2435,2025-03-21,,익명,송강중학교 맞은 편 불법주정차(화물차) 단속 요청 / 불법주정차 금지 현수막 등 설치하나 전혀 계도가 안되어 강력한 조치 희망(전화회신 요청),관련부서 이첩,주차관리과,,complaints_2025.xlsx,주차관리과
2025,2437,2025-03-19,,미상,"궁동 스타트업파크 간판 불빛이 밝아서 저녁에 잠을 잘 수 없다고
계도 요청하심",담당부서 이첩,푸른환경과,,complaints_2025.xlsx,푸른환경과
2025,2438,2025-03-19,,[삭제],"대전역사박물관 주차장 언덕길 있는쪽 도로파손으로 인해 부상
도로 수리 및 보상 원하심",담당부서 이첩,건설과,,complaints_2025.xlsx,건설과
2025,2439,2025-03-19,,[삭제],"신성동 ***-* / 옆집 1층 식당 [****]의 실외기 소음,진동 발생 (밤에 주로 발생, 현장방문 하여 계도조치 후 민원인에게 빠른 회신 요청)  ",담당부서 이첩,푸른환경과,,complaints_2025.xlsx,푸른환경과
2025,2440,2025-03-19,,미상,학하동 ***번지 호산어린이공원쪽 영업용차량 대전**바****  차고지이탈주차 단속요청,담당부서 이첩,교통정책과,,complaints_2025.xlsx,교통정책과
2025,2441,2025-03-19,,[삭제],정부**로 전입신고 했는데 반려처리 하고싶다고 하심,담당부서 이첩,구즉동,,complaints_2025.xlsx,구즉동
2025,2442,2025-03-19,,익명,밤샘주차 단속 통보서 관련 설명을 요청하심.,담당부서 이첩,교통정책과,,complaints_2025.xlsx,교통정책과
2025,2443,2025-03-18,,미상,"대전시 콜센터를 통해서 연락옴. 유성구 계백로 ***, 유화자동차공업사에서 점심시간에만 음식을 판매하는걸 봤는데 허가를 받지 않고 불법적으로 판매하는 것 같아 신고한다고 함.
개인 휴대폰 번호는 말하기 싫어함.",담당부서 이첩,위생과,,complaints_2025.xlsx,위생과
2025,2444,2025-03-18,,익명,신성교(연구단지 종합운동장 부근) ~ 유성구 노인복지관(신성동 ***) 부근 도로에 가로등이 며칠째 계속 꺼져있는 상태임. 조치를 취하여 주기 바람.,담당부서 이첩,건설과,,complaints_2025.xlsx,건설과
2025,2445,2025-03-17,,도룡지구대상황실,가정로 ***-* 후문쪽에 소나타(그레이색) **우**** 차량 불법주정차 견인요청,해당부서 이첩,주차관리과,,complaints_2025.xlsx,주차관리과
2025,2446,2025-03-17,,119상황실,죽동 예미지@ ***동 뒷쪽으로 목줄이 풀린채 유기견 돌아다니고 있으니 구조 바람,유기동물구조담당자(김명덕)에게 문자전달,지역산업과,,complaints_2025.xlsx,지역산업과
2025,2448,2025-03-17,,미상,대전에서 계룡가는 방향 방동의 현대오일뱅크 서대전주유소 앞 고라니 사체가 1차선 한가운데를 막고있어서 처리 요청.,담당 부서 이첩,청소행정과,,complaints_2025.xlsx,청소행정과
2025,2449,2025-03-17,,미상,노은3동 영무예다음아파트에서 새미래 중학교로 가는길에 있는 공원 근처 인도에 고라니 사체 처리 요청. ,담당부서 이첩,청소행정과,,complaints_2025.xlsx,청소행정과
2025,2450,2025-03-16,,미상,"(대전 유성구 계룡로***번길 **)에서 사우나 이용 중 외부 음식점에서 저녁식사를 하고 들어가려고 하는데, 이용시간이 아직 남아있었으나 사우나를 나간지 오래 지났다고 재입장을 거부당함.
식사를 하려면 내부식당에서 해야 한다고 부당한 강매를 했고, 환불요청도 거절함.
부당한 이용제한과 환불거부를 당했고, 위생지도점검 등의 조치 및 위생지도팀장의 연락을 요망함.
",담담부서 이첩,위생과,,complaints_2025.xlsx,위생과
2025,2452,2025-03-16,,미상,"현대아울렛 주변에 고정형 cctv 가 작동되고 있는데, 본인 차량이 단속 된건지 여부가 궁금하다고 함 / 차량번호 : **두**** / 회신요청",담당부서 이첩,주차관리과,,complaints_2025.xlsx,주차관리과
2025,2453,2025-03-16,,미상,화암네거리에서 전민동 방면 가는길 나뭇가지가 쓰러져 있어 통행에 방해가 됨,담당부서 이첩,녹지산림과,,complaints_2025.xlsx,녹지산림과
2025,2455,2025-03-16,,미상,충남대학교 정문 앞 횡단보도 옆 인도 부근 / 궁동***-* / 텐트가 설치되어있어 허가가 난건지 궁금함. 회신요청,담당부서 이첩,건설과,,complaints_2025.xlsx,건설과
2025,2459,2025-03-15,,익명,원촌동 ***-* CCTV 관리함 문이 열려있음.,담당부서 이첩,회계과,,complaints_2025.xlsx,회계과
2025,2461,2025-03-15,,미상,시민천문대 및 충대 사이 흰개미 발견하여 신고,담당부서 이첩,공원과,,complaints_2025.xlsx,공원과
2025,2465,2025-03-15,,미상,"수통골 공영주차장 노점장금지구역 주변, 노점상 단속요청(특히 주말에 노점상 너무 많이 오신다고 합니다) ",담당부서 이첩,건설과,,complaints_2025.xlsx,건설과
2025,2466,2025-03-15,,[삭제],"용계동 리버파크 *-*단지 도로 부근 불법주정차 민원
- 월요일 담당자 연락 바람",담당부터 이첩,주차관리과,,complaints_2025.xlsx,주차관리과
2025,2472,2025-03-15,,미상,"신성로**번길 **-**, 주말 공사 소음때문에 불편민원(토요일 오전 8시 이전부터 공사시작하신다고 하셨으며, 관계 법령상 공사를 일찍 하는게 가능하냐고 물어보심) 해당 법령 관련하여 담당자 전화 요청",담당부서 이첩,푸른환경과,,complaints_2025.xlsx,푸른환경과
2025,2475,2025-03-15,,119 상황실,유성구 화암동 ***-**번지 인근 도로가 옆 화재발생,"유성소방서 출동 후 01:06 화재진압 완료(소방차 19대, 소방대원 51명 출동 / 폐목재 및 비닐하우스 일부 소실되었고 추가 피해 조사중)",재난안전과,,complaints_2025.xlsx,재난안전과
2025,2477,2025-03-14,,익명,"대포차로 이용되서 운행정지 신청된 차량 신고(1月~ 주차되어 있다고 함)
차량번호: **저**** / 싼타페TM 회색
위치: 대전 유성구 장대동 *** 골목길

*민원인 어떻게 처리되는지 연락달라고 함",담당부서 이첩,교통정책과,,complaints_2025.xlsx,교통정책과
2025,2479,2025-03-14,,익명,집 앞에 고라니 사체 처리 요망,담당부서 이첩,청소행정과,,complaints_2025.xlsx,청소행정과
2025,2480,2025-03-13,,미상,고지서 관련 문의 (환경과 연결 부탁하셨음),담당부서 이첩,푸른환경과,,complaints_2025.xlsx,푸른환경과
2025,2482,2025-03-13,,미상,부상당한 고라니 구조 요청,펫레스큐 연락 완료,푸른환경과,,complaints_2025.xlsx,푸른환경과
2025,2483,2025-03-12,,익명,"- 계룡스파텔 정문에 민주당 선거차량이 불법주차를 하여 해당 차량 단속을 요청함. 전화요청(본인이 오토바이를 타고 일하는 업을 하고 있어 안받으면 문자를 보내달라함) 

",담당부서 이첩,주차관리과,,complaints_2025.xlsx,주차관리과
2025,2484,2025-03-12,,미상,고양이 사체 신고,펫레스큐 전달 완료,청소행정과,,complaints_2025.xlsx,청소행정과
2025,2486,2025-03-12,,미상,다이소 앞 노점상 단속 요청,당담부서 이첩,건설과,,complaints_2025.xlsx,건설과
2025,2487,2025-03-12,,미상,"일차로에 양옆으로 주차, 조치 검토 요청
(회신 불필요, 기록만 남깁니다)",당담부서 이첩,주차관리과,,complaints_2025.xlsx,주차관리과
2025,2489,2025-03-12,,익명,"반석로** 인근 주변 가게의 연탄 피우는 냄새에 따른 불편으로 관련부서의 연락을 요구함.
(3번째 연락을 요구하는데도 연락이 안옴을 강조)",관련부서 이첩,푸른환경과,,complaints_2025.xlsx,푸른환경과
2025,2490,2025-03-12,,익명,"구암동 ***(로봇공원) 급수시설 누수, 조치 후 연락부탁함.",관련부서 이첩,재난안전과,,complaints_2025.xlsx,재난안전과
2025,2491,2025-03-12,,재난상황실,"오전 03:00경 한빛아파트 ***동 ***,***,***호 화재발생","당직사령 및 당직원 현장 확인. 주택 3채 베란다 쪽 화재 발생. 인명피해 없음
대피인원 : 7인 / 대피장소: 한빛아파트 관리사무소 애경사실",재난안전과,,complaints_2025.xlsx,재난안전과
2025,2492,2025-03-12,,[삭제],"새벽 01시 50분 경부터 지속되는 비행기 소음으로 잠을 설치고 너무 힘듦, 상황파악 및 조치원함, 반드시 연락원함",관련부서이첩,재난안전과,,complaints_2025.xlsx,재난안전과
2025,2493,2025-03-11,,유성소방서상황실,"밭주인의 쓰레기 소각(화재 오인)으로 *** 상황실 출동하여 진화완료함. 불법소각 건으로 밭주인 인적사항 안내받음.
밭주인 : 010-****-****",관련부서 이첩,청소행정과,,complaints_2025.xlsx,청소행정과
2025,2495,2025-03-10,,미상,"퇴근시간 이후 노은역 인근 및 열매마을*단지 앞 도로 주차단속 강화 요청. 담당자 퇴근 후에 현장 방문해서 확인해줬으면 좋겠다고 함
(민원인 발신번호표시제한)",담당부서 이첩,주차관리과,,complaints_2025.xlsx,주차관리과
2025,2496,2025-03-09,,미상,고양이 사체 처리 요청 (반석동),펫레스큐 문자 전달 ,청소행정과,,complaints_2025.xlsx,청소행정과
2025,2497,2025-03-09,,미상,"봉산동-송강동 사이 정비공사 하는데 아침 7시부터 공사를 하는게 맞냐고 민원 제기함. 
법적 문제는 없으나 불편 사항 충분히 공감한다고 응대한 후 담당자에게 불편민원 있었다고 전달해주겠다고 함. (별도의 회신 요청 x / 참고사항임)",담당부서 이첩,푸른환경과,,complaints_2025.xlsx,푸른환경과
2025,2498,2025-03-09,,[삭제],"건축 민원 제출.
민원 접수는 지금 불가하다고 설명드렸으며, 서류(의견서) 단순 전달 요청함. ",의견서 전달 예정,건축과,,complaints_2025.xlsx,건축과
2025,2499,2025-03-09,,[삭제],"동물 분실신고(토이푸들, 초콜렛 색) / 위치 : 원신흥동 ***-*번지 부근",담당부서 이첩,지역산업과,,complaints_2025.xlsx,지역산업과
2025,2500,2025-03-09,,익명,"3월9일(일) 오후2시30분경 마을버스(대전**자****) 유성고에서 탑승하여 cnct에너지학하에서 하차하였음. 
버스탑승 후 교통카드 미소지로 계좌이체를 하여야 해서 계좌이체를 위해 기사님께 말씀드렸더니, ""아오 타면서 얘기했어야지, 씨발"" 이라며 욕을 하셨음.
계좌이체를 했으나 욕하신것에 대해 기분이 니빠서 민원을 접수하며, 담당부서에서 민원처리후 전화나 문자로 처리결과 알려주길 희망함. ",소관부서 이첩,교통정책과,,complaints_2025.xlsx,교통정책과
2025,2501,2025-03-09,,익명,봉명동 ***-* 스테이어호텔 지하1층 불법건축물 신고,담당부서 이첩,건축과,,complaints_2025.xlsx,건축과
2025,2502,2025-03-09,,익명,족욕체험장 물온도가 너무 높아 뜨거워서 이용할수가 없음. 관리부탁드림. ,소관부서 이첩,공원과,,complaints_2025.xlsx,공원과
2025,2503,2025-03-08,,익명,"어은초 정문-충대농대 사이의 도로에서
고주파음이 심하게 남 확인 부탁",소관부서 이첩,푸른환경과,,complaints_2025.xlsx,푸른환경과
2025,2504,2025-03-08,,익명,온천서로 * 앞쪽의 이면도로에 주차된 차량때문에 차량통행이 힘듬,소관부서 이첩,주차관리과,,complaints_2025.xlsx,주차관리과
2025,2505,2025-03-08,,익명,"은구비공원에 불법으로 설치된 길고양이집(첨부파일 참고) 철거 요청, 처리 후 연락 요망",담당부서 이첩,공원과,,complaints_2025.xlsx,공원과
2025,2506,2025-03-08,,미상,송강동 네거리 앞 소나무가 넘어가 있음,담당부서 이첩,공원과,,complaints_2025.xlsx,공원과
2025,2507,2025-03-08,,미상,유성온천사거리 현수막 철거요청,담당부서 이첩,건축과,,complaints_2025.xlsx,건축과
2025,2508,2025-03-08,,구즉지구대,대전 유성구 봉산동 바구니 교차로 맨홀에서 연기와 물이 새어나옴,담당부서 이첩,건설과,,complaints_2025.xlsx,건설과
2025,2509,2025-03-08,,미상,유성CJ나인파크아파트 옆 계룡로 **번길점심 주차단속 유예시간에 상습 불법주차를 도로 양쪽에 해서 차량 통행불가 하므로 조치바람,담당부서 이첩,주차관리과,,complaints_2025.xlsx,주차관리과
2025,2510,2025-03-08,,미상,유성구 용산동 *** 번지 일대 뚝방쪽에 불법 주차 많으므로 지속 단속 바람,당직민원 접수,주차관리과,,complaints_2025.xlsx,주차관리과
2025,2511,2025-03-08,,[삭제],도로가 끝나는 마을 출입구 앞쪽에 대형 덤프트럭 등 공사차량이 지속적으로 불법주차 해놓아서 안전사고 우려고 및 출입에 불편을 격는 상황으로 단속바람,당직민원 접수,주차관리과,,complaints_2025.xlsx,주차관리과
2025,2512,2025-03-08,,[삭제],봉산북로 **에 위치한 대신택배 대전둔곡점에서 인도에 적치물을 올려놓아 불편을 초래한다는 민원임,담당부서 전달,건설과,,complaints_2025.xlsx,건설과
2025,2513,2025-03-08,,미상,유성선병원과 유성경찰서 사이 다리 밑으로 선병원 쪽에서 연결되는 하수관로에서 하얀 오염수 배출되고 있다고 함.,담당부서 이첩,푸른환경과,,complaints_2025.xlsx,푸른환경과
2025,2514,2025-03-08,,미상,월드컵대로***번안길** 한독아트빌라 ***동 주변 쓰레기 미수거,담당부서 이첩,청소행정과,,complaints_2025.xlsx,청소행정과
2025,2515,2025-03-07,,미상,유성대로 ****-*  롯데리아 / 파리바게뜨 사이 가로등 깜박거림.,담당부서 이첩,건설과,,complaints_2025.xlsx,건설과
2025,2516,2025-03-07,,미상,지족동 ****번지 테니스코트 있는 공원에서 고래들네거리 방면쪽 삼거리 사이에 가로등 나무 뒤에 야생동물 사체처리 요청,펫레스큐 전달 및 당직민원 등록,청소행정과,,complaints_2025.xlsx,청소행정과
2025,2517,2025-03-07,,미상,"지족동 ***-*(은구비서로 **)
고양이 사체 처리 요청",당직민원 등록,청소행정과,,complaints_2025.xlsx,청소행정과
2025,2518,2025-03-07,,미상,전입신고 완료하여 확인 요청하심.,담당부서 이첩,구즉동,,complaints_2025.xlsx,구즉동
2025,2519,2025-03-07,,미상,지족동 KB콜센터 뒷편 게이트볼 진입로 상시 가로드 점등돼서 위험,당직민원 접수(건설과),건설과,,complaints_2025.xlsx,건설과
2025,2520,2025-03-06,,익명,"상대동 트리플시티*단지 뒷쪽 초등학교 앞 가로수가 휘어져서 1차선 진로방해
민원인이 출근하다가 휘어진 가로수 때문에 차가 긁힌 것 같다고 함(추측 / 민원인이 정차해서 확인은 못했다고 함)
민원인에게 전화 꼭 해주셔야 합니다.",담당부서 이첩,녹지산림과,,complaints_2025.xlsx,녹지산림과
2025,2521,2025-03-06,,익명,"용계동 힐스테이트 아파트 건설현장 뚝방도로 쪽 주차차량이 300대 정도라서 출근이 어려울 정도임
유성구청에서 주정차 관련해서 현수막을 걸었으나 효과가 없으며 민원인 생각에는 일방통행으로 해야 교통난이 해결될 것 같다고 함
예전에도 민원을 넣었는데 담당부서에서 한번도 연락 온 적이 없다고 강한 불만을 표시함
담당부서에서 전화오는지 안오는지 지켜보겠다고 함",담당부서 이첩,주차관리과,,complaints_2025.xlsx,주차관리과
2025,2522,2025-03-05,,미상,상대동 중동골*4거리 ***** 불법현수막 신속히 철거 요망.,관련부서 이첩,건축과,,complaints_2025.xlsx,건축과
2025,2523,2025-03-05,,[삭제],대전 유성구 신성남로 ** (신성동 솥뚜껑삼겹살 식당) 맞은편 보도블럭(인도) 꺼짐 현상 처리 요청 ,담당부서 이첩,건설과,,complaints_2025.xlsx,건설과
2025,2524,2025-03-05,,미상,봉명동 **오피스텔 종량제쓰레기 수거안됨,담당부서 이첩,청소행정과,,complaints_2025.xlsx,청소행정과
2025,2525,2025-03-04,,미상,진잠로 **번길일대 가로등이 전부 불이 안들어옴(반복민원)/ 20시쯤 한전에 전기 고장접수/ 21시쯤 한전에서 현장나왔더니 불이 켜져있는 상태라 연락옴,담당부서 이첩,건설과,,complaints_2025.xlsx,건설과
2025,2526,2025-03-04,,미상,진잠로**번길대전도시과학고 인근 가로등 불이 안켜짐,담당부서 이첩,건설과,,complaints_2025.xlsx,건설과
2025,2527,2025-03-04,,[삭제],구청 인근 가로등 고장/ 민원인이 불러준 상호명으로 위치 파악불가하여 직접 통화 필요,담당부서 이첩,건설과,,complaints_2025.xlsx,건설과
2025,2528,2025-03-04,,[삭제],신성동 (신성남로 **) 맞은편 아파트 담벼락쪽 보도블럭이 푹 들어감,담당부서 이첩,건설과,,complaints_2025.xlsx,건설과
2025,2529,2025-03-04,,익명,"지족동 ***-** 
고라니 사체 처리 신고","사체 처리반 처리 요청 (전화,문자)",청소행정과,,complaints_2025.xlsx,청소행정과
2025,2530,2025-03-03,,유성경찰서,"반석역 6번출구 근처 도로 싱크홀 발생 유성경찰서(***-****)
시 당직실로 전달 ",담당부서 이첩 ,건설과,,complaints_2025.xlsx,건설과
2025,2531,2025-03-03,,*** 사장님,"유성구 상대동로 **번길 ** 
가게 앞 불법 주정차 신고 건
당일 오후 4시부터 주정차 중
차량번호 **로**** 카니발",민원접수처리,주차관리과,,complaints_2025.xlsx,주차관리과
2025,2532,2025-03-03,,익명,원촌교 위 쓰레기 청소 요청,관련부서 이첩,청소행정과,,complaints_2025.xlsx,청소행정과
2025,2533,2025-03-03,,익명,구암동 ***-* 비상급수시설 고장 민원,관련부서이첩,재난안전과,,complaints_2025.xlsx,재난안전과
2025,2535,2025-03-03,,진잠파출소,방동 ***-* 우회전하는 도로 옆 가로등 기둥이 많이 흔들림,관련부서 이첩,건설과,,complaints_2025.xlsx,건설과
2025,2536,2025-03-03,,[삭제],반석동 ***번지 일원 도로에 포트홀로 차량 바퀴 파손되어 보험 접수 요청,관련부서이첩,건설과,,complaints_2025.xlsx,건설과
2025,2539,2025-03-03,,[삭제],복용동 ***번지 고양이 사체 처리 요청,펫레스규 전달 (09:40),청소행정과,,complaints_2025.xlsx,청소행정과
2025,2540,2025-03-03,,관리소장,"장소: 노은서로 ***
-내용: 종량제 쓰레기 수거시, 후문쓰레기통 미수거.(양많음)
-조치: 혹시 누락분에대해서 수요일전에 1회더 수거 가능하신지 문의해드린다고 하고 종결함. 가능하다면 1회더 수거 조치 부탁드립니다",-담당부서이첩,청소행정과,,complaints_2025.xlsx,청소행정과
2025,2541,2025-03-03,,경찰,"구성삼거리 버스정류장(대전지방기상청 방면) 부근 차량 단독사고로 도로 연석 깨짐. 담당자에게 전달 요청
- 사고자 : *** (010-****-****)",담당부서 이첩,건설과,,complaints_2025.xlsx,건설과
2025,2543,2025-03-02,,익명,봉명동 ***-* 도로에 쇠 막대가 튀어나와있어 차량 타이어 펑크 위험이 있어보임,해당부서 이첩,건설과,,complaints_2025.xlsx,건설과
2025,2544,2025-03-02,,익명,"원내동 ***번지 
고양이 사체 처리 요청",펫레스큐 문자 전달,청소행정과,,complaints_2025.xlsx,청소행정과
2025,2546,2025-03-02,,익명,덕명동 시와교회 앞 가로등 머리가 덜렁거려서 위험해보임,해당부서 이첩,건설과,,complaints_2025.xlsx,건설과
2025,2547,2025-03-02,,구즉지구대,"청소년 보호법 통보
(관평*로 *-*, 3층 ***호)
- 청소년 주류 판매",관련 부서 이첩,문화관광체육과,,complaints_2025.xlsx,문화관광체육과
2025,2548,2025-03-02,,익명,"강아지 문이 열려 나감
신고 등 연락이 오면 연락 바람",관련 부서 이첩,지역산업과,,complaints_2025.xlsx,지역산업과
2025,2549,2025-03-01,,미상,은구비네거리(선병워) 모퉁이에 주차가 되어 있어 견인 요청 바람(당장 해주시길 바라셨지만 주말이라 불가하다 말씀은 드림),주말은 당장은 단속반 근무 시간이 아니니 불가하다 말씀은 드려놓은 상태,주차관리과,,complaints_2025.xlsx,주차관리과
2025,2550,2025-03-01,,익명,"갈마봉근린공원 진입로(갈마봉근린공원게이트볼장쪽) 가로등이 낮에도 불이 들어와있음, 조치요청",관련부서 이첩,공원과,,complaints_2025.xlsx,공원과
2025,2551,2025-03-01,,[삭제],정부양곡 배달이 되지 않음 / 부서에서 확인 후 3.4 전화드릴거라고 안내함,부서 이관,생활보장과,,complaints_2025.xlsx,생활보장과
2025,2553,2025-03-01,,익명,자운대네거리에서 국군대전병원 방면 도로 부근 고라니 사체 수거 요청,펫레스큐 문자전달(08:29),청소행정과,,complaints_2025.xlsx,청소행정과
2025,2554,2025-02-28,,국군대전병원 지휘통제실,국군대전병원 위병소 앞 부상당한 고라니 구조 요청,펫레스큐 문자전달(23:39),푸른환경과,,complaints_2025.xlsx,푸른환경과
2025,2555,2025-02-28,,익명,북대전 IC 네거리에서 미래로 네거리방향 300M 부근 전봇대에 달려있는 태극기가 휘어있어 버스(높은차)와 충돌위험이 있다고 함,담당부서 이첩,건설과,,complaints_2025.xlsx,건설과
2025,2556,2025-02-28,,유성소방서,원신흥동 옥녀봉네거리 LH대전에너지사업단 앞 도로에 고라니 사체,펫레스큐 문자전달(19:12),청소행정과,,complaints_2025.xlsx,청소행정과
2025,2557,2025-02-28,,미상,한국전자통신연구원 정문 인도 울타리 아래 신발케이스 안에 고양이 사체 신고,담당부서 이첩,청소행정과,,complaints_2025.xlsx,청소행정과
2025,2558,2025-02-28,,유성경찰서,"새벽 1시30분경 장대4거리 교통사로로 잔해처리 요청
","당직사령, 당직방장 현장 출동하여 잔해물 처리하였으며
 담당부서에서 현장 출동하여 잔여 잔해물 처리요청함",청소행정과,,complaints_2025.xlsx,청소행정과
2025,2559,2025-02-28,,미상,고양이 사체신고. 도안문화공원 인근 다리(상대교 추정),담당부서 이첩,청소행정과,,complaints_2025.xlsx,청소행정과
2025,2560,2025-02-27,,경찰,관평동 ****에서 차량 교통사고로 일대 가로등 파손(일대 정전),담당부서이첩,건설과,,complaints_2025.xlsx,건설과
2025,2561,2025-02-27,,미상,봉명동 ***-** 옥상 불법소각 민원(18시이후 단속 안된다고 했더니 화내시면서 관련 증거영상 보내주심),담당부서 이첩,청소행정과,,complaints_2025.xlsx,청소행정과
2025,2562,2025-02-27,,미상,대전 유성구 장대로 ***(현대모비스 광명상사)와 한샘익스프레스 유성점(장대로 ***) 사이 도로 아침마다 승용차 및 화물차가 줄지어서 주차하고 있음. 불법 주정차 단속 요망,담당부서 이첩,주차관리과,,complaints_2025.xlsx,주차관리과
2025,2563,2025-02-26,,미상,진잠타운아파트~원내교 지점까지 도로(계백로)에 화물차 등 주차. 밤샘주차로 신고함.,담당부서 이첩,교통정책과,,complaints_2025.xlsx,교통정책과
2025,2564,2025-02-26,,미상,"대전광역시 유성구 진잠로**번길 **(원내동 ***-*) 앞 1달째 방치 중
방치차량으로 신고",담당부서 이첩,교통정책과,,complaints_2025.xlsx,교통정책과
2025,2565,2025-02-25,,유성경찰서,만년교 옆 용반네거리 시멘트차에서 시멘트 흘러 도로에 시멘트 처리요청,담당부서 이첩,건설과,,complaints_2025.xlsx,건설과
2025,2566,2025-02-24,,유성소방서,장대동 *** 유기견 구조요청,유기견 구조(김명덕) 민원사항 전달,지역산업과,,complaints_2025.xlsx,지역산업과
2025,2567,2025-02-24,,익명,"관내 아파트 전기차 충전구역 주차공간에 전기차충전구역 이라는 글씨가 적혀있지 않고, 충전기랑 바닥색만 칠해져 있는 상태인데
주차를 해도 되는지 질의 회신 요청",담당부서 이첩,푸른환경과,,complaints_2025.xlsx,푸른환경과
2025,2568,2025-02-24,,익명,외삼동 *** 식당에서 쓰레기 소각하여 불편을 겪음,해당부서 이첩,청소행정과,,complaints_2025.xlsx,청소행정과
2025,2569,2025-02-23,,익명,원신흥동 행정복지센터 내 무인민원발급기 고장,해당부서 이첩,민원여권과,,complaints_2025.xlsx,민원여권과
2025,2570,2025-02-23,,익명,"가게앞 주차차량(연락처없음)때문에 가게 영업이 방해되어 불만을 토로하심.
불법 주차 구역은 아니라 단속할 수 없다고 안내드렸으나, 
가게앞에 고깔을 세워놓으면 구청에서 단속을 하니 임으로 주차하는 차량을 막을 방법이 없다고 말씀하심
",해당부서 이첩,주차관리과,,complaints_2025.xlsx,주차관리과
2025,2571,2025-02-23,,익명,"엑스포로 ***번길 ** 불법주정차에 대한 단속을 여러차례 요청하였으나
사실상 문제 해결이 되고 있지 않다고 함. 단속차량이 지나가면 일시적으로 차량을 옮겼다가 다시 대는 일이 빈번하다고 함.
불법주정차 차량으로 인해 매우 위험하여 근복적이 해결을 요구하심",담당부서 이첩,주차관리과,,complaints_2025.xlsx,주차관리과
2025,2572,2025-02-23,,익명,"- DCC 사거리 근처 현수막이 바람에 날려 지나가는 차량 시야를 방해함
- 당직실에서 현장 방문하여 임시조치함(너무 높이 달려있어서 현수막을 제거하지는 못하고 옆 가로등에 말아서 고정해놓음) => 제거요망
",담당부서 이첩 및 임시조치,건축과,,complaints_2025.xlsx,건축과
2025,2573,2025-02-23,,미상,"*가로등 흔들림
(위치: 대우이수 드림월드 아파트에서 충남대 쪽 방면 궁동*교(유성지하차도 가기 전) 근처 도로 가로등 하나가 바람에 심하게 흔들림)",담당부서 이첩,건설과,,complaints_2025.xlsx,건설과
2025,2574,2025-02-23,,익명,봉산동 *** 도로 중앙 가드레일 파손,담당부서 이첩,건설과,,complaints_2025.xlsx,건설과
2025,2575,2025-02-22,,익명,대전 유성구 유성대로***번길 *** / 봉명동 착한정비소 건물 왼쪽 오른쪽에 불법현수막 정비 요청,담당부서 이첩,건축과,,complaints_2025.xlsx,건축과
2025,2576,2025-02-22,,익명,"죽동 대원칸타빌아파트 옆 천 다리(호남고속도로 다리)밑 차단기가 파손된 채 방치되어 있음. 
조치 후 연락원함",담당부서 이첩,재난안전과,,complaints_2025.xlsx,재난안전과
2025,2577,2025-02-22,,익명,"송림마을 *~*단지(하기동 산 **-*) 다리 앞에서 불법노점상(사과 판매)이 토요일 9~13시 마다 장사중임.
단속이 가능한지, 가능하다면 언제 단속을 할 지 알고싶음",담당부서 이첩,건설과,,complaints_2025.xlsx,건설과
2025,2578,2025-02-22,,익명,"송강로 **, 근처 분리수거차량이 2주동안 쓰레기를 수거해가지 않음. 
수거 날짜가 혹시 변경된 것인지 연락바람",담당부서 이첩,청소행정과,,complaints_2025.xlsx,청소행정과
2025,2580,2025-02-22,,유성경찰서,"한밭대로, 갑천대교 근처 눈쌓이는 중. 제설차량 동원 가능여부 확인.","관련부서(재난상황실, 건설과 도로관리팀)에 연락 및 대응 조치 요청 완료 ",건설과,,complaints_2025.xlsx,건설과
2025,2581,2025-02-21,,미상,유성온천불가마사우나 인근 불법주정차 단속 요청,야간단속 PDA-3에 문자 연락,주차관리과,,complaints_2025.xlsx,주차관리과
2025,2582,2025-02-21,,[삭제],"관평동 파스쿠치 앞 횡단보도 인근에 방법용 cctv 설치유무 문의하심
해당 횡단보도에서 불법우회전 차량에 아이가 다칠뻔함(사건 발생 시간: 19시40분경)
해당 차량 신고를 위해 cctv확인하고 싶었으나 경찰에서 유성구청에서 확인하라고 안내받음
cctv설치유무 및 확인방법 안내받고 싶어하심 ",해당부서 이첩,회계과,,complaints_2025.xlsx,회계과
2025,2583,2025-02-21,,[삭제],"구청 정문옆 자전거 보관함에 자전거 4대 1~2년 전에 거치했으나 없어짐
철거후 임시보관 하고 있으면 찾고 싶음
민원인께서 전화를 못받는 경우가 있으니 문자 연락 후 전화 요청 하셨음",담당부서 이첩,건설과,,complaints_2025.xlsx,건설과
2025,2584,2025-02-21,,익명,충남대학교 정문 ******하는 단체에서 불법현수막 설치 철거요망.,담당부서이첩,건축과,,complaints_2025.xlsx,건축과
2025,2587,2025-02-20,,[삭제],유성구 대덕대로 *** (북대전IC에서 신성동 디자인고등학교 방면) 가로등 2개 고장 처리 요청,"담당부서이첩, 시청 당직실에 전달함(가로등은 구청 소관으로 안내받음)",건설과,,complaints_2025.xlsx,건설과
2025,2588,2025-02-20,,익명,"월드컵대로 ***번길 ** 직선도로 (SOIL방면, 운전하면서 보신 거라 정확한 위치는 모른다고 하심) 고양이 사체 처리 요청",담당부서이첩,청소행정과,,complaints_2025.xlsx,청소행정과
2025,2589,2025-02-20,,[삭제],에스원에서 지하주차장 창고(가축방역약품 보관) 침입알림상태로 연락받음(02-****-****),담당부서이첩 (당직실에서 확인해보니 쌓여있는 물건이 쓰러져 문이 열려있었음. 보안처리 후에도 문이 잠기지 않는 상태로 조치 요함.) ,지역산업과,,complaints_2025.xlsx,지역산업과
2025,2590,2025-02-20,,익명,"한밭대학교 롯데리아 뒷골목 노란실선 양쪽으로 차량이 세워져있어 차량 한대도 통행이 어려움 (차량번호 **부****, **다****) 조치 요청하심",담당부서이첩 및 국민신문고 안내,주차관리과,,complaints_2025.xlsx,주차관리과
2025,2592,2025-02-19,,[삭제],청주해장국 앞 족욕장 물 온도가 미지근함 (뜨거운 물이 나오다 끊김) 확인 요청하심,담당부서이첩,공원과,,complaints_2025.xlsx,공원과
2025,2593,2025-02-19,,[삭제],유성구 대덕대로 *** 가로등 2개 고장 처리 요청,"담당부서이첩, 시청 당직실에 전달함(가로등은 구청 소관으로 안내받음)",건설과,,complaints_2025.xlsx,건설과
2025,2595,2025-02-17,,노은지구대,"노은지구대 담당 경위님 연락. 53년생 여성(주소지 서울이라고 함)이 여비가 없어 구청 지원 요청함.
교통권 발급이나 여비 지원이 어려워 **모텔 숙박 안내하였고, 파출소에서 민원인 해당 모텔로 인계함.
민원인 인적사항 및 모텔 계좌 등 신청서(영수증)에 기재해놓음. (모텔에서 꼭 숙박비 결제해달라고 당부함)

민원인 : 서울특별시 동대문구 거주) ",숙박시설 인계 후 담당부서 이첩,생활보장과,,complaints_2025.xlsx,생활보장과
2025,2596,2025-02-17,,유성112,"학하동 **-*번지 아이파크시티 새터삼거리 주변 리버파크 대로변 / 대형 건설기기 밤샘주차 위험하다고 신고들어와 현장출동하신다고 전화옴 / 
위험하다고 신고들어와 출동은하지만, 해결방법이 없으니 내일 관련부서 전달해달라고 요청함.",관련부서 이첩,교통정책과,,complaints_2025.xlsx,교통정책과
2025,2597,2025-02-17,,익명,"학하중앙로 ***번길 * 일대, 가로등 불 안들어오니 빠른 수리 부탁드립니다.",담당 부서 이첩,건설과,,complaints_2025.xlsx,건설과
2025,2598,2025-02-17,,복용동 거주민,복용동 ***-*번지 - 골목 일주일째 가로등 고장나서 불이 안 들어옴. 빠른 수리 요청. / 자주 고장나는 지역인데 유지관리가 안된다고 관리 철저 요청함.,담당 부서 이첩,건설과,,complaints_2025.xlsx,건설과
2025,2599,2025-02-16,,익명,현대오일뱅크 학하셀프주유소 반대편 1차로/ 고양이 사체처리요청,펫레스큐 문자 전달(22:45),청소행정과,,complaints_2025.xlsx,청소행정과
2025,2600,2025-02-16,,[삭제],20:12 유성 홈플러스 맞은편 짬뽕관 2차선 이면도로 *차선의 중앙기둥이 15도 정도 기울어져 있음.,해당부서 이첩,건설과,,complaints_2025.xlsx,건설과
2025,2601,2025-02-16,,익명,"수통골로 **, 공영주차장에서 누군가 민원인 차를 박고 그대로 사라짐. cctv 존재 유무 확인요청, 및 유선응답 요청",해당부처 이첩,주차관리과,,complaints_2025.xlsx,주차관리과
2025,2602,2025-02-16,,미상,하기동 ***-*번지 현대오일뱅크 세차장 소음이 너무 심하여 조치바람,관련부서이첩,푸른환경과,,complaints_2025.xlsx,푸른환경과
2025,2603,2025-02-16,,익명,"관평동 테크로중앙로 **, 주차장 입구쪽 불법주차 단속&견인요청","단속반에 연락(주말은 견인 불가하다고 연락받음), 해당부서 이첩",주차관리과,,complaints_2025.xlsx,주차관리과
2025,2604,2025-02-16,,익명,반석로 *** 하나로마트에서 지족동 꿈에그린 *단지 쪽으로 향하는 곳에 현수막 너무 많음. 수거요청,해당부처 이첩,건축과,,complaints_2025.xlsx,건축과
2025,2607,2025-02-16,,익명,유성구 방동대교 부근 공사중(?) 이라 도로가 패여있어서 위험하다고 함. 010-****-****,담당부서 이첩,건설과,,complaints_2025.xlsx,건설과
2025,2608,2025-02-16,,유성지구대,"유성구 문화원로 ***, 중앙분리대 3개정도 파손됨",해당부서 이첩,건설과,,complaints_2025.xlsx,건설과
2025,2609,2025-02-16,,[삭제],업소용 공병을 편의점에서 수거 거부를 할 수가 있는지에 대한 질의(민원인 연락 바람),담당부서이첩,청소행정과,,complaints_2025.xlsx,청소행정과
2025,2610,2025-02-15,,익명,불법주정차 단속신고 요청/ 봉명동 문화원로**주변,불법주정차 단속신고 요청으로 해당부서 이첩/ ,주차관리과,,complaints_2025.xlsx,주차관리과
2025,2611,2025-02-15,,익명,둔곡동 과학누리*길 ** 도로에 상습적으로 애완견 배설물 미처리 (cctv **-*** 근처)로 조치 요함,해당부서이첩,지역산업과,,complaints_2025.xlsx,지역산업과
2025,2612,2025-02-15,,익명,봉명동 소재 상가 외부 주차장에 데크 및 화단 설치시 위반사항이 있는지 질의,해당 부서 이첩,건축과,,complaints_2025.xlsx,건축과
2025,2613,2025-02-15,,익명,원내동 (원내로 **) 고양이 사체 처리 요청,펫레스큐 문자 전달(15:27),청소행정과,,complaints_2025.xlsx,청소행정과
2025,2614,2025-02-15,,익명,"세동 ***-*, ***-*번지 맷돼지 출현하여 포획 요청",야생생물관리협회(010-****-****) 포획 요청(11:20) 및 해당부서 이첩,푸른환경과,,complaints_2025.xlsx,푸른환경과
2025,2615,2025-02-15,,익명,"도룡동 목원대 컨벤션센터 철거현장(도룡동 ***) 주말에 소음 및 먼지 민원
일부러 단속할 수 없는 주말을 노리고 소음 및 먼지 심한 공정을 진행하는 것 같다는 민원
",해당 부서 이첩,푸른환경과,,complaints_2025.xlsx,푸른환경과
2025,2616,2025-02-15,,익명,지족동 영무예다움에서 현충원 후문 방향 2차선 도로 / 동물사체(고양이 추정) 처리요청,펫레스큐 문자 전달(10:18),청소행정과,,complaints_2025.xlsx,청소행정과
2025,2617,2025-02-15,,익명,도안 **단지 뒤 버스정류장(체육고-> 서구방향) 고양이 사체 처리 요청,펫레스큐 전달(문자 발송 9:49) ,청소행정과,,complaints_2025.xlsx,청소행정과
2025,2619,2025-02-14,,미상,봉명동***-* 부근 맨홀뚜껑 덜렁거리고 소리남,해당부서이첩,건설과,,complaints_2025.xlsx,건설과
2025,2620,2025-02-14,,미상,장대교 (대전 유성구 구암동 ***-***) 양측방향 불법 주정차 단속 요청,해당부서 이첩,주차관리과,,complaints_2025.xlsx,주차관리과
2025,2621,2025-02-14,,유성지구대,"개요 : 노래방 주류판매 적발
일시 : 2025. 2. 14. 00:19 
주소 : 계룡로**번길 **
",해당부서이첩,문화관광체육과,,complaints_2025.xlsx,문화관광체육과
2025,2622,2025-02-13,,익명,"외삼동 벤츠서비스센터 근처 불법소각 신고 문의
여러번 민원 남겼으나 해결 안되어 담당자 연락 요청 원함",관련부서 이첩,청소행정과,,complaints_2025.xlsx,청소행정과
2025,2623,2025-02-13,,미상,유성구 덕명동로 **번길(구암동 ***-*** 주차장 근처) 고라니 사체 처리 요청,해당 부서 이첩,청소행정과,,complaints_2025.xlsx,청소행정과
2025,2624,2025-02-13,,119 상황실,"죽동 공영주차장 속보기 오류로 인한 5시 20분 출동,
7시 15분 속보기 재경보로 인한 재출동",해당 부서 이첩,주차관리과,,complaints_2025.xlsx,주차관리과
2025,2626,2025-02-12,,유성경찰서,"죽동 천교 밑 언더패스 원격으로 내려야할 것 같다고 민원이 들어왔다고 함.
민원인 전화번호 010-****-**** 전화요청하심",해당 부서 이첩,재난안전과,,complaints_2025.xlsx,재난안전과
2025,2628,2025-02-12,,미상,구암동 ***-**(자택) 옆 도로변 쪽 ***** 건물에서 이른 아침부터 굴착기 공사를 하여 소음이 심함.,해당 부서 이첩,푸른환경과,,complaints_2025.xlsx,푸른환경과
2025,2631,2025-02-11,,미상,"자운대 안 수운교 쪽 가로등 불빛 흐린 거 2개, 안 들어오는 거 1개 조치 요청.
2.12.(수) 전화 요청하심. ",해당 부서 이첩,건설과,,complaints_2025.xlsx,건설과
2025,2633,2025-02-11,,미상,"자녀분은 광주에 거주하시고 김**(부)는 해외에 계신데 유성구청 민원여권과에서 등기가 와서 어떤거 관련인지 궁금하셔서 문의함.
아직 등기를 못받아서 어떤 내용인지는 모른다고 하심.
2.12.(수)에 전화 요청. ",해당 부서 이첩,민원여권과,,complaints_2025.xlsx,민원여권과
2025,2634,2025-02-11,,미상,"유성구 세점길 *** / 장비로 누군가가 자갈, 돌 등으로 다 뿌려놓아서 지나다니며 다칠까봐 겁남 / 구청에서 깨끗하게 치우고 물청소까지 해주길 요청
제설해달라고도 몇번 말했는데 안해주고 본인들이 다 했다고 함. CCTV 달아달라고 몇번이나 요청했는데 안들어줬다고 함.
2.11.(화)에도 전화 준다고 해놓고 안주셨다고 민원인분이 많이 화가 나심. 2.12.(수)에 꼭 전화달라고 하심.",해당 부서 이첩,건설과,,complaints_2025.xlsx,건설과
2025,2635,2025-02-10,,미상,신성동 탄동농협 앞 **서**** 불법주정차 차량 조치요청,담당부서 이첩,주차관리과,,complaints_2025.xlsx,주차관리과
2025,2636,2025-02-10,,미상,유성대로***번길 *** / 골목길 제설작업 요청 / 9시 이후 담당자 연락요청 있으십니다.,관련 부서 전달,온천1동,,complaints_2025.xlsx,온천1동
2025,2637,2025-02-10,,미상,(봉명동 ***-**) 앞 골목길 고양이 사체 신고,관련 부서 이첩 ,청소행정과,,complaints_2025.xlsx,청소행정과
2025,2638,2025-02-10,,미상,"대학로 **-** 스카이뷰 장애인 주차구역 주차차량(**주****) 신고 ,사진 보내주심",해당과  전달,노인장애인과,,complaints_2025.xlsx,노인장애인과
2025,2641,2025-02-09,,[삭제],복지지원 문의,해당부서 이첩,노은3동,,complaints_2025.xlsx,노은3동
2025,2642,2025-02-08,,미상,"길산골프클럽(원내동 *-**) 에서 현대오일뱅크 주유소(원내동 ***) 도로에 횐색실선이지만 주차를 너무 개념없이 함. 
특히  **구**** (042-****-****) 차량이 상습차량임. 현수막 설치라도 해서 시정조치 요청. 
여러번 민원넣었다함",해당부서이첩,주차관리과,,complaints_2025.xlsx,주차관리과
2025,2643,2025-02-08,,미상,"25. 2. 8. 15시 43분경 유성생명과학고 앞 버스정류장에서 3분정도 기다리고 계셨는데, 마을3번 버스가 정차 없이 지나가셨다고 합니다.
오랜 시간 기다려서 불편하셨는데, 마을버스측에 연락하여 미정차건에 대하여 교육 부탁드린다고 말씀하셨습니다.",담당부서 이첩,교통정책과,,complaints_2025.xlsx,교통정책과
2025,2644,2025-02-08,,미상,"위치 : 세점길 ***(방동) 
-내용 : 굴착기가 산에서 흙을퍼서 도로에 뿌려놓음. 눈이 녹으면서 진흙탕이 되서 매우 불편함.  조치바람",해당부서이첩,건설과,,complaints_2025.xlsx,건설과
2025,2645,2025-02-08,,미상,한밭대학교-학하동종점 도로 제설 요청 ,해당부서 이첩,건설과,,complaints_2025.xlsx,건설과
2025,2646,2025-02-08,,미상,교촌동 제이파크 아파트 주변 도로 및 진잠동 행정복지센터 인근 제설작업 요청 / 내리막이 많은 도로라 빠른 제설부탁한다고 하심,해당부서 이첩,건설과,,complaints_2025.xlsx,건설과
2025,2647,2025-02-08,,미상,전민동 체육공원 및 전민동 일대 제설요청,해당부서 이첩,건설과,,complaints_2025.xlsx,건설과
2025,2648,2025-02-08,,[삭제],갑동로 **번길 **-** 인근 큰도로 및 골목길 제설요청 및 염화칼슘 요청,해당부서 이첩 및 동 행정복지센터에서 염화칼슘 수령안내,건설과,,complaints_2025.xlsx,건설과
2025,2649,2025-02-08,,미상,봉명동 장명교 도로 제설요청,담당부서 이첩,건설과,,complaints_2025.xlsx,건설과
2025,2650,2025-02-07,,미상,덕명동 ***-* 세븐일레븐 인근 골목길 제설 요청,해당부서 이첩,건설과,,complaints_2025.xlsx,건설과
2025,2651,2025-02-07,,미상,도로 및 인도 제설요청(대전 유성구 학하서로***번길 **-** 인근),해당부서 이첩,건설과,,complaints_2025.xlsx,건설과
2025,2652,2025-02-07,,미상,둔곡초등학교 쪽 육교 조명 및 엘리베이터 고장으로 보수 요청,해당부서 이첩,건설과,,complaints_2025.xlsx,건설과
2025,2653,2025-02-07,,계룡버스 운전자,"구암동 복합터미날 진입로, 환승센터 앞 제설 요청",담당부서 인계,건설과,,complaints_2025.xlsx,건설과
2025,2654,2025-02-07,,미상,진잠초등학교 앞 도로 제설 요청,담당부서 인계,건설과,,complaints_2025.xlsx,건설과
2025,2655,2025-02-07,,박현진 경사,진터4거리에서 목원대 방향 차량 사고로 자전거도로 가드레일 파손,담당부서 인계,건설과,,complaints_2025.xlsx,건설과
2025,2657,2025-02-07,,익명,전민중학교버스정류장 불법광고물 부착 신고 들어옴.,담당부서이첩,건축과,,complaints_2025.xlsx,건축과
2025,2658,2025-02-07,,익명,학하동 ***-** 주차단속민원요청,담당부서이첩,주차관리과,,complaints_2025.xlsx,주차관리과
2025,2659,2025-02-07,,익명,온천로***번길** 오피스텔 골목 불법주정차 단속요청 사고 위험있어 단속바란다고 민원들어옴.,담당부서이첩,주차관리과,,complaints_2025.xlsx,주차관리과
2025,2660,2025-02-07,,익명,마을버스11번노선 용계동쪽 제설요청작업들어옴,담당부서이첩,건설과,,complaints_2025.xlsx,건설과
2025,2661,2025-02-06,,유성경찰서상황실,"봉명동 ***-*번지 앞 다리에 빙판길로 미끄러져 사고발생, 제설작업 요함",해당부서 이첩,건설과,,complaints_2025.xlsx,건설과
2025,2662,2025-02-06,,국립대전숲체원,국립대전숲체원 도로 아침 제설요청함.,담당부서이첩,건설과,,complaints_2025.xlsx,건설과
2025,2663,2025-02-06,,익명,노은*지구 제설요청,담당부서 이첩,건설과,,complaints_2025.xlsx,건설과
2025,2664,2025-02-06,,미상,외삼동 인근 화목보일러 소각중 / 저번주에 같은 건으로 연락드렸다고 하십니다.,관련부서 이첩,청소행정과,,complaints_2025.xlsx,청소행정과
2025,2665,2025-02-04,,미상,버거킹 대전노은역점 앞 도로에 홈이 깊어서 조치 바람,해당부서 이첩,건설과,,complaints_2025.xlsx,건설과
2025,2666,2025-02-04,,익명,DCC근처 스마트시티 앞쪽  제설작업 요청,관련부서 이첩,건설과,,complaints_2025.xlsx,건설과
2025,2667,2025-02-03,,익명,"위치 : 전민로 **번길 ** 
내용 : 낙엽이 많이 쌓여 청소요망",관련부서 이첩,청소행정과,,complaints_2025.xlsx,청소행정과
2025,2668,2025-02-03,,익명,"도안 ***** *차 5블럭 공사장 앞
공사차량들이 갓길주차를 200m가량 하여 한차선 밖에 남지않은상황.
아침 출근길 맞은편차와 만날시 뒤로 후진해서 200m를 이동해야 하는상황이 수 일째 이어지고있는 실정.
주차 단속 요망",담당부서이첩,주차관리과,,complaints_2025.xlsx,주차관리과
2025,2669,2025-02-02,,익명,하천(갑천)에서 폭죽 터트려도 되는지 문의,관련부서 이첩(하천),하천관리사업소,,complaints_2025.xlsx,하천관리사업소
2025,2671,2025-02-01,,미상,"고속도로 건너편 논, 밭에서 종종 밤에 쓰레기를 소각하고 있음  토요일 밤 에도 소각에 따른 악취로 힘들다고 하심.. 조사 및 단속 부탁",해당부서 이첩,청소행정과,,complaints_2025.xlsx,청소행정과
2025,2672,2025-02-01,,[삭제],"학하중앙로 ** 부지 안에 고라니(또는 사슴)이 있는데, 부지가 높은 철조망으로 둘러싸여있어서 안에 갇힌 것 같음. 2주 전부터 있었음. ",담당부서 이첩.,푸른환경과,,complaints_2025.xlsx,푸른환경과
2025,2673,2025-02-01,,익명,"노은동 송림마을 *단지, *단지 일대(주변) 학원홍보 불법 현수막 제거 요망.
신고자(민원인) 통화 원함.",담당부서 이첩,건축과,,complaints_2025.xlsx,건축과
2025,2674,2025-02-01,,미상,"장대중학교 옆 천변 수질 이상
확인 요망",푸른환경과 담당자 민원사항 전달 완료,푸른환경과,,complaints_2025.xlsx,푸른환경과
2025,2675,2025-02-01,,익명,"전신줄에 쓰러진 소나무 처리 요청
현장 위치 세동 답 **번지(전신주 번호 1355R ***/관 194, 저R42R14, 선R4)",한전에 조치 요청했으나. 처리불가 회신 받음.  담당부서에 이첩,녹지산림과,,complaints_2025.xlsx,녹지산림과
2025,2676,2025-01-31,,익명,반석동 *** 내 가로수 2주 굴취 후 현장 미조치인 사항으로 확인 후 조치 요망.,관련부서 이첩,녹지산림과,,complaints_2025.xlsx,녹지산림과
2025,2677,2025-01-31,,익명,"유성대로 ***번길 골목에 차를 잠깐 정차시켰는데, 주정차 단속에 적발된것이 억울하여, 담당자와 통화 원함.",관련부서 이첩,주차관리과,,complaints_2025.xlsx,주차관리과
2025,2678,2025-01-31,,익명,18시 45분쯤 송강마을 *단지 상가 도로주변 재활용 수거업체 차량이 종이박스를 쌓아놓고 가서 치워달라는 민원입니다.,관련부서 이첩,청소행정과,,complaints_2025.xlsx,청소행정과
2025,2680,2025-01-31,,미상,관평동 메종드세이(관평동 ****)와 금성백조 urban core 신축현장 사이 중앙분리대 파손,담당부서 이첩,건설과,,complaints_2025.xlsx,건설과
2025,2681,2025-01-30,,미상,"반석동 ***-*번지 식당 앞 제설 필요
- 그 근방 모두 제설 확인 필요",담당부서 이첩,노은3동,,complaints_2025.xlsx,노은3동
2025,2682,2025-01-30,,미상,월드컵경기장네거리 육교 엘리베이터 장기간 고장나 있는 상태임. 강설시 계단으로 이동하기 위험하니 보수 요망. 시 콜센터 전달사항입니다.,"해당 부서 이첩, 전화 회신 불요 사항입니다.",건설과,,complaints_2025.xlsx,건설과
2025,2683,2025-01-30,,미상,"- 1월 27일 당직 민원으로 염화칼슘 요청했으나 거절당해 직접 제설 진행하던 중 허리 다쳐서 해당일 민원응대한 공무원 신원 확인 요청
- 1월 27일 8시 49분 응대자, 10시 10분경 응대자 확인 후 회신해달라고 하심(손해배상 청구 언급)","담당부서 이첩, 민원 강도가 높아 빠른 회신 필요",운영지원과,,complaints_2025.xlsx,운영지원과
2025,2684,2025-01-30,,미상,"- 거주지(성북로 ***번길 ***)에 염화칼슘 15포 전달 요청
- 1월 27일 당직 민원으로 염화칼슘 요청했으나 거절당해 직접 제설 진행하던 중 허리를 다쳐서 직접 수령 불가","담당부서 이첩, 민원 강도가 높아 빠른 회신 필요",진잠동,,complaints_2025.xlsx,진잠동
2025,2685,2025-01-30,,미상,"버스승차거부 
관평중학교 정류장(신세계백화점 방향)에서 ***번 버스 탑승시 기사에게 테이크아웃 커피  들고 있다는 이유로 내려서 다 마시고 타라는 말을 들었다고 함. 승차거부 신고",요즘 버스 탑승시 테이크아웃 음료 들고 있으면 사고 위험 등으로 반입 불가한 것으로 알고 있다고 안내하였음. 수긍하였으나 이에 관한 법령 등 안내 듣고 싶다고 요청. 관련 안내 전화 회신 부탁드립니다.,교통정책과,,complaints_2025.xlsx,교통정책과
2025,2686,2025-01-30,,미상,"반석역 주변 광장 및 인도 제설 요청
- 장애인 및 노약자 보행에 지장을 줌",담당부서 이첩,노은3동,,complaints_2025.xlsx,노은3동
2025,2687,2025-01-30,,미상,"용산동 ***, ***번지 근처 제설 요청
- 해당부근 빙판길 사고 발생하여 제설 요청",담당부서 이첩,관평동,,complaints_2025.xlsx,관평동
2025,2688,2025-01-30,,발신자번호 표시제한,"- 반석동 반석우체국 앞에서 공영주차장 방향 제설 필요(오피스텔 뒤 중앙선있는 2차선 도로)
- 반석동 꿈에그린아파트 ***동 앞 제설안되어서 사고 남, 익일 직접 방문하여 민원접수 예정
- 민원인명 : 이영, 연휴동안 3번 민원접수했으나 제설이 안됨",담당부서 이첩,노은3동,,complaints_2025.xlsx,노은3동
2025,2689,2025-01-29,,익명,"배달 음식 시켜먹고 식중독 증세 있음(**** 봉명동 ***-**, 1층)",해당부서 이첩,위생과,,complaints_2025.xlsx,위생과
2025,2690,2025-01-29,,미상,"시의원 정치현수막 처리요청
원촌교(원촌 삼거리 방향) , 덕명동 하우스토리네오미아아파트 정문",담당부서 이첩,건축과,,complaints_2025.xlsx,건축과
2025,2691,2025-01-29,,익명 발신번호 제한,지족북로 ** 및 ** 부근 2차로 이면도로 제설작업 안되어 있어 제설요청(낮에도 요청했는데 안되었다고),해당부서 이첩,건설과,,complaints_2025.xlsx,건설과
2025,2692,2025-01-29,,미상,"은구비공원에서 다친 유기견 구조 후 민원인이 동물병원에 데려가 치료하려 했으나 주인이 아닐 경우 치료 불가하여 구조 요청
(봉명동 ***-** 동물병원)",유기동물 구조대 전달 민 담당부서 이첩,지역산업과,,complaints_2025.xlsx,지역산업과
2025,2693,2025-01-29,,[삭제]," 당직민원번호 *****(24.01.28.)와 관련됨
- 세동 산**-** 제설 요청(중세교차로->세동*통경로당 방향 / 두갈래길 중 공영주차장 있는 길 ) 하였으나 제설되지 않음
- 1.28. 제설요청하였으나 제설이 되지 않아 자녀가 교통사고로 다침 -> 배상관련 검토 및 안내 요청",담당부서이첩,건설과,,complaints_2025.xlsx,건설과
2025,2694,2025-01-29,,유성경찰서,"가정로 -> 노은로 (신성네거리에서 자운대 가는 길) 
관평동 **** -> 관평동 ****(미래로네거리에서 현대아웃렛 가는 길) 
경찰서에서 순찰 완료 하였고 제설이 필요할 거 같아 요청드립니다.",담당부서 이첩,건설과,,complaints_2025.xlsx,건설과
2025,2695,2025-01-29,,미상,궁동 ***-* 유기견 신고,유기동물 구조대 전달 및 담당부서 이첩,지역산업과,,complaints_2025.xlsx,지역산업과
2025,2696,2025-01-29,,미상,진잠동 샘물타운 아파트 ***동 ***동 후문쪽 인도 제설 미비. 추후 제설 시 후문 인도에 염화칼슘 살포 요청드림.,담당부서 이첩,진잠동,,complaints_2025.xlsx,진잠동
2025,2697,2025-01-29,,미상,"덕명로 **번길 **, 복용승마장 가는 길이 이전에는 제설노선도에 포함되어 제설이 잘 되었었는데 이번에는 포함되지 않은 거 같아 제설 요청

추가 전화로, 유성구청 홈페이지에 제설 노선도가 있느냐 질의. 당직자 확인 후 못 찾았다고 답변
",담당부서 이첩,건설과,,complaints_2025.xlsx,건설과
2025,2698,2025-01-29,,발신번호 표시제한,"지족동 **** 반석성당과 꿈에그린 ***동 인근 제설이 안되어 1.28.(화)자녀가 다쳤다고함. 

부구청장과 아는 사이고 노은3동과 구청에 방문할 예정이며, 왜 제설이 미비되었는지 따져 물을 것이라고 노은3동 당직자에게 전달 요청함.",담당부서 이첩,노은3동,,complaints_2025.xlsx,노은3동
2025,2701,2025-01-29,,미상,관평동 일대 제설요청 (대덕테크노밸리**단지 - 용산고등학교- 현대아웃렛- 미래로네거리 방면),담당부서 이첩,건설과,,complaints_2025.xlsx,건설과
2025,2702,2025-01-29,,미상,"제설요청(둔곡동 ***, 서한이다음 아파트 -> 송강동 방면 도로(구룡달전로) )",담당부서 이첩,건설과,,complaints_2025.xlsx,건설과
2025,2703,2025-01-28,,미상,제설요청(진잠로 한승미메이드아파트~진잠동행정복지센터 빙판 내리막길),담당부서 이첩,건설과,,complaints_2025.xlsx,건설과
2025,2704,2025-01-28,,미상," 세동 산**-** 제설 요청(중세교차로->세통2통경로당 방향 / 두갈래길 중 공영주차장 있는 길 ) 
- 상세 위치 민원인에게 연락 필요
- 자동염소시설 작동 오류 확인 부탁",담당부서 이첩,건설과,,complaints_2025.xlsx,건설과
2025,2705,2025-01-28,,미상,제설요청(노은해랑숲*단지~노은에코힐*단지 방면 터널 부근),담당부서 이첩,건설과,,complaints_2025.xlsx,건설과
2025,2706,2025-01-28,,미상,원신흥동행정복지센터 기준 도안**단지 방면 / 힐스테이트 보이는 방향의 도로 도로주정차 상시 단속 요청 (민원인 지속적으로 연락 요청함) ,담당부서 이첩,주차관리과,,complaints_2025.xlsx,주차관리과
2025,2707,2025-01-28,,미상,둔곡동 서한이다음아파트 *단지와 우미린 아파트 사이 4거리 제설요청 / 제설눈 쌓여서 차량 운행 불가 ,담당부서 이첩,건설과,,complaints_2025.xlsx,건설과
2025,2708,2025-01-28,,미상,불법주차 고정형 카메라가 연휴기간동안 단속을 하는지 문의입니다. ,담당부서 이첩,주차관리과,,complaints_2025.xlsx,주차관리과
2025,2709,2025-01-28,,미상,용계로 *번길제설요청,담당부서 이첩,건설과,,complaints_2025.xlsx,건설과
2025,2710,2025-01-28,,미상,반석서로 **번길쪽(정확한 위치 확인 필요)  제설요청 또는 염화칼슘  요청,담당부서 이첩,건설과,,complaints_2025.xlsx,건설과
2025,2711,2025-01-28,,미상,교촌초 부근 제설요청 ,담당부서 이첩,건설과,,complaints_2025.xlsx,건설과
2025,2712,2025-01-28,,미상,하기동 성당 근처 이면도로 제설요청 / 평소 눈올때도 제설 안됨 ,담당부서 이첩,건설과,,complaints_2025.xlsx,건설과
2025,2714,2025-01-28,,미상,성북동 산림욕장 -> 방동 방면 ,담당부서 이첩,건설과,,complaints_2025.xlsx,건설과
2025,2715,2025-01-28,,[삭제],복용동 ***-* 굴다리쪽 ,담당부서 이첩,건설과,,complaints_2025.xlsx,건설과
2025,2716,2025-01-28,,미상,"관평동 배울네거리 ~ 관평초, 중 대로변 쪽",담당부서 이첩,건설과,,complaints_2025.xlsx,건설과
2025,2717,2025-01-28,,[삭제],자운로**번길(신성동 나오는 방향) 제설요청,담당부서 전달,건설과,,complaints_2025.xlsx,건설과
2025,2718,2025-01-28,,[삭제],송정동 남선초 일대  제설 요청,담당부서 전달,건설과,,complaints_2025.xlsx,건설과
2025,2719,2025-01-28,,미상,"상세동 ***-*번지 제설요청 
",담당부서 전달,건설과,,complaints_2025.xlsx,건설과
2025,2720,2025-01-28,,[삭제],외삼동 ***-**번지 제설 요청,담당부서 전달,건설과,,complaints_2025.xlsx,건설과
2025,2721,2025-01-28,,미상,"민원인인 택시기사분이 교통사고를 내면서 인도쪽 봉 2개정도가 파손되었다고 구즉지구대 *** 경위(010-****-****)님이 전달해주심. 민원인과 통화하여 빠른 조치 부탁드립니다.
용산동 ***번지",담당부서 이첩,건설과,,complaints_2025.xlsx,건설과
2025,2722,2025-01-27,,미상,"전화주신 분은 상가 업주.
지족동 **** 어린이보호구역 노란 선에 불법 주차가 많아 
상가 업주가 물통으로 어린이보호구역이니 주차하지 말라는 물통을 적치 해놨음
특정인이 이 물통에 대해 불법 적치물 신고를 한다고 하여, 이 건이 불법 적치물 신고 대상이 되는지 확인 ",담당부서 이첩,건설과,,complaints_2025.xlsx,건설과
2025,2723,2025-01-27,,미상,"문지동 ***-*, 지속적인 캠핑카 주차로 인하여 불편 호소 / 차량번호: **부****
- 캠핑카 전용주차장이 있는지 불법여부 확인 후 계도하여 결과 민원인에게 회신 요청",담당부서 이첩,주차관리과,,complaints_2025.xlsx,주차관리과
2025,2724,2025-01-27,,미상,"월드컵***번길 ** 골목 **누****차량 가게앞을 막고 있고 마을버스 노선 중간에 차량을 주차에 차량 교행및 통행에 지장을 주고 있다고 함
이전부터 지속적으로 주차하고 있어 차주에게 연락을 해주길 바람",해당부서 이첩,주차관리과,,complaints_2025.xlsx,주차관리과
2025,2725,2025-01-27,,미상,욧골 어린이공원 인근 가로등 혹은 전봇대 고장으로인하여 안전띠나 위험안내 표시 요청,담당부서 이첩,건설과,,complaints_2025.xlsx,건설과
2025,2728,2025-01-27,,미상,반석네거리 인근 도로가로 쓰러진 가로등 위를 승객을 탑승한채 넘어서 운행을 하였다고 함. 승객이 택시기사에게 보상 요구하였으며 택시 기사도 보상요구를 위해  접수하였음. 추후 보상을 위한 안내  등 전화통화 요구,"현장 잔해물(가로등 파손, 음주차량 유리 잔해 등)은 출동한 직원이 라바콘, 안전제일띠를 두르는등 임시 조치 하였음. ",건설과,,complaints_2025.xlsx,건설과
2025,2730,2025-01-27,,익명,"둔곡동 과학인재 *길 둔곡우미린 아파트에서 신탄진 ic 유료도로 타는 쪽 고라니 사체 발견 신고
펫레스큐(010-****-****) 해당 내용 알림",펫레스큐 연락,청소행정과,,complaints_2025.xlsx,청소행정과
2025,2731,2025-01-26,,익명,"원신흥동 행정복지센터 기준에서 원신흥동 천년나무 **단지 들어가는 후문(?) 사거리 쪽에 불법주정차 단속요청
저번에도 신고 했었으며 지속적인 단속 요청 (안전신문고 쪽으로도 접수함)
비상근무자에게 전달하겠다고 민원인에게 안내함.",관련부서 이첩,주차관리과,,complaints_2025.xlsx,주차관리과
2025,2732,2025-01-26,,익명,"현충원 앞에서 갑동 쪽 가로등이 다 나감
동학사에서 유성cc 나오는 쪽 가로등이 나감
처리요망",해당부서 이첩,건설과,,complaints_2025.xlsx,건설과
2025,2733,2025-01-26,,[삭제],"외삼동 벤츠자동차 서비스센터 주변 아침 저녁으로 쓰레기 태우는 냄새가 남.
저번주에도 민원 접수 하였고 따로 회신 받은 내용이 없어 명절 연휴가 끝나고 금요일까지는 꼭 회신 받기를 원함.",담당부서 이첩,청소행정과,,complaints_2025.xlsx,청소행정과
2025,2734,2025-01-26,,[삭제],- 수급자 관련 쌀 배달 문자 안내 못받았다고 민원 요청,해당부서 이첩,생활보장과,,complaints_2025.xlsx,생활보장과
2025,2735,2025-01-26,,[삭제],"-계룡스파텔 안 스파마트 공병 구입처 반환 거부로 민원 요청
-담당자 연락 요청하심",해당부서 이첩,청소행정과,,complaints_2025.xlsx,청소행정과
2025,2737,2025-01-25,,익명,봉명동 ***-* 앞 낙엽마대 제거 요청. 누가 담배꽁초를 넣어서 연기가 피어올랐다가 물을 부어 껐다고합니다.,해당부서 이첩,청소행정과,,complaints_2025.xlsx,청소행정과
2025,2738,2025-01-25,,미상,"( 도룡동*-**)인도에 천막을  펼치고  장사중  / 단속요청 
","- 연휴기간이라 처리가 어려움을 안내하고 관련내용 해당부서 전달하겠다고 안내
-  해당부서 이첩",건설과,,complaints_2025.xlsx,건설과
2025,2739,2025-01-25,,익명,유성구 봉명동 ***-** 건물 양옆 불법 플랜카드 엄중 단속 요청. ,해당부서 이첩,건축과,,complaints_2025.xlsx,건축과
2025,2740,2025-01-25,,익명,용계동 ***-*번지 앞 건설현장 먼지로 인한 불편 호소,해당부서 이첩,공동주택과,,complaints_2025.xlsx,공동주택과
2025,2741,2025-01-25,,익명,"원신흥동 ***-*, 원신흥동 ***-** 사이 도로에 탄력봉이 누워있어서 교통방해로 불편호소, 정비요청",해당부서 이첩,건설과,,complaints_2025.xlsx,건설과
2025,2742,2025-01-24,,익명,용산동 *~*번지 일원 하천 자전거 전용도로  포트홀(구멍) 발생 처리 요청,해당부서 이첩,재난안전과,,complaints_2025.xlsx,재난안전과
2025,2743,2025-01-24,,익명,"대학로 **-** 빌라 인근 불법으로 음식물 쓰레기를 투기함
청소 및 회신 요청함",해당부서 이첩,청소행정과,,complaints_2025.xlsx,청소행정과
2025,2744,2025-01-24,,익명,장대동 ***-**번지 전기차 충전구역 내 장기주차 단속 및 회신요청,해당부서 이첩,푸른환경과,,complaints_2025.xlsx,푸른환경과
2025,2745,2025-01-24,,익명,"반석숲유치원 인근 불법쓰레기 소각으로 연기, 냄새 심각하다고 함
연락 요청",담당부서접수,청소행정과,,complaints_2025.xlsx,청소행정과
2025,2746,2025-01-24,,유성지구대,유성 홈플러스 인근 BMW 매장 옆 큰 길가(유림공원방향 표지판 쪽)에 비닐뭉치가 널려있어  유성지구대에서 모아두었으니 수거요청함,담당부서접수,청소행정과,,complaints_2025.xlsx,청소행정과
2025,2747,2025-01-23,,익명,유성대로****번길 ** 도로 신호등옆에 고라니 사체 마대에 넣어 둠,해당부서 이첩,청소행정과,,complaints_2025.xlsx,청소행정과
2025,2748,2025-01-23,,익명,트리풀시티 *블럭 *블럭사이 4차선 도로에 불법주차,담당부서 이첩,주차관리과,,complaints_2025.xlsx,주차관리과
2025,2751,2025-01-22,,익명,"하기동 생활쓰레기 수거 시간대 문의, 수거 소음 민원",담당부서 이첩,청소행정과,,complaints_2025.xlsx,청소행정과
2025,2752,2025-01-22,,[삭제],기초생활수급자 자격 문의,담당부서 이관,생활보장과,,complaints_2025.xlsx,생활보장과
2025,2754,2025-01-21,,익명,유성구청 옆 불법현수막 처리 요청 전화입니다.,부서이관,건축과,,complaints_2025.xlsx,건축과
2025,2755,2025-01-19,,미상,유성대로***번길 전면 도로 한국타이어중앙연구소 방향 고양이 로드킬로 인한 사체 조치 요청,접수 및 해당부서로 이첩,청소행정과,,complaints_2025.xlsx,청소행정과
2025,2757,2025-01-19,,미상,"상대동 ***-* 꽃사랑화원 후방 위치에서 겨울철 야간 주기적으로 소각행위 발생(민원 접수당시도 소각중이라고 신고)
소방서측으로 신고 권유하였으나 해당행위에 대하여 구청 차원에서 대응이나 처분할 수 있는지 여부 질의 및 답변 요청하여 민원 접수
 - 유선 상 연락 요청하셨습니다",안내 및 담당부서 이첩,청소행정과,,complaints_2025.xlsx,청소행정과
2025,2758,2025-01-19,,진잠파출소,유성도서관 놀이공원 천장에서 물 누수,담당부서 이첩,도서관운영과,,complaints_2025.xlsx,도서관운영과
2025,2759,2025-01-19,,익명,"장대동 ***-*, 장대동 *** 사이 스티커 붙어있는 쓰레기들 다량으로 존재, 빠른처리 요청",담당부서 이첩,청소행정과,,complaints_2025.xlsx,청소행정과
2025,2760,2025-01-19,,익명,라쿤(?) 생김새를 한 동물이 부상당한 채로 한곳에 머물러 있음,담당부서 이첩,푸른환경과,,complaints_2025.xlsx,푸른환경과
2025,2761,2025-01-18,,익명,구암동 원불교 근처 놀이터 민방위비상급수시설 물이 안 나옴. 확인 필요,이첩,재난안전과,,complaints_2025.xlsx,재난안전과
2025,2762,2025-01-18,,미상,열매마을아파트 *단지와 *단지 사이에 있는 나무에 현수막이 있어 운전할때 시야에 방해된다고 하심.,담당부서 이첩,건축과,,complaints_2025.xlsx,건축과
2025,2763,2025-01-18,,미상,모다아울렛 코너부분에 노점상이 있어 차량 운행중에 사고 위험이 크다고 단속 요청하심,담당부서 이첩,건설과,,complaints_2025.xlsx,건설과
2025,2765,2025-01-18,,[삭제],"전민동 인근 주차 과태료 부과 건 항의(**보****)
- 오전 7시30분 단속시간 이전에 단속하여 과태로 부과했다고 하여 항의 전화
- 전화회신 요청",관련부서 이첩,주차관리과,,complaints_2025.xlsx,주차관리과
2025,2771,2025-01-18,,익명,"유성구청 주차관리과에서 등기 옴.
자택에 사람이 없어서 받지 못함. 어떤 등기인지 내용 궁금함 확인전화 부탁드림",주차관리과 이첩,주차관리과,,complaints_2025.xlsx,주차관리과
2025,2774,2025-01-17,,익명,반석동 공영주차장(반석동 ***번지) 내에 이중주차 시 과태료 부과 표지판 설치 요청,담당부서 이첩,주차관리과,,complaints_2025.xlsx,주차관리과
2025,2775,2025-01-17,,익명,반석동 공영주차장(반석동 ***번지) 방치차량(**주****) 처리 요청,담당부서 이첩,주차관리과,,complaints_2025.xlsx,주차관리과
2025,2777,2025-01-17,,미상,"테크노*길 ** 부근 사유지인지 아닌지가 궁금하신 민원(주차시비가 붙으셔서 궁금하신 내용)
기다리고 계시겠다고 해서 되도록 9시 되자마자 연락부탁드린다고 함",담당부서 이관,건설과,,complaints_2025.xlsx,건설과
2025,2779,2025-01-17,,익명,죽동초등학교 앞(양방향6차선) 횡단보도에 다량의 계란을 쏟았다고 함 처리 방법 등 을 문의함,담당부서 이첩,청소행정과,,complaints_2025.xlsx,청소행정과
2025,2786,2025-01-16,,미상,"원신흥동 ***-* 차량이 길을 막고 있어서 통행이 불가능. 차량번호 **두**** 레이
차량 주인 연락 후 민원인분께도 전화 요청.
민원인분 추가 요청
착신거부면 차량 출차요청 및 차량에 연락처 기재요청 문자라도 보내달라고 하심.","담당부서 이첩
주차관리과에서 차량 주인과 연락시도하였으나 착신거부. 단속반 현장 출동 및 민원인 안내",주차관리과,,complaints_2025.xlsx,주차관리과
2025,2788,2025-01-16,,미상,"충남대 앞 볼보매장(대전 유성구 한밭대로 ***)에서 매일 아침 이른 출근시간에 해당 매장 앞 한차선을 막고 차량을 내리고 있음.
지하 차도와 갈라져서 좁아진 2차선 도로(황색실선 두줄)의 한 차선을 막고 있어서 교통정체가 심각하고, 사고 유발 가능성이 높아보인다고 신고해 주심.",담당부서 이첩,주차관리과,,complaints_2025.xlsx,주차관리과
2025,2790,2025-01-15,,[삭제],"둔곡동 ***번지  차량과 나무 교통사고 발생.
인도 방향으로 나무가 쓰러짐(사고원인자 *** 010-****-****)
차량 통행에는 지장이 없다고 함.",담당부서 이첩,녹지산림과,,complaints_2025.xlsx,녹지산림과
2025,2791,2025-01-15,,미상,"방금전 지족동 ***-* 노은동 노랑통닭 앞 인도에서    튀어나온 보도블럭으로 인해 넘어짐,   부상입어 보상을 원함",담당부서 이첩,건설과,,complaints_2025.xlsx,건설과
2025,2792,2025-01-15,,[삭제],"금일 오전 9시 음식물 쓰레기 수거 요청을 하였으나 지금까지 처리되지 않음.
대전환경사업지방자치단체조합에도 연락했으나 연락을 안받음. 
빠른처리 및 연락 요청.",담당부서 이첩,청소행정과,,complaints_2025.xlsx,청소행정과
2025,2793,2025-01-15,,미상,"원내동 솔마루공원(진잠로 ***) 쓰레기 무단투기 신고.
굿 하는 무속인 같은 사람들이 차량을 타고 공원내로 들어와서 원내동솔마루공원입구자전거대여소 부근에 막거리 등 쓰레기를 투기하여 악취 등 발생함.",담당부서 이첩,청소행정과,,complaints_2025.xlsx,청소행정과
2025,2794,2025-01-15,,미상,관평동 천변 고속화도로 들어가는 입구쪽에 포트홀이 생겨서 타이어 파손됨. 포트홀 확인 및 보상 가능 여부 연락 부탁드립니다.,소관부서 이첩,건설과,,complaints_2025.xlsx,건설과
2025,2796,2025-01-14,,익명,주민등록 업무 관련 전화(***-****)를 받아서 다시 전화요청함 010-****-****로 전화 부탁드립니다.,담당부서 이첩,진잠동,,complaints_2025.xlsx,진잠동
2025,2797,2025-01-12,,익명,"고양이 사체처리요청
(도안마을*단지 ***동, ***동 옆 도로, 진터터널 전)",접수대장 기록 및 동물사체신고업체 전달,청소행정과,,complaints_2025.xlsx,청소행정과
2025,2798,2025-01-12,,유성경찰서,"교통사고 잔해물 처리 요청
화암동 **-* 주유소 앞 도로(편도 2차로)","당직반 현장 확인 및 시 긴급도로관리팀에서 임시조치함
해당부서 이첩",청소행정과,,complaints_2025.xlsx,청소행정과
2025,2799,2025-01-12,,익명,"고라니 사체 처리 요청
자운대 체력단련장 ~ kb국민은행자운대점 사이 도로",접수대장 기록 및 동물사체신고업체 전달,청소행정과,,complaints_2025.xlsx,청소행정과
2025,2800,2025-01-12,,미명,"외삼로 *가 근처 불법 소각으로 의심되는 냄새가 1년째 (특정 밤 시간대) 지속되어 단속 요망
지난번 민원 요청하였으나 답변 받은 내용이 없었다 함
월요일(13일)까지 민원인께 꼭 전화 달라 하심",해당부서 이첩,청소행정과,,complaints_2025.xlsx,청소행정과
2025,2806,2025-01-12,,미상,한우물네거리에서 농업 기술센터 방향으로 평소 화물차 불법 주차가 많아 불편이 크시다 함,민원 접수,교통정책과,,complaints_2025.xlsx,교통정책과
2025,2807,2025-01-12,,도룡지구대,"대덕대로 *** 앞 차량사고로 인하여 변압기 및 인도 파손이 있었다고 함. 
변압기는 한국전력공사측에 안내하도록 요청하였으나, 인도 파손에 관련해서 지구대측에서 소관부서에 접수 요청",도로(인도) 관련된 사항으로 소관부서 이첩,건설과,,complaints_2025.xlsx,건설과
2025,2808,2025-01-11,,미상,"관평동 ***번지 인근 공장(이건테크)에서 하루종일 규칙적인 소음이 발생
",담당부서 이첩,푸른환경과,,complaints_2025.xlsx,푸른환경과
2025,2809,2025-01-11,,미상,"공원 화장실을 겨울에 왜 잠가두는지 항의함
전화 요청",담당부서 이첩,공원과,,complaints_2025.xlsx,공원과
2025,2810,2025-01-11,,미상,"고양이 로드킬
대정동 한샘근린공원 버스정류장 부근",펫레스큐 연락 및 해당부서 이첩,청소행정과,,complaints_2025.xlsx,청소행정과
2025,2811,2025-01-11,,미상,"힐스테이트 도로 공사 현장 앞쪽 농로를 막아둠.
미리 고지 없고 표지판이 없어서 불편발생.
담당자와 통화 원함.",해당부서 이첩,건설과,,complaints_2025.xlsx,건설과
2025,2812,2025-01-11,,미상,옴 걸린 너구리 포획 요청,야생동물 구조센터 연락,푸른환경과,,complaints_2025.xlsx,푸른환경과
2025,2813,2025-01-11,,미상,오투그란데 ***동 인근 천변에 다친 오리 구조 요청,야생동물 구조대로 연락,푸른환경과,,complaints_2025.xlsx,푸른환경과
2025,2814,2025-01-11,,미상,"상대동 트리플시티 *단지와 *단지 사이
주말에 대형 화물차 불법주차 단속 요청",담당부서 이첩,주차관리과,,complaints_2025.xlsx,주차관리과
2025,2815,2025-01-11,,미상,"(온천동로 **) 장애인 주차구역에 불법주정차 있어 조치 바람. 사진도 찍어두셨다고 함.
차량번호: **부**** 봉고차(전화번호는 안적혀있었음)
해당부서 담당자와 연락 원함",해당부서 이첩,노인장애인과,,complaints_2025.xlsx,노인장애인과
2025,2816,2025-01-11,,미상,"도룡동 스마트리버뷰 정류장 근처 버스정류장 인근 소방용수 불법 주정차구역
전기자전거를 주기적으로 방치. 과태료 처분 등의 가능한 조치를 원함",담당부서 이첩,주차관리과,,complaints_2025.xlsx,주차관리과
2025,2817,2025-01-11,,미상,"대전 MBC, 리버뷰 오피스텔 부근쪽 맨홀에서 물 흘러넘치고 있음. 조치요망.
",해당부서 이첩,건설과,,complaints_2025.xlsx,건설과
2025,2818,2025-01-11,,미상,"통화주신 민원인께서 온천역 사거리에 현수막을 부착하셨는데 
누가, 왜 철거하였는지 알고 싶음
담당자 출근하면 010-****-****로 연락해주길 원함.",해당부서 이첩,건축과,,complaints_2025.xlsx,건축과
2025,2821,2025-01-10,,미상,원신흥동 ***-* 오수관 역류 신고,해당부서 이첩,건설과,,complaints_2025.xlsx,건설과
2025,2823,2025-01-09,,미상,도룡동 *** 부근 도로에 하수가 터져서 물이 계속 흐르고 있음.,관련부서 이첩,건설과,,complaints_2025.xlsx,건설과
2025,2824,2025-01-09,,미상,복용동로**번길** 앞 도로 수도관이 터져서 물이 흐르고 있음.,관련부서 이첩,건설과,,complaints_2025.xlsx,건설과
2025,2826,2025-01-08,,미상,금탄동**번지 종점 부분 도로가 미끄러워 제설 작업 요청.,관련부서 이첩,건설과,,complaints_2025.xlsx,건설과
2025,2827,2025-01-08,,미상,반석마을 *단지~*단지 근방 도로가 미끄러워서 제설 작업 요청함.,관련부서 이첩,건설과,,complaints_2025.xlsx,건설과
2025,2828,2025-01-08,,미상,"구암동 ***-*에 살고있는 개가 너무 심하게 짖어서 소음이 심함.
조치 바람.",관련부서 이첩,지역산업과,,complaints_2025.xlsx,지역산업과
2025,2829,2025-01-08,,미상,효성해링턴에서 갑천 쪽 다리 자전거 전용 도로가 미끄러워 넘어질 수 있음. 조치 바람.,관련부서 이첩,건설과,,complaints_2025.xlsx,건설과
2025,2830,2025-01-08,,미상,제설요청 (성북동 야영장 에서 성북로 ***번길 ***번지 방향),담당부서로 이첩,건설과,,complaints_2025.xlsx,건설과
2025,2831,2025-01-08,,유성지구대,"지구대 통보내용: 온천서로**(장대동)에 폐기물 수거차량이 CCTV를 파손하였음.(CCTV관리번호 **-***)
",담당부서로 이첩,회계과,,complaints_2025.xlsx,회계과
2025,2832,2025-01-08,,미상,국군대전병원 에서 자운대네거리 방향 자운로 *차선 고라니 사체 처리 요청,처리 업체 전달,청소행정과,,complaints_2025.xlsx,청소행정과
2025,2833,2025-01-07,,미상,노은 열매마을 *단지 정문 진 출입로 근방 인도 염화칼슘 살포 요청 ,담당부서 이첩,노은1동,,complaints_2025.xlsx,노은1동
2025,2834,2025-01-07,,미상,노은서로 *** 앞 노은터널 방향 고양이 사체 처리 요청,처리 업체 전달,청소행정과,,complaints_2025.xlsx,청소행정과
2025,2835,2025-01-07,,미상,진잠로 **번길 **번(진잠초등학교) 앞 대로부터 진잠중학교 앞 도로까지 제설 요청,담당부서로 이첩,건설과,,complaints_2025.xlsx,건설과
2025,2836,2025-01-07,,미상,제설 요청(반석동 새미래공원 옆 노은서로 *차선),담당부서로 이첩,건설과,,complaints_2025.xlsx,건설과
2025,2837,2025-01-07,,미상,"궁동***-* 리모델링 공사소음
이른 시간부터 소음 때문에 힘듦",해당부서 이첩,푸른환경과,,complaints_2025.xlsx,푸른환경과
2025,2838,2025-01-06,,익명,"대정동 한진택배 부근 큰 트럭들 야간에 도로에 불법주차 --매우불편 해결방법을 찾아달라
주변에 고정형cctv가 있는데 단속요청이 있을때에만 단속을 한다고 내용이 기재되어 있다고 함.  고정형cctv 단속을 할 수 있는지 문의 ",담당부서로 이첩,주차관리과,,complaints_2025.xlsx,주차관리과
2025,2839,2025-01-06,,익명,만년교에서 유성온천 방향 보도블럭 가까운 쪽 도로 포트홀 신고,해당부서 이첩,건설과,,complaints_2025.xlsx,건설과
2025,2840,2025-01-06,,익명,공주에서 대전 방향 현충원로 *차선 포트홀 신고.,담당부서 이첩,건설과,,complaints_2025.xlsx,건설과
2025,2841,2025-01-06,,유성경찰서,"유성구 하기동 ***-*번지, 하기동 예비군 훈련장 방향 도로 제설 작업 요청",담당부서 이첩,건설과,,complaints_2025.xlsx,건설과
2025,2842,2025-01-06,,익명,신성로 **번길 ** 앞 도로 블랙아이스로 제설 작업 요청.,담당부서 이첩,건설과,,complaints_2025.xlsx,건설과
2025,2845,2025-01-05,,유성소방서,유성구 봉산동 ***-* 고물상 화재 관련 수질 오염 확인 요청.,갑천 수질 오염 관련 해당부서 이첩.,푸른환경과,,complaints_2025.xlsx,푸른환경과
2025,2846,2025-01-05,,미상,궁동 *-** 곪고 오토바이 방치신고,민원접수,교통정책과,,complaints_2025.xlsx,교통정책과
2025,2849,2025-01-04,,미상,배울어린이공원 휴게공간에 술병 및 담배꽁초 등 쓰레기 방치  처리 요청,담당부서이첩,공원과,,complaints_2025.xlsx,공원과
2025,2851,2025-01-04,,미상,"관평동 주민센터 주차장 앞 과일 파는 노점차량 단속요청(과일버스연락처 010-****-****) 과일버스사장님과 통화는 하였음. 이동요청드렸으나,, 이제 개시준비중이었다고하시며,, 조금은 있다가 가신다고 함.
신고민원인은 노점단속 등을 요청하여 당직민원 남깁니다..    (신고인은 관평동 자영업자라고하심)",전화통화 및 담당부서이첩,건설과,,complaints_2025.xlsx,건설과
2025,2852,2025-01-04,,익명,유성문화원 행복단 노인일자리 근무에서 떨어진 것에 대하여 억울함 호소. 부정수급에 대한 신고 요청 및 신원에 대한 비밀 유지 원함,해당동에 이첩,노인장애인과,,complaints_2025.xlsx,노인장애인과
2025,2855,2025-01-04,,[삭제],***** 식당 *** 새우젓에서 두꺼운 털이 나왔는데 주인이 아무렇지 않게 여기고 수거해가서 위생에 대한 신고를 하였음. 꼭 결과를 알려달라고 함!!,해당부서에 이첩,위생과,,complaints_2025.xlsx,위생과
2025,2856,2025-01-04,,미상,"도안*단지 입구 앞 현수막 행정게시대 *** 의원 현수막 게시기한 ~12.24까지로 알고있는데 계속 게시되어 있음. 빠른 철거 요망 조승래의원 현수막에 대한 부정인식 매우 강함 빠른 조치 요망
010-****-****",당직민원,건축과,,complaints_2025.xlsx,건축과
2025,2857,2025-01-04,,[삭제],노은 3동 행정복지센터 무인발급기를 사용후 카드를 두고 왔는데 다시 찾으러 가보니 사라져있어서 노은3동에 분실물로 보관되어 있는지 문의함. 노은3동에 전달하겠다 하였고 월요일에 알아보시도록 하였음,해당동에 이첩,노은3동,,complaints_2025.xlsx,노은3동
2025,2859,2025-01-04,,익명,지족동 롯데마트 사거리 근처에서 고라니 한마리가 돌아다닌다면서 신고됨,펫레스큐와 해당부서에 이첩,푸른환경과,,complaints_2025.xlsx,푸른환경과
2025,2860,2025-01-04,,익명,온천역 부근 족욕장 옆 여자 화장실 청소가 시급하여 연락함,해당부서 이첩,푸른환경과,,complaints_2025.xlsx,푸른환경과
2025,2861,2025-01-04,,익명,온천역 4거리 *** 의원의 현수막이 게시 기간이 지나 1.2.자에 철거 민원을 건축과에 신청했는데 아직까지 처리가 되지 않음에 대해 강한 불만을 표시,해당부서에 관련내용 이첩,건축과,,complaints_2025.xlsx,건축과
2025,2862,2025-01-04,,유성 경찰서,유성구 테크노*로 ***번길 도로 안쪽에 교통사고 파편이 있어 정리를 위한 연락이 옴. 도로 한쪽으로 파편들을 치워 놓음,건설과에 해당 내용을 안내하였는데 청소행정과에 연락하도록 하여 청소행정과에 안내함,청소행정과,,complaints_2025.xlsx,청소행정과
2025,2864,2025-01-04,,익명,"KB 콜센터(지족역 옆) 뒤 지족산 등산로 진입로 가로등이 낮에도 켜져있음 
(시 당직실에서 전달)",담당부서 이첩,건설과,,complaints_2025.xlsx,건설과
2025,2865,2025-01-03,,익명,대전과학고등학교 정문 고라니 사체,동물사체 처리 업체 전달 및 해당부서 이첩,청소행정과,,complaints_2025.xlsx,청소행정과
2025,2866,2025-01-03,,익명,충대농대 버스정류장 인근 고양이사체 ,동물사체 처리 업체 전달 및 해당부서 이첩,청소행정과,,complaints_2025.xlsx,청소행정과
2025,2867,2025-01-03,,익명,송림마을 *단지 옆 도로 중앙분리대에 고라니 사체,동물사체 처리 업체 전달 및 해당부서 이첩,청소행정과,,complaints_2025.xlsx,청소행정과
2025,2868,2025-01-03,,익명,"대전창조경제 혁신센터 대전스타트업파크 근처(근처 공원있음) 과속방지턱에서 넘어짐, 무릎이 까지고 타박상 발생
보행자 안전우선을 위하여 과속방지턱 근처에 보안 등 설치 또는 야광페인트로 도색 요청
담당자는 민원인에게 전화 바랍니다.  ",담당부서 이첩,건설과,,complaints_2025.xlsx,건설과
2025,2869,2025-01-02,,유성경찰서 신성지구대,"청소년 주류판매 유선통보
대전 유성구 죽동로 *** 
수사결과 추후 통보 예정(신성지구대 *** 경감)",담당 부서 전달,교육과학과,,complaints_2025.xlsx,교육과학과
2025,2870,2025-01-02,,미상,"둔곡동 ***번지 전체 등이 나갔음
처리 요망",해당 부서 전달,공원과,,complaints_2025.xlsx,공원과
2025,2871,2025-01-01,,미상,지족동 국민은행대전콜센터 뒤편 산 진입로 (지족동 ***-*번지로 추정) 가로등이 낮에도 자동으로 지속적으로 점멸되지 않아 조치 요청,해당부서이첩,건설과,,complaints_2025.xlsx,건설과
2025,2873,2025-01-01,,미상,비둘기 사체 처리요망,동물사체신고 업체 전달,청소행정과,,complaints_2025.xlsx,청소행정과
2025,2874,2025-01-01,,미상,"유기동물(강아지) 구조 요청
구조담당자(*** / 010-****-****) 연락",구조담당자(김명덕 / 010-****-****) 연락,지역산업과,,complaints_2025.xlsx,지역산업과
2026,1,2026-05-31,숙직,미상,송정동 ***-* 일원 도로에 있는 나뭇가지 및 공사잔해 처리 요청/ 민원인께 연락 부탁드립니다,담당부서 이첩,건설과,처리완료,complaints_2026.xlsx,건설과
2026,3,2026-05-31,숙직,미상,봉명동 ***-* 공사 소음민원/ 건설현장 담당자 010-****-****/010-****-****/010-****-**** ,담당부서 이첩,푸른환경과,처리완료,complaints_2026.xlsx,푸른환경과
2026,4,2026-05-31,숙직,미상,테크노로 디티비안 오피스텔 앞쪽 단속요청,단속반 전달 / 담당부서 이첩,주차관리과,처리완료,complaints_2026.xlsx,주차관리과
2026,5,2026-05-31,숙직,시청당직실,상대근린공원 입구 화장실쪽 고라니 사체,펫레스큐 내용 전달,청소행정과,처리완료,complaints_2026.xlsx,청소행정과
2026,7,2026-05-31,숙직,미상,관평동 롯데마트 2주차장 입구(테크노밸리 *단지 정문 맞은편) 횡단보도 앞 볼라드 기둥부분 교체 요망,해당부서 이첩,건설과,접수,complaints_2026.xlsx,건설과
2026,8,2026-05-31,숙직,미상,유한킴벌리 근처 신구교 가로등 및 진입로 왼쪽 및 가로등 미점등,담당부서 이첩,재난안전과,처리완료,complaints_2026.xlsx,재난안전과
2026,9,2026-05-31,숙직,[삭제],한들어린이공원(관평동 ***)에 루프 장난감(플레이키즈 아래)이 루프 하나가 빠져 위험하니 보수 요청 바람,담당부서 이첩,공원과,접수,complaints_2026.xlsx,공원과
2026,10,2026-05-31,숙직,유성지구대,운행정지명령 관련 번호판 영치 요청,유성지구대와 통화 후 지구대 쪽에서 구청으로 공문발송한다고 함. 해당부서 이첩,교통정책과,접수,complaints_2026.xlsx,교통정책과
2026,11,2026-05-31,일직,119상황실,"대전소방 상황실로부터의 전화
앞 도로 구멍 발생으로 현장 출동 중, 조치 요청함.
소방서 현장 출동 결과 50cm 정도 크기 포트홀로 확인. 
민원인 추가 연락 옴,  도로 한 가운데여서 위험, 차량 통제 희망함.","재난상황실 연락 취함, 소방서 측에서 재난상황실로 해당 사진 전송, 건설과 김홍식 주사님께 해당 주소 전달 (사진 전송 예정)
추가 민원인 번호 010-****-****, 회신 부탁
",건설과,접수,complaints_2026.xlsx,건설과
2026,12,2026-05-31,일직,익명,"전봇대에 대부업체 광고가 너무 심하게 붙어있어 관리요청
2군데(① 송강전통시장에서 스타벅스사이 ② 관평동 먹자골목)",담당부서 이첩,건축과,처리완료,complaints_2026.xlsx,건축과
2026,14,2026-05-31,일직,익명,주말마다 노은동 스타벅스 앞 유예시간 끝났는데도 불법주정차가 아주 심함. ,"담당부서 이첩(회신은 별도로 필요없으나, 단속강력히 요청바람)",주차관리과,처리완료,complaints_2026.xlsx,주차관리과
2026,16,2026-05-31,일직,익명,"○ 어제도 이시간에 전화했다고 함
○ 가로수가 차도 쪽으로 가지가 부러진채로 늘어져 있어 화물차나 버스 등 큰 차량들이 통행에 불편을 겪고 있음. 다른 길을 갈 수도 없고 무조건 그 길만 가야하는데 어제 왜 조치도 안해서 계속 유리창에 나무가 긁혀서 피해를 봐야하냐고 하는 상황임.","○ (14:57) 녹지산림과 도시숲팀 전화하니, 현장 반장님이 가보셔서 처리해야한다고 하여 당장은 처리할 수가 없다는 답변을 받음
○  (15:13) 민원인께 전화하여, 가로수에 대해서는 현장에 가서 확인 후 처리해야하며, 부러진 것이라 하더라도 당장은 자를수없다고 하니, 왜 그걸 못자르냐며 부러진거 치우는게어렵냐고 화를 냄. 죄송하지만 당장은 처리할 수 없고 내일(1일) 아침 바로 현장확인하여 처리할 수 있도록 한다고 하니 또 민원넣겠다며 전화끊음
○ 담당부서 이첩 및 1일(월) 오전 현장확인 후 바로 회신 요청 필요
○ (15:20) 시청콜센터에도 민원넣어서 자르라도 난리를 쳤다고함",녹지산림과,처리완료,complaints_2026.xlsx,녹지산림과
2026,18,2026-05-31,일직,익명,인도에까지 불법투기된 쓰레기가 많이 쌓여있어 걷기가 불편함. 불법투기 단속요청함.,"현재 단속반 근무시간이 종료되어, 내일(1일) 아침에 현장단속하도록 담당부서 안내한다고 함.
담당부서 이첩완료(별도 회신은 필요없음)",청소행정과,처리완료,complaints_2026.xlsx,청소행정과
2026,20,2026-05-31,일직,익명,민방위 관련 등기우편을 받았는데 무슨내용인지 1일(월) 오전중에 회신을 달라고함,담당부서 이첩,학하동,처리완료,complaints_2026.xlsx,학하동
2026,21,2026-05-31,일직,익명,"- 도로불법 주정차로 인하여 차량 통행에 어려움이 있음, 동일 장소 주정차 사유로 민원 전화 다수 발생. 
- 매주 주말마다 반복되고 있으며 주민임에도 불구하고 집 골목으로 들어가지 못할 정도로 주정차가 매우 심하다고 함.",주말 단속반 연락 단속 요청 및 담당부서 이첩 ,주차관리과,처리완료,complaints_2026.xlsx,주차관리과
2026,22,2026-05-31,일직,미상,대전광역시 유성구 갑동 ***-* 남한강 막국수 앞 매주 주말마다 도로 주정차로 인하여 차량 통행에 어려움이 있음. 꾸준히 민원 제기하였으나 해결이 안 되고 있음. ,"6대 불법 주정차 외 점심시간 단속유예 안내, 버스정류장 10m이내, 교차로 등에도 불법주정차가 있다하여 주말 단속반 연락 및 담당부서 이첩 안내 (단속반 측 민원인 전화번호 전달 안내)",주차관리과,처리완료,complaints_2026.xlsx,주차관리과
2026,24,2026-05-31,일직,미상,용산골어린이공원 가로등이 3일 전부터 전체적으로 켜지지 않는다고 함.,담당 부서 이첩,공원과,처리완료,complaints_2026.xlsx,공원과
2026,28,2026-05-31,숙직,미상,세종에서 구즉 가는 방향 둔곡터널 고라니 사체 처리 요청,펫레스큐 전달,청소행정과,처리완료,complaints_2026.xlsx,청소행정과
2026,30,2026-05-31,숙직,미상,대전방향 둔곡터널 200m 전 고라니 사체처리 요청,펫 레스큐 전달,청소행정과,처리완료,complaints_2026.xlsx,청소행정과
2026,31,2026-05-30,숙직,미상,"구암동 **-* 인근 강아지 포획 중, 119 구암센터 출동 후 케이지 보관 후 인계예정.",유기동물 구조대 연락,지역산업과,접수,complaints_2026.xlsx,지역산업과
2026,35,2026-05-30,숙직,미상,청지기교회(용산동 ***) 일원 이면도로 불법 현수막 단속 요청,담당부서 이첩,건축과,처리완료,complaints_2026.xlsx,건축과
2026,36,2026-05-30,일직,미상,"유성온천역 7번, 8번 출구 앞에 음식물 쓰레기와 깨진 유리병이 있어 처리 요청",담당 부서 이첩,청소행정과,처리완료,complaints_2026.xlsx,청소행정과
2026,38,2026-05-30,일직,미상,상대동 / 새터삼거리에서 우회전해서 아이파크시티아파트 가는방면 / 대형화물차 주정차 단속요청 / 여러차례 민원을 넣었으나 해결되지 않음 / 사고의 우려가 있으니 확인요청,담당부서이첩,주차관리과,처리완료,complaints_2026.xlsx,주차관리과
2026,39,2026-05-30,일직,미상,"둔곡동에서 신동 가는 방향 고가도로 밑(국제과학로 / 서한이다음 뒤쪽 둔곡교차로쪽 / 둔곡동 산 8-8 추정) 진입로에 중앙분리대가 한쪽으로 쓰러져있어 민원 요청
해당 구역 추가 민원 접수(010-****-****)_16:22분",담당 부서에 이첩,건설과,접수,complaints_2026.xlsx,건설과
2026,40,2026-05-30,일직,미상,유성에서 진잠네거리 가는 방향 화원 앞에 가로수가 차도 쪽으로 가지가 찢어져 있어 버스 등 큰 차량들이 통행에 불편을 겪고 있어 민원 요청,담당 부서 이첩,녹지산림과,처리완료,complaints_2026.xlsx,녹지산림과
2026,41,2026-05-30,일직,미상,"전민로 **-* 청년피자 앞 골목에 지속적인 불법주 차로 차량통행이 어려워 민원 요청
작년부터 지속적으로 민원을 제기했지만, 해결이 안되어 담당 부서에 해결을 요청한다고 함.
주차단속반에 단속 요청함.",주차단속반에 단속 요청 및 담당 부서 이첩,주차관리과,처리완료,complaints_2026.xlsx,주차관리과
2026,42,2026-05-30,일직,미상,도룡자이라피크 아파트 건설현장에서 민중가요를 크게 틀어놓아 민원 접수,담당 부서에 이첩,푸른환경과,처리완료,complaints_2026.xlsx,푸른환경과
2026,45,2026-05-30,일직,미상,진잠동 복합커뮤니티센터 주차장 차단기가 휘어져 있어 통행에 어려움이 있음.,담당부서 이첩,진잠동,처리완료,complaints_2026.xlsx,진잠동
2026,46,2026-05-30,일직,미상,"학하동 리슈빌포레 학하초 신축 공사 현장 앞 도로에 화물차(25t)를 주차했는데, 앞에 세워져 있는 택배화물차(1t)에는 화물차 단속 계고문이 안 붙어있고,
민원인 차량에만 유성구청 교통정책과라고 기재된 화물차 단속 계고문이 붙어 있어 연락을 했다고 함.",담당부서 이첩,교통정책과,접수,complaints_2026.xlsx,교통정책과
2026,50,2026-05-30,일직,미상,정거장에서 기다리고 있었으나 마을버스 5번이 정차하지 않고 그냥 지나갔음. 민원접수 부탁요청 (26.5.30. 오전 10시 15분경 / 상대동 한라비발디 앞쪽 정거장 / 유성온천역 방면),담당부서이첩,교통정책과,처리완료,complaints_2026.xlsx,교통정책과
2026,53,2026-05-30,일직,미상,온천공(족욕장) 수리 공사 관련하여 안내문 설치 요청,해당 부서 이첩,공원과,처리완료,complaints_2026.xlsx,공원과
2026,54,2026-05-30,일직,미상,대정북로 ** 가로등 고장 접수,해당 부서 이첩,건설과,처리완료,complaints_2026.xlsx,건설과
2026,55,2026-05-30,일직,미상,궁동 ***-**번지 짱구 바이크 뒤편 가로등 고장,담당 부서 이첩,건설과,처리완료,complaints_2026.xlsx,건설과
2026,56,2026-05-29,숙직,진잠파출소,"방동 ***번지(씨앤시티에너지 방동지구, 등산로 인근) 개고기 먹고 남은 사체(뼈, 기름 등) 썩은내가 난다는 신고가 들어와 처리요청함.",담당부서 이첩,청소행정과,처리완료,complaints_2026.xlsx,청소행정과
2026,57,2026-05-29,숙직,익명,"노은2지구 LP27-C3-7 가로등이 일주일 째 불이 안들어왔다가, 지금은 다른 가로등은 안켜져있는데 이 가로등만 불이 켜져있고 이후 22시엔 불이 꺼짐.
지속적으로 민원전화를 하고있는데 개선이 안되고 있음. 바로 조치해달라고 하십니다. (전화는 필요없음)",담당부서 이첩,건설과,처리완료,complaints_2026.xlsx,건설과
2026,58,2026-05-29,숙직,미상,열매마을*단지 ~ *단지 가는 길 보도블럭에서 넘어져서 다침. 관련해서 배상 등 연락 요청 및 보도블럭 정비 요청,관련부서 이첩,건설과,처리완료,complaints_2026.xlsx,건설과
2026,59,2026-05-29,숙직,익명,욧골어린이공원에서 물건을 잃어버려서 CCTV를 확인하고 싶음,담당부서 이첩,공원과,처리완료,complaints_2026.xlsx,공원과
2026,60,2026-05-29,숙직,미상,"궁동 자연아파트 울타리쪽으로 나무 넘어짐(차 위로 넘어짐). 나무 잘라도 되는지 여부 및 관련부서 현장확인, 조치 요청
(차주에게 월요일 조치 가능하다 말씀드려놓음)",관련부서 이첩,공원과,처리완료,complaints_2026.xlsx,공원과
2026,61,2026-05-29,숙직,익명,"진잠동 솔마루공원 벤치가 곧 쓰러지게 생김. 덮개가 유리로 되어있어서 위험해보이니 조치해달라고 하셨고
몇개월 전에도 얘기했었는데 회신이 없었다고,, 연락 달라고 하셨습니다. ",담당부서 이첩,공원과,처리완료,complaints_2026.xlsx,공원과
2026,62,2026-05-29,숙직,익명,성심당DCC점 부근 도로 및 인도 쓰레기가 있어 주기적인 청소 요청,담당부서 이첩,청소행정과,처리완료,complaints_2026.xlsx,청소행정과
2026,63,2026-05-29,숙직,유성경찰서,"월드컵네거리에서 화훼단지 방향 가로등 파손, 전선이 돌출됨, 교통사고(행위자 인적사항 문의하니 교통조사팀으로 공문을 보내라고 힘)",담당부서 이첩,건설과,접수,complaints_2026.xlsx,건설과
2026,64,2026-05-28,숙직,익명,"노은2지구 LP27-C3-7 가로등이 일주일 째 불이 안나온다고 합니다.
담당자가 점검 했다고 했는데 오늘도 불이 안나온다고 하여 타이머 문제인지 등 문제인지 확인 후 조치해달라고 합니다.",담당부서 이첩,건설과,처리완료,complaints_2026.xlsx,건설과
2026,65,2026-05-28,숙직,익명,관평동 롯데마트 옆 대로변 가로등(6개) 꺼져 있음. 조치 요망,담당 부서 이첩,건설과,처리완료,complaints_2026.xlsx,건설과
2026,66,2026-05-28,숙직,익명,"유성대로***번길 ***-** 하얀 작은 강아지가 길거리를 배회하는데 주인이 있는 것으로 보임
(사진 없음, 종 모름)",담당부서 이첩(주인이 있는 경우 구조가 불가하다고 안내),지역산업과,접수,complaints_2026.xlsx,지역산업과
2026,67,2026-05-28,숙직,익명,19:43 기준 도룡동 *** 건설현장 작업으로 인하여 소음이 발생하여 어려움 호소. 당직실이므로 조치가 불가능하겠지만 관련 부서에 민원내용 전달 바람,담당부서 이첩,푸른환경과,처리완료,complaints_2026.xlsx,푸른환경과
2026,68,2026-05-28,숙직,미상,화암네거리 (신성동 ▶ 연구단지 방면) 로드킬 신고 / 중앙선 근처,담당부서 이첩,청소행정과,처리완료,complaints_2026.xlsx,청소행정과
2026,69,2026-05-27,숙직,미상,"상대동예고근처 구암복지센터 근처 주택인데
탑메이커수학학원 그사이에 좁은 골목 어딘가에서 몇년째 불법소각 하고있으니
해결해달라고하셨습니다
전화도 요청 하셨습니다

",담당부서이첩,청소행정과,처리완료,complaints_2026.xlsx,청소행정과
2026,70,2026-05-27,숙직,노은지구대 박준범 경사,갑천 하상도로 조명 정비요청 / 유성경찰서에서 충대서문 방향 ,담당부서 이첩,재난안전과,처리완료,complaints_2026.xlsx,재난안전과
2026,71,2026-05-27,숙직,미상,장대동 재개발로 인하여 도로 폐쇄한 점에 대하여 불만 / 사전예고 없이 폐쇄된 점에 대해 불만이므로 진행 절차를 담당자가 유선으로 설명해주기를 요청 ,담당부서 이첩,건설과,접수,complaints_2026.xlsx,건설과
2026,73,2026-05-27,숙직,미상,진터지하차도 출구에서 둔산동 방향으로 조금 나와서 아기 고양이가 도로에서 돌아다니고 있다고 함(민원인 연락 요청),담당 부서 이관,지역산업과,접수,complaints_2026.xlsx,지역산업과
2026,74,2026-05-27,숙직,진잠파출소,"청소년보호법 위반 업소 통보(진잠로**번길 **)
미성년자 3명한테 참이슬 등 42,000원 판매",담당부서 이첩,위생과,처리완료,complaints_2026.xlsx,위생과
2026,75,2026-05-27,일직,미상,원골네거리 횡단보도 포트홀 발생,담당부서이관,건설과,처리완료,complaints_2026.xlsx,건설과
2026,76,2026-05-26,숙직,미상,원촌삼거리 (삼화문구 앞) 고라니 사체 처리 요청,담당부서 이첩 (펫레스큐 전달),청소행정과,처리완료,complaints_2026.xlsx,청소행정과
2026,77,2026-05-26,숙직,미상,대전유성경찰서 뒷편 (표:노은2지구 Lp2-7/ C3-7) 주변 가로등 전부 소등,해당부서 전달,건설과,처리완료,complaints_2026.xlsx,건설과
2026,78,2026-05-26,숙직,미상,119상황실 전화 장대동 ***-**번지 앞 싱크홀 발생,담당 부서 전달,건설과,접수,complaints_2026.xlsx,건설과
2026,79,2026-05-26,숙직,미상,표준과학연구원에서 과학기술연합대학원 방향으로 ***m 정도 떨어진곳에 보행길 풀숲 안쪽에 큰 개로 보이는 사체가 있다고 함,업체 내용 전달,청소행정과,처리완료,complaints_2026.xlsx,청소행정과
2026,80,2026-05-26,숙직,미상,전민로**번길 ** 앞쪽 도로 라인 하수도 막힘,담당부서 이첩,건설과,처리완료,complaints_2026.xlsx,건설과
2026,83,2026-05-25,숙직,미상,"반석천(죽동 칸타빌~유성경찰서 방면) 가로등이 꺼져있음. 지난 번에도 같은 문제 목격하였고, 어두운 곳이라 위험성이 높아 빠른 조치가 필요하다고 생각됨.",관련 부서 이첩,재난안전과,처리완료,complaints_2026.xlsx,재난안전과
2026,85,2026-05-25,일직,[삭제],장애인 택시 바우처 관련으로 민원 신청하고싶다함( 교통약자지원센터로 여러번 안내했지만 막무가내 욕설과 고성으로 구청에서 하는거라고 주장) 답변회신 원함,담당부서 이첩,노인장애인과,처리완료,complaints_2026.xlsx,노인장애인과
2026,86,2026-05-25,일직,미상,학하초등학교 정문 앞에 포트홀이 큰게 있어서 위험하니 처리해줬으면 좋겠음,담당부서 이첩,건설과,처리완료,complaints_2026.xlsx,건설과
2026,87,2026-05-25,일직,미상,학하동 대전광역시온마음병원으로 가는 터널에 포트홀이 많아서 처리 바람,담당부서 이첩,건설과,처리완료,complaints_2026.xlsx,건설과
2026,88,2026-05-25,일직,미상,신구교 인근 송강동에서 관평동 방면으로 가는 천변 조명이 들어오지 않음 (정확한 위치 미정),담당부서 이첩,건설과,처리완료,complaints_2026.xlsx,건설과
2026,89,2026-05-25,일직,[삭제],대전 유성구 유성대로***번길 ** (한국타이어 테크노돔) 야외 화장실 인근 유기견 배회,유기동물담당자 연락,지역산업과,접수,complaints_2026.xlsx,지역산업과
2026,90,2026-05-25,일직,미상,장대로**번길 ** (장대동) cu편의점 인근 도로에 포트홀 발생하여 조속히 처리 원함,담당부서 이첩,건설과,접수,complaints_2026.xlsx,건설과
2026,91,2026-05-25,일직,미상,"구룡동 ***-*번지 인근 공사 도로 점용으로 통행 불편, 적법한 것인지 담당 부서 회신 요청",담당부서 이첩,건설과,접수,complaints_2026.xlsx,건설과
2026,92,2026-05-25,일직,[삭제],"복용북로 **번길 ** 인근 인도에서 걸려서 넘어져서 부상( 손, 얼굴 다쳐서 응급실) ",담당부서 이첩,건설과,처리완료,complaints_2026.xlsx,건설과
2026,94,2026-05-25,일직,[삭제],지족동 ***번지 나무가 쓰러져 밭을 침범 ,담당부서 이첩,녹지산림과,처리완료,complaints_2026.xlsx,녹지산림과
2026,96,2026-05-25,숙직,미상,"5월 18일 동일 민원관련 사항
관평동 한화꿈에그린**단지 근처 주택/상가지역 가로등이 하절기가 되어 날이 이른 시간 밝아지고 있으나 현재까지 켜져있어서 5월18일에 민원요청하였으나 미조치된 것으로 확인됨.
처리후 담당자 해당 민원인에게 전화 회신 요청함",담당 부서 이첩,건설과,처리완료,complaints_2026.xlsx,건설과
2026,98,2026-05-24,숙직,진잠경찰서,"용계로**번길 ** 부근 풀숲에 뉴EF소나타(2001년식으로 추정)차량 장기 방치되어 처리 요청. (현재 앞뒤 번호판이 부재한 상황)
해당 민원과 관련한 차량 사진 당직실전용 휴대폰(010-****-****) 문자로 회신받음 (5.25. 00:03 / 010-****-**** 발신자)",담당 부서 이첩,교통정책과,처리중,complaints_2026.xlsx,교통정책과
2026,99,2026-05-24,숙직,미상,"5월21일 21:49과 동일 민원내용
가로등 불이 안들어옴
 - 신성동 한국화학연구원 정문~은골산 방면
 - 신성동 한국화학연구원~전자통신연구원(전민동) 방면
 - 가정로 **(투썸플레이스 대전신성점) 부터 한국화학연구원 일대 가로등 보수 요청",담당 부서 이첩,건설과,처리완료,complaints_2026.xlsx,건설과
2026,100,2026-05-24,숙직,미상,온천북로 **번길일대 주차단속 시간대 철저요청함. (온천칼국수 도로 일대),담당 부서 이첩,주차관리과,처리완료,complaints_2026.xlsx,주차관리과
2026,101,2026-05-24,숙직,미상,금호타이어(대학로 ***-*) - 카이스트 정문 사이 대학로 공중화장실 문 수리요청 민원,담당 부서 이첩,재난안전과,처리완료,complaints_2026.xlsx,재난안전과
2026,102,2026-05-24,숙직,"시청당직실, 민원인",유성구 엑스포로 *** 주변 / 엑스포로 도로로 하수 물이 유출 중이라 함. ,담당 부서 이첩,건설과,처리완료,complaints_2026.xlsx,건설과
2026,103,2026-05-24,숙직,미상,이번주 전입신고를 진행하였으나 등본 확인결과 주소표기가 잘못되었다고 함. 이와 관련하여 정정 요청.,담당 부서 이첩,학하동,처리완료,complaints_2026.xlsx,학하동
2026,105,2026-05-24,숙직,미상,유성대로 ***번길(유성고등학교 정문 / CU편의점 사이도로) 포트홀 관련 보수요청. (1주 전부터 확인되었으나 현재 20cm가량 커졌다고 신속조치요청함),담당 부서 이첩,건설과,접수,complaints_2026.xlsx,건설과
2026,106,2026-05-24,숙직,미상,"학하동 ***-* 주변 진잠옛로 도로에 포트홀로 인해 사고위험이 있어 보수요청.
(진잠옛로 학하동 가는 방면)",담당 부서 이첩,건설과,처리완료,complaints_2026.xlsx,건설과
2026,107,2026-05-24,일직,익명,까치사체 처리요청 / 대덕대로 ***번길 *** 기숙사 정문 앞,펫레스큐 담당 내용전달,청소행정과,처리완료,complaints_2026.xlsx,청소행정과
2026,108,2026-05-24,일직,미상,"보물섬수산 인접해있는 유성천 자전거도로에 고양이 사체 수거 요청
구암동 ***-***",펫레스큐 이첩 및 동물사체처리대장 기재,청소행정과,처리완료,complaints_2026.xlsx,청소행정과
2026,109,2026-05-24,일직,하정식 경위노은지구대,노은LH*단지에서 노은해랑숲*단지 방향 터널 지나기전 해랑숲근린공원으로 올라가는 계단에 자동차 범퍼 수거 요청,담당부서 이첩,청소행정과,처리완료,complaints_2026.xlsx,청소행정과
2026,110,2026-05-24,일직,미상 상수도사업본부접수,"<대전상수도사업본부 전화>
유성온천역 다이소 앞 배수로 막혀서 물이 역류하고 있어 처리 필요하다고 함.",담당부서 이첩,건설과,처리완료,complaints_2026.xlsx,건설과
2026,111,2026-05-24,일직,CJ나인파크주민,유성온천사거리부터 충남대학교 가는 인도에 쓰레기가 너무 많아 청정유성 이름에 걸맞지 않다고 민원 제기함.,담당부서 이첩,청소행정과,접수,complaints_2026.xlsx,청소행정과
2026,114,2026-05-24,일직,미상,"학하동 *** 한화포레나 들어가는 삼거리 포트홀 정비 요망
(너비 30cm이 넘고 깊이가 차가 빠질수있을정도의 포트홀이라 빠른처리필요하다고 함.)",담당부서 이첩,건설과,처리완료,complaints_2026.xlsx,건설과
2026,115,2026-05-24,일직,[삭제],2~3일동안 어미고양이 없이 버려진 새끼고양이 구조 요청 / 노은동 ***-** 취미분재원 일원,유기동물 구조담당자 내용전달,지역산업과,접수,complaints_2026.xlsx,지역산업과
2026,116,2026-05-24,일직,미상,"반석동 ***-* 군수사령부 인근 삼거리
> 비둘기 사체 처리 요청",펫레스큐 이첩 및 동물사체처리대장 기재,청소행정과,처리완료,complaints_2026.xlsx,청소행정과
2026,117,2026-05-24,일직,익명,한밭대로 ***번길(월드컵경기장 가기전 성모병원으로 빠지는 샛길) 고양이 사체 처리 요청,펫레스큐 이첩,청소행정과,처리완료,complaints_2026.xlsx,청소행정과
2026,119,2026-05-24,숙직,익명,봉명동 ***-** 공사현장 소음 민원처리요청,담당부서 이첩,푸른환경과,접수,complaints_2026.xlsx,푸른환경과
2026,120,2026-05-23,숙직,미상,죽동칸타빌아파트 - 노은동 방면 하상도로(자전거 도로) 가로등 고장 / 수리 요청 ,담당부서 이첩 ,재난안전과,처리완료,complaints_2026.xlsx,재난안전과
2026,121,2026-05-23,숙직,미상,"박산로 ***(유성보건소 근처) 주차 단속 요청
담당자가 전화를 직접 해달라고 요청하심 ",담당부서 이첩 ,주차관리과,처리완료,complaints_2026.xlsx,주차관리과
2026,122,2026-05-23,숙직,익명,학하동리슈빌포레앞 식당 음식물쓰레기를 수거요청 및 금주에 수거하지 않은 이유 회신 요청,담당부서 이첩,청소행정과,처리완료,complaints_2026.xlsx,청소행정과
2026,123,2026-05-23,숙직,미상,봉산동 ***번지 농로 포장 관련 민원 제기 ,담당부서 이첩 ,지역산업과,접수,complaints_2026.xlsx,지역산업과
2026,124,2026-05-23,일직,미상,"봉명동 ***-* 이랜드건설 현장 소음 민원, 소음으로 민원 다수 요청 ",현장 소장님과 통화 후 민원인에게 안내 완료,푸른환경과,처리완료,complaints_2026.xlsx,푸른환경과
2026,125,2026-05-23,일직,미상,"반석마을 *단지 큰 사거리(반석동 *** 근처) 그늘막 밑에서 한 트럭이 도너츠 불법노점상을 운영하고 있어 시민들이 그늘막을 이용하지 못해 불편을 겪고, 차량이 보도블럭 위에 있어 위험해 보인다고 함. 
",즉각 조치를 요청하여 불법주정차 주말단속반 전달하였으며 불법노점상 담당부서 이첩,건설과,처리완료,complaints_2026.xlsx,건설과
2026,126,2026-05-23,일직,미상,금고동(대전하수처리장 공사현장)에 고라니 사체 처리 요청 ,"펫레스큐 연락 및 담당부서 이첩
동물사체처리대장 찾을 수 없어 기재 못함.",청소행정과,처리완료,complaints_2026.xlsx,청소행정과
2026,127,2026-05-23,일직,미상,"갑천(전민동 엑스포아파트 하천) 에 유성구청 마크 있는 봉고 방재차가 다니고 있는데 소리만 크고 '소독약이 하나도 안나온다'고 하심.
민원인 별도 연락 불요.
",담당부서 이첩,재난안전과,접수,complaints_2026.xlsx,재난안전과
2026,128,2026-05-23,일직,미상,"봉산동 상가 화장실 정화조 넘친다고 전화와 한빛위생공사 연락처 알려줬으나 업체 연락 안됨(전화기 수리중 메세지),
5.26.(화) 한빛위생공사에 연락 후 연락 안될 시 푸른환경과 담당에게 전화하시라고 안내함
",담당부서 이첩,푸른환경과,처리완료,complaints_2026.xlsx,푸른환경과
2026,129,2026-05-23,일직,미상,노은동 일대 불법주정차 단속 요청,주말 단속반 전달,주차관리과,처리완료,complaints_2026.xlsx,주차관리과
2026,130,2026-05-23,일직,미상,궁동 ***-** 가로등 수리 요청,담당부서 이첩,건설과,처리완료,complaints_2026.xlsx,건설과
2026,131,2026-05-23,일직,미상,"불법 노점상(트럭에 전복, 간장 등 약장사하는데 소음이 너무 큼) 철거 요청,  계속 있는건 아니고 주변을 돌아다님. 
불법주정차는 열심히 단속하면서 이런건 단속 안하냐고 강하게 항의함.  ",담당부서 이첩,건설과,처리완료,complaints_2026.xlsx,건설과
2026,132,2026-05-23,일직,미상,족욕장 공사기간 및 이용 제한 사항에 대하여 현장에 현수막 부착 등 안내 요청,담당부서 이첩,공원과,처리완료,complaints_2026.xlsx,공원과
2026,133,2026-05-23,일직,미상,"장대동 ***-*, 천양원 버스정류장 유기견 구조 요청",펫레스큐 전달,지역산업과,접수,complaints_2026.xlsx,지역산업과
2026,134,2026-05-23,일직,"시청 당직실,파출소",녹야원 건물 붕괴 우려 관련 민원,담당부서 이첩,재난안전과,접수,complaints_2026.xlsx,재난안전과
2026,135,2026-05-23,일직,미상,"도룡동 라피크 현장, 공항가는 버스 타는쪽 건널목의 횡단보도에 봉고차(회색, 스타렉스, 노조스피커와 깃발 달림) 가 10일 정도 불법주차 하고 있음.
강하게 항의하며 조치 요망 (별도 연락 요청하지는 않으심) ",담당부서 이첩 및 주말주차단속반 전달 ,주차관리과,처리완료,complaints_2026.xlsx,주차관리과
2026,137,2026-05-22,숙직,미상,"학하네거리 일원 흰, 갈색 웰시코기 유기 신고.",구조담당자(김명덕)께 연락.,지역산업과,접수,complaints_2026.xlsx,지역산업과
2026,138,2026-05-22,숙직,미상,"중동골네거리(상대동 ***) 현수막이 낮게 걸려있어(자전거 탄 사람 기준 목 높이) 넘어져 다침.
얼굴이랑 손 꿰맸는데 배상을 받고 싶음.",담당 부서 이첩.,건축과,처리완료,complaints_2026.xlsx,건축과
2026,139,2026-05-22,숙직,미상,엑스포로***번길(태광산업중앙연구소~수자원공사) 일대 가로등이 전부 점등 안 되어 있음.,담당 부서 이첩,건설과,처리완료,complaints_2026.xlsx,건설과
2026,140,2026-05-22,숙직,미상,호남고속도로~유성여고 방면 가로등이 줄지어 점등이 안되어있음.,담당 부서 이첩,재난안전과,처리완료,complaints_2026.xlsx,재난안전과
2026,141,2026-05-22,숙직,미상,"노은2지구 가로등 며칠째 점등이 안됨
LP27-C3-7. 통화를 원하심.",담당 부서 이첩,건설과,처리완료,complaints_2026.xlsx,건설과
2026,142,2026-05-22,숙직,익명,유성복합터미널 택시승강장 자가용이 주차되어 있어 통행에 불편,담당부서 이첩,주차관리과,처리완료,complaints_2026.xlsx,주차관리과
2026,143,2026-05-22,숙직,미상,"원신흥동 ***-* 소소맥주. 불법노상 중. 소음때문에 잠을 잘 수 없음.
일부러 주말에만 깔아놓는데 이번에는 세게 좀 조치해줬으면 함.",담당 부서 이첩,위생과,처리완료,complaints_2026.xlsx,위생과
2026,144,2026-05-22,숙직,익명,"중동골네거리(상대동 ***)에 선거 현수막이 너무 낮게 걸려있어서 지나가는 행인이 다치는 사고가 발생함
현수막 위치조정 및 피해청구",담당부서 이첩,건축과,처리완료,complaints_2026.xlsx,건축과
2026,145,2026-05-22,숙직,미상,"도룡동 ***-*, 대양석유직영 엑스포주유소 근처. 차가 인도에 볼라드를 치고 가서 부서짐. 처리 요망.",담당 부서 이첩,건설과,접수,complaints_2026.xlsx,건설과
2026,146,2026-05-22,숙직,미상,"계산동 ***-*, 고양이 사체 발견. 처리 요망.",펫레스큐 전달. 동물사체신고 접수대장 기록.,청소행정과,처리완료,complaints_2026.xlsx,청소행정과
2026,147,2026-05-22,숙직,미상,"노은동 하나은행 앞 인도블럭이 꺼짐.
3달 전에 조치한다고 했는데 그대로임.
전화 원하시며 빠른 조치 요구.",담당 부서 이첩,건설과,처리완료,complaints_2026.xlsx,건설과
2026,148,2026-05-21,숙직,미상,관평동 파크골프장 주변 도로(갑천로 추정) 한쪽 차선이 다 불법주차되어 있어 불편. 단속 요청,담당부서 이첩,주차관리과,처리완료,complaints_2026.xlsx,주차관리과
2026,149,2026-05-21,숙직,미상,카이스트 후문에서 과학고등학교 입구 방향 도로에 고라니 사체 있음. 처리 요청,펫레스큐에 전달,청소행정과,처리완료,complaints_2026.xlsx,청소행정과
2026,150,2026-05-21,숙직,미상,"가로등 불이 안들어옴
 - 신성동 한국화학연구원 정문~은골산 방면
 - 신성동 한국화학연구원~전자통신연구원(전민동) 방면",담당부서 이첩,건설과,처리완료,complaints_2026.xlsx,건설과
2026,151,2026-05-21,숙직,미상,"죽동 *** 일대 가로등 불 안들어옴. 
20일 민원과 동일건 22일 오후 1시에 전화회신해달라고 함.",담당부서 이첩,건설과,처리완료,complaints_2026.xlsx,건설과
2026,152,2026-05-21,숙직,미상,"마을 3번 버스 기사 불친절 관련 민원으로, 승객 승차 시 문을 열어주지 않으려 한 점에 대한 불만이 제기됨. 또한 평소 운전이 거칠고 위협적으로 느껴지는 경우가 많아 이용에 불편과 불안을 느낀다는 내용이며, 기사 대상 친절·안전운행 교육 등 개선 조치를 요청함",담당부서 이첩,교통정책과,처리완료,complaints_2026.xlsx,교통정책과
2026,153,2026-05-21,숙직,미상,"분실된 신분증 관련 유성구 구즉동에서 카카오톡을 두번 받았다고 함. 
해당 신분증은 본인이 아니며, 전화번호 재확인 요청함.",담당부서 이첩,구즉동,처리완료,complaints_2026.xlsx,구즉동
2026,154,2026-05-21,숙직,미상,유성보건소 근처에 불법 주정차 차량이 너무 많아 단속 요청,담당부서 이첩,주차관리과,처리완료,complaints_2026.xlsx,주차관리과
2026,155,2026-05-21,숙직,구즉지구대,오봉터널(세종에서 대전가는 방향) 터널나오자마자 포트홀 있어 보수 필요할 것으로 보임. 담당부서 이첩 요망,담당부서 이첩,건설과,접수,complaints_2026.xlsx,건설과
2026,156,2026-05-21,숙직,미상,노은동->진잠동 방향 도로에서 포트홀로 인해 타이어 펑크나서 배상 상담 문의. 자세한 위치는 상담 해봐야 알 것 같음 ,담당부서 이첩,건설과,처리완료,complaints_2026.xlsx,건설과
2026,157,2026-05-20,숙직,미상,"죽동 *** 일대 가로등 불 안들어옴. 정비 요청.
정확한 위치는 민원인과 통화해봐야 알 듯 싶습니다.",담당부서 이첩,건설과,처리완료,complaints_2026.xlsx,건설과
2026,158,2026-05-20,숙직,미상,"송강동 **-* 앞 도로 공사 후 물이 빠져나가지 못해 건물에 침수 피해 발생
※ 전문가 의뢰 결과 건물 배수구에서 도로쪽으로 물이 빠져나가지 못해서 그런 것이며, 구청에 문의해보라고 답변받았다고함",담당부서 이첩,건설과,처리완료,complaints_2026.xlsx,건설과
2026,159,2026-05-20,숙직,유성경찰서,"구룡동 에서 구룡동 ***-* 도로로 전도된 수목 우선 처리 완료하였음
나머지 정리 요청",담당부서 이첩,녹지산림과,처리완료,complaints_2026.xlsx,녹지산림과
2026,160,2026-05-20,숙직,미상,"전민동 북대전ic 언덕너머 한남대학교 대덕캠퍼스 버스정류장 쪽 로드킬 고라니 사체 처리 요청하였으나(2시경 당직민원 접수) 미처리로 *시 동일민원 발생. 업체에 조속한 처리 요청하였으나(2차례 전화) 시간이 소요된다는 답변.
",담당부서 이첩,청소행정과,처리완료,complaints_2026.xlsx,청소행정과
2026,162,2026-05-19,숙직,미상,유성시장(장대교 ~ 불교시설)의 불법주차가 만연하여 일대의 주차단속을 요청함,담당부서 이첩,주차관리과,처리완료,complaints_2026.xlsx,주차관리과
2026,163,2026-05-19,숙직,미상,용계동 ***-*에 유기견이 있다고 시 당직실(042-****-****)에서 전화 옴,"한국전견국연맹 김명덕(010-****-****)에게 연락
담당부서로 이첩",지역산업과,접수,complaints_2026.xlsx,지역산업과
2026,164,2026-05-18,숙직,미상,'유성구 봉산북로**번길 **-**'일원 로드킬로 인한 동물(고양이)사체 처리 요청,"펫레스큐(010-****-****) 내용 전달 및 동물사체신고 접수대장 기재
담당부서로 이첩",청소행정과,처리완료,complaints_2026.xlsx,청소행정과
2026,165,2026-05-18,숙직,[삭제],"1. 친환경 주차 위반으로 과태료 부과됨
2. 부과된 위치는 전기차 충전선이 닿지 않는 자리이며, 이에 대한 내용은 신고내용에는 제출되지 않음. 
3. 민원인의 주장에 따르면 현재 사전통지에 대한 의견제출을 할 예정이며, 업무담당자가 민원인과 통화를 해주기를 요청함",해당부서로 이첩,푸른환경과,처리완료,complaints_2026.xlsx,푸른환경과
2026,167,2026-05-18,숙직,미상,리베라 호텔 맞은편 공원 그네 아래 흔들의자의 피스가 나와 위험한 상태임,담당부서 이첩,공원과,처리완료,complaints_2026.xlsx,공원과
2026,168,2026-05-18,숙직,미상,"'노은동 ***-** 일원' 하수구에서 어린 고양이를 구출하였고, 구조를 요청함.
※ 유성구 유기동물 구조 담당자(010-****-****)에 내용 전달 결과, 어미고양이의 보호관리 여부 확인을 위해 내일까지 경과를 지켜보는 방향으로 답변 받았으며, 이를 민원인에 안내한 상태임.",관할부서 이첩,지역산업과,접수,complaints_2026.xlsx,지역산업과
2026,169,2026-05-18,숙직,익명,유성우체국 주변(족욕장 옆) 불법주차 만연에 따라 단속 요청,해당부서 이첩,주차관리과,처리완료,complaints_2026.xlsx,주차관리과
2026,170,2026-05-18,숙직,미상,"화암네거리 육교 지나서 2차선 도로, 인도 경계 대리석 공사관련
출근시간에 공사를 해서 차가 꽉 막힌다고 합니다. 출근시간 피해서 공사를 해달라고 요청하심.",담당부서 이관,건설과,접수,complaints_2026.xlsx,건설과
2026,171,2026-05-18,숙직,미상,"봉명동 ***-* / 이랜드 건설현장 소음 70db을 넘김. 3년째 그러고 있다고 함. 주의 좀 주셨으면 한다고 합니다.(현장 부장님과 통화는 한 번 했습니다/010-****-****)
8시 11분, 8시22분 2번 더 전화옴. 구청에서 현장으로 전화해서 조치 해줄 것을 지속적으로 요청합니다.
본인이 데시벨 넘는 동영상도 다 찍어 놨다고 함. ",담당부서 이관,푸른환경과,처리완료,complaints_2026.xlsx,푸른환경과
2026,172,2026-05-18,숙직,미상,"관평동 한화꿈에그린**단지 근처 주택지역 가로등 꺼지는 시간을 조절해주세요.(해뜨는시간이 이른데 가로등이 아침6시까지도 켜져 있음)
담당자분 민원인께 연락 바람.",담당부서 이관,건설과,처리완료,complaints_2026.xlsx,건설과
2026,173,2026-05-18,숙직,미상,현충원 정문 부근 (공주에서 현충원으로 가는 방향쪽) 고양이 사체,담당부서 이첩,청소행정과,처리완료,complaints_2026.xlsx,청소행정과
2026,174,2026-05-17,숙직,[삭제],"위치: 유성구 봉명동 월드컵대로
내용: 공원 내 유리조각이 많이 흩어져 있음. 신속한 처리요청 ",담당부서 이첩,공원과,처리완료,complaints_2026.xlsx,공원과
2026,175,2026-05-17,일직,미상,원신흥동 ***-* /불법 옥외 영업중 금~일 하는것으로 추정. 연락달라고 요청.,담당부서 이첩,위생과,처리완료,complaints_2026.xlsx,위생과
2026,176,2026-05-17,일직,미상,구암동 ***-* / 사용한 물을 하천으로 그냥 흘려보내는 것 같다는 민원.,담당부서 이첩,푸른환경과,처리완료,complaints_2026.xlsx,푸른환경과
2026,177,2026-05-17,일직,[삭제],"관평동 배울네거리 / 신고자는 인근 상인 및 주민, 인도 내 노점상 철수 요청",담당부서 이첩,건설과,처리완료,complaints_2026.xlsx,건설과
2026,178,2026-05-17,일직,미상,"구암역 옆 보물섬 인근 주민인데 썩은내가 너무 난다고 함. 화학약품인지는 잘 모르겟고, 생선 썩은내 같다고 함",담당 민원 등록,푸른환경과,처리완료,complaints_2026.xlsx,푸른환경과
2026,179,2026-05-17,일직,미상,오늘(5/17) 봉산동에서 오후 3시20분에 출발하는 마을 5번 버스가 정류장에서 사람이 기다리고 있는데 정차하지 않고 그냥 지나갔다고 함. 처리결과 알려달라고 함.,담당부서 이첩,교통정책과,처리완료,complaints_2026.xlsx,교통정책과
2026,180,2026-05-17,일직,미상,봉산동 ***-* / 매 주말마다 소음이 심함. 조치요청. 연락은 안줘도 된다고 하심.,담당부서 이첩,푸른환경과,처리완료,complaints_2026.xlsx,푸른환경과
2026,181,2026-05-17,일직,미상,"노인 일자리 지원 중 아파트 경비원 자리도 지원이 되는지 여부 문의, 전화 달라는 요청",담당부서 이첩,노인장애인과,처리완료,complaints_2026.xlsx,노인장애인과
2026,182,2026-05-17,숙직,미상,원신흥동 ***-*노상에 테이블 설치 후 영업에 따른 조치요청 / 금~일 저녁시간대 영업 중,담당부서 이첩,위생과,처리완료,complaints_2026.xlsx,위생과
2026,184,2026-05-16,숙직,미상,문지동 *** (강변어린이공원) 내 수도시설 파손되어 물 새고 있음,담당부서 이첩,공원과,처리완료,complaints_2026.xlsx,공원과
2026,185,2026-05-16,숙직,미상,"대전외국인학교에서 저녁시간에 다량의 불꽃놀이 실시하여 소음등으로 민원 접수하셨고
폭죽에 놀라 넘어져서 다친 사람도 있다고 하십니다
연락 부탁하였습니다",담당부서 이첩,푸른환경과,처리완료,complaints_2026.xlsx,푸른환경과
2026,186,2026-05-16,숙직,미상,"열매마을*단지 인근 (지족동 ***)
평일 및 주말 주차단속 요청",담당부서 이첩,주차관리과,처리완료,complaints_2026.xlsx,주차관리과
2026,187,2026-05-16,숙직,익명,봉명동 ***-** 앞 오수 맨홀에서 맑은 물이 솟아오르고 있음,담당부서 이첩,건설과,처리완료,complaints_2026.xlsx,건설과
2026,189,2026-05-16,일직,미상,"유성대교 위에 있는 가로등(홈플러스쪽 방향),
가로등 선이 드러나서 6줄이 밖으로 나와있음.
가로등 선의 껍질 벗겨지면 누전되기에 빠른 조치 바랍니다.",해당부서 이첩,건설과,처리완료,complaints_2026.xlsx,건설과
2026,192,2026-05-16,일직,미상,지족동 홈마트에서 영무예다음 방향 제초작업으로 인한 차량 손상 보상 청구 민원,담당 부서 이첩,녹지산림과,처리완료,complaints_2026.xlsx,녹지산림과
2026,195,2026-05-16,일직,미상,"봉명동 ***-* 이랜드건설 현장 소음 민원, 소음으로 민원 다수 요청 ",현장 소장님 통화 후 민원인 안내 완료,푸른환경과,처리완료,complaints_2026.xlsx,푸른환경과
2026,196,2026-05-16,일직,미상,유성 하늘채 하이에르(코오롱) 공사 현장 소음 민원 (이른 시간부터 너무 큰 소음이 지속),담당부서 이첩,푸른환경과,처리완료,complaints_2026.xlsx,푸른환경과
2026,199,2026-05-16,숙직,미상,봉명동 ***-*번지 이랜드공사현장 주말 아침부터 철거작업 소음으로 항의 민원 / 주말 공사 금지 규정 없어 당직민원으로 등록함. 공사 담당자 번호 010-****-****,담당 부서 이첩,푸른환경과,처리완료,complaints_2026.xlsx,푸른환경과
2026,200,2026-05-15,숙직,미상,"유성구 도안대로***, 소음이 너무 심하여 조치 요청 /  해당 야장이 허가를 받은 건지 불법인 건지에 대한 문의하여 회신 필요",담당 부서 이첩,위생과,처리완료,complaints_2026.xlsx,위생과
2026,202,2026-05-15,숙직,미상,구청 앞 스타벅스 맞은편 현수막의 위치가 너무 낮아 상해 입음. 철거 등 빠른 조치 필요.,담당부서 이첩,건축과,처리완료,complaints_2026.xlsx,건축과
2026,204,2026-05-15,숙직,미상,"가로등 고장/수리 요청
- 용계동 진잠옛로 **번 제일교회 앞 가로등 2개가 불이 들어오지 않음",담당부서 이첩,건설과,처리완료,complaints_2026.xlsx,건설과
2026,205,2026-05-15,숙직,미상,"로드킬 고양이 사체 처리 요청
- 발견장소: 전민동 세종아파트 ***동 앞",펫레스큐 요청 및 동물사체처리대장 기재,청소행정과,처리완료,complaints_2026.xlsx,청소행정과
2026,206,2026-05-15,숙직,미상,장대동 구암교 바로 옆 유성천 천변 도로 진입로 막아놔 통행 불가 / 빠른 조치 요망,담당부서 이첩,도시계획과,접수,complaints_2026.xlsx,도시계획과
2026,207,2026-05-15,숙직,미상,"민방위 교육 통지서를 금일 수령했으나 소집일이 차주 월요일 오전 9시라 참석 불가, 연기 신청 등 문의","> 해당일에 필수참석 아니며 6월 중 교육으로 대체 가능을 안내하였음. 
> 관련 기타 문의로 담당부서 담당자와 직접 통화 원하여 월요일에 전화 회신 필요(담당부서 이첩)",재난안전과,접수,complaints_2026.xlsx,재난안전과
2026,208,2026-05-15,숙직,미상,"쓰레기 불법투기 단속 요청
- 용계로 ***번길 ** / 해당 주소지 앞에 차량이 불법투기했다고 민원, 단속 요망(차량번호 : **나****)",담당부서 이첩,청소행정과,처리완료,complaints_2026.xlsx,청소행정과
2026,209,2026-05-15,숙직,미상,"노은동 ***-* 도로에 주차할 수 없도록 인근 상가에서 지장물을 놓아 많은 불편을 호소.
몇차례 민원을 넣었음에도 불구하고 계속되어 빠른 조치를 원함.",해당부서이첩,건설과,처리완료,complaints_2026.xlsx,건설과
2026,210,2026-05-15,숙직,익명,문지네거리 하수구 점검요청(나뭇잎 등 부산물로 막혀있음),담당부서 이첩,건설과,처리완료,complaints_2026.xlsx,건설과
2026,211,2026-05-14,숙직,익명,봉명동 앞 음식물 쓰레기 수거를 하긴 했는데 일부만 해갔다고 불만 제기하였음,담당 부서 이첩,청소행정과,처리완료,complaints_2026.xlsx,청소행정과
2026,212,2026-05-14,숙직,익명,"한빛아파트 ***동 1~2라인 현관에서 나와서 오른쪽꺾고-> 오른쪽으로 한번더 꺾으면 철망이 나오는데 그 풀 안에 까치가 다친채로 있음
당직실 서랍키 안열려서(폰이없어요 ㅠㅠ) 레스큐전달 못했어요...",담당부서 이첩,푸른환경과,처리완료,complaints_2026.xlsx,푸른환경과
2026,214,2026-05-13,숙직,컨벤션센터 관계자,도룡동 컨벤션센터 앞 도로 청소 요청,담당부서 이첩,청소행정과,처리완료,complaints_2026.xlsx,청소행정과
2026,215,2026-05-13,숙직,[삭제],"유성하늘채하이에르 공사현장(봉명동 ***-*) 관리 민원
공사현장 관계자가 새벽 6시반 경에 차량 이동요청한 것에 대한 불편 및 불친절에 대한 신고임 
담당자 전화 요청하셨음",담당부서 이첩,공동주택과,처리완료,complaints_2026.xlsx,공동주택과
2026,216,2026-05-13,숙직,익명,"엑스포아파트 *단지~ *단지 앞 강변어린이공원 내에 있는 화장실 입구 수도꼭지에서 물이 많이 새고 있음 조치바람
-> 밤 10시경 경찰서에서도 연락옴(시청 당직실 전달사항)",담당부서 이첩,공원과,처리완료,complaints_2026.xlsx,공원과
2026,217,2026-05-13,숙직,익명,"관평동 한들어린이공원 옆/ ***동 과 ***동 사이 거리 가로등 안켜짐
2주일전에도 민원넣었는데 아직도 처리가 안되고 있다고 빠른 조치 요구하심.",담당부서 이첩,공원과,처리완료,complaints_2026.xlsx,공원과
2026,219,2026-05-13,숙직,익명,관평동 아래관들어린이공원 수도 누수/ 2026.05.12.(화)에도 민원넣었는데 아직도 처리 안됐다고 꼭 처리부탁하심,담당부서 이첩,공원과,처리완료,complaints_2026.xlsx,공원과
2026,220,2026-05-13,숙직,[삭제],유성구 대학로 **번길 **/ 건물 왼쪽에 나무 및 잡초 제거 요청/ 민원인이 직접 본인에게 전화해도 된다고 말함 010-****-****,담당부서이첩,녹지산림과,처리완료,complaints_2026.xlsx,녹지산림과
2026,221,2026-05-13,숙직,미상,'유성구 장동 ***-*'일원(대덕대 > 추목천소공원 방면 도로) 로드킬로 인한 동물(고양이)사체 처리 요청. 민원인이 도로에서 인도쪽으로 옮겨놓은 상태.,소관부서 이첩,청소행정과,처리완료,complaints_2026.xlsx,청소행정과
2026,222,2026-05-12,숙직,미상,"(도로주소)구룡동/ 구즉동에서 둔곡동 가는 방면에 로드킬로 인한 동물사체 처리 민원
※ 팟레스규(010-****-****) 내용 전달 및 동물사체신고 접수대장 기재",관할부서 이첩,청소행정과,처리완료,complaints_2026.xlsx,청소행정과
2026,223,2026-05-12,숙직,미상,봉산동 로제비앙아파트 인근 악취 신고,담당부서 이첩,푸른환경과,처리완료,complaints_2026.xlsx,푸른환경과
2026,224,2026-05-12,숙직,미상,"원신흥동 ***-*(주차장)와  원신흥동 ***-*(빌라) 사이, 주차장 울타리 방면에, 이륜차 전기충전시설이 있으나
**저****(프라이드) 차량이 이틀간 해당구간에 주차하여 충전 등이 제한되는 상태. 민원인은 견인을 요청중. ",소관부서 이첩,푸른환경과,처리완료,complaints_2026.xlsx,푸른환경과
2026,225,2026-05-12,숙직,미상,"노은동로**번길*-* 앞 골목길 가로등 불이 안켜지며 수리 요청한 상태
",소관부서 이첩,건설과,처리완료,complaints_2026.xlsx,건설과
2026,226,2026-05-12,숙직,노은지구대 박소영 경사,가정폭력 피해자의 청소년 쉼터 등 임시숙소 거주 가능 여부 문의,"소관 부서 연락하여, 담당자에게 노은지구대(042-****-****)로 회신할 수 있도록 요청함",아동복지과,처리완료,complaints_2026.xlsx,아동복지과
2026,227,2026-05-12,숙직,미상,"'용계동 ***-** 일원' 유기된 어린 고양이를 아침에 발견하였고, 저녁에 확인 결과 움직임 없이 호흡하는 상태이며 이에 구조를 요청함.
※ 유성구 유기동물 구조 담당자(010-****-****)에 내용 전달 결과, 어미고양이의 보호관리 여부 확인을 위해 내일까지 경과를 지켜보는 방향으로 답변 받았으며, 이를 민원인에 안내한 상태임.",관할부서 이첩,지역산업과,처리완료,complaints_2026.xlsx,지역산업과
2026,228,2026-05-12,숙직,미상,전민동 행정복지센터 앞 도로변(주민센터 주차장에서 문지교회 사이) 가로등 점검 요망(일부 점등 불가),담당부서 이첩,건설과,처리완료,complaints_2026.xlsx,건설과
2026,229,2026-05-12,숙직,미상,관평아랫관들어린이공원 급수시설 물샘 현상 조치 요청,소관부서 이송,재난안전과,처리완료,complaints_2026.xlsx,재난안전과
2026,230,2026-05-12,숙직,미상,충대 정문쪽 경돈문화사 앞 도로가 푹 파여 비 올때마다 물웅덩이 생겨 보수 요청하심.,관할부서 이첩,건설과,처리완료,complaints_2026.xlsx,건설과
2026,231,2026-05-12,숙직,미상,5.12. 당일 08:25 자운대 출발(한아름아파트행) 마을버스 3번의 미운행과 앱 안내도 없어 출근시간 불편을 겪으심. 이런 경우가 여러번이라 근본적인 해결이 필요함.,담당부서 이첩,교통정책과,처리완료,complaints_2026.xlsx,교통정책과
2026,232,2026-05-12,숙직,미상,힐스테이트도안리버파크 공사장 근처 주차된 화물차 주기적으로 단속요청하심(현수막이나 입간판을 요청하셨어요..!),관할부서 이첩,주차관리과,처리완료,complaints_2026.xlsx,주차관리과
2026,233,2026-05-12,숙직,미상,충대농대종점 승강장에 주차된 차량 단속 요청,단속반 전달 후 관할부서 이첩,주차관리과,처리완료,complaints_2026.xlsx,주차관리과
2026,234,2026-05-12,숙직,미상,봉명동 스타벅스 유성점 우회전하는곳에 세워진 불법주정차 차량(포르쉐) 단속 요청,단속반 전달 후 관할부서 이첩,주차관리과,처리완료,complaints_2026.xlsx,주차관리과
2026,235,2026-05-11,숙직,미상,복용근린공원-별빛어린이공원 사이에 있는 데크 위 흔들의자 2개가 삐그덕거림,담당부서 이첩,공원과,처리완료,complaints_2026.xlsx,공원과
2026,236,2026-05-11,숙직,미상,"관들*길 먹자골목에 불법 주정차와 이중주차가 많고, 전화를 해도 되려 화를 내서 힘들다고 집중 단속요청함.",담당부서 이첩,주차관리과,처리완료,complaints_2026.xlsx,주차관리과
2026,237,2026-05-11,숙직,미상,학하서로 **번길 **. 광수사 입구쪽 고라니사체 처리요청,펫레스큐 전달 후 담당부서 이첩,청소행정과,처리완료,complaints_2026.xlsx,청소행정과
2026,238,2026-05-11,숙직,미상,"유림공원에서 축제를 진행할때 잔디밭에 차량이 들어오지 않게 해달라고 하십니다. 
*이번 유성온천축제 시작 전에도 담당자와 팀장에게 말했었다고 하셨는데 관철되지 않았고, 청장님까지 알 수 있게 해달라고 하심. ",담당부서 전달,문화관광체육과,처리완료,complaints_2026.xlsx,문화관광체육과
2026,239,2026-05-10,숙직,미상,(노점상 단속요청) 온천역4거리 LG전자 베스트샵 일대에 역한 냄새와 미관을 해치고 있음,노점상 단속부서로 내용전달,건설과,처리완료,complaints_2026.xlsx,건설과
2026,241,2026-05-10,숙직,유성경찰서 성황실,"청벽산 공원 정류장을 차량이 들이 받아 교통사고 잔해물 정리 정류장 파손됨 알림
(교통사고 잔해물은 대로변이기에 시청으로 이첩)",담당부서 이첩,교통정책과,처리완료,complaints_2026.xlsx,교통정책과
2026,242,2026-05-10,숙직,[삭제],"장대B구역 일대 거주자임. 장애로 인해 몸이 불편한 채로 *층 거주중인데, 장대B구역 개발관련인들이 공동주택의 엘리베이터를 자정 내로 가동중지시킬 것이라는 통보로 인해 주거가 위험함.",담당자 내용전달,도시계획과,접수,complaints_2026.xlsx,도시계획과
2026,244,2026-05-10,일직,미상,유성온천역 다이소 앞 인도 맨홀에서 물이 흘러넘침.,담당부서 이첩,건설과,처리완료,complaints_2026.xlsx,건설과
2026,245,2026-05-10,일직,미상,유성교 아래 하천 라인 따라 설치된 여러 길고양이집(캣맘 설치) 철거 및 정비 요청,담당부서 이첩,재난안전과,접수,complaints_2026.xlsx,재난안전과
2026,246,2026-05-10,일직,미상,"덕명동 ***-*(민원인 거주지) 부근 주말 오전 6시부터 시작되는 공사 소음으로 수면 방해 및 불편함을 느낌. 
주말 공사에 대한 법적인 부분(주말 공사 금지 규정은 없다고 말씀드림)과 개선 방안에 대해 알고 싶어함. 민원인 연락 요청",담당부서 이첩,푸른환경과,처리완료,complaints_2026.xlsx,푸른환경과
2026,247,2026-05-10,일직,미상,관평동 중앙하이츠빌 금요장터 노점상 단속 요청,담당부서 이첩,건설과,처리완료,complaints_2026.xlsx,건설과
2026,250,2026-05-10,일직,미상,"상대동 ***번지(새터삼거리 → 우회전)에 화물차가 우회전 도로에 집중주차 되어있어 단속 요청,",단속반 전달 ,주차관리과,처리완료,complaints_2026.xlsx,주차관리과
2026,253,2026-05-10,일직,미상,유성온천네거리 다이소 부근 음식물쓰레기로 지저분하고 냄새 심함. 안전신문고에도 올렸으나 별다른 조치가 없음. ,담당부서 이첩,청소행정과,처리완료,complaints_2026.xlsx,청소행정과
2026,257,2026-05-10,숙직,유성경찰서,"외삼동에서 세종 방면 GS칼텍스 주유소에서 30M 떨어진 큰 길가에 고라니 사체 있어 처리 요청함.
시 관리 도로이기에 시 당직실에 전달하였음.",시 당직실에 전달,청소행정과,처리완료,complaints_2026.xlsx,청소행정과
2026,258,2026-05-10,숙직,유성소방서,"외삼동 ***, 세종방면 외삼족구장 근처 큰 길가에 오토바이와 고라니가 부딪혀 
고라니 사체 처리 요청하였음. (신고한 민원인 전화 010-****-****)
시 관리 도로이기에 시 당직실에 전달함.",시 당직실에 전달,청소행정과,처리완료,complaints_2026.xlsx,청소행정과
2026,259,2026-05-10,숙직,익명,구암 다가온 아파트~유성복합환승센터 부근 관광버스 무단 불법주차로 안전신문고로 신고 후 계도하였다는 안내 받았으나 조치 되지 않음.,담당부서 이첩,주차관리과,처리완료,complaints_2026.xlsx,주차관리과
2026,260,2026-05-09,숙직,[삭제],"유성온천축제에 풍선 관련 업체가 본인업체와 타업체(엔지알럽)이 있는데 타업체는 초입에 부스를 줘서
  풍선이 많이 판매되고 있는데 본인 업체는 무대 바로 옆이 부스라서 무대 구경하러 온 사람들이 
  자신의 부스를 다 둘러싸고 무대를 보고 있어 판매에 어려움이 있음. 
매출을 비교해보니 자신은 오늘 하루 20만원, 타 업체는 800만원이라면서 너무 불공평한거
  아니냐고 축제 3일째 되는 날에 부스를 교체해주는 등 대책을 마련해달라며 민원 제기함.",담당부서 이첩,문화관광체육과,처리완료,complaints_2026.xlsx,문화관광체육과
2026,261,2026-05-09,숙직,[삭제],도룡동648 호텔오노마 39층 박쥐 2마리 포획하여 처리 요망 ,펫레스큐 전달 ,푸른환경과,처리완료,complaints_2026.xlsx,푸른환경과
2026,262,2026-05-09,숙직,익명,"5.8(금) 오후 6시경 아이파크*단지 내에서 슈나우저 닮은 믹스견 분실, 3.2kg 흰색 눈썹 강아지임.
신고전화나 발견시 회신 요청함.",담당부서 이첩,지역산업과,접수,complaints_2026.xlsx,지역산업과
2026,263,2026-05-09,숙직,익명,"세동교차로, 계룡터널로 가기 전 1번 국도 도로에 홈이 패여있어 타이어가 찢어져 민원전화 옴.
포트홀을 하자보수 요청하여 시 당직질에 전달, 시에서 다른 데서도 민원전화가 왔다며 시 관할
도로인 것 확인하고 담당부서에 전달하여 현재 처리중이라며 민원인과 직접 통화하겠다고 함.
 시 도로관리소에서 9시 전에 현장 도착해서 긴급보수 예정으로 시 당직실에서 민원인과 통화 하였다고 함.- 추후 동일 포트홀로 차량손상 민원 발생시 수리 후 영수증, 사진, 세부내역 첨부하여 시청 건설관리본부 ",담당부서 이첩,건설과,처리완료,complaints_2026.xlsx,건설과
2026,264,2026-05-09,숙직,불명,박산로*** 불법주정차 단속 요청. ,담당부서 이첩 ,주차관리과,처리완료,complaints_2026.xlsx,주차관리과
2026,265,2026-05-09,일직,[삭제],성심당 우동야 DCC점 앞 부상당한 까치가 있어(보행 못하고 날지 못함) 구조요청,"부상동물 레스큐 팀 연락 , 담당부서 이첩",푸른환경과,처리완료,complaints_2026.xlsx,푸른환경과
2026,266,2026-05-09,일직,[삭제],카이스트 문지캠퍼스 후문에 고양이가 쓰러져있으며 보행이 불가한 상태로 구조요청함,해당부서 이첩 및 유기동물 김명덕 님께 구조요청함,지역산업과,접수,complaints_2026.xlsx,지역산업과
2026,267,2026-05-09,일직,익명,"복용동 아이파크*단지 ***동 부근에서 5. 8. (금) 오후 6시경 말티즈+요크셔테리어 혼합종견 분실함
검은색 털에 배 쪽은 흰색이라고 함. 목격신고나 로드킬 전화가 오면 연락 요망.",담당부서 이첩,지역산업과,접수,complaints_2026.xlsx,지역산업과
2026,268,2026-05-09,일직,익명,가로등 민원 / 2026. 4.25. 당직민원으로 대정동 ***-* 가로등이 안 켜짐 민원신고하였으나 처리안됨 / 확인 및 처리 부탁 ,담당자에게 민원 전달,건설과,처리완료,complaints_2026.xlsx,건설과
2026,269,2026-05-09,일직,익명,장애재판정 관련 우편물을 받고 절차를 문의하심,담당부서 이첩,노인장애인과,처리완료,complaints_2026.xlsx,노인장애인과
2026,270,2026-05-09,일직,구즉파출소,관평*로 ** 교차로 번호판 없는 오토바이 확인 / 단속 부탁,관련 부서에 전달,교통정책과,처리완료,complaints_2026.xlsx,교통정책과
2026,271,2026-05-09,일직,유성지구대,유성지구대 요청건으로 장대동 ***-*번지 골목길 불법주정차로 통행에 어려움 있어 단속요청,담당부서 이첩 및 단속반 단속요청,주차관리과,처리완료,complaints_2026.xlsx,주차관리과
2026,272,2026-05-09,일직,익명,상대동 천년근린공원에 말뚝을 박고 텐트를 치고 있다고 민원제기(가능한 것인지 관련 법령이나 지침 검토 후 연락받기를 희망),담당부서 이첩,공원과,처리완료,complaints_2026.xlsx,공원과
2026,273,2026-05-09,일직,익명,한밭대로 *** 노블레스 주변 불법주정차로 통행에 어려움이 있음,주정차반 단속요청 및 담당부서 이첩,주차관리과,처리완료,complaints_2026.xlsx,주차관리과
2026,274,2026-05-09,일직,시청 당직실 이첩,LUIS호텔(온천서로 **-**) 앞 회전교차로 불법주정차로 통행에 어려움이 있음,주정차반 단속요청 및 담당부서 이첩,주차관리과,처리완료,complaints_2026.xlsx,주차관리과
2026,275,2026-05-09,일직,익명,봉명동 ***-* 공사소음(JK종합건설) ,유선상으로 조치사항 전달(담당자 및 관련 공사 담당자분에게 연락하여 관련 내용 전달 및 조치),푸른환경과,처리완료,complaints_2026.xlsx,푸른환경과
2026,276,2026-05-09,숙직,익명,원신흥로 **번길 ** / 불법주정차 단속 요청,담당부서 이첩,주차관리과,처리완료,complaints_2026.xlsx,주차관리과
2026,278,2026-05-08,숙직,익명,LUIS호텔(온천서로 **-**) 앞 불법주차로 건물진입 및 인근 회전교차로 통행이 어려움,담당부서 이첩,주차관리과,처리완료,complaints_2026.xlsx,주차관리과
2026,280,2026-05-08,숙직,익명,죽동대원칸타빌아파트 - 유성여고 방면 반석천 은구비로 가로등 수리 요청.,담당부서 이첩,재난안전과,처리완료,complaints_2026.xlsx,재난안전과
2026,282,2026-05-08,숙직,익명,"- 구성삼거리 가로등 미점등(고장)으로 보행자와 사고 발생 가능성이 매우 커보임
- 여러차례 조치를 요청하였는데도 조치되지 않았음
- 꼭 좀 확인 후 조치를 요청드림",담당부서 이첩,건설과,처리완료,complaints_2026.xlsx,건설과
2026,283,2026-05-08,숙직,익명,"국민의 힘 정당 현수막이 강풍으로 인해 느슨해져서 조치가 필요해 보임
 - 지족동 고래들네거리 맘스터치 앞","- 국민의힘 대전광역시당에 전화(042-****-****) 시도했으나 전화를 받지 않았습니다.
- 담당 부서에서는 해당 민원의 조치를 위해 국민의힘 대전광역시당에 연락하여 주시기 바랍니다.",건축과,처리완료,complaints_2026.xlsx,건축과
2026,284,2026-05-08,숙직,익명,"이랜드건설 공사현장 관련 소음민원 (봉명동 ***-*)
건설부장 010-****-**** 통화",담당부서 이첩,푸른환경과,처리완료,complaints_2026.xlsx,푸른환경과
2026,285,2026-05-07,숙직,미상,목원대에서 관저동으로 가는 방향 가로등 꺼짐. 조치 요함.,관계부서 접수,건설과,처리완료,complaints_2026.xlsx,건설과
2026,286,2026-05-07,숙직,미상,기초과학연구원 주출입관 공터(잔디밭) 내 까치 구조 요청.,"펫 레스큐 전달, 관련부서 접수",푸른환경과,처리완료,complaints_2026.xlsx,푸른환경과
2026,287,2026-05-07,숙직,미상,"봉명사거리 방면에서 반려견 분실, 노란털 믹스 소형견(몸무게 5kg 미만). 눈에 다래끼 같은 혹 있음.",관련부서 접수,지역산업과,접수,complaints_2026.xlsx,지역산업과
2026,288,2026-05-07,숙직,미상,"유기견 구조
송강로 **(청솔아파트 단지내 상가 이마트 앞)",해당부서 이첩,지역산업과,접수,complaints_2026.xlsx,지역산업과
2026,289,2026-05-07,숙직,미상,"이랜드건설 공사현장 관련 소음민원 (봉명동 ***-*)
7시부터 소음발생으로 불만제기, 본인이 직접 데시벨을 측정하며 동영상으로 증거를 남겨놓았다 함
건설부장 010-****-**** 통화",해당부서 이첩,푸른환경과,처리완료,complaints_2026.xlsx,푸른환경과
2026,290,2026-05-07,숙직,미상,반석동 ***도로(반석마을*단지 삼부르네상스아파트 ***동 우측) 5차선 도로(세종->반석방향) 고양이 로드킬 사체처리 민원입니다. ,해당부서 이첩,청소행정과,처리완료,complaints_2026.xlsx,청소행정과
2026,291,2026-05-06,숙직,미상,"고양이 로드킬 사체처리 민원
위치:대덕대로 ***번길 **(쌍용빌라)입구",펫레스큐 이진호(010-****-****) 이첩,청소행정과,처리완료,complaints_2026.xlsx,청소행정과
2026,292,2026-05-06,숙직,미상,"빌딩건물 주차장 입구에 불법주차
위치:대정로**번안길** ",해당부서 이첩,주차관리과,처리완료,complaints_2026.xlsx,주차관리과
2026,294,2026-05-06,숙직,미상,"정당 현수막이 한쪽이 떨어져 통행에 불편을 주고 있으니 담당부서에서 해당 현수막 확인 후 처리 바랍니다.
위치: 계룡로** 일원(유성온천역 7번출구-8번출구) ",해당부서 이첩,건축과,처리완료,complaints_2026.xlsx,건축과
2026,295,2026-05-06,숙직,미상,부상 고양이 구조 요청 / 장대동 드림월드아파트 ***동 옆 어린이집 앞 ,담당부서 이첨 / 펫레스큐 이관,지역산업과,접수,complaints_2026.xlsx,지역산업과
2026,296,2026-05-06,숙직,미상,고라니 사체 처리 요청 / 유성구 송강동대덕대로 관평동에서 화암동 가는 방면 1차선 (대덕 테크노벨리 *단지 아파트 바로 앞),담당부서 이첩 / 시 당직실 이관,청소행정과,처리완료,complaints_2026.xlsx,청소행정과
2026,298,2026-05-05,일직,미상,궁동 원룸촌 쓰레기 분리수거 장소 날짜 방법 문의입니다. ,담당부서 이관,청소행정과,처리완료,complaints_2026.xlsx,청소행정과
2026,299,2026-05-05,일직,미상,"송림마을 *단지에서 *단지 방면 퇴고개공원 맞은 편 
나무더미가 쓰려져 인도와 차도까지 막고있어 위험한 상황이니 조치바람(119 긴급 조치 요청 함-전광기)",해당부서 이첩,녹지산림과,처리완료,complaints_2026.xlsx,녹지산림과
2026,300,2026-05-05,일직,미상,계산2통 마을회관 앞 쓰레기 수거가 2주이상 안되고 있다는 민원입니다.,담당부서 이관,청소행정과,처리완료,complaints_2026.xlsx,청소행정과
2026,301,2026-05-05,일직,미상,장대동 행복주택부근 도로 위 플라스틱 블럭 도로점용 민원입니다.,담당부서 이관,건설과,접수,complaints_2026.xlsx,건설과
2026,302,2026-05-05,일직,미상,"러시아 배우자와 혼인 신고 위해 미혼증빙서류를 어떤걸로 해야하는지, 주한러시아 대사관에서 발급해주는 선서서로 대체가 가능한지 문의 주셨습니다.
오후 5시-6시 전화통화 가능하기 때문에 문자로 회신 원한다는 민원입니다. ",담당부서 이관,민원여권과,처리완료,complaints_2026.xlsx,민원여권과
2026,303,2026-05-05,일직,미상,도룡동 *-** 사유지내 연락처 기재 안 된 장기주차 민원입니다.  차량번호 **우**** ,담당부서 이관,교통정책과,접수,complaints_2026.xlsx,교통정책과
2026,304,2026-05-05,일직,[삭제],"봉명동 ***-*번지 이랜드건설현장 소음 민원입니다.
현장 소장 010-****-**** 
부장 010-****-****",담당부서 이관,푸른환경과,처리완료,complaints_2026.xlsx,푸른환경과
2026,307,2026-05-04,숙직,익명,"자운근린공원(자운동 ***) 내 공원등 L3-3, L4-2 불량 신고(전등 나감)",처리부서 접수,공원과,처리완료,complaints_2026.xlsx,공원과
2026,308,2026-05-04,숙직,익명,"동물사체 처리 / 쥐로 추정
전민로 **번길 **, 전민로 **번길 ** 사이 주차장
사유지로 보여 처리 어려움 안내하였으나 최초 발견지는 그 앞 도로라 이야기함",담당부서 이첩,청소행정과,처리완료,complaints_2026.xlsx,청소행정과
2026,309,2026-05-04,숙직,익명,"동물사체 처리 / 고라니로 추정
송강동 황토기와집에서 한국원자력연구원 가는 언덕길 인도",담당부서 이첩,청소행정과,처리완료,complaints_2026.xlsx,청소행정과
2026,310,2026-05-04,숙직,익명,"이랜드건설 공사현장 관련 소음민원 (봉명동 ***-*)
7시부터 소음발생으로 불만제기, 본인이 직접 데시벨을 측정하며 동영상으로 증거를 남겨놓았다 함
건설부장 010-****-**** / 건설소장 010-****-**** / 현장 공무팀장 010-****-****",담당부서 이첩,푸른환경과,처리완료,complaints_2026.xlsx,푸른환경과
2026,313,2026-05-04,숙직,익명,화암동 산 39-19 고라니 사체 처리 요청,동물사체처리접수,청소행정과,처리완료,complaints_2026.xlsx,청소행정과
2026,314,2026-05-03,숙직,익명,"길고양이 새끼 임시보호중, 이틀정도 관찰 어미고양이는 발견되지 않",해당부서 이첩,지역산업과,접수,complaints_2026.xlsx,지역산업과
2026,315,2026-05-03,일직,[삭제],원신흥동 어울림하트 아파트 내 3개월령 이하 고양이 발견,어미가 근처 있을 수 있으므로 하루이틀 더 지켜보기로했음.,지역산업과,접수,complaints_2026.xlsx,지역산업과
2026,317,2026-05-02,숙직,미상,"봉산동 ***-* 중앙분리대 파손, 통행 방해되어 처리요청","당직자 현장 출동하여 근처로 중앙분리대 이동
담당부서 이첩(중앙분리대 정비 등 요청)",건설과,접수,complaints_2026.xlsx,건설과
2026,318,2026-05-02,일직,미상,"그린벨트 불법행위 포상금 문의(위치는 말 안하고 불법으로 나무 베고 도로내고 화장터 같은 걸 일대에 설치했다고함, 술취해 있고 월요일 연락없을시 뉴스제보하겠다고 위협)",담당부서 이첩,도시계획과,처리완료,complaints_2026.xlsx,도시계획과
2026,319,2026-05-02,일직,미상,목원대 앞 사거리 (스타벅스 목원대점 인근) 횡단보도쪽에서 딸기 노점상 통행방해 단속 요청,담당부서 이첩,건설과,처리완료,complaints_2026.xlsx,건설과
2026,320,2026-05-02,일직,미상,봉명동 ***-** 일대 매캐한 악취 오전부터 발생(아스팔트 끓이는 냄새) 11:50 통화 맞은편 건물 페인트작업,담당부서 이첩,푸른환경과,처리완료,complaints_2026.xlsx,푸른환경과
2026,321,2026-05-02,일직,미상,첫만남 이용권 9일전에 신청했는데 바우처 언제 나오는지 문의,담당부서 이첩,전민동,처리완료,complaints_2026.xlsx,전민동
2026,322,2026-05-02,숙직,익명,"원신흥중학교 앞 산책로(유성구 동서대로 ***번길 **) 잔디작업이 후처리(잔디깎은후 매끄럽게 마무리하는처리)가 제대로 되지 않아 실질적 불편함과 미관상 좋지 않으므로
조치 취해줄것을 요청(작년에도 민원 넣으신듯함)",담당부서 이관,공원과,처리완료,complaints_2026.xlsx,공원과
2026,323,2026-05-01,숙직,미상,봉명동 한가족요양병원 근처 가로등 3개가 다 안들어고 있음(시청 당직실로부터 전달받음) ,관련부서 이첩,건설과,처리완료,complaints_2026.xlsx,건설과
2026,324,2026-05-01,숙직,미상,관평동 한들어린이공원 등 고장(정자와 테이블 사이 무릎높이의 등) ,담당부서 이첩,공원과,처리완료,complaints_2026.xlsx,공원과
2026,325,2026-05-01,일직,미상,본인 가게가 고유가 피해지원금 사용매장 대상인지 궁금하다고 문의전화주심,담당부서 이첩,일자리정책과,처리완료,complaints_2026.xlsx,일자리정책과
2026,326,2026-05-01,일직,익명,도룡동 연구단지 네거리 우체국에서 신세계백화점 가는방향 인도에 쓰레기들이 너무 많아 청소요청,담당부서 이첩,청소행정과,처리완료,complaints_2026.xlsx,청소행정과
2026,327,2026-05-01,일직,미상,"방동저수지 주차장 임시표지판 달아달라고 전에 여러번 요청하셨으나 달려있지 않아 요청하심
(윤슬거리 근무하시는 공원과 용역분들에게 주차장 표지판 달아달라고 요청하시다가 시비 붙어서 몸싸움 하시고 경찰까지 부르셨다고 하네요 참고바랍니다)",담당부서 이첩,공원과,처리완료,complaints_2026.xlsx,공원과
2026,328,2026-05-01,일직,유성경찰서,"봉산동 ***-* 둔곡동 사거리 가는쪽 가드레일 파손되어 수리필요
월요일에 통화되면 파손사진 보내주신다고 하셨음",담당부서 이첩,건설과,접수,complaints_2026.xlsx,건설과
2026,329,2026-05-01,일직,익명,"**나**** 차량
유성구 관들*길 57, 지인인테리어 앞 탑차 방치 ",담당부서 이첩,교통정책과,처리완료,complaints_2026.xlsx,교통정책과
2026,330,2026-05-01,일직,[삭제],폐기물 스티커(카페트) 유성구청 홈페이지에서 구입했는데 취소 및 환불 가능한지 문의,담당 부서 이첩,청소행정과,처리완료,complaints_2026.xlsx,청소행정과
2026,331,2026-05-01,일직,미상,가게 앞 황색 복선 앞 봉 설치,관할 부서 이첩,주차관리과,처리완료,complaints_2026.xlsx,주차관리과
2026,332,2026-05-01,일직,미상,방동 음악분수 관리실 옆 파스쿠찌 뒷골목 고라니 사체 처리 요청,업체 전달 ,청소행정과,처리완료,complaints_2026.xlsx,청소행정과
2026,334,2026-04-30,숙직,미상,"신성동, 자운대 가는 방향 고가도로, 하나주유소 맞은편 도로에 고양이 사체 처리 요청",해당 부서 이첩,청소행정과,처리완료,complaints_2026.xlsx,청소행정과
2026,335,2026-04-30,숙직,미상,대정동 한우물네거리 한진택배 터미널쪽 고라니 사체 수거 요청. 진잠파출소 경찰관 업무폰 전화라서 진잠파출소 전화번호임.,해당 부서 이첩,청소행정과,처리완료,complaints_2026.xlsx,청소행정과
2026,336,2026-04-30,숙직,미상,국제과학**로 도로 고양이 사체 처리 요청,펫레스큐 전달 및 해당 부서 이첩,청소행정과,처리완료,complaints_2026.xlsx,청소행정과
2026,337,2026-04-29,숙직,익명,은구비로 ** ***호 개 두마리 한달 정도 방치되어 동물학대 의심됨,해당 부서 이첩,지역산업과,처리완료,complaints_2026.xlsx,지역산업과
2026,338,2026-04-29,숙직,익명,"아사직전 새끼 고양이 6마리 구조 요청 / 유성구 왕가봉로** 상가 2층 말씀사랑 교회 앞에 유기된 새끼 고양이 6마리 구조 요청 
유기동물 구조 담당자 김명덕님에게 연락했으나 하루정도 어미고양이가 보호관리하고 있는지 지켜봐야 한다며 내일 다시 구조요청하라고 안내하라고 답변하심
상기내용 전달하니 지금 새끼 고양이들이 지금 아사직전이라서 본인과 부친이 오늘 저녁에 부친집에서 돌보겠으니 내일 꼭 구조해달라고 요청하심
* 내일 담당자 확인 즉시 전화 회신 요청
 ",담당부서 이첩,지역산업과,처리완료,complaints_2026.xlsx,지역산업과
2026,339,2026-04-29,숙직,익명,차량이 봉명동 ***-* 건물 지하주차장 앞 도로 막고 있어서 주차장 사용불가. 조치 부탁드립니다,해당 부서 이첩,주차관리과,처리완료,complaints_2026.xlsx,주차관리과
2026,340,2026-04-29,숙직,미상,유성복합터미널 공사현장인데 불법주정차로 인해 공사에 차질생김. 공사관계자가 차주와 연락했는데 견인해도 된다고 함.,해당부서 이첩,주차관리과,처리완료,complaints_2026.xlsx,주차관리과
2026,341,2026-04-29,숙직,익명,봉명동 ***-* 소음관련 민원,담당부서 이첩,푸른환경과,처리완료,complaints_2026.xlsx,푸른환경과
2026,342,2026-04-28,숙직,[삭제],"대정초등학교~홈플러스 서대전점(대정동) 사이 최근 식재한 이팝나무(추정) 한그루가 한쪽으로 기울어져 있다고 함.
추후에 쓰러질 위험이 있어 현장 확인 후 조치 요청",담당부서 이첩,녹지산림과,처리완료,complaints_2026.xlsx,녹지산림과
2026,343,2026-04-28,숙직,미상,**어**** 1톤탑차가 민원인 집앞을 막고있음. 차적 조회해서 차주에게 연락바람. ,해당부서 이첩,주차관리과,처리완료,complaints_2026.xlsx,주차관리과
2026,344,2026-04-28,숙직,[삭제],"죽동거주, 차상위 관련 문의",담당부서 이첩,온천2동,처리완료,complaints_2026.xlsx,온천2동
2026,345,2026-04-28,숙직,미상,"위치 :  죽동 ***번지(리치부동산) 앞 횡단보도 건너편 인도
민원내용 : 인도 보행자휀스를 자전거로 박았는데, 혹시 보행자휀스에 문제가 생겼을까봐 문의전화",해당부서 이첩,건설과,접수,complaints_2026.xlsx,건설과
2026,346,2026-04-28,숙직,[삭제],민원업무 처리 후 신분증 놓고왔다고 하심 / 연락요망,담당부서 이첩,민원여권과,처리완료,complaints_2026.xlsx,민원여권과
2026,347,2026-04-28,숙직,미상,반석에서 세종으로가는 BRT 도로(2차선) 국방연구소 빠지는 길 300m 전방에 고양이 추정 사체 있음,해당부서 이첩,청소행정과,처리완료,complaints_2026.xlsx,청소행정과
2026,348,2026-04-27,숙직,미상,관평동 파밀리에아파트(배울*로 **) ***동~***동 사이 차 밑에 고양이 사체 신고,해당부서 이첩,청소행정과,처리완료,complaints_2026.xlsx,청소행정과
2026,349,2026-04-27,숙직,미상,전민동 엑스포근린공원 수도꼭지에서 물이 샘(고장이 났는지 아예 안잠김) 빠른 조치 바람,해당부서 이첩,공원과,처리완료,complaints_2026.xlsx,공원과
2026,350,2026-04-27,숙직,미상,"봉명동 ***-* 이랜드주상복합건물 공사장 관련 작업가능 시간 오후6시까지인데 이후에도 작업이 지속되는 사항에 대한 민원
(건축허가 신고 시 작업 시간 6시까지로 되어 있다고 주장하며, 6시 이후에도 작업이 지속되는 상황에 대하여 여러번 민원 제기 하였으며 당직 민원으로 접수 원함)
",공사 관련자(010-****-****)에 연락하여 안내 및 중지 요청함.,푸른환경과,처리완료,complaints_2026.xlsx,푸른환경과
2026,351,2026-04-27,숙직,미상,"대덕대학교 방면 대학교까지 400m 
2차선 도로 파여있음
조치요망",해당부서이첩,건설과,처리완료,complaints_2026.xlsx,건설과
2026,352,2026-04-27,숙직,미상,"차량 통행 방해, 견인 조치 가능 여부 문의
차량번호 : **호****",해당 부서 이첩,주차관리과,처리완료,complaints_2026.xlsx,주차관리과
2026,353,2026-04-26,숙직,미상,"주기적으로 밤 8시~9시경 태우는 냄새 감지
주변 사업장에서 소각하는 것으로 의심되니 확인 요청
전화 요청
※풍향 : 북서풍",해당 부서 이첩,청소행정과,처리완료,complaints_2026.xlsx,청소행정과
2026,354,2026-04-26,숙직,미상,가게 1층 인테리어 공사 소음으로 인한 불편,해당 부서 이첩,푸른환경과,처리완료,complaints_2026.xlsx,푸른환경과
2026,355,2026-04-26,숙직,미상,가로등 불 안들어옴,해당 부서 이첩,공원과,처리완료,complaints_2026.xlsx,공원과
2026,360,2026-04-26,일직,익명,자운대아파트 *단지 간부6동 건물 옆 고라니사체 처리 요청,펫레스큐 전달 및 해당부서 이첩,청소행정과,처리완료,complaints_2026.xlsx,청소행정과
2026,363,2026-04-26,일직,미상,"방동저수지 윤슬거리 인근 임시주차장 안내표지판 설치요청 했었는데 언제쯤 설치되는지 재문의, 전화달라고 하심",담당부서 이첩,공원과,처리완료,complaints_2026.xlsx,공원과
2026,364,2026-04-26,일직,익명,관평동 바이오니아 글로벌센터 뒷쪽 천변도로 하수구에서 노랑연기 포착,담당부서 이첩,푸른환경과,처리완료,complaints_2026.xlsx,푸른환경과
2026,365,2026-04-26,일직,미상,"상원초등학교 정문 맞은편 복용 도시자연공원 숲길을따라 올라가다보면 유성생명과학고등학교 가는길 안내 이정표가 있는데
이정표를 보고 내려갔더니 학교측 통로가 닫혀있어 막다른길이었음.
평일, 주말 개통여부 확실하게 알수있도록 이정표 내용 수정 요청 및 숲길에 나뭇잎이 너무많아 위험하므로 함께 정비요청",담당부서 이첩,녹지산림과,처리완료,complaints_2026.xlsx,녹지산림과
2026,366,2026-04-26,일직,미상,"유성구 덕명서로 **번길 ** 앞 몇달째 주말마다 공사소음 및 먼지로 불편함,
주말에도 이렇게까지 공사를 해야하는지 구청 조치 가능여부 문의",담당부서 이첩,푸른환경과,처리완료,complaints_2026.xlsx,푸른환경과
2026,367,2026-04-26,일직,익명,도룡동 대덕교회 앞 불법주정차 단속 요청,주말 주차단속반에 전달,주차관리과,처리완료,complaints_2026.xlsx,주차관리과
2026,368,2026-04-26,일직,익명,대전 유성구 유성대로 ***-** 부근 고양이 사체 발견,시청 당직실로 전달,청소행정과,처리완료,complaints_2026.xlsx,청소행정과
2026,369,2026-04-25,숙직,익명,"천변 공중화장실 수도 민원 / 유성구 남부노인복지회관, 도안사랑교회 쪽 천변 공중화장실 남자화장실 수도가 새고 있음. 꼭지고장으로 안 돌아간다고 함. 수리요망. ",담당부서 이첩,재난안전과,처리완료,complaints_2026.xlsx,재난안전과
2026,370,2026-04-25,숙직,익명,가로등 민원 / 국립대전숲체험 대정동 쪽 부출입구 주위 가로등이 안 켜져있다고 합니다. 가로등 담당전화 유성구 확인 / 처리요망 ,담당부서 이첩,건설과,처리완료,complaints_2026.xlsx,건설과
2026,371,2026-04-25,숙직,익명,"오수관로 민원 / 오수관로 기사님? 전화. 오수관로 앞 입구 쪽까지 탐지해본 상태. 위치 : 구암동 현태카서비스(계룡로**번길 **) 주위. 5개월 전에도 뚫었었는데 오늘도 역류?해서 맨홀(볼트로 체결되어 있음) 열어서 문제 확인이 필요하다고 함.  
확인 시 기사님께 전화드려서 내용 확인 할 수 있다 안내함.",담당부서 이첩,건설과,처리완료,complaints_2026.xlsx,건설과
2026,372,2026-04-25,일직,[삭제],"대덕대학교에서 한국타이어테크놀로지 생산기술연구소 정문 지나 횡단보도를 앞두고 커다란 돌멩이 부딪쳐 차량 하부가 훼손되어 보상가능여부 문의
G80 차량(**소**** )",당당부서 이첩,건설과,처리완료,complaints_2026.xlsx,건설과
2026,373,2026-04-25,일직,미상,봉명동 ***-* 공터 주차장(인도쪽)에 고양이 사체 처리 요청,펫레스큐 전달 및 해당부서 이첩,청소행정과,처리완료,complaints_2026.xlsx,청소행정과
2026,375,2026-04-25,일직,미상,"봉명동 ***-* 이랜드주합복합건물 공사장 소음 발생 (공사책임자 부장 010-****-**** 소장 010-****-****)
주말에는 과적차량 증가",담당부처 이첩,푸른환경과,처리완료,complaints_2026.xlsx,푸른환경과
2026,376,2026-04-25,일직,김정욱 경위,"유성경찰서 김정욱 경위라고 전화옴, **더**** 벤츠차량 리스료연체로 운행정지명령받은 차량의 차키를 본인이 보관하고 있는데, 
차키를 언제까지 경찰서에 보관하면 되는것인지 이후 절차에 대하여 문의함.  ",해당부서 이첩,교통정책과,접수,complaints_2026.xlsx,교통정책과
2026,377,2026-04-25,일직,미상,"관평동 **** 공영주차장내 현대 엑센트 회색차량(**고****) 장기주차되어있고 장기주차 위반차량 스티커 부착되어있는데, 계속 같은 상태로 방치되어있어 단속요함","담당부서 이첩
- 해당차량의 방치상태를 확인하여 출차요구를 위한 소유주 파악이 어려운 상태로, 장기주차행위 관련 절차를 진행하는 중임을 알림.",주차관리과,접수,complaints_2026.xlsx,주차관리과
2026,378,2026-04-25,일직,미상,한국침례신학대학교 정문 앞 박스안에 까치사체 처리 요청,펫레스큐 전달 및 담당부서 이첩,청소행정과,처리완료,complaints_2026.xlsx,청소행정과
2026,379,2026-04-25,숙직,복용파출소,차량리스료연체로 운행정지명령 받은 차량 복용경찰서 보관중 연락후 조치 바란다고 연락옴 차량번호는 ***더****임.,담당부서이첩,교통정책과,접수,complaints_2026.xlsx,교통정책과
2026,380,2026-04-24,숙직,미상,"유성구 둔곡동 ***-* 가로등 한쪽 줄의 불이 안 나옴
확인요청",담당부서 이첩,건설과,처리완료,complaints_2026.xlsx,건설과
2026,381,2026-04-24,숙직,익명,"고양이 사체 처리 요청
카이스트 정문에서 한빛아파트 가는 방향 쪽 벚꽃나무길 도로",관련부서 이첩,청소행정과,처리완료,complaints_2026.xlsx,청소행정과
2026,382,2026-04-24,숙직,미상,"대전 유성구 유성대로 ***번길불법주정차 심각하여 중앙선까지 침범. 다수 차량이 줄지어 불법주정차 되어 있어서 불편 초래.
*4월 20일 오전에 민원 접수했으나 안내 및 조치 등 담당자 연락 받지 못했음. 당일 9시 이후 업무시간에 꼭 회신 바람.",담당부서 이첩,주차관리과,처리완료,complaints_2026.xlsx,주차관리과
2026,383,2026-04-23,숙직,미상,"용계동 **-**, 도안푸르지오디아델31블럭, 아파트 공사 현장 앞에 1개 차선을 막아놓아서 우회전 하는 차량들이 많이 막혀 불편 초래.
*23일 오전에도 안내 및 조치요청했으나 담당 부서에서 연락 못받았다고 하심. 민원인에게 꼭 회신 부탁드립니다.",담당부서 이첩,도시계획과,처리완료,complaints_2026.xlsx,도시계획과
2026,384,2026-04-23,숙직,미상,"어은동 ***-* / 주차되어 있는 차에 차주 전화번호가 없어서 가능하면 차량 조회 후 차주에게 이동주차 요청.
(흰선이라 단속 불가능하고 차주 전화번호 조회도 불가능하다고 안내했으나 최대한 할 수 있는 조치 취해달라고 요청하심.)",담당부서 이첩,주차관리과,처리완료,complaints_2026.xlsx,주차관리과
2026,385,2026-04-23,숙직,미상,"고양이 사체 신고
구성동 ***-**(카이스트 방면 도로) / 펫레스큐 전달",펫레스큐 전달 및 담당부서 이첩,청소행정과,처리완료,complaints_2026.xlsx,청소행정과
2026,386,2026-04-23,숙직,익명,"용계동 **-**, 도안푸르지오디아델31블럭, 아파트 공사 현장 앞에 1개 차선을 막아놓아서 우회전 하는 차량들이 많이 막힘.
허가를 받고 막아놓은건지? 전화요청하셨습니다.",해당부서 이첩,도시계획과,처리완료,complaints_2026.xlsx,도시계획과
2026,387,2026-04-22,숙직,익명,"-고라니 사체 신고
-현충원역->유성ic삼거리 가는 도로
-해당 도로가 6차선이라 시에 전달했으나 즉시 처리는 어렵고 당직민원에 접수해놓는다고 함.
-내일 시 담당부서에 접수되어 처리되기 전까지 놔두기엔 도로가 위험하다고 판단되어 펫레스큐 담당자에게 설명드리고 새벽4시 이후에 처리해주신다고 답변받음.
",펫레스큐 전달 및 해당부서 이첩,청소행정과,처리완료,complaints_2026.xlsx,청소행정과
2026,388,2026-04-22,숙직,[삭제],"기간제로 근무 했던 기간의 고용보험이 취소됐다고 운영지원과에서 우편이 왔음. 취소된 사유가 궁금함.
전화 요청하셨습니다.",해당부서 이첩,녹지산림과,접수,complaints_2026.xlsx,녹지산림과
2026,389,2026-04-22,숙직,익명,세종->대전방면 남세종IC 입구 300m 전방 도로 *차선에 고라니 사체 신고,해당부서 이첩,청소행정과,처리완료,complaints_2026.xlsx,청소행정과
2026,390,2026-04-21,숙직,익명,"오후 7시 48분경 현대아울렛남문 버스정류장(청벽산공원 종점방향)에서 마을1번 버스 무정차통과 민원 신고.
- 유성마을버스(042-****-****)로 업무시간 내 민원접수 안내하였으나, 교통정책과에도 해당민원사항을 남겨달라 하심 
- 버스 번호는 미처 보지 못하여 확인불가(뒷번호는 1013이라고 함)",해당부서 이첩,교통정책과,처리완료,complaints_2026.xlsx,교통정책과
2026,391,2026-04-21,숙직,미상,"대덕대로 **** 부근, 관평동에서 한전원자력연료 우회전 진입 방향 상시 불법주정차 되어있어 단속 요청함.",관련부서 이첩,주차관리과,처리완료,complaints_2026.xlsx,주차관리과
2026,392,2026-04-21,숙직,익명,유성구 하기동 **-*(터굴농장) 가로등 고장으로 인한 신고전화,해당부서 이첩,건설과,처리완료,complaints_2026.xlsx,건설과
2026,393,2026-04-21,숙직,유성소방서,한국방송통신대학교 정문(용산동 ***-**) 유기견 구조 요청,유기동물 구조 김명덕(010-****-****) 전달,지역산업과,접수,complaints_2026.xlsx,지역산업과
2026,395,2026-04-20,숙직,유성소방서,신성1교(신성동 ***-*) 근처 자운대 한의원(자운동 **-*) 앞쪽 도로 맨홀 뚜껑 오수관 열려 오수 역류중 / 소방대원에게 당직폰으로 동영상 전송받아 해당 지점 역류 상황 및 출입금지 파이어 라인 테이프로 출입금지 통제 상황 확인 후 담당자에게 전달,해당부서 이첩,건설과,처리완료,complaints_2026.xlsx,건설과
2026,396,2026-04-20,숙직,[삭제],학하동 ***-* 일원 지하수가 안나와요 조치 요청 부탁드려요,해당부서 이첩,건설과,처리중,complaints_2026.xlsx,건설과
2026,397,2026-04-20,숙직,[삭제],"주정차 위반 과태료 이의신청 문의 (연락 요망)
**버****",담당부서 이첩,주차관리과,처리완료,complaints_2026.xlsx,주차관리과
2026,398,2026-04-20,숙직,익명,대전 유성구 유성대로 ***번길불법주정차 심각하여 중앙선까지 침범,관련 부서 이첩,주차관리과,처리완료,complaints_2026.xlsx,주차관리과
2026,399,2026-04-20,숙직,익명,봉명동 해나래 오피스텔 주변 인근 정전 신고,해당부서 이첩,재난안전과,처리완료,complaints_2026.xlsx,재난안전과
2026,400,2026-04-19,숙직,익명,유성구 봉명동 족욕체험장 공중화장실 근처 고구마 파는 노점상 단속 요청,해당부서 이첩,건설과,처리완료,complaints_2026.xlsx,건설과
2026,401,2026-04-19,일직,익명,"송강시장 노점상 단속 요청(마을아파트, 청솔아파트 앞에서 토,일요일마다 노점상 트럭 운영하고 있다고 단속 요청하심)",담당부서 이첩,건설과,처리완료,complaints_2026.xlsx,건설과
2026,402,2026-04-19,일직,온천1동 제22통장,"명물풍물거리, 스타일스 건물 앞 안전울타리 파손되어 있다고 조치 취해달라고 하셨음.",담당부서 이첩,건설과,접수,complaints_2026.xlsx,건설과
2026,403,2026-04-18,숙직,신성지구대,유성구 대학로 ***번길 *미성년자 주류판매 단속,담당부서 이첩,위생과,처리완료,complaints_2026.xlsx,위생과
2026,404,2026-04-18,숙직,미상,방동 **-**번지 삼거리 도로이정표에 대전 시내 방향 표시 요청,담당부서 이첩,유성지구대,처리완료,complaints_2026.xlsx,유성지구대
2026,405,2026-04-18,일직,[삭제],"4/18 11:30 경 대덕테크노밸리*단지 내에서 구청 폐기물 수거차량이 주차되어있는 본인의 차를 긁고 지나갔다고 하는 민원이 접수됨.
월요일 연락 바람
피해차량: **소**** 레인지로버스포츠",해당부서 이첩,청소행정과,처리완료,complaints_2026.xlsx,청소행정과
2026,407,2026-04-18,일직,익명,"봉명동 ***-* 공사현장의 소음이 심함. 그리고 공사차량의 과적차량도 단속 필요하다고 함.
기존에도 신문고로도 민원을 넣었지만 변함없는 상황이라 
건축현장에 대한 총체적인 관리감독을 요청함.
건설부장 번호(010-****-****)를 알려주면서 조용히좀 해달라고 전화해달라해서 당직자가 통화해서 민원내용전달함.
",담당부서 이첩,푸른환경과,처리완료,complaints_2026.xlsx,푸른환경과
2026,409,2026-04-18,일직,익명,"성세재활원 인근 용계동 차량에서 폐수를 무단 방류한다는 민원이 접수되었음.
차량번호: 경남** 사 ****",해당부서 이첩,푸른환경과,처리완료,complaints_2026.xlsx,푸른환경과
2026,413,2026-04-18,일직,익명,"노은중학교 옆 은구비공원 주차장이 노은중학교에서 각종 시험이 있을 경우 통행이 불가할 정도로 무질서하게 주차를 해놓음. 또한, 장애인주차구역을 막는 경우도 다수 발생함. 
처음에는 불법주정차단속을 요청했으나 공원주차장이라 단속불가를 안내함.
이후 민원인이 안내문구 또는 표지판 설치 등을 통해 이러한 상황을 방지할 근본적인 대책을 요청, 노은중학교에서 시험이 있는 날이면 매번 같은 상황이 반복되니 노은중학교에도 협조 요청을 보내주기 바람.",담당부서 이첩(장애인주차구역 단속 요청은 국민신문고를 안내드림),공원과,처리완료,complaints_2026.xlsx,공원과
2026,414,2026-04-17,숙직,미상,안산동 ***번지 비닐하우스 올라가는길 고라니 사체 처리 요청,펫레스큐 전달,청소행정과,처리완료,complaints_2026.xlsx,청소행정과
2026,415,2026-04-17,숙직,미상,성북동 숲속야영장 가는길에 갓길에 주차하라는 불법 현수막이 100m 넘게 양측으로 붙어있음,담당부서이첩,건축과,처리완료,complaints_2026.xlsx,건축과
2026,416,2026-04-17,숙직,미상,"유성대로****번길 *-* , 다가구주택 공사 소음이 너무 심함 / 소음측정 요청",담당부서이첩,푸른환경과,처리완료,complaints_2026.xlsx,푸른환경과
2026,417,2026-04-17,숙직,미상,장대동 ***-*번지 유기견 보호하고있음,유기동물 구조 김명덕 전달,지역산업과,접수,complaints_2026.xlsx,지역산업과
2026,418,2026-04-17,숙직,[삭제],전민동 청구나래 부터 LH 까지 가로등이 꺼져있어 불편함 꼭 고쳐달라고 말씀하심 / 고친 후 꼭! 전화 회신 해달라고 하심,담당부서 이첩,건설과,처리완료,complaints_2026.xlsx,건설과
2026,419,2026-04-17,숙직,미상,전민동 LH 부터 엑스포아파트까지 비만오면 가로등이 꺼져있으니 확인해서 꼭 고쳐달라고 하심(많이 화나심..) / 고친 후 꼭! 전화 회신 요청함,담당부서 이첩,건설과,처리완료,complaints_2026.xlsx,건설과
2026,420,2026-04-17,숙직,[삭제],복용동 ***-*번지 폐지수거장에 적치물이 많이 있는데 불법 적치물인지 확인 요청함,담당부서이첩,청소행정과,처리완료,complaints_2026.xlsx,청소행정과
2026,421,2026-04-17,숙직,[삭제],복용근린공원 유수지 내 고인 물이 유한락스 색깔인데 수질 확인 요청함,담당부서 이첩,푸른환경과,처리완료,complaints_2026.xlsx,푸른환경과
2026,422,2026-04-17,숙직,미상,4/17일 민원여권과 방문했는데 지갑 잃어버렸다고 함. 분실물 접수 된 것 있으면 연락달라고 하심,담당부서이첩,민원여권과,처리완료,complaints_2026.xlsx,민원여권과
2026,423,2026-04-17,숙직,익명,서대전IC 진입로 주변 불법주정차로 인해 출근길에 매번 차가 막힘(민원 회신요함),담당부서 이첩,주차관리과,처리완료,complaints_2026.xlsx,주차관리과
2026,424,2026-04-16,숙직,미상,전민동***-*번지 스타벅스 큰길가 고양이 사체 처리요청,부서이관,청소행정과,처리완료,complaints_2026.xlsx,청소행정과
2026,425,2026-04-15,숙직,미상,신성동 대림두레아파트 근처 파리바게트 사거리에서 판매하고있음. 단속 요함,부서이관,건설과,처리완료,complaints_2026.xlsx,건설과
2026,426,2026-04-15,숙직,익명," - 불법현수막 철거요청(용계동 **번지 도로가 일대, 2개 정도 현수막 걸려있음)",담당부서이첩,건축과,처리완료,complaints_2026.xlsx,건축과
2026,427,2026-04-15,숙직,"익명, 유성파출소 등","소음민원
-  봉명동 ***-*번지, 계룡로 **번길일대 늦은 시간 공사로 인해 민원제기(외 다수 건 민원 접수)
  + 02:20 추가민원제기
- 크레인 운용하여 공사 진행 중인데 허가 받은 공사인지 문의, 소음이 너무 심하고 함 ",담당부서이첩,푸른환경과,처리완료,complaints_2026.xlsx,푸른환경과
2026,428,2026-04-15,숙직,익명,"소음민원
- 봉명동 ***-*번지 일대 공사 소음으로 민원제기
- 소음이 50데시벨 이상으로 보이는데 공사 중단은 불가한지 문의",담당부서이첩,푸른환경과,처리완료,complaints_2026.xlsx,푸른환경과
2026,430,2026-04-14,숙직,익명,"- 유성구 봉산동 ***-* 일대 주차단속 요청
- 개인 주차장에 불법주차를 한 차량때문에 불만이 있음. 그 주변도 주차할 곳이 없다고 주차단속 요청함.",담당부서 이첩,주차관리과,처리완료,complaints_2026.xlsx,주차관리과
2026,431,2026-04-14,숙직,익명,지족동 지족산 정상에서 멧돼지출몰하여 쫓기고 있다 함.,전국수렵인참여연대(이용우) 전달,푸른환경과,처리완료,complaints_2026.xlsx,푸른환경과
2026,432,2026-04-14,숙직,익명,송강근린공원 화장실 뒤쪽으로 계속 물이 흘러나옴. 조치요청.,담당부서이첩,공원과,처리완료,complaints_2026.xlsx,공원과
2026,433,2026-04-14,숙직,미상,"노은서로 ***, 노은카운티스 아파트 정문 부상당한 고양이 구조요청",유기동물 구조대 전달(김명덕),지역산업과,접수,complaints_2026.xlsx,지역산업과
2026,434,2026-04-14,숙직,미상,"유성시장 안,앞에 쓰레기 수거 요청, 민원인이 통화도 원하셨음 (처리지연 시 신문고,청원 등 넣는다고 함, 즉시 처리 요망)",관련부서 이첩,청소행정과,처리완료,complaints_2026.xlsx,청소행정과
2026,435,2026-04-14,숙직,미상,에스오일 북대전 주유소(유성대로 ****) 맞은편에 고양이 사체,해당부서 이첩,청소행정과,처리완료,complaints_2026.xlsx,청소행정과
2026,436,2026-04-14,숙직,미상,자운대 통합1정문 근처 고라니사체 처리 요청,펫 레스큐 전달,청소행정과,처리완료,complaints_2026.xlsx,청소행정과
2026,437,2026-04-13,숙직,미상,"유성웰니스요양병원 맞은편 갑천에서 불법낚시를 하니 당직실에서 당장 나와서 단속을 해달라고 함. 
낚시 금지구역 또는 제한구역에 대한 정확한 지식이 없어 익일 관련부서에 문의해달라고 했음. 
시 하천관리사업소 또는 재난안전과로 문의해달라고 안내함.","해당부서 민원이첩 

※ 시 하천관리사업소에 문의하니 지렁이 등 수질오염을 수반하지 않는 미끼를 사용한 낚시에 한하여 1인당 1대 허용한다는 답변을 받음",재난안전과,처리완료,complaints_2026.xlsx,재난안전과
2026,438,2026-04-13,숙직,시 건설관리본부,"구암동 ***-* 도로, 싱크홀 발생 - 임시조치 해놨으니 내일 아침 처리 바람",관련 부서 이첩,건설과,처리완료,complaints_2026.xlsx,건설과
2026,439,2026-04-13,숙직,미상,유성경찰서에서 유성청소년수련관 방면 가로등 전부 꺼져있음. 조치바람.,담당부서 이첩,건설과,처리완료,complaints_2026.xlsx,건설과
2026,440,2026-04-13,숙직,미상,"관평동 배울네거리 쪽에서 관평동아파트 *단지와 *단지 사이 가로등이 안들어옴, 조치요망",담당부서 이첩,건설과,처리완료,complaints_2026.xlsx,건설과
2026,441,2026-04-13,숙직,[삭제],기초생활수급서류 생활보장과 팩스(042-****-****)로 보냄. 확인 요망(온천2동 주소지),담당부서 이첩,생활보장과,처리완료,complaints_2026.xlsx,생활보장과
2026,442,2026-04-12,숙직,미상,전민동 ***-*번지 상 가로등 불빛 소등으로 인한 민원접수,담당부서 이첩,건설과,처리완료,complaints_2026.xlsx,건설과
2026,443,2026-04-12,숙직,미상,대전광역시 유성구 온천서로 **-*번지 상 방치되어있는 오토바이(번호판 없음) 처리 요청,담당부서 이첩,교통정책과,처리완료,complaints_2026.xlsx,교통정책과
2026,444,2026-04-12,일직,[삭제],"**로**** 소나타 차량 운전자(민원인 본인)가 구암역 앞 다이소 볼라드 파손
관련 부서 필요 시 보험처리 등 진행 부탁",담당부서 이첩,건설과,접수,complaints_2026.xlsx,건설과
2026,445,2026-04-12,일직,익명,신세계 백화점 앞 불법 현수막 철거 요청,담당부서 이첩,건축과,처리완료,complaints_2026.xlsx,건축과
2026,446,2026-04-12,일직,익명,"유성구 계백로 ***번지 앞 배수구가 아래로 들어가 있어 오토바이 등 통행 시 넘어짐 등이 발생, 배수구 부분 처리 요청",담당부서 이첩,건설과,처리완료,complaints_2026.xlsx,건설과
2026,449,2026-04-11,숙직,익명,"버스킹 공연 관련 소음 민원
매주 공연으로 소음 때문에 생활이 어려움. 대책 마련 요구.",담당 부서 이첩,문화관광체육과,처리완료,complaints_2026.xlsx,문화관광체육과
2026,450,2026-04-11,일직,"유성소방서,유성경찰서",덕명동 ***-*번지 포트홀 발생 ,담당부서 이첩,건설과,처리완료,complaints_2026.xlsx,건설과
2026,453,2026-04-11,일직,미상,대전광역시 유성구 수통골로 ** 기통찬장어 바로 앞 일방통행 도로 **cm 이상되는 포트홀 발견. 조치요망.,담당부서 이첩,건설과,처리완료,complaints_2026.xlsx,건설과
2026,454,2026-04-11,일직,미상,"방동저수지 윤슬거리 인근(성북로 **-*, 성북로 **-**) 주정차로 인해 진출입로가 막혀 통행이 어려움. 윤슬거리 임시주차장이 있는 것으로 알고 있는데 임시주차장 안내표지판이 안보여 주차장 위치 찾기가 어려우시다고 함. 안내표지판 설치 희망하심. ",담당부서 이첩,공원과,처리완료,complaints_2026.xlsx,공원과
2026,456,2026-04-11,일직,미상,유성 구즉초등학교 방향 크린토피아 앞쪽 도로 우회전 차선 한 차선을 완전히 막고 매번 주정차함. 상시 단속 요청하심. ,"담당부서 이첩
안전신문고 안내함",주차관리과,처리완료,complaints_2026.xlsx,주차관리과
2026,460,2026-04-11,일직,[삭제],"유성경찰서에서 차량 번호판 영치된 후 과태료 납부하시고 영치된 번호판 받으셨는데 경찰서 측에서 구청에 해당 번호판 사용 가능 여부 문의해보라고 하셔서 확인 요청하심. 월요일(4/13) 중에 연락 원하심. 
(차량번호 **조**** 명의자",담당부서 이첩,교통정책과,처리완료,complaints_2026.xlsx,교통정책과
2026,461,2026-04-11,숙직,미상,엑스포로 *** 정문쪽 고라니 사체 ,펫레스큐 전달,청소행정과,처리완료,complaints_2026.xlsx,청소행정과
2026,462,2026-04-11,숙직,충남대학교,충남대학교 기숙사 근처에서 고라니 사체를 발견,펫레스큐 전달,청소행정과,처리완료,complaints_2026.xlsx,청소행정과
2026,463,2026-04-11,숙직,미상,"유성우체국 앞 노상주차장 요금 감면 대상 차량인데 감면 혜택이 적용되지않음
고객센터에 문의했으나 담당 직원이 없어 5시까지 기다리라는 답변만 돌아옴 (감면 받지 못하는 부분에대해 많이 화가 남)",해당부서 이첩,주차관리과,처리완료,complaints_2026.xlsx,주차관리과
2026,465,2026-04-10,숙직,미상,"궁동성당 앞 주차된 차량때문에 통행이 불가함, 단속이 필요해보임",해당부서 이첩,주차관리과,처리완료,complaints_2026.xlsx,주차관리과
2026,467,2026-04-10,숙직,미상,한국토지주택공사 ~ 엑스포아파트 사이 가로등이 모두 불이 안 들어옴 (특히 비오는 날 항상 꺼져있다고 함),해당부서 전달,건설과,처리완료,complaints_2026.xlsx,건설과
2026,468,2026-04-10,숙직,미상,유성구 교촌동 ***-* 앞 가로등 불이 안 들어옴,해당부서 이첩,건설과,처리완료,complaints_2026.xlsx,건설과
2026,473,2026-04-10,숙직,미상,"- 궁동 ***-* 맞은편 건물에 중소기업 사업장이 있는데 새벽부터 망치질 및 용접으로 인한 소음 발생하고 있음
- 사전 신고가 되어있는 공사인지 문의 / 조치할 수 있는 사안이 있으면 조치요망
- 신고인에게 전화를 드리는 것이 좋을 것 같습니다.",관련부서 이첩,푸른환경과,처리완료,complaints_2026.xlsx,푸른환경과
2026,476,2026-04-09,숙직,119센터,"- 도룡삼거리 가로수 전도(문지네거리 가는 방향으로 우회전하면 바로 있음)
- 차량 단독사고로 가로수 전도되었으나 인도라서 통행을 방해하는 상태는 아니라 당직민원으로 남깁니다.
- 현장 확인 후 처리 요망",담당부서 이첩,녹지산림과,처리완료,complaints_2026.xlsx,녹지산림과
2026,477,2026-04-09,숙직,미상,"- 봉산동 ***-*일원(송강동에서 세종 넘어가는 고속화도로 진입로 방면)에 대형 차량이 상습으로 불법으로 주차하고 있음
- 바로 옆에 고물상 비슷한게 있는데 해당 사업장 트럭으로 보임.
-가로등이 없어 트럭이 주차되어 있는지 육안으로 확인이 어려워 위험함
- 같은 사안으로 계속 단속을 요청하고 있는데 해결되지 않아 행정적 조치를 취할 수 있는 게 있다면 조치 요망
- 신고인에게 전화를 드리는 것이 좋을 것 같습니다.
",담당부서 이첩,주차관리과,처리완료,complaints_2026.xlsx,주차관리과
2026,480,2026-04-09,숙직,미상,반석동 ***-* 불법주차 단속(교행X),주차단속팀 해당내용 전달,주차관리과,처리완료,complaints_2026.xlsx,주차관리과
2026,481,2026-04-09,숙직,미상,현충원로 ***(SK KH에너지 하이웨이주유소) 건너편 도로 배수 안되어 침수되어 있는 상황으로 조치 바람.,건설과 담당자(백경호 2495)에 해당 내용 전달,건설과,처리완료,complaints_2026.xlsx,건설과
2026,482,2026-04-09,숙직,미상,관평동 ***번지 갑천로 부근 / 가로수 쓰러짐 안전사고 위험 및 조치 요청   ,담당부서 이첩,녹지산림과,처리완료,complaints_2026.xlsx,녹지산림과
2026,483,2026-04-09,숙직,미상,수통골 삼거리 동서대로 골프장 방향 / 중앙선 부근 고양이 시체 처리 요청,담당부서 이첩,청소행정과,처리완료,complaints_2026.xlsx,청소행정과
2026,484,2026-04-09,숙직,[삭제],원신흥남로 **번길 ** 교통사고로 인한 가로등 파손,담당부터 이관,건설과,처리완료,complaints_2026.xlsx,건설과
2026,486,2026-04-07,숙직,미상,현충원 > 대전가는 도로 이른 아침부터 2건의 공사로 민원인 통행 불편 호소. 시에 전달하였으나 시에서 시행하는 공사는 없다고 함.  ,담당부서 이첩,건설과,처리완료,complaints_2026.xlsx,건설과
2026,487,2026-04-07,숙직,119상황실,지족중-노은열매*단지 사이 두루봉산책로 근방 오수관 파손으로 악취 발생.,담당부서 이첩,건설과,처리완료,complaints_2026.xlsx,건설과
2026,488,2026-04-07,숙직,미상,"유성구 동서대로 ***, 학하포레아파트 가는 길쪽 강아지 동물사체 발견, 처리 요청. 
",담당부서 이첩,청소행정과,처리완료,complaints_2026.xlsx,청소행정과
2026,489,2026-04-07,숙직,[삭제],"행려자로 상아장모텔로 인계하였으나, 시설이 노후하며 난방이 안된다고 시설 더 좋은 곳으로 개선하라고 요청함.
",담당부서 이첩,생활보장과,처리완료,complaints_2026.xlsx,생활보장과
2026,490,2026-04-07,숙직,노은지구대,"<행려자(노숙인) 숙박비 요청>
(온천로** / 010-****-****)로 경찰서(725-6606)에서 노숙인 인계함 
추후 담당자에게 영수증 청구하여 숙박비 지급 요청함.
- 신분증은 경찰서에서 생활보장과 팩스로 발송 예정.",담당부서 이첩,생활보장과,처리완료,complaints_2026.xlsx,생활보장과
2026,491,2026-04-07,숙직,유성 노은지구대,월드컵네거리 정 가운데 교통사고로 인한 잔여물 청소 요청.,담당부서 이관,청소행정과,처리완료,complaints_2026.xlsx,청소행정과
2026,492,2026-04-07,숙직,미상,진잠옛로***번길 ** 앞쪽 도로에 쓰레기 버리는 장소에 음식물 무단배출 신고함.  민원인 말로는 진잠옛로***번길 **에 거주하는 사람이 버렸다고 함.  확인하시고 민원인과 통화해주세요.,담당부서 이첩,청소행정과,처리완료,complaints_2026.xlsx,청소행정과
2026,493,2026-04-07,숙직,미상,"봉명동 박봉명삼겹 및 cu봉명우산거리점 근방 이면도로에 도로 정체가 너무 심하다며,  일방통행으로 변경을 요청함.",유관부서 이관,대전광역시지방경찰청,처리완료,complaints_2026.xlsx,대전광역시지방경찰청
2026,494,2026-04-07,숙직,미상,유성 궁동하교 다리 위 불법주정차 처리 요청,단속반 전달,주차관리과,처리완료,complaints_2026.xlsx,주차관리과
2026,495,2026-04-07,숙직,미상,구암동 현대자원 앞쪽 길 동물사체 처리 요망,펫레스큐 전달,청소행정과,처리완료,complaints_2026.xlsx,청소행정과
2026,496,2026-04-07,일직,유성경찰서 구즉지구대,송강동 두리초등학교 정문 앞 화물차 주차 단속 요청(초등학교 앞이라 위험하다고 함),담당부서 이첩,주차관리과,처리완료,complaints_2026.xlsx,주차관리과
2026,497,2026-04-07,숙직,미상,반석역 앞 대전방면 BRT 버스정류장 토사물 처리 요청,담당부서 이첩,청소행정과,처리완료,complaints_2026.xlsx,청소행정과
2026,498,2026-04-06,숙직,미상,고양이 사체 처리 요청 / 원내동 ***-** 실내마차 앞,펫레스큐 전달,청소행정과,처리완료,complaints_2026.xlsx,청소행정과
2026,499,2026-04-06,숙직,익명,유성대로 ***번길 ** 장대놀이터 안에 벤치의자 파손신고,담당부서이첩,공원과,처리완료,complaints_2026.xlsx,공원과
2026,500,2026-04-06,숙직,미상,송강동 음식물 쓰레기 수거 요청(몇 주째 일주일에 한번씩 제시간에 수거가 안되고 있다 함),담당부서 이첩,청소행정과,처리완료,complaints_2026.xlsx,청소행정과
2026,501,2026-04-06,숙직,미상,방송통신대학교 앞(오룡 *길 22) 자전거를 타고 가던 도중 보도블럭이 튀어나와 사고를 당함. 영조물배상 접수 요청 및 본인 휴대전화번호로 전화 요청,담당부서 이첩,건설과,접수,complaints_2026.xlsx,건설과
2026,502,2026-04-06,숙직,미상,대정동 한우물교 부근 비닐하우스 쪽 인도 경계석 이탈로 정비 요청,담당부서 이첩,건설과,처리완료,complaints_2026.xlsx,건설과
2026,503,2026-04-06,숙직,국토지방관리청,고라니 사체 처리 요청 / 테크노*로 ***-*,담당부서 이첩,청소행정과,처리완료,complaints_2026.xlsx,청소행정과
2026,504,2026-04-06,숙직,미상,고라니 사체 처리 요청 / 한국조폐공사 ID본부 버스정류장 앞,담당부서 이첩,청소행정과,처리완료,complaints_2026.xlsx,청소행정과
2026,505,2026-04-06,숙직,미상,"장애아동 이동 도우미 관련 비리 신고처 문의
한빛아파트 거주하는 장애인 아동 대상으로 이동 서비스를 지원해주는 사람이 있는데 허위로 실적을 작성하고 수당을 받는 것 같음
이런 서비스를 제공하는 사람들의 명칭, 어느 기관에서 고용하여 제공하는지, 비리는 어디에 신고해야하는지 궁금해 하심.
우선 대전교통약자이동지원센터 연락처 알려드렸으며 민원인이 구청 장애인팀에도 연락 요청함.

",담당부서이첩,노인장애인과,처리완료,complaints_2026.xlsx,노인장애인과
2026,506,2026-04-06,숙직,미상,한가족병원 쪽 가로등이 꺼짐(06시 이전) 불편신고,담당부서 이첩,건설과,처리완료,complaints_2026.xlsx,건설과
2026,507,2026-04-06,숙직,신성지구대,식품위생법 위반 단속(오전 02시 50분) / 대전 유성구 대학로 ***번길 ** ,담당부서 이첩,위생과,처리완료,complaints_2026.xlsx,위생과
2026,508,2026-04-05,숙직,유성112상황실,"포트홀 조치 요청 
궁동 ***-** / 충남대오거리(장대네거리→충남대방향)에서 유성온천역 방향으로 우회전하는 횡단보도 바로 앞",담당부서이첩,건설과,접수,complaints_2026.xlsx,건설과
2026,509,2026-04-05,일직,[삭제],"쌀 구매 관련해서 매월 10일까지 동행정복지센터에 신청해야 한다고 문의전화 주심
(정부양곡할인지원사업 관련 문의로 사료됨)
연세가 많으셔서 자주 잊어버려 오늘 전화했다고 하시면서 월요일에 꼭 연락달라고 하셨음
(반석마을 ***동 ***호 거주/",관할 동 행정복지센터(노은3동) 이첩,노은3동,처리완료,complaints_2026.xlsx,노은3동
2026,510,2026-04-05,일직,익명,"운전면허증과 주민등록증이 들어있는 지갑을 분실하여, 주민등록증 분실 신고 처리 방법 문의하심",관할 행정복지센터(원신흥동)에 이첩,원신흥동,처리완료,complaints_2026.xlsx,원신흥동
2026,513,2026-04-05,일직,유성경찰서,"방동 ***-* 파스쿠찌 대전방동호수공원DI점 인근 불법주차 차량 때문에 통행이 힘들어
민원이 많이 들어오고 있으니 구청에서도 단속해주기 바람",주말 단속반 인계,주차관리과,처리완료,complaints_2026.xlsx,주차관리과
2026,514,2026-04-05,일직,익명,"신성동 ***-** 인근 건물 공사소음 민원
- 건축법 상 공사시간 별도 제한 없으며 주말에 공사 금지규정 없다고 안내하였으나 민원 접수 원하심",소관부서 이첩,푸른환경과,처리완료,complaints_2026.xlsx,푸른환경과
2026,515,2026-04-05,일직,익명,화폐공사 앞 2차선 도로에 불법 주정차 차량이 너무 많아 차량의 통행이 어려울 정도임,단속반에 전달,주차관리과,처리완료,complaints_2026.xlsx,주차관리과
2026,517,2026-04-05,일직,익명,신세계백화점 뒤쪽 입구 및 북쪽 근처 불법 주정차 차량 즐비함. 오전에 사고도 났었음. 소화전 앞에도 불법 주정차 다수있음.,단속반에 전달,주차관리과,처리완료,complaints_2026.xlsx,주차관리과
2026,518,2026-04-05,일직,익명,"도안동로 *** 거주민인데, 힐스테이트 후문에 있는 이마트24 편의점에서 물건을 사야지만 쓰레기 봉투를 ""1장""씩만 구입할 수 있게 제한을 두어 너무 불편하며,
이렇게 파는게 맞는지와 아니면 업소에 제재 해야 하는게 아니냐고 민원 넣으심",소관 부서 이첩,청소행정과,처리완료,complaints_2026.xlsx,청소행정과
2026,520,2026-04-05,일직,익명,"은구비로 ***번길 * 죽동 죽전교
불법주차 차량이 많아 매우 위험함 / 단속요청",주말 단속반 인계,주차관리과,처리완료,complaints_2026.xlsx,주차관리과
2026,522,2026-04-05,일직,익명,"온천로 ***번길 ** ~ 유성한가족요양병원 사이 불법주차된 차량이 많아 주행차량이 역주행하는 상황
단속 요청",주말 단속반 인계,주차관리과,처리완료,complaints_2026.xlsx,주차관리과
2026,523,2026-04-05,일직,익명,엑스포로 ***번길 **-** 스마트시티 *단지에서 호텔 ICC방면 불법주차 단속요청,주말 단속반 인계,주차관리과,처리완료,complaints_2026.xlsx,주차관리과
2026,524,2026-04-05,일직,익명,"어린이집 보육료가 원래 국가지원금으로 지급되어야 하는데 개인카드로 나감
미학 어린이집)/ 어린이집에서 잘못 처리된 경우 어린이집에 직접 연락해서 처리해주었으면 한다고 하심",소관부서 이첩,아동복지과,처리완료,complaints_2026.xlsx,아동복지과
2026,525,2026-04-04,숙직,익명,카이스트교삼거리 갑천 화장실(구성동 ***-*) 문 고장/ 구성삼거리 화장실 조명 고장 조치요청,해당부서 이첩,재난안전과,처리완료,complaints_2026.xlsx,재난안전과
2026,526,2026-04-04,일직,익명,"봉명동 ***-* 
옆건물(대원건물) 공사 소음 생활이 힘듦",소관부서 이첩,푸른환경과,처리완료,complaints_2026.xlsx,푸른환경과
2026,527,2026-04-04,일직,익명,학하1동 노인정 청소기가 고장나 재구매 필요,소관부서 이첩,노인장애인과,처리완료,complaints_2026.xlsx,노인장애인과
2026,528,2026-04-04,일직,익명,구암동 ***-**  가게의 공사소음으로 생활이 불편함,소관부서 이첩,푸른환경과,처리완료,complaints_2026.xlsx,푸른환경과
2026,529,2026-04-04,일직,익명,"현재 살고있는 다가구 건물(노은서로 **)의 빈 호수를 아무 고지 없이 철거 진행중, 소음으로 생활이 힘듦
건물주에게 민원인 전화번호 등 정보노출 금지",소관부서 이첩,푸른환경과,처리완료,complaints_2026.xlsx,푸른환경과
2026,530,2026-04-04,일직,익명,"대학로***번길 *
부상당한 강아지 구조요청",유기동물 전달,지역산업과,접수,complaints_2026.xlsx,지역산업과
2026,531,2026-04-04,일직,익명,"도안동에서 유성홈플러스로 가는 길(유성컨벤션웨딩홀 근처) 견인표시에도 불구하고 불법주정차 차량들로 사고날뻔함
조치 요청",단속반 전달,주차관리과,처리완료,complaints_2026.xlsx,주차관리과
2026,532,2026-04-04,일직,익명,"유성온천공원 앞 온천돌구이 건물 옆 (화단 만들려고 매립된 곳) 온천공원 입구
가로등 있는 곳에서 터지는 파열음으로 전기사고 염려, 조치요구",소관부서 이첩,건설과,처리완료,complaints_2026.xlsx,건설과
2026,533,2026-04-04,일직,익명,"도안대로***번길 *** 및 봉명중 일대
견인지역임에도 불법주정차 심하여 단속 요청",단속반 전달,주차관리과,처리완료,complaints_2026.xlsx,주차관리과
2026,534,2026-04-04,일직,익명,"송림마을*단지와 *단지 사이 도로의 가로등 하나가 기울어져 흔들리고 있음
수리 필요",소관부서 이첩,건설과,처리완료,complaints_2026.xlsx,건설과
2026,535,2026-04-04,일직,익명,"노은동 ***-* 농산물시장 제3문 앞 축산물 상가 쪽
불법주정차가 3차선 중 2차선을 가로막고 있어 사고날 뻔함
단속 요청",단속반 전달,주차관리과,처리완료,complaints_2026.xlsx,주차관리과
2026,536,2026-04-04,일직,익명,"원신흥동 ***-* 대원주차장
길 양옆으로 불법주차하여 통행불가
매주 단속 요청",단속반 전달,주차관리과,처리완료,complaints_2026.xlsx,주차관리과
2026,537,2026-04-04,일직,익명,"아파트 옆 호수의 치매노인이 밤마다 문을 두드리는 등 생활 방해
보호자 연락에도 행동 변화나 요양원 입소 등 조치 없음
보호자에게 치매 관련 조치나 안내 부탁",소관부서 이첩,건강정책과,처리완료,complaints_2026.xlsx,건강정책과
2026,538,2026-04-04,일직,익명,"유성복합터미널 버스 진입도로에 승용차 주차됨
단속 요구",단속반 전달,주차관리과,처리완료,complaints_2026.xlsx,주차관리과
2026,539,2026-04-04,일직,익명,"집앞 횡단보도에 열흘넘게 주차, 차가 앞에 번호판이 없음, 영치 표시
차번호 **나**** 스포티지
유성구 대정동 ***-* 견인 요청",단속반 알림,주차관리과,처리완료,complaints_2026.xlsx,주차관리과
2026,540,2026-04-04,일직,익명,"봉명동 이랜드건설 공사현장 주말 소음으로 주의요함
",임시조치 완료[소장(010-****-****)에게 연락 및 안내] / 담당부서 전달,푸른환경과,처리완료,complaints_2026.xlsx,푸른환경과
2026,541,2026-04-04,일직,익명,온천동로 ** 참조은건강 주차장 입구 가로막음 견인 요청,단속반 전달,주차관리과,처리완료,complaints_2026.xlsx,주차관리과
2026,542,2026-04-03,숙직,민원인미상,"도룡동 ***-**번지(공터 앞) 목요일부터 가로등이 들어오지 않음 ( 이전에도 불이 어두웠어서, 가로등 확인 요청)",담당부서 전달,건설과,처리완료,complaints_2026.xlsx,건설과
2026,543,2026-04-03,숙직,민원인미상,"-유성 징키스칸 치킨(대전 유성구 유성대로***번길 ***) 음식점 관련 민원 / 음식점 밖에 테이블을 놓고 영업중인데 불법이 아닌지 확인 요청 (소음이랑 담배냄새가 심해서 민원 제기)
-여러 차례 전화 온 민원인으로 통화시 주의 필요
-해당 음식점 사장님이 사진 보내주셔서 첨부합니다.",해당부서 전달,위생과,처리완료,complaints_2026.xlsx,위생과
2026,544,2026-04-03,숙직,윤슬거리 관리사무소 관리위원,방동 윤슬거리 관리사무소(화장실) 쪽 가로등이 어제부터 안들어온다고 주민 민원이 있었음.,담당부서 이첩,건설과,처리완료,complaints_2026.xlsx,건설과
2026,545,2026-04-03,숙직,민원인미상,"구암역 근처 구암교쪽에 노란현수막 불법현수막인지 확인 요청(현수막때문에, 차량진입시 시야가 가려서 불편함)",담당부서 전달,건축과,처리완료,complaints_2026.xlsx,건축과
2026,546,2026-04-03,숙직,미상,"구 리베라호텔, 스타벅스 사이 우회전 차로에 불법 주정차",해당부서 이첩,주차관리과,처리완료,complaints_2026.xlsx,주차관리과
2026,547,2026-04-02,숙직,익명,노은 농수산물시장 입구 고라니 사체 처리 요청,펫 레스큐 전달,청소행정과,처리완료,complaints_2026.xlsx,청소행정과
2026,548,2026-04-02,숙직,익명,카이스트 기숙사 / 부상 다람쥐 구조 요청,펫 레스큐 전달,푸른환경과,처리완료,complaints_2026.xlsx,푸른환경과
2026,549,2026-04-02,숙직,미상,"유성온천역 부근 신호등 흔들거림 조치 요망. 만년교 방향 역 1,8번 출구 사이 신호등으로 파악됨",담당부서 이첩,대전광역시지방경찰청,처리완료,complaints_2026.xlsx,대전광역시지방경찰청
2026,551,2026-04-02,숙직,익명,"봉명동 ***-** 현장 저녁 6시 지나서도 공사 진행으로 인한 소음 심함, 야간 공사 지양바라며 현장 전달 요청",관련부서 이첩,공동주택과,처리완료,complaints_2026.xlsx,공동주택과
2026,552,2026-04-02,숙직,미상,봉명동 마실커피 사거리~온천역 사거리 유흥업소 호객행위 이루어지고 있어 담당자와 통화 원함.(3월 20일 접수된 당직민원과 동일한 건),담당부서 이첩,위생과,처리완료,complaints_2026.xlsx,위생과
2026,553,2026-04-02,숙직,[삭제],"대학로 ** 스카이로드뷰 지하주차장 출입구 앞 흰색 실선 점선을 황색실선으로 변경가능한지 질의민원
- 답변을 공문으로 받고싶다함",담당부서 이첩,주차관리과,처리완료,complaints_2026.xlsx,주차관리과
2026,554,2026-04-02,숙직,익며,"엑스포아파트 ***동 정자 뒤 낙엽 및 담배꽁초 정비 요청
- 단지 내아닌 외부라고 하심",해당부서 이첩,청소행정과,처리완료,complaints_2026.xlsx,청소행정과
2026,555,2026-04-01,숙직,미상,사이언스대덕어린이집 건너편 ~ 삼거리 대로변(가정로) 가로등 전부 고장난 것 같아 처리 요청,담당부서 접수,건설과,처리완료,complaints_2026.xlsx,건설과
2026,556,2026-04-01,숙직,미상,부상 비둘기 구조 요청,펫레스큐 전달,푸른환경과,처리완료,complaints_2026.xlsx,푸른환경과
2026,557,2026-04-01,숙직,익명,관평동 **** 천변 도로 중앙에 고양이 사체가 있어 조치요함.,담당부서 이첩,청소행정과,처리완료,complaints_2026.xlsx,청소행정과
2026,558,2026-04-01,숙직,복용파출소 김정우 경장,운행정지명령이 나간 차량을 발견하여 현재 복용파출소 내에서 보관중임. 담당부서로 전달하여주길 바람,담당부서 이첩,교통정책과,처리완료,complaints_2026.xlsx,교통정책과
2026,559,2026-03-31,숙직,익명,"대전 유성구 신성동 ***-*, 인근 고양이 사체 처리 요청",펫레스큐 전달,청소행정과,처리완료,complaints_2026.xlsx,청소행정과
2026,560,2026-03-31,숙직,미상,"장동 *** 한국화학연구원에서 장동 ***-* 승적골삼거리 가는 방향, 가로등이 일괄 소등되어있음. 점검 요청",담당부서 이첩,건설과,처리완료,complaints_2026.xlsx,건설과
2026,561,2026-03-31,숙직,미상,반석동 ***-* 내 고라니 사체 처리 요청,펫레스큐 전달,청소행정과,처리완료,complaints_2026.xlsx,청소행정과
2026,562,2026-03-31,숙직,익명,"진잠로 ***, 인도에 불법주차 단속 요청 (**저****)",소관부서 이첩,주차관리과,처리완료,complaints_2026.xlsx,주차관리과
2026,563,2026-03-31,숙직,익명,"반석동로**번길 **, 반석로**번안길 * 인근 주차단속 요청",담당부서 이첩,주차관리과,처리완료,complaints_2026.xlsx,주차관리과
2026,564,2026-03-31,숙직,익명,리베라호텔 근처 스타벅스 도로 불법주차 처리 요청,당당부서 이첩,주차관리과,처리완료,complaints_2026.xlsx,주차관리과
2026,565,2026-03-30,숙직,재난상황실,"ㅇ도룡동 ***번지 인근, 포터차량(**구****) 빗길에 미끄러져 가로등 전도 됨
ㅇ사고원인자 보험회사(삼성화재) 출동하여 임시조치 완료(23:20)
ㅇ인명피해 없음",담당부서 전달  및 임시조치 완료,건설과,접수,complaints_2026.xlsx,건설과
2026,566,2026-03-30,숙직,익명,"송강동 ***-*번지 앞, 음식물 쓰레기 수거가 안되었음.  수거해 주기 바람.",담당부서 이첩,청소행정과,처리완료,complaints_2026.xlsx,청소행정과
2026,567,2026-03-30,숙직,익명,"3. 29.(일) 동물 학대 신고하고 어떻게 처리 되었는지 문의전화 옴(상대동 휴먼시아@ 내)
",담당부서 이첩,지역산업과,처리완료,complaints_2026.xlsx,지역산업과
2026,568,2026-03-30,숙직,익명,"유성사회복지관 쪽 이랜드건설의 공사시간 관련 민원.
-상황: 공사장소의 관련 판넬에 공사시간이 6시까지로 적혀있어 민원인이 공사가능시간 6시까지로 주장. 6시이후로 계속 공사진행하고 있어 공사시간 지킬것에 대한 민원 요청. ",담당부서 이첩,푸른환경과,처리완료,complaints_2026.xlsx,푸른환경과
2026,569,2026-03-30,숙직,익명,유성구 장대동 ***-* 방음벽 옆 나무 전지 요청,담당부서 이첩,한국도로공사,처리완료,complaints_2026.xlsx,한국도로공사
2026,570,2026-03-30,숙직,익명,유성구 장대동 ***-* 입구 하수구 역류 처리 요청,담당부서 이첩,건설과,처리완료,complaints_2026.xlsx,건설과
2026,571,2026-03-30,숙직,익명,대전광역시 유성구 송림로**번길 *-** 공원 인근 도로 주차단속 요청.,담당부서 이첩,주차관리과,처리완료,complaints_2026.xlsx,주차관리과
2026,572,2026-03-30,숙직,익명,유성구 구암동 ***-*  불법주차 단속 요청,담당부서 이첩,주차관리과,처리완료,complaints_2026.xlsx,주차관리과
2026,573,2026-03-30,숙직,익명,1달 넘게 방치된 스쿠터 처리 요청(번호판 없음 / 물건 싣는 박스 있음) / 유성구 도룡동 *-**,담당부서 이첩,교통정책과,처리완료,complaints_2026.xlsx,교통정책과
2026,574,2026-03-29,숙직,구즉지구대,"테크노중앙로 **-**, 석적빌딩 7층에서 무면허 의료 및 불법성행위 업소 적발하여 구청 전파",해당 부서 민원내용 전달,보건의약과,접수,complaints_2026.xlsx,보건의약과
2026,575,2026-03-29,숙직,익명,상대동 ***-* 식당 원산지 표시 미표기 확인 요청 / 담당자 연락 요청 희망,담당부서 이첩,지역산업과,처리완료,complaints_2026.xlsx,지역산업과
2026,579,2026-03-29,일직,미상,동물 학대 신고 / 강아지 때리고 소리지른다고 함,해당부서 이첩(신고내용은 담당자에게 메신저로 전달),지역산업과,처리완료,complaints_2026.xlsx,지역산업과
2026,580,2026-03-29,일직,미상,"유성시장 근처, 현충원 가는 도로 양방향 불법 주정차 단속 요청",단속반에게 접수,주차관리과,처리완료,complaints_2026.xlsx,주차관리과
2026,581,2026-03-29,일직,미상,봉산휴먼시아*단지(봉산동 ***-*)-구즉경찰서 부근 가로등이 낮에도 켜져있음. 조치 요망,해당부서 이첩,건설과,처리완료,complaints_2026.xlsx,건설과
2026,584,2026-03-29,일직,미상,상지초등학교(노은동로 ***) 부근 주차 단속 요청(인도에 주차),주말 단속반 인계,주차관리과,처리완료,complaints_2026.xlsx,주차관리과
2026,585,2026-03-29,일직,[삭제],"주말마다 교회 방문차량 불법주정차가 많은데 해결이 안된다고 함. 회신요청.
주소: 도안대로***번길 **(스카이뷰리브 건물과 교회 사이 도로)",해당부서 이첩 및 주말 단속반 인계,주차관리과,처리완료,complaints_2026.xlsx,주차관리과
2026,587,2026-03-29,일직,미상,"신세계 백화점 뒷쪽 및 DCC 근처 불법주정차 단속요청

같은 내용 신고 건
(010-****-**** / 13:35)",주말 단속반 인계,주차관리과,처리완료,complaints_2026.xlsx,주차관리과
2026,588,2026-03-29,일직,유성경찰서,"유성시장 불법주정차 단속 요청

같은 내용 신고 건
(010-****-**** / 14:04)
(010-****-**** / 15:25)",주말 단속반 인계,주차관리과,처리완료,complaints_2026.xlsx,주차관리과
2026,589,2026-03-29,일직,미상,"배차시간 미준수 / 마을5번 

목련아파트 10시55분 출발버스 > 대전예술고등학교(56분 도착예정)에서  11시10분까지 기다림 

연락요청",해당 부서로 이첩,교통정책과,처리완료,complaints_2026.xlsx,교통정책과
2026,590,2026-03-29,일직,미상,"유성구 금고동 하수종말처리장 현장에서
주말 인데 공사현장 차량 진출입 등으로 소음 지속발생

주말 등 공사자제 요청",해당 부서로 이첩,푸른환경과,처리완료,complaints_2026.xlsx,푸른환경과
2026,591,2026-03-29,일직,미상,"민원인: 유성구 신동 농사지으는 분 
민원내용: 일요일까지 덤프트럭 차량 진출입 등으로 소음발생해서 공사 자제요청 / 금고동 하수종말처리장 공사차량으로 사료됨",해당 부서로 이첩,푸른환경과,처리완료,complaints_2026.xlsx,푸른환경과
2026,592,2026-03-28,숙직,성명 미상,"유성사회복지관 쪽 이랜드건설의 공사시간 관련 민원.
-상황: 공사장소의 관련 판넬에 공사시간이 6시까지로 적혀있어 민원인이 공사가능시간 6시까지로 주장. 6시이후로 계속 공사진행하고 있어 공사시간 지킬것에 대한 민원 요청. 
-지속적으로 관련 민원 넣었던 것으로 보이고 조치를 취해줄 것을 요청함.",관련부서 이첩,푸른환경과,처리완료,complaints_2026.xlsx,푸른환경과
2026,593,2026-03-28,일직,미상,"택시요금 과다 부과 관련 민원
유성시장-휴먼시아까지 가는 택시 요금 9,000원을 요청 받음. 너무 과도한 것 같음.
택시번호: 정보 없음",관련부서 이첩,교통정책과,처리완료,complaints_2026.xlsx,교통정책과
2026,594,2026-03-28,일직,유성경찰서,"자동차검사 미필 관련 운행정지명령차량 확인 요청
- 상황: 차량등록증 상에는 검사를 받은 것으로 확인되었으나, 자동차검사미필로 운행정지명렁이 되어 있는 차량 발견. 조치 필요.
- 차량정보 
  차량번호: **오**** /  주소지 : 전주 / 적발당시 차량위치: 유성icc웨딩홀 주차장 입구",관련부서 이첩,교통정책과,처리완료,complaints_2026.xlsx,교통정책과
2026,596,2026-03-28,일직,미상,갑천 힐스테이트 1블럭 ***동 앞 주말 공사소음 민원,담당부서 이첩,푸른환경과,처리완료,complaints_2026.xlsx,푸른환경과
2026,597,2026-03-28,일직,[삭제],"가로수 정비 후 나뭇가지 및 먼지가 건물주차장에 주차해 놓았던 차 위에 산재해 있음
(유성 농수산물시장 근처 미트갤러리 주차장)",관련부서 이첩,노은1동,처리완료,complaints_2026.xlsx,노은1동
2026,598,2026-03-28,일직,미상,가로수에 피어있는 목련을 치면서(흔들면서) 떨어트리고 다님 (mbc ~ 원촌3거리 방향),담당부서 이첩,녹지산림과,처리완료,complaints_2026.xlsx,녹지산림과
2026,599,2026-03-28,일직,미상,"목줄을 하지 않은 반려견 신고 및 계도 요청
(가정로 **, 삼성한울아파트 ***동 6층 거주민인 것으로 추정)",관할부서 이첩,지역산업과,처리중,complaints_2026.xlsx,지역산업과
2026,600,2026-03-28,일직,미상,한국 도로교통공단 옆 공터(라도무스 맞은편)에 무단방치 되어있는 차량(앞뒤 번호판 없음/냉동탑차) 확인 후 처리 요청,담당부서 이첩,교통정책과,처리완료,complaints_2026.xlsx,교통정책과
2026,601,2026-03-28,일직,미상,구암동 왕가산 (***-*번지 일대)에서 나무 정비로 인해 소음 발생 (동영상소지),관련부서 이첩,도시계획과,처리완료,complaints_2026.xlsx,도시계획과
2026,602,2026-03-28,숙직,미상,반석마을*단지와 다올 식당 이면도로 고라니 사체 처리,관련부서 이첩 / 펫레스큐 메시지 전달,청소행정과,처리완료,complaints_2026.xlsx,청소행정과
2026,603,2026-03-28,숙직,미상,현대 아울렛 내부 철거 공사(?) 소음 민원 (저녁부터 03:40가 넘도록 진행중),관련 부처 이첩,푸른환경과,처리완료,complaints_2026.xlsx,푸른환경과
2026,604,2026-03-27,숙직,미상,구암동 ***번길 정원어린이집 서쪽 10m 고라니 사체 처리,펫레스규 메시지 발송,청소행정과,처리완료,complaints_2026.xlsx,청소행정과
2026,605,2026-03-27,숙직,미상,봉명동 코오롱 하늘채 공사 소음 민원 : 저녁에 지속된 공사 소음으로 장사 어려움. 계도해주시기 바람,관련 부서 이첩,푸른환경과,처리완료,complaints_2026.xlsx,푸른환경과
2026,606,2026-03-27,숙직,미상,반석북로**번길 **에 GS25편의점까지 주차 단속 요청(반석초 인근으로 어린이 보호구역이라고 함) / 당직실에 단속결과 전달해주시길 요청,관련부서 이첩,주차관리과,처리완료,complaints_2026.xlsx,주차관리과
2026,607,2026-03-27,숙직,미상,궁동 스타트업파크 H1 건물 앞 맨홀뚜껑이 흔들려서 조치요함(민원인분이 사진 찍어두셨다고함),관련부서 이첩,건설과,처리완료,complaints_2026.xlsx,건설과
2026,608,2026-03-27,숙직,미상,유성 테크노*로 **(HB솔루션)~ 테크노*로** 2차선 위에 고양이 사체 처리요청,관련부서 이첩,청소행정과,처리완료,complaints_2026.xlsx,청소행정과
2026,609,2026-03-27,숙직,미상,작년부터 철거시작했는데 봉명동 이랜드 건설현장 옆 에서 6시부터 저녁 7시 30분까지 시끄럽게 공사함. 관리 요함.,관련부서 이첩,푸른환경과,처리완료,complaints_2026.xlsx,푸른환경과
2026,611,2026-03-26,숙직,미상,"학하동 ***-*번지 앞에 17시이후로 계속 주차되어있는 대형차량(노랑번호판) 단속요청
국민신문고 넣었으나, 빠른 현장확인(단속) 요청",관련부서 이첩,교통정책과,처리완료,complaints_2026.xlsx,교통정책과
2026,613,2026-03-26,숙직,익명,"봉명동 ***-*번지 금빛식품 골목 차도에 불법전단지 살포 청소 요청 / 문구: ""보이스피싱 재태크 사기-룸싸롱""",담당부서 이첩,청소행정과,처리완료,complaints_2026.xlsx,청소행정과
2026,614,2026-03-25,숙직,익명,반석로 ** 상가(배불배불) 앞 맨홀 역류 조치 요청 / 당직폰에 동영상 전송 요청해놓음,담당부서 이관,건설과,처리완료,complaints_2026.xlsx,건설과
2026,615,2026-03-25,숙직,[삭제],충열사삼거리 길가에 고라니 로드킬 잔해 치워놓음. 처리 요청.,담당부서 이첩 / 펫레스큐 전달,청소행정과,처리완료,complaints_2026.xlsx,청소행정과
2026,616,2026-03-25,숙직,익명,아동수당 관련 문자 받아서 연락 요청입니다.,담당부서 이첩,아동복지과,처리완료,complaints_2026.xlsx,아동복지과
2026,617,2026-03-25,숙직,[삭제],아동수당 관련 연락 요청.(변동사항 없는데 변동사항 있으면 연락달라는 문자 받았다함),담당부서 이첩,아동복지과,처리완료,complaints_2026.xlsx,아동복지과
2026,618,2026-03-25,숙직,익명,노은동 열매마을 *단지(***동) ~ 지족우체국까지 주정차단속 요청,단속반 연락,주차관리과,처리완료,complaints_2026.xlsx,주차관리과
2026,619,2026-03-25,숙직,익명,주소: 유성대로***번길 **. 나무 및 쓰레기 불법 소각 단속 요청. 전화 연락 요청.,담당부서 이첩,청소행정과,처리완료,complaints_2026.xlsx,청소행정과
2026,620,2026-03-25,숙직,익명,"문지로 ***-** 건물 주변도로변 담배꽁초가 항상 많이 있다고함 조치요청
",담당부서이첩,청소행정과,처리완료,complaints_2026.xlsx,청소행정과
2026,621,2026-03-23,숙직,미상,목원대에서 한밭대 지나가는 지하차도(라도무스 옆) 3차로에 포트홀 발생하여 처리 요청함,담당부서 이첩,건설과,접수,complaints_2026.xlsx,건설과
2026,622,2026-03-23,숙직,미상,둔곡터널 올라가는 길(둔곡동)에 고양이 사체 처리 요청,담당부서 이첩,청소행정과,처리완료,complaints_2026.xlsx,청소행정과
2026,623,2026-03-23,숙직,미상,월드컵 경기장 사거리(노은 화훼단지 옆) 도로 동물 로드킬 사체 처리 요청,담당부서 이첩,청소행정과,처리완료,complaints_2026.xlsx,청소행정과
2026,624,2026-03-23,숙직,미상,송강동 음식물 쓰레기 수거 요청,담당부서 이첩,청소행정과,처리완료,complaints_2026.xlsx,청소행정과
2026,625,2026-03-23,숙직,미상,관평동에 유기묘(흰색 및 검은색 목도리) 1마리 구조요청,유기동물 구조(김명덕 / 010-****-****)에 문자 접수,지역산업과,처리완료,complaints_2026.xlsx,지역산업과
2026,626,2026-03-23,숙직,진잠상인회 회장,"오토바이가 1달 넘게 같은 자리에 방치되어 있음(번호판 없음)
- 진잠로**번길 **",담당부서 이첩,교통정책과,처리완료,complaints_2026.xlsx,교통정책과
2026,628,2026-03-22,숙직,익명,"인도 위 고양이 사체 처리요망
-발견위치: 연구단지 4거리 SK뷰 길 건너편, LG에너지솔루션 어린이집 - 사택 사이 횡단보도 길가에 변압기 뒷쪽",관련부서 이첩,청소행정과,처리완료,complaints_2026.xlsx,청소행정과
2026,629,2026-03-22,숙직,익명,[긴급] 은구비공원내 수도가 터져 물이 많이 새고 있음,"관련부서 이첩
- 상수도 유성사업소에 전화로 계량기 잠금을 요청함(042-****-****)",공원과,처리완료,complaints_2026.xlsx,공원과
2026,631,2026-03-22,숙직,익명,용머리공원 트램펄린 안에 핸드폰이 빠져있으니 꺼내주기 바람,관련부서 이첩,공원과,처리완료,complaints_2026.xlsx,공원과
2026,632,2026-03-22,일직,미상,"노은로 *** 일원 양방향 주차로 인한 통행 불편 민원 접수
- 위치: 노은로 *** (투루파킹 대전노은역주차장 앞 도로)
- 내용: 양방향 불법 주정차로 인한 주차장 진출입 어려움 및 안전사고 위험 호소
- 조치사항: 주말 단속반 현장 출동 및 상습적인 불법주정차에 대한 근본적 개선 요청 ",담당부서 이첩,주차관리과,처리완료,complaints_2026.xlsx,주차관리과
2026,633,2026-03-22,일직,미상,"불법 광고물(현수막) 철거 요청
- 위치: 유성구 도룡동 SK뷰 아파트 인근 가로수
- 현황: 가로수 사이 불법 현수막 위아래 2중 설치
- 요청사항: 운전자 시야 방해 및 보행자 안전 위협 현수막 철거 요청",담당부서 이첩,건축과,처리완료,complaints_2026.xlsx,건축과
2026,634,2026-03-22,일직,미상,"궁동 일방통행길[천하춘(대학로***번길 **)~CU편의점(대학로***번길 **)가는 도로] 포트홀 보수 요청
- 현       황: 차량 통과 시 '쿵' 하는 충격이 느껴질 정도의 포트홀 발생.
- 요청사항: 민원인이 통행 불편을 호소하고 있으니, 해당 구간 노면 상태 확인 및 복구 바람 
",담당부서 이첩,건설과,접수,complaints_2026.xlsx,건설과
2026,635,2026-03-22,숙직,미상,가정북로 *** / 롯데케미컬 연구소 입구 앞 도로 중앙분리대 로드킬 고양이 사체처리 요청,펫레스큐 전달,청소행정과,처리완료,complaints_2026.xlsx,청소행정과
2026,636,2026-03-21,일직,[삭제],반석동636 공원(광장) 담당자 통화 요청,담당 부서 이관,공원과,처리완료,complaints_2026.xlsx,공원과
2026,637,2026-03-21,일직,미상,도룡동 파머스마켓(아리랑로 **) 쪽 도로 불법주정차 차량 다수 단속요청(이전부터 전화했다고 함),담당부서 이첩 / 주말 단속반 전달,주차관리과,처리완료,complaints_2026.xlsx,주차관리과
2026,638,2026-03-21,일직,해당 빌라 주인,"장대동 ***-**빌라에 거주하지 않는 차량이 주차돼 있는데, 차량에 핸드폰 번호가 적혀있지 않은 상태여서 연락 조치 요청 / 차량번호: **나****",주차관리과 업무 인계,주차관리과,처리완료,complaints_2026.xlsx,주차관리과
2026,639,2026-03-21,일직,노은지구대,월드컵경기장 주변 전체 불법 주정차 단속 요청,주말반 주차단속반 인계,주차관리과,처리완료,complaints_2026.xlsx,주차관리과
2026,640,2026-03-21,일직,미상,도룡동4-19(성심당DCC점) 불법 주정차 단속 요청,주말반 주차단속반 인계,주차관리과,처리완료,complaints_2026.xlsx,주차관리과
2026,641,2026-03-21,일직,라도무스 직원,원시흥동609(도안네거리) 자전거 도로 침범 차량 단속 민원,주말반 주차단속반 인계,주차관리과,처리완료,complaints_2026.xlsx,주차관리과
2026,642,2026-03-21,일직,미상,장대동 ***-** 삼거리 코너쪽 불법주정차 차량으로 인한 통행 불편 해소 요청,담당부서 이첩 / 주말 단속반 전달,주차관리과,처리완료,complaints_2026.xlsx,주차관리과
2026,643,2026-03-21,일직,미상,(월드컵남로 **) 주정차 단속 요청,주말 주차단속반 인계,주차관리과,처리완료,complaints_2026.xlsx,주차관리과
2026,644,2026-03-21,일직,미상,장대네거리(충대서문네거리에서 롯데하이마트로 가는 방향) 도로에 엔진오일(기름)이 쏟아져 있어 사고발생 가능성이 있어보여 조치 요청,담당부서 이첩,건설과,접수,complaints_2026.xlsx,건설과
2026,645,2026-03-21,일직,미상,불법주정차 단속 요청(유성대로 *** 창억떡 앞),주차단속 주말팀 인계,주차관리과,처리완료,complaints_2026.xlsx,주차관리과
2026,646,2026-03-21,일직,미상,지족동 ***-* 및 반석동 ***-* 앞 골목길 불법주정차 단속 요청,담당부서 이첩 / 주차단속 주말팀 전달,주차관리과,처리완료,complaints_2026.xlsx,주차관리과
2026,647,2026-03-21,일직,미상,대덕대로*** 앞 큰 길 사체(고양이)처리 요청,부상동물 펫레스큐에 사항 전달함,청소행정과,처리완료,complaints_2026.xlsx,청소행정과
2026,648,2026-03-21,일직,미상,도안아이파크*단지(상대복용로**번길 **)와 도안문화공원 사이 도로 불법주정차 차량 다수 단속 요청,담당부서 이첩 / 주차단속 주말팀 전달,주차관리과,처리완료,complaints_2026.xlsx,주차관리과
2026,649,2026-03-21,일직,미상,"열매마을**단지 소형가전 폐기물 수거함이 없는데, 다른 곳에 버려도 되는지 문의",담당부서 이첩,청소행정과,처리완료,complaints_2026.xlsx,청소행정과
2026,650,2026-03-21,일직,미상,자운교회(자운로***번길 ***)에 유기견 1마리 구조요청,유기견 구조(김명덕/010-****-****)에 문자 접수,지역산업과,접수,complaints_2026.xlsx,지역산업과
2026,654,2026-03-20,숙직,[삭제],상대동 아이파크시티*단지 정문 좌회전 하다 본인 차로 가드레일 들이받아서 파손됨,담당부서 이첩,건설과,접수,complaints_2026.xlsx,건설과
2026,655,2026-03-20,숙직,익명,봉명동 마실커피 사거리~온천역 사거리 유흥업소 호객행위 단속 요청(월요일에 전화 요청),담당부서 이첩,위생과,처리완료,complaints_2026.xlsx,위생과
2026,656,2026-03-20,숙직,미상,발신번호 제한표시로 유성 선병원 후문 일대 주차단속 요청하셨습니다,해당부서 이첩,주차관리과,처리완료,complaints_2026.xlsx,주차관리과
2026,657,2026-03-20,숙직,[삭제],생계급여 및 주거급여 가 아직 들어오지 않았다고 확인 요청,해당부서 이첩,생활보장과,처리완료,complaints_2026.xlsx,생활보장과
2026,659,2026-03-19,숙직,미상,구암동 ***-** 인근 가로등 중간 변압기가 파손되어 있다고 빠른 조치요청하셨습니다,해당부서 이첩,한국전력공사,처리완료,complaints_2026.xlsx,한국전력공사
2026,660,2026-03-19,숙직,미상,유성구 스마트팜(성북동 ***-**)앞에 초록색 철조망 안에 개가 방치되어 있어 구조요청,담당부서 이첩,지역산업과,접수,complaints_2026.xlsx,지역산업과
2026,661,2026-03-19,숙직,미상,자운동 하이넷 자운대 수소충전소 고양이사체 처리요청,로드킬 처리반 연락 조치요청 및 담당부처 이첩,청소행정과,처리완료,complaints_2026.xlsx,청소행정과
2026,663,2026-03-19,숙직,미상,노은동 논골어린공원 옆 횡단보도(노은동 ***번지) 바로앞 인도에 있는 하수구에서 물이 역류하고 있어 조치 요청,관련부서 이첩,건설과,처리완료,complaints_2026.xlsx,건설과
2026,664,2026-03-19,숙직,미상,송강동 **-*번지 큰통 음식물쓰레기를 안 가져갔다고 함. 수거요청,담당부서 이첩,청소행정과,처리완료,complaints_2026.xlsx,청소행정과
2026,665,2026-03-18,숙직,미상,유림공원 남자화장실 소변기 물이 계속 흐른다고 조치요청함,담당부서 이첩,공원과,처리완료,complaints_2026.xlsx,공원과
2026,667,2026-03-18,숙직,미상,신성동 한울아파트 및 하나아파트 근처 kt&g 상상마당 공원 가로등이 며칠째 안 나온다고 조치요청함,담당부서 이첩,공원과,처리완료,complaints_2026.xlsx,공원과
2026,668,2026-03-18,숙직,미상,갑동로**번길 *** 앞 토지에 고라니 사체 처리요청,담당부서 이첩,청소행정과,처리완료,complaints_2026.xlsx,청소행정과
2026,669,2026-03-18,숙직,미상,대정로(한진물류센터에서 모다아울렛 방향) 큰나무 쓰러져 2차로 통행방해,담당부서 이첩,녹지산림과,처리완료,complaints_2026.xlsx,녹지산림과
2026,670,2026-03-18,숙직,미상,문지교회 앞 화암동방향 유성대로 고양이 사체 처리요청,담당부서 이첩,청소행정과,처리완료,complaints_2026.xlsx,청소행정과
2026,671,2026-03-18,숙직,미상,반석동 *** 앞 도로 고라니 사체 처리요,담당부서 이첩,청소행정과,처리완료,complaints_2026.xlsx,청소행정과
2026,672,2026-03-18,숙직,미상,봉산동 *** 사방에 쓰레기 무단투기 많아 현수막 부착 등 조치 요청,담당부서 이첩,청소행정과,처리완료,complaints_2026.xlsx,청소행정과
2026,673,2026-03-17,숙직,미상,대덕대로***번길도로 동물 사체처리 요청,펫레스큐 전달,청소행정과,처리완료,complaints_2026.xlsx,청소행정과
2026,674,2026-03-17,숙직,미상,구암동 ***-* 집앞 도로에서 물이 계속 나옴. 당직폰 영상 보내심,담당부서 이첩,건설과,접수,complaints_2026.xlsx,건설과
2026,675,2026-03-17,숙직,미상,우드볼 치는 사람들이 금강유역환경청 앞 하천 자전거 도로에 주차를 하는데 단속 대상인지 알고싶음 / 안전신문고로 신고를 했는데 단속이 가능해서 과태료 등 부과가 가능한지 여부는 전화로 답변 요청,담당부서 이첩,주차관리과,처리완료,complaints_2026.xlsx,주차관리과
2026,676,2026-03-17,숙직,미상,봉산동 ***-*일원(폐차사업소에서 우회전해서 세종으로 가는 길)에 차량이 상습으로 불법으로 주차하고있어 위험해서 단속 요청 / 단속반 민원 과다로 당직민원으로 남겨놓기 요청,담당부서 이첩,주차관리과,처리완료,complaints_2026.xlsx,주차관리과
2026,677,2026-03-17,숙직,미상,"학하북로 ** 앞 아스팔트 포장한게 일어나 자전거 타시는분도 넘어져 다치심
조치 요청",담당부서 이첩,건설과,처리완료,complaints_2026.xlsx,건설과
2026,679,2026-03-17,숙직,미상,"학하동 ***-*, 학하어린이공원 사이 토지에서 불법소각(땅 주인도 아님). 소방서까지 출동
전에도 같은내용으로 신고하여 구청 담당자 왔지만 주의만 주고 끝났다고 함
당직폰으로 영상 보내주시며 강력한 조치 요청",담당부서 이첩,청소행정과,처리완료,complaints_2026.xlsx,청소행정과
2026,680,2026-03-17,숙직,미상,혼인신고 후 수리까지 걸리는 기간 문의,담당 부서 이첩,민원여권과,처리완료,complaints_2026.xlsx,민원여권과
2026,681,2026-03-16,숙직,익명,관평동 **** 조가네갑오징어~ 카페마리안 사이 가로등 2개 점멸로 인해 조치 요청,담당부서 이첩,건설과,처리완료,complaints_2026.xlsx,건설과
2026,682,2026-03-16,숙직,[삭제],"방동저수지 초입 인근 도로 교통사고 잔해물 처리
위치 : 서대전 iC로 가는 입체교차로 부근",담당부서 이첩,청소행정과,처리완료,complaints_2026.xlsx,청소행정과
2026,684,2026-03-16,숙직,익명,구암역 출구 앞에  불쾌한 현수막이 여러개 붙어 있는데 그것을  처리해 달라고 하심 (현수막 내용이 수사기관과 법원이 짜고 판결을 해서 ...등) / 현수막 걸려 있는 데가 개인소유가 아니라 지자체가 국가땅이면 현수막 없애달라고 하심,담당부서 이첩,건축과,처리완료,complaints_2026.xlsx,건축과
2026,685,2026-03-16,숙직,익명,"전민동 엑스포코아와 전민중학교 사이 공원에 가로등 전부 점멸, 너무 어두워서 빠른 조치 바랍니다",담당부서 이첩,생활환경국,접수,complaints_2026.xlsx,생활환경국
2026,686,2026-03-16,숙직,익명,관들*길 15-25 골목길 전체 가로등 점멸로 인해 빠른 수리 바람.,담당부서 이첩,건설과,처리완료,complaints_2026.xlsx,건설과
2026,687,2026-03-16,숙직,익명,원내로 **-* 초롱플라워샵 도로 앞 로드킬 고양이 사체처리 요청,펫레스큐 전달 완료,청소행정과,처리완료,complaints_2026.xlsx,청소행정과
2026,688,2026-03-16,숙직,익명,관평동 제1무료 공영주차장 가로등 나간지 오래됨   처리 바람,당당부서 이첩,주차관리과,처리완료,complaints_2026.xlsx,주차관리과
2026,689,2026-03-15,숙직,미상,옆옆 건물 공사로 인하여 소음 심함 조치 필요(데시벨 90이상),담당부서 이첩,푸른환경과,처리완료,complaints_2026.xlsx,푸른환경과
2026,690,2026-03-15,숙직,미상,"반석역 일원(반석동 ***번지) 대로변을 횡단하려면, 중앙 교통섬을 한 번 거쳐야하는 등 보행자가 총 두 번의 신호를 받아 횡단보도를 건너야 함.
해당 내용에 대한 플래카드도 게시되어 있으나 야간에 시야에 잘 들어오지 않으며, 한 번에 건너는 것으로 착오하여 횡단 중 교통사고 위험률이 높아 해결책이 필요함.",담당부서 이첩,유성지구대,처리완료,complaints_2026.xlsx,유성지구대
2026,691,2026-03-15,숙직,미상,대전컨벤션센터(DCC) 간판 조도가 높아 수면에 불편함이 있고 20시 이후에는 소등 조치 필요,담당부서 이첩,푸른환경과,처리완료,complaints_2026.xlsx,푸른환경과
2026,692,2026-03-15,일직,미상,"사회인야구장(관평동 *-*) 이용객들을 위한 주차장이 부족하여 위쪽 도로 황색실선에 주차할 수밖에 없음.
①주말 특정시간에는 그쪽 지역 주차단속을 유예해주거나, ②황색실선을 흰색선으로 바꿀수 있는지에 대한 가능여부를 듣길 원하심.
(주정차선변경은 도로교통법에 따라 경찰청 관활이기에 쉽게 시행할 수 없다고 말씀 드렸습니다. )
(민원인의 태도는 전혀 화를 내는 것이 아니고 굉장히 차분하셨습니다.  주정차단속차량이 지나가는걸 목격해서 전화주신 듯 합니다.)",담당부서 이첩,주차관리과,처리완료,complaints_2026.xlsx,주차관리과
2026,694,2026-03-15,일직,미상,"문지동 ***-*번지 주변 청소 요청(특히 담배꽁초가 많다고 함.)
",담당부서 이첩,청소행정과,처리완료,complaints_2026.xlsx,청소행정과
2026,695,2026-03-15,일직,미상,상대동일원(상대복용로**번길) 주정차 단속 요청,주말단속반 전달 완료,주차관리과,처리완료,complaints_2026.xlsx,주차관리과
2026,697,2026-03-15,일직,미상,"도룡동 *-**번지 일원(성심당 DCC점)불법 주정차 단속 강력 요청
(계도보다 단속요청)",주말단속반에 요청 완료,주차관리과,처리완료,complaints_2026.xlsx,주차관리과
2026,698,2026-03-15,일직,미상,"용계동 ***-* 일원 공사장 소음 주의 권고요청, 조치 후 회신 요망",담당부서 이첩,푸른환경과,처리완료,complaints_2026.xlsx,푸른환경과
2026,699,2026-03-15,숙직,미상,유성 ic에서 신탄진 가는길쪽 사거리(지하차도 들어가기 전 길) 도로 바닥에 좌회전으로 그려져 있어야 하는 표시가 직진 표시로 그려져 있음. 조치 요망. +민원인이 당직 민원 확인하면 전화 달라고 하셨음.,해당부서 이첩,주차관리과,처리완료,complaints_2026.xlsx,주차관리과
2026,700,2026-03-14,숙직,익명,구암동 ***-*번지 인근 하수구 역류에 따른 불편사항 조치 요청,담당부서 이첩,건설과,처리완료,complaints_2026.xlsx,건설과
2026,701,2026-03-14,숙직,미상,유성구 계룡로 **(레자미 3차) 뒤쪽 공사장 기계 소음이 밤낮으로 심하다고 조치 요청함. 담당자랑 통화하길 원하심.,담당부서 이첩,푸른환경과,처리완료,complaints_2026.xlsx,푸른환경과
2026,702,2026-03-14,숙직,미상,경성전력공사 내 주차장에 신원미상 차량 주차 중. 연락 취해서 출차 원함.,해당부서 이첩,주차관리과,처리완료,complaints_2026.xlsx,주차관리과
2026,703,2026-03-14,숙직,미상,엑스포로 **(기초과학연구원) 일대 인도에 불법 주차가 많이 되어있어 통행이 어려움,담당부서 이첩,주차관리과,처리완료,complaints_2026.xlsx,주차관리과
2026,704,2026-03-14,일직,[삭제],"- 반석역 삼거리 불법주정차 카메라 상시 녹화 여부 문의 
- 불법주정차 카메라가 단속 시간에만 녹화가 진행되는지 상시 방범용으로도 녹화가 되고 있는지 문의
- 유선 회신 요청",담당부서 이첩,주차관리과,처리완료,complaints_2026.xlsx,주차관리과
2026,705,2026-03-14,일직,익명,"- 유성생명과학고등학교 뒷산(트리풀시티*단지 인근) 나무 벌채가 이루어지고 있음.
- 벌채 작업 허가 여부 확인 후 꼭 회신 전화 부탁하심",담당부서 이첩,녹지산림과,접수,complaints_2026.xlsx,녹지산림과
2026,706,2026-03-14,일직,미상,- 유성 교촌대정로 인근 가로등이 낮인데 켜져있어서 조치 요청  (가로등 번호 : 수채원 L1~4),담당부서 이첩,건설과,처리완료,complaints_2026.xlsx,건설과
2026,707,2026-03-14,일직,[삭제],신성네거리→노은로 방면 도로 *차로 포트홀 다수 발생 관련 민원 접수,담당부서 이첩,건설과,처리완료,complaints_2026.xlsx,건설과
2026,708,2026-03-14,일직,[삭제],"노은3동 주민자치 프로그램 신청 문의, 전화 회신 필요 (도예)",담당부서 이첩,노은3동,처리완료,complaints_2026.xlsx,노은3동
2026,711,2026-03-14,일직,미상,"송강동 시장 상인분 민원 요청
(대전광역시 유성구 봉산로 **) 정문,  (대전광역시 유성구 송강로**번길 **) 길건너 공원쪽 노점상 단속 요청 
벌써 4번째 민원요청이라고 하심
평일에는 노점이 안서고 주말에만 나타나는 노점상이라 주말 단속 요청",담당부서 이첩,건설과,처리완료,complaints_2026.xlsx,건설과
2026,712,2026-03-14,일직,익명,"용계동 힐스테이트리버파크 *단지(공사중) 인근 하상도로로 차량 진입(심경장원 앞까지) 후 공사중인것을 나중에 확인하여 빠져나오기 어려운 상황이 발생했다는 민원 제기. 
공사중 안내판 표지 요청, 미조치시 지속적인 민원 제기 예정",담당부서 이첩,건설과,처리완료,complaints_2026.xlsx,건설과
2026,714,2026-03-14,일직,[삭제],"- 월드컵 경기장 관람시 주차장 만차로 안내요원 지시에 따라 주변 도로에 주차 했는데 주정차위반 과태료 고지서를 받았음.
- 주정차 위반 과태료 문의
- 윤대혁 / 010-****-**** / **서****",담당부서 이첩,주차관리과,처리완료,complaints_2026.xlsx,주차관리과
2026,715,2026-03-14,일직,미상,대전 유성구 구즉로 ** (북대전농협) 근처 노점상 단속 요청,담당부서 이첩,건설과,처리완료,complaints_2026.xlsx,건설과
2026,716,2026-03-14,일직,도룡지구대 이한솔 경장,"도룡지구대에서 교통사고로 인한 보도블럭 및 차단봉 파손 관련 원인자부담 처리 검토 요청하며 민원인 인적사항 통보
- 민원인 인적사항:/010-****-****
- 교통사고 위치: 대전 유성구 대덕대로 ***,  SK주유소 앞",담당부서 이첩,건설과,처리완료,complaints_2026.xlsx,건설과
2026,717,2026-03-14,숙직,미상,3/13 저녁 정부24 통해 전입신고(관평동)했는데 취소 원한다고 함 월요일에 연락 요청,담당부서 이첩,관평동,처리완료,complaints_2026.xlsx,관평동
2026,718,2026-03-14,숙직,[삭제],"주류판매단속
(단속기관) 유성지구대
(단속자) 황인욱 경감
(단속내용) 주류판매단속",담당부서 이첩,문화관광체육과,처리완료,complaints_2026.xlsx,문화관광체육과
2026,719,2026-03-14,숙직,미상,관들*길 8-13 가로등 전부 꺼짐,담당부서 이첩,건설과,처리완료,complaints_2026.xlsx,건설과
2026,720,2026-03-13,숙직,미상,"소방서 연락 
탑립동 *** 도로 물이 차서 현재 소방/경찰 출동중 상수도사업소 연락 완, 도로 침하 우려로 도로관리 부서 연락 요망 
23:00 경 당직근무자 현장 확인, 상수도사업소에서 업체 불러서 작업 예정 도로 보수 필요
",담당부서 이첩,건설과,접수,complaints_2026.xlsx,건설과
2026,721,2026-03-13,숙직,미상,"신성로**번길 **-** 숲속의아침 빌라 주차장 안쪽 분리수거함 앞 음식물쓰레기 나 분리안된 일반쓰레기 등 상습 무단투기로 단속요청
영수증 사진 등 확보",담당부서 이첩,청소행정과,처리완료,complaints_2026.xlsx,청소행정과
2026,722,2026-03-13,숙직,미상,봉명동 레자미3차 뒷편 공사장 콤프레셔 소음,공사 담당자 연락 취해보았으나 현재 작업 없다고 함 ,푸른환경과,처리완료,complaints_2026.xlsx,푸른환경과
2026,723,2026-03-13,숙직,미상,지족동 *** 품앗이마을 앞 노점상 트럭 단속 요청 ,담당부서 이첩,건설과,처리완료,complaints_2026.xlsx,건설과
2026,724,2026-03-13,숙직,익명,"현수막 철거요청
장소: 학하 중앙로 **번길덕명어린이 공원 하천방향 선진빌 근처(옆)
          아파트분양공고 6개가 걸려있음",처리부서 이첩,건축과,처리완료,complaints_2026.xlsx,건축과
2026,725,2026-03-13,숙직,[삭제],"지족북로**번길 **, 보행도로 가드레일 훼손과 불법주차",관련부서 이첩,주차관리과,처리완료,complaints_2026.xlsx,주차관리과
2026,726,2026-03-13,숙직,[삭제],"지족북로**번길 **, 보행도로 가드레일 훼손과 불법주차",관련부서이첩,건설과,처리완료,complaints_2026.xlsx,건설과
2026,727,2026-03-12,숙직,[삭제],"노은3동에서 신분증을 분실한 것으로 생각됨.
복사기  또는 주민등록등초본 발급창구, 폐기물관련 창구 쪽에 두고 온거 같음.(또는 직원이 다시 돌려주지 않은것으로 생각된다고 함)

노은3동에서 연락주기를 바란다고 함.",관련부서 이첩,노은3동,처리완료,complaints_2026.xlsx,노은3동
2026,728,2026-03-12,숙직,[삭제],"체납금 전액 납부한지 1~2주 지났으나 여전히 체납이 되어있어
차량을 매도 할 수 없는 상태이니 확인 후 연락 요망
문은택 010-****-****( 차량번호 **거****)
세원관리과",관련부서 이첩(세원관리과),세원관리과,처리완료,complaints_2026.xlsx,세원관리과
2026,729,2026-03-12,숙직,익명,봉명동 ***-** 주차장이 정식허가를 받은 주차장인지 여부 확인 요망.,관련부서이첩,건축과,처리완료,complaints_2026.xlsx,건축과
2026,730,2026-03-12,숙직,유성경찰서,"송강로 *** 앞 도로 중앙분리대 부러짐. 통행에 방해되어 조치 요청
현장 확인 결과 줄로 임시 고정되어있었으며, 정비 필요해보임.",담당부서 이첩,건설과,접수,complaints_2026.xlsx,건설과
2026,731,2026-03-12,숙직,익명,"봉명동 거주하고 있는 민원인이, 2시 25분쯤 연락을 해 거주지 뒷쪽 공사장에서 콤프레샤를 새벽내내 돌려놔서 시끄러워 잠을 잘 수 없다고함.
전화도중 콤프레샤 소리가 들릴정도임. 관련 부서에 민원 내용 남겨놓고 필요시 민원인에게 연락드릴 수 있다고 함.",담당부서 이첩,푸른환경과,처리완료,complaints_2026.xlsx,푸른환경과
2026,732,2026-03-11,숙직,미상,"용계로 **번길 ***-** 빈집인데 옥상 물탱크에 물이 새어 도로까지 흘러나오는 상황. 급수 중단 요청
자세한 현장 상황은 전화주면 알려준다고 함.
",담당부서 이첩,상수도사업본부,처리완료,complaints_2026.xlsx,상수도사업본부
2026,733,2026-03-11,숙직,미상,원신흥들육교(원신흥로 ***-**) 갑천1트리풀시티아파트쪽 엘리베이터 고장,담당부서 이첩,건설과,처리완료,complaints_2026.xlsx,건설과
2026,734,2026-03-11,숙직,미상,봉명동 레자미 3차 뒤편 공사 소음 심함. (3번째 민원이라고 함.),담당부서 이첩,푸른환경과,처리완료,complaints_2026.xlsx,푸른환경과
2026,735,2026-03-11,숙직,익명,구 유성시외버스 터미널 뒷편 천변가 데크를 따라 장대교쪽에서 구암역쪽으로  모든 가로등이 고장이나 어둡다는 민원,담당부서 이첩,건설과,처리완료,complaints_2026.xlsx,건설과
2026,738,2026-03-10,숙직,익명,"신세계 백화점에서 국립중앙과학과 사이 대로변 노루 사체 처리 요청
유성소방서에서 연락, 경찰차 1대, 소방 펌프차 1대 출동 예정",시 당직실에 민원 접수,지역산업과,접수,complaints_2026.xlsx,지역산업과
2026,739,2026-03-09,숙직,익명,문지동 ***-*번지 일원 청소가 되어 있지 않고 담배꽁초가 많이 버려져 있음.,담당부서 이첩,청소행정과,처리완료,complaints_2026.xlsx,청소행정과
2026,740,2026-03-09,숙직,익명,"유성구 대학로가로등 불이 안 들어옴.
부서에 민원 요청했으나 아직 안 들어온다고 함.",담당부서 이첩,건설과,처리완료,complaints_2026.xlsx,건설과
2026,741,2026-03-09,숙직,익명,"3월 3일 기신고 건이라고 함. 유성성당 골목 한의원 부근  6개월 이상 무단 방치 차량 **머**** , **다**** / 4개월 이상 무단 방치 차량 **어**** 조치요망",담당부서 이첩,주차관리과,처리완료,complaints_2026.xlsx,주차관리과
2026,742,2026-03-09,숙직,익명,유성구 투유투 아파트(문화원로 ***) 앞 불법광고물(광고풍선) 3~4개 있으니 처리요망. (낮 되면 철거하니 아침에 치우길 원하심),담당부서 이첩,건축과,처리완료,complaints_2026.xlsx,건축과
2026,743,2026-03-09,숙직,익명,"문지동 CU 편의점(***-*번지) 주변 거리 담배꽁초, 낙엽 며칠동안 그대로라 오늘 중으로 청소해주면 좋겠다 함",담당부서 이첩,청소행정과,처리완료,complaints_2026.xlsx,청소행정과
2026,744,2026-03-08,숙직,[삭제],노은동 월드컵사거리 거위 돌아다님,"유기동물 구조 김명덕(010-****-****) 전달, 포획완료",지역산업과,처리완료,complaints_2026.xlsx,지역산업과
2026,745,2026-03-08,숙직,익명,"상대동 힐스테이트 1,*단지 사이 인도 배수구 덮개 빈공간에 발이 빠져 접지름. 영조물 배상요청(학생이라 오후 4시 30분 이후 통화 가능하다고 함)",담당부서 이첩,건설과,처리완료,complaints_2026.xlsx,건설과
2026,746,2026-03-08,일직,익명,대학로**번길 **-* 가로수가 쓰러질 것 같다는 민원이 들어옴 ,담당부서 이첩,녹지산림과,처리완료,complaints_2026.xlsx,녹지산림과
2026,747,2026-03-08,일직,익명,원신흥남로**번길 **-** 인근 골목길 전동킥보드 무단 방치 및 센서오류로 인한 소음,담당부서 이첩,교통정책과,처리완료,complaints_2026.xlsx,교통정책과
2026,748,2026-03-08,일직,대전시경찰청 기동순찰대,"상대동 도안지하차도 포트홀 약 15개 조치 요청
현장확인시 동행하거나 사진촬영하여",담당부서 이첩,건설과,처리완료,complaints_2026.xlsx,건설과
2026,749,2026-03-08,일직,익명,"둔곡동 서한이다음 *단지, *단지 인근 불법 현수막 철거 조치 요청",담당부서 이첩,건축과,처리완료,complaints_2026.xlsx,건축과
2026,750,2026-03-08,일직,익명,구암동 *** 로봇공원 풀숲 고양이 사체 처리 요청,펫레스큐 전달,청소행정과,처리완료,complaints_2026.xlsx,청소행정과
2026,751,2026-03-08,일직,익명,"구암동건너편 인도(구암동 ***, 659-3 일원) 고양이 사체 처리(유성경찰서 민원 접수)",펫레스큐 전달,청소행정과,처리완료,complaints_2026.xlsx,청소행정과
2026,752,2026-03-08,일직,익명,"구시앙(중국집) 과 스타팅포인트(카페)사이에 있는 오수받이에서 물넘쳐흐름(많은양은아님)
넘치는 물은 카페앞에 있는 하수도로 흘러가고 있음
(2번전화옴)","담당부서이첩, 저녁 8시 준설 예정",건설과,처리완료,complaints_2026.xlsx,건설과
2026,753,2026-03-08,일직,익명,"가정동 다름고개삼거리 1차선 횡단보도 바로 앞 포트홀 발생
2번이나 밟았다며 빠른 조치 요청",담당부서 이첩,건설과,처리완료,complaints_2026.xlsx,건설과
2026,754,2026-03-08,일직,익명,"궁동 호미어린이공원(궁동2교 아래) 인근 소하천 전선매설구역에서 고양이 사료 배급 및 설거지
민원인 문자 내용: 해당 위치가 공공용지인지는 모르겠으나 옆에 가스관, 전선이 매립되어 있다는 표지판이 붙어있고 전선과 배터리 등을 이용해 카메라 및 급식소를 하는 것은 불법 건축물 또는 적치물로 간주되지 않나요? 허가 받은건지는 모르겠으나 확인요청드리며 만일 불법 적치물일 경우 철거를 요청합니다.",담당부서 이첩(위치가 애매하여 시 소관일 수 있음),재난안전과,접수,complaints_2026.xlsx,재난안전과
2026,755,2026-03-08,일직,익명,반석동 대전행복한교회 앞 다리 밑 가로등 불이 낮에도 계속 켜져 있음(밝을때는 꺼달라고 요청함),담당부서 이첩,재난안전과,처리완료,complaints_2026.xlsx,재난안전과
2026,756,2026-03-08,일직,익명,강병어린이공원 공중화장실 옆 수도 터짐,담당부서이첩,공원과,처리완료,complaints_2026.xlsx,공원과
2026,757,2026-03-07,일직,익명,"콘크리트 옹벽 거푸집 기울음, 굳기 전 보수요청 (지족동 ***-**)",담당부서에 전화 전달 및 기록,건설과,처리완료,complaints_2026.xlsx,건설과
2026,758,2026-03-07,일직,익명,포트홀 정비 요청(문지동 ***-** 일원 양방향),담당부서 이첩,건설과,접수,complaints_2026.xlsx,건설과
2026,759,2026-03-07,일직,익명,쓰레기 미수거 민원(봉명동 ***-** 호텔사업장),담당부서 이첩,청소행정과,처리완료,complaints_2026.xlsx,청소행정과
2026,760,2026-03-07,일직,익명," 용계로**번길 ***-**, 삼성물류센터 공사현장
 주말에 바람부는데 가림막 없이 페인트 작업(뿜칠). 단속요함
 추가 민원 010-****-****",담당부서 이첩,건축과,처리완료,complaints_2026.xlsx,건축과
2026,762,2026-03-07,일직,[삭제],"병원비 지원요청(MRI비용, 수급자)",담당부서 이첩,생활보장과,처리완료,complaints_2026.xlsx,생활보장과
2026,764,2026-03-07,일직,[삭제],봉명동 ***-*(천복삼겹살) 부근 공사장 소음 민원,담당부서 이첩,푸른환경과,처리완료,complaints_2026.xlsx,푸른환경과
2026,765,2026-03-07,일직,익명,"가로등 꺼짐(추목동 / 자운로 **번길일원) , 구체적 위치 010-****-**** 확인요망",담당부서 이첩,건설과,처리완료,complaints_2026.xlsx,건설과
2026,766,2026-03-06,숙직,대전광역시청,"민원 신고로 현장나간 시청 당직자에게 전화옴.
내용: 문지4가 대덕터널방향 한국전력연구원 쪽 인도에 나무가 쓰러져있음. 경찰이 임시조치로 띠둘러놓았다고 함.",담당부서 이첩,녹지산림과,처리완료,complaints_2026.xlsx,녹지산림과
2026,767,2026-03-06,숙직,미상,유성구 대학로 *** (본인건물) 주차장에 번호가 없는 차량이 며칠째 주차되어있어 도움을 줄 수 없는지 문의,담당부서 이첩,주차관리과,처리완료,complaints_2026.xlsx,주차관리과
2026,768,2026-03-06,숙직,미상,용산동 용산초-테크노밸리**단지 아파트 앞 포트홀 있음,담당부서 이첩,건설과,접수,complaints_2026.xlsx,건설과
2026,769,2026-03-06,숙직,미상,반석동 남세종iC 가기 전 안산교 교량 부상당한 새끼 고라니 있음(사망했을 수도 있음),담당부서 이첩,청소행정과,처리완료,complaints_2026.xlsx,청소행정과
2026,770,2026-03-06,숙직,미상,반석마을*단지 아파트에서 반석어린이공원쪽으로 가는 방향 사이 반석천 반월교 우천 시 수막현상으로 인한 미끄럼 방지 포장 설치 요청,담당부서 이첩,재난안전과,접수,complaints_2026.xlsx,재난안전과
2026,771,2026-03-05,숙직,미상,추목동 국군대전병원에서 자운대 아파트 방향 가로등 전부 꺼져있음. 조치 요청,담당부서 이첩,건설과,처리완료,complaints_2026.xlsx,건설과
2026,772,2026-03-05,숙직,미상,"전민동 엑스포아파트 *단지에서 수자원공사 가는길 방향 도로 가로등 4개 불이 안 들어옴, 조치 요청",담당부서 이첩,건설과,처리완료,complaints_2026.xlsx,건설과
2026,773,2026-03-05,숙직,[삭제],승용차 압류로 문의 / **노****,담당부서 이첩,세원관리과,처리완료,complaints_2026.xlsx,세원관리과
2026,774,2026-03-05,숙직,미상0201,유성선병원 후문 늘사랑교회 주변 불법주정차 단속 요청,담당부서 이첩,주차관리과,처리완료,complaints_2026.xlsx,주차관리과
2026,775,2026-03-05,숙직,[삭제],노은2동 동사무소에서 폐기물 처리 하던 중 등산가방 의자에 걸어두고 왔는데  분실물 있다면 연락 부탁함 / 가방: 검은색 등산가방,담당부서 이첩,노은2동,처리완료,complaints_2026.xlsx,노은2동
2026,776,2026-03-05,숙직,구즉지구대 직원,"유성구 봉산로 **, 2층 노래방 주류 판매 및 보관으로 단속 ",담당부서 이첩,문화관광체육과,처리완료,complaints_2026.xlsx,문화관광체육과
2026,779,2026-03-04,숙직,미상,구암동 나눔보호센터 앞 삼정어린이공원 근처에서 심한 악취 발생 조치 요청,담당부서 이첩,공원과,접수,complaints_2026.xlsx,공원과
2026,780,2026-03-04,숙직,미상,별 베이커리 근처 양쪽 가로등 모두 고장,해당부서 이첩,건설과,처리완료,complaints_2026.xlsx,건설과
2026,781,2026-03-04,숙직,복용파출소 직원,구암역 구암교 양쪽에 불법 현수막 철거 요청 (문구: 돈을 많이 잃어버렸습니다..),해당부서 이첩,건축과,처리완료,complaints_2026.xlsx,건축과
2026,783,2026-03-03,숙직,미상,음식물쓰레기 수거 요청 ,담당 부서 이첩,청소행정과,처리완료,complaints_2026.xlsx,청소행정과
2026,784,2026-03-03,숙직,유성경찰서,교통사고 잔해물 처리 요청,담당 부서 이첩,청소행정과,처리완료,complaints_2026.xlsx,청소행정과
2026,785,2026-03-02,숙직,신성지구대 박성인 경관,신성지구대 행정처분 유선통보: 주류 판매,담당 부서 이첩,문화관광체육과,처리완료,complaints_2026.xlsx,문화관광체육과
2026,788,2026-03-02,일직,유성경찰서,"042-****-**** -> 이 번호로 몇십건이 자동으로 신고 전화가 간다고 함 전화가 울려서 받아도 대답이 없고 지지직 소리만 들려 통신 오류라고 
판단되어 조치요청","042-****-**** 으로 발신해보니, 보건소 안내멘트가 나와서 혹시 신고 등 장치 오류가 있는지 확인 요청",보건의약과,처리완료,complaints_2026.xlsx,보건의약과
2026,789,2026-03-02,일직,유성경찰서 상황실,반석역 1번 출구에서 40m 떨어진 도로에서 5중 충돌사고로 교통사고 잔해물 청소 요청,"북유성대로로 시 소관 도로라고 판단되어 시청 당직실에 조치 요청 -> 시청 당직실에서 처리하겠다고 하였으며, 경찰서도 번호도 인계함",청소행정과,처리완료,complaints_2026.xlsx,청소행정과
2026,790,2026-03-02,일직,익명,"대전장대행복주택 근처 아파트진입로 불법 주정차단속 요청하시면서 3~10월까지 월드컵경기장에서 경기가 있는동안
주차금지 칼라콘 등으로 조치요청 하심 / 내일 직접 소관부서에 전화 주신다고 하셨음",단속반 전달 및 담당부서 이첩,주차관리과,처리완료,complaints_2026.xlsx,주차관리과
2026,791,2026-03-02,일직,익명,장대행복주택 근처 불법주정차 단속 요청 / 010-****-**** 똑같은 건으로 *명 더 전화 옴,단속반 전달 및 담당부서 이첩,주차관리과,처리완료,complaints_2026.xlsx,주차관리과
2026,792,2026-03-02,일직,익명,"월드컵대로 행복주택 근처 불법주정차 단속 요청 / 똑같은 건으로 *건 더 전화 옴 (010-****-**** , 010-****-****)",단속반 전달 및 담당부서 이첩,주차관리과,처리완료,complaints_2026.xlsx,주차관리과
2026,793,2026-03-02,일직,익명,"대전 DCC 앞, 골프존, 롯데호텔 근처 및 연구단지진흥재단 근처 불법주정차 단속 요청 ",단속반 전달 및 담당 부서 이첩,주차관리과,처리완료,complaints_2026.xlsx,주차관리과
2026,794,2026-03-02,일직,익명,궁동 원룸 앞 음식물 쓰레기통이 안열린다고 함,내일 오전에 250-0600(대전환경사업지방자치단체조합) 전화 요청 드리라고 말씀 드림 / 담당 부서 이첩,청소행정과,처리완료,complaints_2026.xlsx,청소행정과
2026,796,2026-03-02,일직,미상,"정**님이 퇴원 전 긴급복지 접수를 해야한다고 하셔서 당장은 어렵다고 하자, 당직 민원 내용으로 접수 시도했던 흔적을 남겨달라고 하심 / 전화번호 : 010-****-****",담당 부서 이첩,생활보장과,처리완료,complaints_2026.xlsx,생활보장과
2026,797,2026-03-02,일직,익명,봉명동 케이타운 오피스텔 뒤 공사 소음 민원 ,건축법 상 공사시간을 별도 제한 없다고 답변하였고 수긍하며 전화 끊으심 / 담당 부서 이첩,푸른환경과,처리완료,complaints_2026.xlsx,푸른환경과
2026,798,2026-03-02,일직,익명,상대네거리 상대교 다리 밑 하천 가로등이 낮인데 켜져있어서 조치 요청 / 오후에 한번 더 전화 옴,담당 부서 이첩,재난안전과,처리완료,complaints_2026.xlsx,재난안전과
2026,800,2026-03-01,숙직,익명,온천북로**번길 ** 당나발포차 대전점 주변 불법노점상으로 보행상 불편하다는 민원접수 ,해당 부서 이첩,건설과,처리완료,complaints_2026.xlsx,건설과
2026,801,2026-03-01,숙직,익명,지족로 ***-** 인근 도로 방범용 cctv설치 요청,해당부서이첩,회계과,처리완료,complaints_2026.xlsx,회계과
2026,803,2026-03-01,일직,미상,"원내동 ***(샘물타운 ***동) 후문 승강장쪽
하수구 공사 후 깔아놓은 판넬이 차량 지나갈때마다 너무 시끄러움.",담당부서 이첩,건설과,처리완료,complaints_2026.xlsx,건설과
2026,804,2026-03-01,일직,미상,"성북동 ***-* 불법 소각 신고.
어머니댁 방문하면서 상습적으로 소각.
작년, 재작년 화재난 지역이라 우려.
",단속반 전기호 님께 단속 요청(문자),청소행정과,처리완료,complaints_2026.xlsx,청소행정과
2026,805,2026-03-01,일직,[삭제],고시원 거주중 내쫓겨 생활할 곳이 없음. 노숙인지원센터 연결,담당부서 이첩,생활보장과,처리완료,complaints_2026.xlsx,생활보장과
2026,806,2026-03-01,일직,익명,세동 ***-*번지 도로 가드레일이 망가져있음. 신속처리부탁,해당부서 이첩,건설과,처리완료,complaints_2026.xlsx,건설과
2026,807,2026-03-01,일직,미상,버스정류장(유성구 노인복지관) - 성덕중학교 방면 가로기 거꾸로 달려있음,담당부서 이첩,신성동,처리완료,complaints_2026.xlsx,신성동
2026,808,2026-03-01,일직,미상,"원신흥초등학교 복용분교(구 유성중학교) 버스승하차 자리에 마대자루가 쌓여있어 3/3 통학에 방해됨
등교 전에 치워주시기를 요청",담당부서 이첩,청소행정과,처리완료,complaints_2026.xlsx,청소행정과
2026,809,2026-03-01,일직,미상,명성교회(송강동 ***-*) 앞 시위자(4-5명)들이 인도에 차량 불법 점거,주말단속반에 전달,주차관리과,처리완료,complaints_2026.xlsx,주차관리과
2026,810,2026-02-28,숙직,익명,원신흥동 어울림하트아파트 ****동과 신흥사 및 원신흥중학교 사이/ 동서대로***번길도로에 가로등이 하나도 들어오지 않아 담당부서 조치 요청,담당부서 이첩,건설과,처리완료,complaints_2026.xlsx,건설과
2026,811,2026-02-28,일직,미상,"상대동 ***-*불법 노점상
하얀색 봉고차가 번호판 가리고 운영중 / 한입 고구마 판매 중이라고 함",담당부서 이첩 및 주차단속 요청,건설과,처리완료,complaints_2026.xlsx,건설과
2026,812,2026-02-28,일직,소방서 119,"구즉도서관 뒤쪽 불법소각 신고 출동중이라 함께 불법소각 단속 요청
- 산림 근처 지역의심 녹지산림과 전달  및  청소행정과 단속반 문자송신 완료
  소방서에서 불법소각자 인적사항을 문자로 알려왔음",관련부서 이첩,녹지산림과,처리완료,complaints_2026.xlsx,녹지산림과
2026,813,2026-02-28,일직,미상,"하늘날다람쥐 집안으로 들어와 일단 잡아서 상자안에 보관중임 (천년기념물로 보여 어떻게 해야할지 문의)
- 구청 담당과에서 데려갈 수있는지 / 산쪽으로 방사해도 되는지 문의함.
- 연휴가 길어져서 다치지 않았다면 방사하는 쪽으로 얘기함.
- 천년기념물 날다람쥐가 다시 집안으로 들어왔을때 어떻게 해야할지 등 안내, 확인 전화요청 바람.
: 안전하게 산 속 방사할 수도 있으며, 담당부서에서 내용 확인전화를 요청",당직민원이첩,문화관광체육과,처리완료,complaints_2026.xlsx,문화관광체육과
2026,814,2026-02-25,숙직,익명,지족동 ***의 가로등 점등이 안되는 날이 많음,담당부서 인계,건설과,처리완료,complaints_2026.xlsx,건설과
2026,815,2026-02-24,숙직,익명,"노은한화그린1차 ***동에서 반석천으로 내려가는 길에서 눈이 오면 썰매를 타서 빙판길이 되어 매우 위험함
현수막 게시 등 썰매 금지하는 주민 안내가 필요하니 검토 요청드림",담당부서 이첩,재난안전과,접수,complaints_2026.xlsx,재난안전과
2026,816,2026-02-24,숙직,익명,노은역 주변 / 노은역 먹자골목구간 보도블럭도 제설요청/ * 담당자분들 수고하신다고 감사하다고 하네요*,담당부서 이첩,노은1동,처리완료,complaints_2026.xlsx,노은1동
2026,817,2026-02-24,숙직,[삭제],추목동 ***번지 자운대골프연습장 정문앞 고라니 사체 요청,펫레스큐 전달,청소행정과,처리완료,complaints_2026.xlsx,청소행정과
2026,818,2026-02-24,숙직,익명,현충원역 1번출구 앞/ 보도블럭에서 넘어지심/제설철저요청/맞은편 보도블럭은 되어있는데 이쪽은 안되어있다고 하심/,담당부서 이첩,온천1동,처리완료,complaints_2026.xlsx,온천1동
2026,819,2026-02-24,숙직,익명,전민동 엑스포아파트 ***동 앞 장애인 주차장 / 장애인차량인데 장애인위반스티커 부착함/ 차량번호:**가****/ 전화주세요.,담당부서 이첩,노인장애인과,접수,complaints_2026.xlsx,노인장애인과
2026,820,2026-02-24,숙직,[삭제],대전광역시 봉산로 **번길 * 인근 **구**** 불법 주정차 차량 단속 요청,담당부서 이첩,주차관리과,처리완료,complaints_2026.xlsx,주차관리과
2026,823,2026-02-23,숙직,미상,대전교도소 앞 불법 현수막 관련 문의 (9시 이후 바로 전화 달라 하심),담당부서 이첩,건축과,처리완료,complaints_2026.xlsx,건축과
2026,824,2026-02-23,숙직,미상,노은동로 *** 불법 주정차 단속 요청,담당부서 이첩,주차관리과,처리완료,complaints_2026.xlsx,주차관리과
2026,826,2026-02-22,일직,[삭제],홈플러스에서 유성구청 방향 하상 도로 천변에 철근이 튀어나와 있어 민원인이 다치셨습니다. 최대한 빨리 조치해야할 거 같습니다. 민원인께서 연락바라십니다.,담당부서 이첩,건설과,접수,complaints_2026.xlsx,건설과
2026,827,2026-02-22,일직,미상,"도룡어린이공원 옆 도룡성당에서 어린이공원가는 산책길 위에 길게 뻣은 나무가 부러져 행인들 다칠 위험이 있어 담당부서에서 빠른 처리바람.
위치 확인 어려울 시 민원인에게 전화하셔도 됨.",당직자 현장 확인 및 담당부서 이첩,공원과,처리완료,complaints_2026.xlsx,공원과
2026,828,2026-02-22,일직,미상,덕명동 ***-*번지 바로 앞 정류장(수통골입구)에 대형폐기물을 버려놓음. 폐기물 스티커는 붙어있지 않음. 신고자 분이 정류장 앞 식당 주인이어서 가게 CCTV로 확인해보니 오늘(2/22) 오전 11시30분에 한명이 버리고 간 것을 확인하셨다고 함.,담당부서 이첩,청소행정과,처리완료,complaints_2026.xlsx,청소행정과
2026,829,2026-02-22,일직,미상,"대전반려동물공원 옆 토목공사장 비산, 먼지가 하늘이 노래질 정도로 심함",담당부서 이첩,푸른환경과,처리완료,complaints_2026.xlsx,푸른환경과
2026,830,2026-02-22,일직,미상,목원대 옆 푸르지오디아델 공사장 앞 커브길 도로에 포트홀 발생 (도안3행복주택 앞),담당부서 이첩,건설과,처리완료,complaints_2026.xlsx,건설과
2026,831,2026-02-22,일직,미상,수통골 주차장 내 노점상 단속 요청,담당부서 이첩,건설과,처리완료,complaints_2026.xlsx,건설과
2026,832,2026-02-22,일직,미상,"상대동 ***번지 맛닭꼬치킨 가게 앞 스티로폼같은 쓰레기를 내놓아 바람에 날려 불편을 겪고 있다는 민원
추가) 같은 지번 내 빽다방, 메가커피 업주도 쓰레기를 내놓아 미관을 해친다고 함. 쓰레기를 거기에 내놓아도 되는건지 문의. 회신 전화 달라고 하십니다.",담당부서 이첩,청소행정과,처리완료,complaints_2026.xlsx,청소행정과
2026,833,2026-02-22,일직,미상,"신세계 백화점 광장 쪽 횡단보도에 현수막이 떨어져 나풀거려 민원인이 위험하지 않게 묶어놓아다 하시며, 정당 현수막이라 훼손하면 안될 거 같아 묶어놓고 구청에 연락하시니, 담당부서에서 해당 현수막 확인 후 처리 바랍니다.",담당부서 이첩,건축과,처리완료,complaints_2026.xlsx,건축과
2026,834,2026-02-22,일직,유성지구대,홈플러스에서 유성구청 방향 하상도로 쪽 하천변 길 위에 철근이 튀어나와 있어 조치 요청 함. 시민이 다쳤다고 함. 추가 피해 우려되어 빠른 조치 원한다고 하십니다.,담당부서 이첩,건설과,접수,complaints_2026.xlsx,건설과
2026,835,2026-02-22,일직,[삭제],방동 저수지 가로등 민원으로 수차례 전화 옴. 악성 민원으로 판단하여 당직실에서 수신하지 않아 책임자 본인에게 전화하라는 등의 민원을 계속 넣음. 월요일(2/23) 오전 10시30분까지 본인에게 전화 수신하지 않은 것에 대해 회신하라고 함. (수차례 전화하고 꼭 강조하셔서 전달드립니다.),담당부서 이첩,건설과,처리완료,complaints_2026.xlsx,건설과
2026,836,2026-02-22,일직,미상,용계동 힐스테이트 1차 공사현장 바로 옆 삼성물류센터(?) 공사현장의 소음이 너무 심하다는 민원,담당부서 이첩,푸른환경과,처리완료,complaints_2026.xlsx,푸른환경과
2026,839,2026-02-21,숙직,미상,서대전 IC 주변 SK가스충전소 / 과학고 사이 화물차 차고지 위반 및 밤샘주차 단속 강화 요청,담당부서 이첩,교통정책과,처리완료,complaints_2026.xlsx,교통정책과
2026,840,2026-02-21,숙직,익명,"족욕장 물이 미지근(38도)하여 불편을 느낌
조치 후 연락요청",관련부서이첩,공원과,처리완료,complaints_2026.xlsx,공원과
2026,841,2026-02-21,숙직,익명,"CU대전지족타운점(지족동로***)에서 대형견(레브라도리트리버 추정)를 목줄이나 입마개 없이 내부 카운터에서 키우면서 영업을 하는데 이에 위생과 편의점 손님의 안전이 문제가 된다 판단하여,
이에 위생과에 신고를 하였더니 위생과에서는 동물관련 부서에 연락을 준다고 한 후 연락이 없음
법적으로 문제가 있는 사항인지 연락을 해주기를 바람
",해당부서 이첩,지역산업과,처리완료,complaints_2026.xlsx,지역산업과
2026,843,2026-02-21,일직,미상,"대형화물차가 차고지에 주차하지 않고 천성교회 주변으로 장기간 주차하여 주민들의 안전을 위협받고 있으므로 강력히 단속 요청, 조치 계획에 대해서 전화로 회신 요망",담당부서 이첩,교통정책과,처리완료,complaints_2026.xlsx,교통정책과
2026,845,2026-02-21,일직,미상,자운로 **번길(대전국군병원부터 sk셀프주유소까지) 가로등 수십개가 불이 안들어와서 교체 요청,관련부서 이첩,건설과,처리완료,complaints_2026.xlsx,건설과
2026,846,2026-02-21,일직,유성경찰서,"원신흥로 ***(원신흥네거리~도솔대교구간)도로 가운데에 있던 펜스가 부서져서 교통방해로 경찰서에서 한쪽으로 치워둠.
회수 및 처리 요청.",담당부서 이첩,청소행정과,처리완료,complaints_2026.xlsx,청소행정과
2026,848,2026-02-21,일직,익명,"야생꿩이 간판에 부딪혀 사체가 간판에 매달려 있어 처리를 요청한상태이고 사유지 내 사체는 관리자가 처리를 해야한다고 안내를 해줌.
민원인은 이게 보도로 떨어지면 사고가 나니 담당부서와 통화를 요청함.",담당부서 이첩,푸른환경과,처리완료,complaints_2026.xlsx,푸른환경과
2026,850,2026-02-21,일직,익명,페인트통 대형폐기물 발생하여 관련 절차 및 처리 요청,담당부서 이첩,청소행정과,처리완료,complaints_2026.xlsx,청소행정과
2026,851,2026-02-21,일직,미상,학하동로**번길 **-* 자광사 입구 쪽에 한달째 **호**** 차량이 무단방치 중으로 단속요청,담당부서 이첩,교통정책과,처리완료,complaints_2026.xlsx,교통정책과
2026,852,2026-02-21,일직,익명,유성구 대정동 *** 대정초등학교 후문 골목길에 쓰레기가 도로쪽에 흩날려있어서 차량통행에 방해가 되어 청소요청,담당부서 이첩,청소행정과,처리완료,complaints_2026.xlsx,청소행정과
2026,853,2026-02-21,일직,익명,유성구 수통골로** 벤치에 딸기 불법노점상 신고(노점상끼리 싸움으로 인한 소음),담당부서 이첩,건설과,처리완료,complaints_2026.xlsx,건설과
2026,854,2026-02-21,일직,[삭제],민원인 집 앞 마당에 짐승발자국이 발견되어 확인요청,담당부서 이첩,푸른환경과,처리완료,complaints_2026.xlsx,푸른환경과
2026,855,2026-02-21,일직,미상,교통법규위반 우편물을 민원인주소로 *건수령 하여 중복된 건인지 확인요청,담당부서 이첩,유성지구대,처리완료,complaints_2026.xlsx,유성지구대
2026,860,2026-02-20,숙직,미상,고양이 사체 처리 요청 / 탑립동 ***번지(명성공업~씨앤포스 부근),담당부서 이첩,청소행정과,처리완료,complaints_2026.xlsx,청소행정과
2026,861,2026-02-19,숙직,미상,"가로등 고장, 용계동***-*번지(용계로**번길) 삼거리 부근 반사경 위 가로등(8번이라함)",담당부서 이첩,건설과,처리완료,complaints_2026.xlsx,건설과
2026,862,2026-02-19,숙직,미상,원내동 진잠타운 출입구쪽에서 버스정류소 사이 불법주정차 단속요청,소관부서 이첩,주차관리과,처리완료,complaints_2026.xlsx,주차관리과
2026,863,2026-02-19,숙직,미상,하기동 **번지 앞 보안등 정비요청,소관부서 전달,건설과,처리완료,complaints_2026.xlsx,건설과
2026,864,2026-02-19,숙직,익명,원내동 샘물타운아파트 후문 찻길 구석 고양시사체 처리요청,펫레스큐 전달,청소행정과,처리완료,complaints_2026.xlsx,청소행정과
2026,865,2026-02-18,숙직,익명,자운대아파트에서 정보통신학교로 나오는 길쪽 가로등 불이 다 꺼져있음. 저녁에만 꺼지는건지 확인요청.,관련부서 이첩,건설과,처리완료,complaints_2026.xlsx,건설과
2026,866,2026-02-18,일직,익명,"유성구 배울*로 *** 테크노**단지 아파트 / 월, 수, 금 쓰레기 수거날인데 오늘 수거가 안돼서 쓰레기가 넘침. 월요일 정상수거했으며 수요일은 연휴기간으로 휴무라고 말씀드렸으나 내일이라도 수거 가능한지 문의하심.",담당부서 이첩,청소행정과,처리완료,complaints_2026.xlsx,청소행정과
2026,869,2026-02-17,숙직,유성경찰서 상황실,탑립동 ***-*번지 도로변 고양이 사체 처리 요청,펫레스큐 전달,청소행정과,처리완료,complaints_2026.xlsx,청소행정과
2026,870,2026-02-17,일직,익명,"죽동 칸타빌근처 호남선 교각아래 뉴트리아(유해조수)발견 신고 들어옴.
당일 3건 정도 동일내용으로 접수되었으며 당직폰으로 뒷자리 1528번으로 사진 및 동영상이 첨부되어 있음",담당부서 이첩,푸른환경과,처리완료,complaints_2026.xlsx,푸른환경과
2026,871,2026-02-17,일직,익명,유기견 발견에 따른 신고 / 학하동 빛이되는교회 대지 내 스티로폼 박스,전견국연맹 통지 및 당직민원 접수,지역산업과,처리완료,complaints_2026.xlsx,지역산업과
2026,872,2026-02-17,일직,익명,신성동 한울아파트 ***동에서 동편 근린공원으로 가는 방향에 고양이사체 처리요청,펫레스큐 통보 및 당직민원 접수,청소행정과,처리완료,complaints_2026.xlsx,청소행정과
2026,873,2026-02-17,숙직,미상,"고양이 사체 / 접수대장 기재 후 문자 전달
유성구 동서대로
아이파크 아파트에서 학하동 방향 2차선 도로 (공사중 도로)",담당부서 이첩,청소행정과,처리완료,complaints_2026.xlsx,청소행정과
2026,874,2026-02-16,숙직,익명,"여자를 부르는 룸바가 있는데 업종 확인, 신고 
(주소 및 상호명 부정확, 민원인 전화회신 필요)
주소: 원촌북로 **번길 **(나오지 않는 주소) ",담당부서 이첩,위생과,처리완료,complaints_2026.xlsx,위생과
2026,875,2026-02-16,일직,익명,복용동 ***-*번지 마당에서 장착을 태우는 건지 태우는 냄새와 연기가 심해서 창문도 열 수 없다고 함.,해당 부서 이첩,청소행정과,처리완료,complaints_2026.xlsx,청소행정과
2026,876,2026-02-16,일직,익명,유성구 전민동 대덕복지센터 앞 도로 파손으로 주행시 사고 우려가 있음.,해당 부서 이첩,건설과,처리완료,complaints_2026.xlsx,건설과
2026,877,2026-02-16,일직,익명,"충남대 사거리 다비치 안경원 점 앞에서 (16일 오후 1시 45분 전후) 차량 통행 과정 중 마을버스 5번 기사와 실랑이가 생겼는데 
기사가 버스에서 나와 민원인 차량을 주먹으로 두드리는 등 위협감을 주었다 함.
해당 기사에 대한 페널티와 사과 전화를 강력히 요청함.",해당부서 이첩,교통정책과,처리완료,complaints_2026.xlsx,교통정책과
2026,878,2026-02-16,일직,익명,봉명동 ***-*번지 하수가 역류하여 오수가 나오고 있다 함.,해당 부서 이첩,건설과,처리완료,complaints_2026.xlsx,건설과
2026,880,2026-02-15,숙직,익명,"불법 주정차 단속 요청, 복합환승로(구암다가온행복주택에서 구암역환승주차장 사이 도로)",단속반 전달 및 담당부서 이첩,주차관리과,처리완료,complaints_2026.xlsx,주차관리과
2026,881,2026-02-15,숙직,모다아울렛 직원,"2월15일 17시23분 ~ 30분 사이, 쓰레기(썩은 생선) 불법 투기 신고, 단속 및 전화 요청
대정동 ***-*(모다아울렛 3층 주차장), 차량번호 **두****, cctv 영상자료 있음",담당부서 이첩,청소행정과,처리완료,complaints_2026.xlsx,청소행정과
2026,882,2026-02-15,일직,익명,"은구비공원에 대형견 목줄 미착용에 따른 민원
홍보 및 계도 필요",담당부서 이첩,지역산업과,처리완료,complaints_2026.xlsx,지역산업과
2026,883,2026-02-15,일직,익명,"불법노점상 단속요청
처리후 처리결과 회신요청
",민원 접수,건설과,처리완료,complaints_2026.xlsx,건설과
2026,884,2026-02-15,일직,익명,"죽동네거리 온천2동행정복지센터 인근 버스정류장 앞 배수구 뚜껑이  차가 지나갈때마다 심하게 흔들림..  
그리고 위쪽에 세차장 앞에 하수구뚜껑도 소음이 심함.. 
위험이 우려되니 조치바람..
정확한 위치를 모르면 연락하면 사진보내준다고함..
그리고 조치결과 회신요청",관련부서 이첩,건설과,처리완료,complaints_2026.xlsx,건설과
2026,885,2026-02-15,일직,익명,"용산동 호반써밋 일원 불법광고물 조치 요청
(항상 현대아울렛 일원은 잘 조치해주시는데, 용산동 호반써밋 일원의 불법광고물 조치가 이뤄지지 않는 거 같다는 내용입니다.)",담당부서 이첩,건축과,처리완료,complaints_2026.xlsx,건축과
2026,886,2026-02-15,일직,익명,"쓰레기(칼국수, 삼겹살 등) 무단투기에 따른 조치 요청(수거 및 단속)
(유성구 죽동로***번길 **)",담당부서 이첩,청소행정과,처리완료,complaints_2026.xlsx,청소행정과
2026,887,2026-02-15,일직,익명,고양이 사체 신고(여진선원에서 테크노가는 방향 사거리(청벽산공원삼거리)에서 테크노쪽으로 ***미터 더 가면 도로에 사체 있음),레스큐 문자 알림 및 관련부서 이첩,청소행정과,처리완료,complaints_2026.xlsx,청소행정과
2026,888,2026-02-15,숙직,신성지구대,"신성지구대 행정처분 유선통보 (신성로 ***-*)
1. 영업허가증 비치의무위반
2. 주류보관
-신성지구대 3팀장 경감 박성인 내용전달",해당부서 이첩,문화관광체육과,처리완료,complaints_2026.xlsx,문화관광체육과
2026,889,2026-02-14,숙직,미상,하기숲캠핑장입구쪽에 야간밤샘주차 화물차 3대 신고(이동주차원하심,담당부서 이첩,교통정책과,처리완료,complaints_2026.xlsx,교통정책과
2026,890,2026-02-14,숙직,미상,"테크노*로 ** 맞은편 한독크리닉쪽 수풀(잔디랑 나무있는쪽)쪽에 고양이사체가 있음
",펫레스큐 (이진호.010-****-****) 즉시 전달 및 담당부서 이첩,청소행정과,처리완료,complaints_2026.xlsx,청소행정과
2026,892,2026-02-14,일직,복용파출소,학하2교 천변도로 파이프 내려와있음 조치 요청,담당부서 이첩,건설과,접수,complaints_2026.xlsx,건설과
2026,893,2026-02-14,일직,익명,"사이언스오피스텔 맞은편 온천족욕장에서 색소폰연주 등으로 소음이 심함. 
허가받고하는지 여부 확인. ",담당부서 확인후 연락드리기로 함,공원과,처리완료,complaints_2026.xlsx,공원과
2026,894,2026-02-14,일직,도룡지구대 이한솔,"한국원자력연구소 앞 현수막 수거관련하여 구청에서 철거했는지 여부.(재물손괴죄 신고접수됨)
현수막 설치관련 지차체 신고한 건인지 확인요청(현수막내용- 민사소송 5,000만원~~~)",철거여부 담당부서 확인 후 연락 드리기로 함,건축과,처리완료,complaints_2026.xlsx,건축과
2026,895,2026-02-14,일직,미상,DCC 인근 / 주차장이 있는데도 불법주정차가 심함. 관련 대책 및 조치 검토 및 안내 요청,담당부서 이첩,주차관리과,처리완료,complaints_2026.xlsx,주차관리과
2026,896,2026-02-14,일직,익명,"도룡동 파머스마케인근 불법주정차로인한 사고위험. 사고시 책임여부 등 관련부서 대책마련 필요.
민원인 전화답변은 원하지않으심",단속반을 통한 수시 단속과 관련부서에 관련내용 전달 안내,주차관리과,처리완료,complaints_2026.xlsx,주차관리과
2026,897,2026-02-14,일직,미상,봉명동 *** 유성홈플러스 인근 천변 단속요청,단속반 전달 및 담당부서 이첩,주차관리과,처리완료,complaints_2026.xlsx,주차관리과
2026,898,2026-02-14,일직,미상,구암동 ***-* 원불교당 인근 양 차선 불법주차 단속요청,단속반 전달 및 담당부서 이첩,주차관리과,처리완료,complaints_2026.xlsx,주차관리과
2026,899,2026-02-14,일직,익명,"원내동 한아름아파트 리모델링 공사 소음으로 인한 피해호소. 평일은 상관없으나 주말이라도 공사를 안할수 있는 관련법이나 지침이 있는지 문의
관리사무소에 얘기하고 업자한테 얘기했으나 전혀 소용없음.  주말공사를 제재할 수 있는 방법 문의(관련법령 등) ",연휴끝나고 목요일에 담당자통해 연락드린다고 함. 꼭 연락부탁,공동주택과,처리완료,complaints_2026.xlsx,공동주택과
2026,900,2026-02-14,일직,[삭제],명절 상품권 누락됨  /  통장 관련으로 갈등있으십니다,담당부서 이첩,진잠동,처리완료,complaints_2026.xlsx,진잠동
2026,901,2026-02-14,일직,미상,월드컵대로 *** / 배수설비 관련 문의(하수가 안내려가는 경우가 있어서 관련 문의),담당부서 이첩,건설과,처리완료,complaints_2026.xlsx,건설과
2026,903,2026-02-14,일직,미상,봉명동 자이아파트 외벽공사 관련 / 주말 아침부터 외벽공사 하는데 소음이 심함 / 여러번 연락함,아파트 관리사무소 통화함 / 관련부서이첩,공동주택과,처리완료,complaints_2026.xlsx,공동주택과
2026,904,2026-02-14,일직,미상,원내동 진잠타운아파트 인근 서대전ic 가는 길목 한 길에 차량 다량 주차,단속반(010-****-****) 연락,주차관리과,처리완료,complaints_2026.xlsx,주차관리과
2026,905,2026-02-14,숙직,경찰,"진잠동 ***-*(진잠초 주변) 전선이 끊어져서 주차단속 카메라, 방범용 카메라 미작동/경찰에서 한전에 신고/한전 조치 후 주차단속 카메라 87번, 방범용 카메라 09-**호 작동 확인 요청",담당부서 이첩,주차관리과,처리완료,complaints_2026.xlsx,주차관리과
2026,906,2026-02-14,숙직,미상,"봉명동 ***-* 에코시티빌 앞에 쓰레기 수거 요청/며칠쨰 수거를 안함, 근처 불법 투기 된 쓰레기 수거도 요청
빠른 조치 희망",담당부서 이첩,청소행정과,처리완료,complaints_2026.xlsx,청소행정과
2026,907,2026-02-13,숙직,미상,시에서 이첩/23:20경 마을 버스 1번(전민동에서 궁동방향)에서 하차한 손님께서 핸드폰을 분실,담당부서 이첩,교통정책과,처리완료,complaints_2026.xlsx,교통정책과
2026,909,2026-02-13,숙직,구즉 지구대,"관평동 현대아울렛 근처 관평동 **** 육교 아래에 번호판 없는 오토바이 2대, 관평동 먹자 골목 고반식당 앞 번호판 없는 오토바이 1대 발견/
최근에 관평동 근처에서 번호판 없는 오토바이가 자주 보여, 구청에 조치 요청",담당부서 이첩,교통정책과,처리완료,complaints_2026.xlsx,교통정책과
2026,910,2026-02-13,숙직,미상,"고양이 사체 처리 요청
위치: 유니템(대전광역시 유성구 테크노*로 ***)~티라로보틱스(대전광역시 유성구 테크노*로 ***) 사이 / 로보틱스에서 유니템 방면","오전 8시 접수 민원으로 펫레스큐 미전달, 당직민원으로만 등록",청소행정과,처리완료,complaints_2026.xlsx,청소행정과
2026,915,2026-02-11,숙직,익명,"로드킬 고양이 사체(1마리) 처리 신고
(노은동화훼단지 근처 2차선 도로 위, 충남대에서 유성으로 들어오는 길-선병원 들어오는 길)",펫레스큐 문자 전송,청소행정과,처리완료,complaints_2026.xlsx,청소행정과
2026,916,2026-02-11,숙직,익명,"음식물쓰레기 수거 요청 
- 봉명동 ***-* 앞에 스티커 부착 배출(이틀 전쯤)",담당부서 이첩,청소행정과,처리완료,complaints_2026.xlsx,청소행정과
2026,917,2026-02-10,숙직,익명,"로드킬 동물 사체(고양이) 처리요청
둔산동에서 노은동으로 가는 방향으로 영풍원예자재(북유성대로 **) 쪽으로 가는 샛길",펫레스큐 문자 전송,청소행정과,처리완료,complaints_2026.xlsx,청소행정과
2026,918,2026-02-10,숙직,119 상황실,죽동 공용주차장 1F-01 소화전 뚜껑이 열려 물이 새고 있어 조치 요청,담당부서 이첩,주차관리과,처리완료,complaints_2026.xlsx,주차관리과
2026,919,2026-02-10,숙직,익명,불법 주정차 단속 요청 (반석역환승주차장 근처-음식점 '기름장' 근처) ,담당부서 이첩,주차관리과,처리완료,complaints_2026.xlsx,주차관리과
2026,920,2026-02-09,숙직,익명,"*반복민원* 상대동 ***-* 은가비짬뽕 앞 인도에 오토바이 불법주차 관련 문의해서 답변받았으나, 경찰에 이첩해서라도 처리해야하는거 아니냐고 함.
처리여부를 본인에게 전화로 통보해달라고 하심.(부재중일시 문자)",담당부서 이첩,주차관리과,처리완료,complaints_2026.xlsx,주차관리과
2026,921,2026-02-09,숙직,익명,"*반복민원* 상대동 ***-* 은가비짬뽕 반죽기계랑 냉장고 위생상태 점검 요청
전화로 통보 요청하고 본인이 못받을시 문자달라고 함.",담당부서 이첩,위생과,처리완료,complaints_2026.xlsx,위생과
2026,922,2026-02-09,숙직,익명,"구즉지구대에서 연락 / 관들*길 12, 신교령사골순대국 관평점 앞에 번호판 없는 오토바이가 있음, 확인바람",담당부서 이첩,교통정책과,처리완료,complaints_2026.xlsx,교통정책과
2026,923,2026-02-09,숙직,익명,"시청 민원콜센터에서 전달. 장대동 ***-**, 9 사이에 고양이 사체가 있어 처리를 요청했으나 사유지이므로 처리불가, 처리불가할 경우에는 연락달라고 해서  연락했으나 통화 불가.(초등학생 민원인)",담당부서 이첩,청소행정과,처리완료,complaints_2026.xlsx,청소행정과
2026,925,2026-02-08,숙직,익명,"상대동 ***-* 은가비짬뽕 반죽기계랑 냉장고 위생상태 점검 요청
점검 여부를 본인에게 전화로 통보해달라고 하심.",담당부서 이첩,위생과,처리완료,complaints_2026.xlsx,위생과
2026,926,2026-02-08,숙직,익명,"상대동 ***-* 인도에 불법으로 오토바이 주차해놓으니 
처리하고 본인에게 전화해달라고 요청하심
전화 못받으면 문자라도 남겨달라고 요청",담당부서 이첩,주차관리과,처리완료,complaints_2026.xlsx,주차관리과
2026,928,2026-02-08,일직,익명,"아동의 부가 아동의 모를 아동학대 가해자로 신고
112 신고접수하여 경찰 조사 하였음.
피해의심아동",아동보호팀 당직 전화(863-1391)로 전달 민원인과 통화 요청(학대접수 절차설명요),아동복지과,처리완료,complaints_2026.xlsx,아동복지과
2026,929,2026-02-08,일직,익명,"로드킬 동물 사체(고라니) 처리요청
노은3지구 노은에코힐*단지 아파트 옆 터널 안",펫레스큐 문자 전송,청소행정과,처리완료,complaints_2026.xlsx,청소행정과
2026,931,2026-02-08,일직,익명,"도룡동 DCC 주변 갓길 불법주정차로 *차선 차량 통행 불가
특히 골프존 조이마루 맞은편 불법주차차량이 많아 주말 및 평일 단속 요청.",관련부서 이첩,주차관리과,처리완료,complaints_2026.xlsx,주차관리과
2026,932,2026-02-08,일직,미상,대정동 한우물로 일차선도로에 방지턱 설치 요청. 오토바이들이 너무 과속으로 다녀서 매번 위험함.,담당부서이첩 및 평일 근무시간내 전화요청함.,건설과,처리완료,complaints_2026.xlsx,건설과
2026,933,2026-02-08,일직,익명,"고양이 사체 처리 요청(흰색 검은색 섞인 고양이)
계백로 ***, GS칼텍스 방동주유소 맞은 편 도로",펫레스큐(010-****-****) 문자메시지 발송,청소행정과,처리완료,complaints_2026.xlsx,청소행정과
2026,934,2026-02-08,일직,진잠파출소 김진국경사,"2. 8.(일) 00:52경 파출소에서 자살시도 신고 접수. 이후 오전 7시경 진잠 파출소에서 자녀와 함께 귀가조치.
반복적 자살위험이 있으니 정신건강복지센터 사례관리 요청. 
새벽3시경 정신위기상담센터(042-****-****) 정은서 상담원과 상담진행하였으나, 본인이 상담 거부하여 자살시도 원인등 파악 불가.",파출소에 자살위험자 사례관리 요청 공문(수신:보건소) 발송 요청.,보건소,접수,complaints_2026.xlsx,보건소
2026,935,2026-02-08,일직,유성경찰서,계산동 ***-*번지 도로 결빙으로 제설작업 요청. 물이 흘러나오는 것으로 보여서 상수도 확인 필요.,"건설과 비상연락망 통해 제설작업 요청하고, 시 당직실에 보고함.",건설과,처리완료,complaints_2026.xlsx,건설과
2026,936,2026-02-08,숙직,익명,온천북로**번길일대 이면주차 등으로 차량통행 어려우니 주차단속 등 조치 바람,해당부서 이첩,주차관리과,처리완료,complaints_2026.xlsx,주차관리과
2026,937,2026-02-08,숙직,진잠파출소 직원,"""계엄은 내란이 아니다!""라는 불법현수막 게시(용계동 ***-* 스타벅스 맞은편) 신고로 인한 파출소 직원의 철거 처리 요청",해당부서 이첩,건축과,처리완료,complaints_2026.xlsx,건축과
2026,938,2026-02-07,숙직,미상,궁동 ***-** 맨홀 안에 물이 가득 차있다고 함(역류위험). 확인 및 조치 요망한다고 함.,담당부서이첩,건설과,처리완료,complaints_2026.xlsx,건설과
2026,939,2026-02-07,일직,익명,원신흥동 무인민원발급기 오류 조치요청,담당부서이첩,원신흥동,처리완료,complaints_2026.xlsx,원신흥동
2026,940,2026-02-07,일직,익명,"불법적치물(간판): 길가에 세워놓은 입간판이 눈이 너무 부셔 통행에 불편함이 있음. 가게에서 철거 거부하여 민원제기
- 위치: (대전 유성구 장대로 ** 1층)
- 민원인 전화번호: 010-****-****",담당부서이첩,건축과,처리완료,complaints_2026.xlsx,건축과
2026,941,2026-02-07,일직,[삭제],"방범용 cctv 관리번호 15-356 / 원신흥동 ***-* 일원
기계 소음 장기간 발생으로 유지보수 요청",담당부서 이첩,회계과,처리완료,complaints_2026.xlsx,회계과
2026,942,2026-02-07,일직,익명,지족로(영무예다음 - 한밭대로) 중간 터널 지나 인도 멘홀(하수도) 뚜껑이 파손되어 사람이 빠질 위험이 있다고 처리 요청,담당 부서 이첩(담당자 연락),건설과,처리완료,complaints_2026.xlsx,건설과
2026,943,2026-02-07,일직,[삭제],"청년월세 관련 문의
 - 최근에 유성구로 전입을 왔는데 청년월세 변경 처리시 꼭 내방을 해야하는지 문의 
 - 월요일에 전화 요청 함",담당 부처 이첩,일자리정책과,처리완료,complaints_2026.xlsx,일자리정책과
2026,944,2026-02-06,숙직,익명,"봉명동 앤유pc방 및 1984술마시는 작업실 옆 이면도로에 도로 정체가 너무 심하다며,  일방통행으로 변경을 요청함.",유관부서 이관,유성지구대,처리완료,complaints_2026.xlsx,유성지구대
2026,945,2026-02-06,숙직,[삭제],신성동 행정복지센터에서 전입신고 후 운전면허증을 놓고 옴  월요일 확인해서 연락주길 바란다고 함,해당부서전달,신성동,처리완료,complaints_2026.xlsx,신성동
2026,946,2026-02-06,숙직,미상,고양이 사체 처리,담당부서 전달,청소행정과,처리완료,complaints_2026.xlsx,청소행정과
2026,947,2026-02-06,숙직,미상,"송강동 방면
1차선
동물사체 신고",담당 부서 전달,청소행정과,처리완료,complaints_2026.xlsx,청소행정과
2026,948,2026-02-06,숙직,[삭제],"*지구대 연락처2 / 010-****-****
도로에 멧돼지 사체 처리요망
유성 방면","담당 부서 전달
전수연 이용우 엽사에게 내용 전달(010-****-****)",푸른환경과,처리완료,complaints_2026.xlsx,푸른환경과
2026,949,2026-02-05,숙직,미상,레자미홈 뒷골목 주차단속 요청,담당 부서 전달,주차관리과,처리완료,complaints_2026.xlsx,주차관리과
2026,950,2026-02-05,숙직,미상,편의점 횡단보도 앞 주차 단속 요청,담당 부서 전달,주차관리과,처리완료,complaints_2026.xlsx,주차관리과
2026,951,2026-02-05,숙직,미상,"카이스트 문지캠, 엑스포 쪽 비닐 태우는 듯한 악취 발생. 조치 요청.",담당부서 전달,푸른환경과,처리완료,complaints_2026.xlsx,푸른환경과
2026,952,2026-02-04,숙직,미상,대전현대프리미엄아울렛에서 출차하는 1차선 도로에 불법주정차 연속으로 줄지어 있음. 조치 요청.,담당부서 전달,주차관리과,처리완료,complaints_2026.xlsx,주차관리과
2026,954,2026-02-04,숙직,미상,"19시 5분 봉명동 ***-**번지 횡단보도 앞 불법 주정차량 주인과 민원인 차량 주정차로 인한 통행방해 조치 관련 언쟁, 차주는 민원인이 단속 신고 넣었다고 오해. 차량은 바로 이동조치. **더**** 차주한테 단속신고 접수 없었다고 전달 요청.",담당부서 전달,주차관리과,처리완료,complaints_2026.xlsx,주차관리과
2026,955,2026-02-04,숙직,미상,"행복이음 대상자(구암동 ***-**번지 ***호,) 이사가서 없음. 담당자 전달 요청.",담당부서 전달,사회돌봄과,처리완료,complaints_2026.xlsx,사회돌봄과
2026,956,2026-02-04,숙직,유성경찰서,"장대동 **-* 
교통사고로 인한 잔해물 발생, 잔해물 처리 요망",담당부서 이첩,청소행정과,처리완료,complaints_2026.xlsx,청소행정과
2026,958,2026-02-03,숙직,질병관리청 콜센터,"1339 질병관리청 콜센터
* 마버그열(1급 감염병) 의심사례가 있어 환자분류결과 및 역학분류조사서 질병관리청에 보고바람
* 질병관리청 043-****-**** / ****@****.*** (역학조사서는 반드시 메일로 발송바람)

접수된 분은 르완다공화국 국적 외국인
* 성별: 남
* 연락처: 010-****-****
* 주소: 유성구 원내동
* 해외방문력: 우간다(2025.11월~2026.1월26일까지 체류 / 경유지 카타르는 단순경유)
* 한국입국일: 2026. 1. 27.


*** 문의사항: 043-****-****(질병관리청)으로 연락
*** 환자분류결과 및 역학분류조사서 신속히 작성 후 질병관리청에 보고바람",담당부서 이첩,보건의약과,처리완료,complaints_2026.xlsx,보건의약과
2026,960,2026-02-03,숙직,익명,교촌동 무료 공영주차장 / 충전 후 출차하다가 본인 바퀴에 걸려서 전기차 충전기 선 빠짐(본인 부주의) / 국민콜센터 010-****-**** 통해 민원인 통화 연결,관련부서 이첩,주차관리과,처리완료,complaints_2026.xlsx,주차관리과
2026,961,2026-02-02,숙직,유성경찰서,두마교차로 다리 밑 배관에서 물이 떨어지는 것 같음. 배관 정비 요청 및 1.5차로 결빙 도로 사고 위험이 있어 현장 확인 바람.,담당부서 이첩,건설과,처리완료,complaints_2026.xlsx,건설과
2026,962,2026-02-02,숙직,유성경찰서,갑동 *** 도로 / 교통사고 잔해물 처리 요청,청소행정과 민원 등록,청소행정과,처리완료,complaints_2026.xlsx,청소행정과
2026,963,2026-02-02,숙직,익명,"한솔타운(봉명동 ***-*) 주차장 출입구를 막은 차량으로 인해 출차를 못하고 있음
 - 불법주차차량 아우디 **머**** (불법주차차량 전화번호 010-****-****)
 - 신속하게 처리해주시기 바람(견인 조치 등)",담당부서 이첩,주차관리과,처리완료,complaints_2026.xlsx,주차관리과
2026,964,2026-02-01,일직,익명,죽동 ***번지 / 유성경찰서 건너편 하천 길 유기동물(닭) 신고,유기동물 구조 담당자 전달,지역산업과,접수,complaints_2026.xlsx,지역산업과
2026,965,2026-02-01,일직,익명,도룡동 *-**번지 / 성심당 DCC점 일대 불법 주정차 단속 강력 요청,주말단속반(010-****-****) 단속 요청 및 해당부서 이첩,주차관리과,처리완료,complaints_2026.xlsx,주차관리과
2026,966,2026-02-01,일직,익명,금고동 ***번지 / 유기견 신고 ,유기동물 구조 담당자 전달,지역산업과,접수,complaints_2026.xlsx,지역산업과
2026,967,2026-02-01,일직,익명,문지동 ***-*번지 일대 / 인도변 소나무솔잎 청소 요청,해당부서 이첩,청소행정과,처리완료,complaints_2026.xlsx,청소행정과
2026,968,2026-02-01,일직,익명,대덕대로 ***번길/ 파머스프레빌 건물 인근 도로변 불법주차단속 요청 및 조치 회신 요청,주말단속반(010-****-****) 단속 요청 및 해당부서 이첩,주차관리과,처리완료,complaints_2026.xlsx,주차관리과
2026,970,2026-02-01,일직,익명,용계동 ***-*번지 / (2026.1.31. 06:00~07:00)범죄증거 확보를 위한 CCTV(관리번호: 23-752) 열람 가능 여부 문의 및 요청 ,해당부서 이첩 ,회계과,처리완료,complaints_2026.xlsx,회계과
2026,971,2026-02-01,일직,익명,상대동 ***-*번지 / 은가비짬뽕 가게 앞 인도 오토바이 불법주차 조치 및 회신 요청,해당부서 이첩,교통정책과,처리완료,complaints_2026.xlsx,교통정책과
2026,973,2026-01-31,숙직,익명,족욕장 차가운물이 나와 불편함 느껴 민원전화 주심 ,관련부서 이첩,공원과,처리완료,complaints_2026.xlsx,공원과
2026,975,2026-01-31,일직,익명,송강동 ***번지 현대주유소에서 세차 후 물기가 도로에 떨어져서 매우 미끄러움 조치바람,해당부서에 이첩,건설과,처리완료,complaints_2026.xlsx,건설과
2026,976,2026-01-31,일직,익명,유기견 주인찾고 있음_강아지는 금고동 건설현장에서 보관중_전화기다리고 있음,해당부서에 이첩,지역산업과,접수,complaints_2026.xlsx,지역산업과
2026,977,2026-01-31,일직,익명,"청사 주차중에 누가 와이퍼를 건드려 차량훼손, CCTV확인요청(K7 흰색 **보****) 12시20~13:20사이",해당부서 이첩,운영지원과,처리완료,complaints_2026.xlsx,운영지원과
2026,978,2026-01-31,일직,익명,대전mbc~도룡동 파머스빌 불법주정차 단속요청,해당부서이첩,주차관리과,처리완료,complaints_2026.xlsx,주차관리과
2026,984,2026-01-31,일직,유성경찰서,"관평동 ****-* 메종드세이와 관평예미지 어반코스 사이 중앙분리대 파손 및 거울안내등 이 떨어짐, 교통사고로 파손발생 추정 ",해당부서이첩(시 도로로 시 당직실 및 건설과),건설과,처리완료,complaints_2026.xlsx,건설과
2026,988,2026-01-31,숙직,신성지구대 경장 김민균,1. 31.(토) 04:10 노래방(유성구 대학로***번길 **) 주류 판매하여 단속,담당부서 이첩,문화관광체육과,처리완료,complaints_2026.xlsx,문화관광체육과
2026,989,2026-01-30,숙직,익명,하기동 **-*번지 일원 며칠동안 가로등 점멸되어 조치 요구,담당부서 이첩,건설과,처리완료,complaints_2026.xlsx,건설과
2026,990,2026-01-30,숙직,미상,"위치: 대전 유성구 원신흥로 ** 휴먼시아**단지 버스정류장(47130) 앞
내용: 로드킬(고양이) 사체처리 요청",담당부서 이첩,청소행정과,처리완료,complaints_2026.xlsx,청소행정과
2026,992,2026-01-29,숙직,미상,"위치 : 반석동로 ** 인근 에이스프라자 앞 
민원내용 : 에이스프라자 앞 불법주정차로 인해 소방차 진입이 어려움. 주정차 단속 요청.",담당부서 이첩,주차관리과,처리완료,complaints_2026.xlsx,주차관리과
2026,993,2026-01-29,숙직,미상,전민동 ***-*번지 상 건축물(메르시 미용실) 앞 횡단보도 신호등에 광고물(현수막) 제거 요청,담당부서 이첩,건축과,처리완료,complaints_2026.xlsx,건축과
2026,994,2026-01-28,숙직,유성경찰서,반석동 ***-*(베스킨라빈스) 건물 앞 중앙분리대 사고로 파편들이 생겨 청소 요청,담당부서 이첩,청소행정과,처리완료,complaints_2026.xlsx,청소행정과
2026,995,2026-01-27,숙직,익명,유성구 목원대학교 근처베제스타  공원  조명이 꺼져있음  확인요망 ,담당부서 지정,서구 도시정책국,처리완료,complaints_2026.xlsx,서구도시정책국
2026,996,2026-01-27,숙직,익명,노은동 ***-* / 고양이 로드킬 신고,담당부서 이첩,청소행정과,처리완료,complaints_2026.xlsx,청소행정과
2026,998,2026-01-26,숙직,유성지구대,홈플러스 후문(유성지구대 앞 부근) 교통사고로 인한 잔해물 처리 요청,"담당부서 이첩 / ( 현장확인시 큰 잔해물 없었으나, 추가 정리 필요) ",청소행정과,처리완료,complaints_2026.xlsx,청소행정과
2026,999,2026-01-25,숙직,미상,"1. 유성ic에서 월드컵경기장에서 좌회전하는 방향 교통사고로 유성지구대에서 시청 교통정책과로 연락하였으나 미조치 / 최초 신고전화 22:00
2. 1차 미조치에 따른 추가 사고 발생으로 교통사고 잔해물 처리 요청 / 010-****-**** / 22:18",출동하여 현장확인 및 시 담당부서 잔해물 처리중인것으로 확인 ,청소행정과,처리완료,complaints_2026.xlsx,청소행정과
2026,1000,2026-01-25,숙직,익명,"위치: 문화원로**번길 **
내용: 무단주차 차량으로 인해 차를 못빼고 있음 / SM3 **구****
",관련부서 이첩,주차관리과,처리완료,complaints_2026.xlsx,주차관리과
2026,1001,2026-01-25,일직,미상,"위치 : 유성구 노은역 다비치안경 부근 / 노은역에서 월드컵경기장 가는 방향 / 2차로 
내용 : 고양이 로드킬",관련부서 이첩,청소행정과,처리완료,complaints_2026.xlsx,청소행정과
2026,1002,2026-01-25,일직,미상,"위치 : 유성구 봉산동 ***-** / 바구니교차로로 가는 방향 2,3차선
내용 : 고라니 로드킬",관련부서 이첩,청소행정과,처리완료,complaints_2026.xlsx,청소행정과
2026,1003,2026-01-25,일직,미상,"위치 : 구암역  환승주차장 일대 / 보건소 주변 골목 
내용 : 불법주차 단속 요청 ",주말단속반 단속 요청 ,주차관리과,처리완료,complaints_2026.xlsx,주차관리과
2026,1004,2026-01-25,일직,익명,도룡동 *-**(파머스마켓) 주변 주차단속 요청,불법주차 주말단속반 전달,주차관리과,처리완료,complaints_2026.xlsx,주차관리과
2026,1005,2026-01-25,일직,미상,"위치 : 신세계백화점 뒤쪽
내용 : 주차단속 요청",주말단속반 단속 요청 ,주차관리과,처리완료,complaints_2026.xlsx,주차관리과
2026,1006,2026-01-25,일직,미상,"위치 : DCC 성심당 앞
내용 : 주차단속 요청",주말단속반 단속 요청 ,주차관리과,처리완료,complaints_2026.xlsx,주차관리과
2026,1007,2026-01-25,일직,미상,"위치 : 구암동 ***-*번지
내용 : 하수도 역류 발생으로 인한 민원 제기 / 악취 및 빙판길 위험",관련부서 이첩,건설과,처리완료,complaints_2026.xlsx,건설과
2026,1008,2026-01-25,일직,미상,"위치 : 전력연구원 버스정류장 옆 나무아래 (문지로 *** 주변)
내용 : 고양이 사체 처리 요구",관련부서 이첩,청소행정과,처리완료,complaints_2026.xlsx,청소행정과
2026,1009,2026-01-25,일직,[삭제],"도룡동 ***-*번지 일원 유기견(흰색, 중대형, 빨간 목줄) 신고",유기동물 구조 담당자에게 이첩하였음,지역산업과,접수,complaints_2026.xlsx,지역산업과
2026,1011,2026-01-25,일직,미상,"위치: 카이스트 정문에서 신세계 가는 길
내용: 까치 사체 처리 요청",관련부서 이첩,청소행정과,처리완료,complaints_2026.xlsx,청소행정과
2026,1012,2026-01-25,일직,익명,"- 위치 : 봉산로**번길 *
- 내용 : 건물(봉산로**번길 *) 내 하수도관 터져서 물이 도로로 흘러 도로가 얼 수 있다고 함. 처리 요청
",관련 부서 이첩 ,건설과,처리완료,complaints_2026.xlsx,건설과
2026,1013,2026-01-25,일직,미상,"위치 : 대정동 대신택배 식당 
내용 : 종량제봉투 약 400장 정도 되는 박스 (납품처:유성구청) 보관중임. 수령희망",관련부서 이첩,진잠동,처리완료,complaints_2026.xlsx,진잠동
2026,1014,2026-01-25,일직,미상,"위치 : 교촌로 *번길 ** 
내용 : 1. 24. 교통사고로 인한 도로 위 파편 등 처리 요청",관련부서이첩,건설과,처리완료,complaints_2026.xlsx,건설과
2026,1015,2026-01-25,숙직,미상,"성북2통 부근, 주소 확실치 않음
말 도축 현장 목격 신고. ","관련부서 이첩 및 경찰 신고 안내드림
 - 시 당직실 : 동물확대와 관련 내용으로 파악되므로 구 관련 부서에서 확인 및 처리 요망
 - 진잠파출소 : 현장 확인 위해 파출소에서 순찰 나감(민원인이 정확한 주소를 모르고 진술 거부하여 단순 순찰로 처리)
관련 부서에서 확인 필요",지역산업과,접수,complaints_2026.xlsx,지역산업과
2026,1016,2026-01-25,숙직,미상,궁동 ***-*번지 부근 가로등 선로 끊어짐. 조치요망.,건설과 전기팀 이첩,건설과,접수,complaints_2026.xlsx,건설과
2026,1017,2026-01-25,숙직,미상,"- 하수도 역류 (문화원로 ***, 봉명동 더그린 아파트 부근)
- 건설과 하수팀 담당자 연락(정강진)",건설과 하수팀 담당자 연락(정강진),건설과,처리완료,complaints_2026.xlsx,건설과
2026,1018,2026-01-25,숙직,미상,"위치: 송림로 **, 1층 sk텔레콤 상가 건물
물이 새서 발목까지 찼으나 원인을 모름. 
동파로 추정됨.
119 연락하여 해당 장소로 출동 요청함. / 보도쪽 물이 얼어 염화칼슘 뿌리고 펜스 쳐놓은 상황.",119 연락하여 해당 장소로 출동 요청함.,재난안전과,처리완료,complaints_2026.xlsx,재난안전과
2026,1019,2026-01-24,숙직,미상,"제설요청.
장소: 관평*로 ** (대덕테크노밸리금성백조예미지*단지아파트)
***동과 DS피부과 사이 인도 쪽 햇볓이 들지 않아 주민들 넘어짐 발생. 제설 요청.",해당부서 이첩,건설과,처리완료,complaints_2026.xlsx,건설과
2026,1020,2026-01-24,숙직,미상,"민원인은 유성구 원내동 **-* 거주자 인데, 바로 앞 제이에이치엔지니어링 건물(원내동 **-*) 간판 불빛이 너무 강해서 잠을 잘 수 없다며 빛공해를 호소함.
월요일에 전화주시기 바랍니다.",담당부서 이첩,푸른환경과,처리완료,complaints_2026.xlsx,푸른환경과
2026,1021,2026-01-24,일직,미상,제설작업 중 염화칼슘에 차량이 맞아 세차를 하였음에도 피해가 있어 보상관련하여 담당자와 통화를 원함. 연락요망,담당부서 이첩,건설과,처리완료,complaints_2026.xlsx,건설과
2026,1022,2026-01-24,일직,미상,도룡동 *-** / DCC컨벤션과 골프존 사이 도로에 불법주차로 인해 통행이 어려움 단속 요청.,주말단속반 단속 요청,주차관리과,처리완료,complaints_2026.xlsx,주차관리과
2026,1023,2026-01-24,일직,미상,장대동 *** 이면도로에 3개월 이상 번호판이 없이 방치된 흰색 SUV 벤츠 차량이 있어 조치 요청,담당부서 이첩,교통정책과,처리완료,complaints_2026.xlsx,교통정책과
2026,1024,2026-01-24,일직,미상,도룡동 *** / 도룡자이라피크 신축 공사현장. 방음벽없이 천공기 2대로 작업중 큰 소음이 지속적으로 발생 조치 요청,담당부서 이첩,푸른환경과,처리완료,complaints_2026.xlsx,푸른환경과
2026,1025,2026-01-24,일직,미상,한국항공우주연구원과 한국생명공학연구원 사이 도로(어은동 **-*) 제설 요청,담당부서 이첩,건설과,처리완료,complaints_2026.xlsx,건설과
2026,1026,2026-01-24,일직,미상,도룡동 *-*(로컬푸드 파머스161 일원) 주말간 지속적으로 불법주차가 이루어지고 있음. 현장 단속 카메라가 있으나 소용이 없음. 신속한 조치 요망.,주말단속반 단속 요청,주차관리과,처리완료,complaints_2026.xlsx,주차관리과
2026,1027,2026-01-24,일직,미상,용산동 루이비스컨벤션 예식장 앞쪽 도로 불법주정차단속 요청,주말단속반 단속 요청 및 담당부서 이첩,주차관리과,처리완료,complaints_2026.xlsx,주차관리과
2026,1028,2026-01-24,일직,미상,상대동 *** 불법주차 단속요청 / 불법주차 단속카메라가 있지만 주말에는 동작하고 있는거 같지 않음 관련한 설명요청을 듣고 싶음. 회신요청,주말단속반 단속 요청 / 담당부서 이첩,주차관리과,처리완료,complaints_2026.xlsx,주차관리과
2026,1029,2026-01-24,일직,미상,"봉명동 ***, 693 불법주차단속 및 계도 요청",주말단속반 단속 요청,주차관리과,처리완료,complaints_2026.xlsx,주차관리과
2026,1030,2026-01-24,일직,미상,봉명동 ***-* 건물 앞 인도에 불법주차한 차량 조치 요청,주발단속반 단속요청,주차관리과,처리완료,complaints_2026.xlsx,주차관리과
2026,1031,2026-01-24,일직,미상,버스정류장 스마티시티*단지(43310) 인근 유성구 불법주차현수막 옆에 불법현수막이 부착되어 있어 조치 요청. 위험하게 걸려있어 빠른 조치 요청.,담당부서 이첩,건축과,처리완료,complaints_2026.xlsx,건축과
2026,1032,2026-01-24,일직,미상,노은역 3번출구에서 열매마을*단지 방면 불법주정차 단속 요청,주말단속반 단속요청,주차관리과,처리완료,complaints_2026.xlsx,주차관리과
2026,1033,2026-01-24,숙직,미상,다이소 반석점 앞 교통사고로 인한 볼라드와 인도 파손으로 사고위험있음 ,담당부서 이첩,건설과,처리완료,complaints_2026.xlsx,건설과
2026,1034,2026-01-24,숙직,미상,노은소방서 뒤 제설요청 ,담당부서 이첩,건설과,처리완료,complaints_2026.xlsx,건설과
2026,1035,2026-01-24,숙직,익명,유성온천 리베라호텔 근처 도로 제설 요청 ,담당부서 이첩 ,건설과,처리완료,complaints_2026.xlsx,건설과
2026,1036,2026-01-24,숙직,미상,"제설요청(건설관리본부통해 전달받음) 
민원인 : 새터삼거리-동서대로 사이 용계로**번길운행하는 마을버스 기사(010-****-****)  ",담당부서 이첩,건설과,처리완료,complaints_2026.xlsx,건설과
2026,1037,2026-01-24,숙직,익명,노은소방서 뒷편 주택가 밀집지역 제설 요청,담당부서 이첩,건설과,처리완료,complaints_2026.xlsx,건설과
2026,1038,2026-01-24,숙직,미상,"반석초등학교 주변 제설요청 
(연락처없음:발신제한)",담당부서 이첩,건설과,처리완료,complaints_2026.xlsx,건설과
2026,1039,2026-01-24,숙직,미상,"용계동 새터삼거리에서 용계로 천변 내려가는 길 / 뚝방길 제설 필요 
통행 많은데 차량이 계속 빠지고 있음 ",담당부서 이첩 ,건설과,처리완료,complaints_2026.xlsx,건설과
2026,1040,2026-01-24,숙직,미상,용계로**번길제설요청 ,담당부서 이첩,건설과,처리완료,complaints_2026.xlsx,건설과
2026,1041,2026-01-23,숙직,익명,구암동 ***-* 번지 집 앞 도로에 물이 계속 고여있음.  사진을 찍으려고 얼음을 깼더니 물이 더 나오는 거 같음. 당직폰으로 도로 상황 보내주신다고 하심,담당부서 이첩,건설과,처리완료,complaints_2026.xlsx,건설과
2026,1042,2026-01-23,숙직,[삭제],반석동 새미래공원 화장실이 잠겨있던데 수리가 언제 완료되서 개방되는지 문의 ,담당 부서로 이첩 ,녹지산림과,처리완료,complaints_2026.xlsx,녹지산림과
2026,1044,2026-01-22,숙직,익명,구암동 ***-* 입구 앞 도로에 물이 나옴/ 이전에 동일 민원으로 담당자가 현장 방문 후 간단한 조치하였으나 재발 ,담당부서 이첩,건설과,처리완료,complaints_2026.xlsx,건설과
2026,1046,2026-01-22,숙직,[삭제],"위텍스 자동차세 1월 정기분 연납분 중복납부 관련, 1월분 환급 절차가 어떻게 되는지 문의 / 차량번호 **나**** / 오전 중 전화 요망",담당 부서 이첩,세정과,처리완료,complaints_2026.xlsx,세정과
2026,1047,2026-01-22,숙직,익명,유성 삼거리에서 신성동 가는 방향 카이스트 가는 길 (대전 과학고 입구쪽) 고라니 사체 처리 요청,담당 부서 이첩,청소행정과,처리완료,complaints_2026.xlsx,청소행정과
2026,1048,2026-01-22,숙직,복용파출소,"덕명동 ***-*번지 에스오일 앞 쪽, 교통사고 잔해  및 오일로 위험. 조치요망.",현장방문하여 큰 잔해들은 연석 위에 올려두고 옴. 추가 정리 바람. 사진은 당직실 핸드폰으로 찍어둠. 필요시 확인가능.,청소행정과,처리완료,complaints_2026.xlsx,청소행정과
2026,1049,2026-01-21,숙직,유성경찰서 구본길경사,궁동 ***-** 앞 골목 오토바이 교통사고 잔해 정리 요청. ,현장 방문하여 큰 잔해만 길가로 옮겨놓고 옴. 내일 추가 청소 요망. 현장사진은 당직실 폰 문자로 전송해둠.,청소행정과,처리완료,complaints_2026.xlsx,청소행정과
2026,1050,2026-01-21,숙직,익명,"유성 봉오동 순댓국집(대전 유성구 유성대로 ***) 바로 옆에 목줄한 고양이가 묶여있다고 함.
봉오동 순댓국집에 문의 결과, 사장님의 고양이라 어떻게 할 수 없다는 답을 들었다고 함.
2일동안 강추위에 묶여있어 학대신고 하고자 한다고 함.",담당부서 이첩,지역산업과,접수,complaints_2026.xlsx,지역산업과
2026,1051,2026-01-21,숙직,익명,"구암동 ***-*번지 (본인 집) 앞과 하천 사이 도로에 물이 계속 고인다고 함.
여러번 신고들어왔는데 조치가 안되어있다고 함. 담당부서로 접수하겠다고 안내함.
당직실 핸드폰으로 사진 보내달라 요청했으나 오지 않음. ",담당부서 이첩,건설과,접수,complaints_2026.xlsx,건설과
2026,1052,2026-01-21,숙직,유성지구대,"봉명동 ***-** 앞 전기선 늘어짐.
","당직자 현장 확인(소방, 경찰이 출동하여 임시조치)
 → 소관부서에서 한번 더 확인 부탁(또는 이첩 / 통신선 같음)",건설과,접수,complaints_2026.xlsx,건설과
2026,1053,2026-01-20,숙직,[삭제],"주민등록증이 사라져 분실신고함
","주민등록증 분실신고 처리는 담당자가 없어 불가하며 담당자 출근하여 처리가능함을 안내하였음.
즉시 분실처리는 인터넷으로 신고처리할 수 있음을 안내해줌(정부24)",진잠동,처리완료,complaints_2026.xlsx,진잠동
2026,1054,2026-01-19,숙직,미상,전민로**-* 인근 보도블럭이 빠져있어 위험함,담당부서 이첩,건설과,처리완료,complaints_2026.xlsx,건설과
2026,1055,2026-01-19,숙직,익명,상대동 ***번지 모델하우스 앞 도로에 사고 파편들이 많아서 위험해 보임,담당부서 이첩,청소행정과,처리완료,complaints_2026.xlsx,청소행정과
2026,1057,2026-01-19,숙직,미상,송강동 미라클 안경 불법주차에 따른 통행불가,단속유예기간임을 알림 지속적으로 주차민원을 넣었는데 해결이 안되는 중,주차관리과,처리완료,complaints_2026.xlsx,주차관리과
2026,1058,2026-01-19,숙직,미상,"유성 선병원 대학약국 앞 부근 유성구청 교통과 현수막이 떨어져 있어서 교통에 위험을 줄 거 같으니 최대한 빠른 조치 요망
(일주일 정도 전에도 똑같은 민원을 제기했다고 함)",담당부서 이첩,주차관리과,처리완료,complaints_2026.xlsx,주차관리과
2026,1061,2026-01-18,일직,미상,"유성 IC에서 나와 충남대 방향으로 가던 중, 도로 바닥 표지를 보고 신탄진 가는 좌회전 차선을 따라 갔는데(2차선), 신호등 앞에 오니 2차선이 좌회전 차선이 아니라 직진 차선으로 바뀌었다. 
도로 바닥 표지가 잘못된 듯 하여 수정이 필요한 듯 하여 전화로 연락을 주셨다고 하심.
민원인 분께서 현지인이 아니라 정확한 도로명이나 위치확인이 어렵다고 하여 통화 이후 지도와 로드뷰로 확인해보니, 유성 IC에서 나와 한밭대로를 타고 가던 중 장대네거리에서 좌회전하는 상황으로 추정됨.(충대정문 아님, 월드컵경기장 아님, 바닥 신탄진 좌회전 화살표)
",담당부서 이첩,건설과,처리완료,complaints_2026.xlsx,건설과
2026,1062,2026-01-18,숙직,미상,온천동로 **번길 ** 트리플타운 주변 24시간 빨래방 간판이 깜빡거려서 새벽에 눈이 부시다고 함,소관부서 이첩,푸른환경과,처리완료,complaints_2026.xlsx,푸른환경과
2026,1063,2026-01-17,숙직,미상,용산*로 **~59 사이 비둘기 사체 처리요청,펫레스큐 전달 완료,청소행정과,처리완료,complaints_2026.xlsx,청소행정과
2026,1065,2026-01-17,일직,미상,"유성온천 족욕장(청주해장국 앞) 물 교체시간이 지났는데도 교체를 하지 않음. 또한 1/17 오후에 근무하는 근무자는 물 교체도 하지 않고, 순찰도 제대로 하지 않아 이용자들이 매우 불쾌함.
해당 내용을 공원과에 꼭 전달하여 개선될 수 있도록 강력히 요청하였으며, 공원과 과장님, 청장님까지 본 민원을 전달하라고 함.
** 15:41, 16:16, 16:37, 16:59 네 차례 전화 옴. **

마지막 통화에서는 당직자가 공원과 담당자에게 본인 연락처를 알아서 전화를 한 것에 대해 매우 화를 내었으며, 본인이 민원 신청한 내용에 대해서 공원과 과장에게 직접 시간대별로 정리하여 보고하라고 하며,
그 결과에 대해서 확인하겠다고 함.",담당부서 이첩,공원과,처리완료,complaints_2026.xlsx,공원과
2026,1066,2026-01-17,일직,미상,"대전 유성구 온천서로 ** 2층 유성복집 건물 앞, 건물과 인도 경계에 구멍 생김. (크기: 60~70cm*30cm)
어두울 때 보면 발이 빠질 수 있을 것 같아 위험해보임.",담당부서 이첩,건설과,접수,complaints_2026.xlsx,건설과
2026,1067,2026-01-17,일직,[삭제],"봉명동 대전 유성구 한밭대로***번길 ** A동) 앞 도로에 안내판을 세워두고, 가게 이용하는 사람들만 주차를 할 수 있게 막아둔다고 함.
가게 측에서는 다른 차가 그곳에 주차를 하면 차를 빼라고 함.
민원인이 이 도로는 사유지가 아니지 않냐고 하자 맞다고 하며, 도로 인근 10m에 대해서는 세금을 내고 사용하고 있으니 문제가 없다고 했다고 함.
해당 내용의 진위 여부에 대해 확인하고 싶음.",담당부서 이첩(건설과 혹은 위생과),건설과,처리완료,complaints_2026.xlsx,건설과
2026,1068,2026-01-17,일직,미상,"구암교 사거리 일원, 불법 현수막(부동산 광고) 정비 요망.
(동일 내용으로 며칠 전 국민신문고도 접수하였었는데, 또 광고물 걸었다고 함.)",담당부서 이첩,건축과,처리완료,complaints_2026.xlsx,건축과
2026,1069,2026-01-17,일직,미상,"관평동 대덕테크노밸리*단지아파트 ***동 건너편 인도에 벚꽃나무가 부러져 통행에 지장이 있음.
빠른 처리 요망.",담당부서 이첩,녹지산림과,처리완료,complaints_2026.xlsx,녹지산림과
2026,1070,2026-01-17,일직,미상,"원신흥동 갑천1블럭에서 2블럭 넘어가는 도로 쪽 육교 엘리베이터 고장.
유모차나 장애인들이 많이 이동하는 곳으로, 빠른 수리 요청.",담당부서 이첩,건설과,처리완료,complaints_2026.xlsx,건설과
2026,1071,2026-01-17,숙직,미상,대전 유성구 도룡동 *-** 롯데시티호텔 앞 사거리 부근 교통사고로 인한 잔해물 처리 요청,당직근무자 현장 출동으로 큰 잔해물 이동조치 / 시 당직실로 이첩,청소행정과,처리완료,complaints_2026.xlsx,청소행정과
2026,1072,2026-01-16,숙직,익명,자광사앞 고양이 사체 처리 아직 안돼있다고 또전화오심 / 계속 전화옵니다 꼭 처리부탁드려요 ㅠ,담당부서이첩,청소행정과,처리완료,complaints_2026.xlsx,청소행정과
2026,1074,2026-01-16,숙직,[삭제],"송강마을*단지 ***동 ***호 거주 / 오전 7시 전 부터 리모델링(45가구 진행중) 공사 소음 피해 / 현장소장, 관리사무소, 112, 110 모두 연락해봤는데 구청으로 전화하라고 함 / 화가 많이 남",담당부서 인계,공동주택과,처리완료,complaints_2026.xlsx,공동주택과
2026,1075,2026-01-15,숙직,미상,"학하동***-*번지 근처 절? 앞 고양이 사체 처리 요청
",펫레스큐 전달,청소행정과,처리완료,complaints_2026.xlsx,청소행정과
2026,1077,2026-01-15,숙직,익명,"유성선병원 후문쪽 불법 주정차 단속요청
정문 약국쪽 가로수에 주차과 현수막이 걸려있는데 제대로 걸어서 휘날리지않게 해달라고하심",해당부서 이첩,주차관리과,처리완료,complaints_2026.xlsx,주차관리과
2026,1078,2026-01-14,숙직,복용파출소,"음주 단속에 적발되었는데 
자동차검사 미수검 1년 경과로 운행정지된 차량임 [**머****]
수통골 삼거리에 차량을 세워두었음
",담당 부서 이첩,교통정책과,처리완료,complaints_2026.xlsx,교통정책과
2026,1079,2026-01-14,숙직,미상,"구암동 ***-*번지 앞 도로에서 계속 물이 흘러 나옴
여러번 신고들어왔는데 조치가 안되어있다고 함",담당부서 접수,건설과,처리완료,complaints_2026.xlsx,건설과
2026,1080,2026-01-14,숙직,미상,장대교 일원 양방향 불법주차로 인하여 극심한 혼잡 및 통행불편으로 계도하여 주시기 바라며 평소 요주의하여 주길 바람,주말단속반 전달 및 해당부서 접수,주차관리과,처리완료,complaints_2026.xlsx,주차관리과
2026,1081,2026-01-14,숙직,익명,"엑스포아파트*단지 ~ 토지주택연구원 사이 가로등이 꺼져있어 어두움
고장가로등 수리도 요청",해당부서 이첩,건설과,처리완료,complaints_2026.xlsx,건설과
2026,1083,2026-01-14,숙직,삼정빌리지 관리사무소,도룡동 삼정빌리지 앞 도로 블랙아이스 관련 조치 및 물품지원 가능한지 문의,담당부서 이첩,건설과,접수,complaints_2026.xlsx,건설과
2026,1084,2026-01-13,숙직,유성지구대,"봉명동 ***-*번지 ""인생마지막포차"" 식당앞 인근 황색실선(차단봉 설치)에 불법 주차 차량으로 차량 통행이 불가능함.  단속 요청",현재(22:20) 주차단속은 불가하고 담당부서에 민원 전달한다고 안내,주차관리과,처리완료,complaints_2026.xlsx,주차관리과
2026,1085,2026-01-13,숙직,익명,전민동 수자원공사~엑스포아파트가는 길 가로등 불이 안들어옴. 조치하여 주시기 바랍니다.,담당부서 이첩,건설과,처리완료,complaints_2026.xlsx,건설과
2026,1086,2026-01-13,숙직,익명,유성대로 ****-** 인근 육교 앞 4차선 도로 중간 고라니 사체 처리요청,현장 담당자 전달완료 및 담당부서 이첩,청소행정과,처리완료,complaints_2026.xlsx,청소행정과
2026,1087,2026-01-13,숙직,익명,온천서로 ** 출구 쪽 주차된 차로 통행 어려워 단속요청,담당부서 이첩,주차관리과,처리완료,complaints_2026.xlsx,주차관리과
2026,1091,2026-01-11,숙직,유성소방서 및 경찰서,송강동  산책로에 멧돼지 출몰,전국수렵인참여연대(이용우 010-****-****)에 내용 전달,푸른환경과,처리완료,complaints_2026.xlsx,푸른환경과
2026,1092,2026-01-11,일직,익명,"유성구 학하북로 **, 명원기업 앞 왕복2차선 도로에서 부상당한 고양이가 있어 구조요청함",유기동물 김명덕 님께 전달 완료,지역산업과,처리완료,complaints_2026.xlsx,지역산업과
2026,1093,2026-01-11,일직,익명,"대정동 ***-*번지 출입구 쪽 도로에 CCTV 설치 요청 / 담당자와 전화상담 요청
(해당주소지에서 불특정 사람들이 불을 피워 화재에 노출되어있다고 함)",담당부서 이첩,회계과,처리완료,complaints_2026.xlsx,회계과
2026,1094,2026-01-11,일직,유성경찰서 교통안전계,"궁동 로데오거리 불법주정차로 교통혼잡야기, 단속요청",주정차 주말단속반 단속요청,주차관리과,처리완료,complaints_2026.xlsx,주차관리과
2026,1095,2026-01-11,일직,미상,"성심당dcc점 일원은 주말에 주기적(탄력적)인 단속 요청. 몰리는 시간대에 자주 나와주길 바람.
연구개발특구진흥재단 입출입로 부근 불법주정차 심각. 불법주청자 현수막 끈 풀려 날림","주말단속반에 점검 요청
현수막 정비요청",주차관리과,처리완료,complaints_2026.xlsx,주차관리과
2026,1096,2026-01-11,일직,익명,도룡동 파머스마켓 인근 불법주정차 단속요청 / 방송국 근처라고 방송국에 주차 관련 특혜주고있는 것 아니냐며 정식민원 제기하신다고 함,주정차 주말단속반 단속요청 / 담당부서 이첩,주차관리과,처리완료,complaints_2026.xlsx,주차관리과
2026,1097,2026-01-11,일직,미상,"대전송강초 부근 사거리(송강로 구즉로 교차) 빙판길 정비요청
- 파리바게트, 한솔아파트 사이 4차로",해당부서 이첩,건설과,처리완료,complaints_2026.xlsx,건설과
2026,1098,2026-01-11,일직,익명,원신흥동성당에서 세상의빛이레교회 우회전 차선에 불법주정차로 우회전 진입에 불편함이 있음,주정차 주말단속반 단속요청,주차관리과,처리완료,complaints_2026.xlsx,주차관리과
2026,1099,2026-01-11,숙직,112 상황실,원촌동 ***-* 교통사고 잔해물 처리 요청(중앙분리대 및 차량 잔해물),"숙직자 현장 출동 후 큰 잔해물 위주로 처리
시 당직자에게 이첩 / 담당부서 해결 여부 확인요망",청소행정과,처리완료,complaints_2026.xlsx,청소행정과
2026,1100,2026-01-10,숙직,신성지구대,대학로 ***인근 가로등 연결된 전선을 사다리차량이 이동 중 접촉하여 늘어진 상태로 통행차량의 안전 위협할 수 있으니 점검 요청함.,건설과 비상근무자에 연락하여 현장 점검 요청,건설과,접수,complaints_2026.xlsx,건설과
2026,1102,2026-01-10,일직,익명,전관어린이공원 낙엽 청소 요청함.  일부 치워지지 않은 낙엽이 있어 불편 민원제기(1~2주내로 해결 했으면 하시길 요청) ,해당부서 이첩,공원과,처리완료,complaints_2026.xlsx,공원과
2026,1103,2026-01-09,숙직,익명,전민동-화암네거리 고갯길 가장 위쪽의 도로 황색선에 부상당한 노루 구조 요청,펫레스큐 메세지 남김,푸른환경과,처리완료,complaints_2026.xlsx,푸른환경과
2026,1104,2026-01-09,숙직,유성경찰서 상황실,"전민동 ***-* 유성대로 도로(왕복 4차선)
고라니 사체 보도쪽으로 치워놓음",펫레스큐 메시지 남김,청소행정과,처리완료,complaints_2026.xlsx,청소행정과
2026,1105,2026-01-09,숙직,익명,유성구 대학로 ** 대림빌딩에 하수관로가 막혀 빌딩 내에 물이 넘침. 처리해주길 바람,소관부서 이첩,건설과,처리완료,complaints_2026.xlsx,건설과
2026,1106,2026-01-08,숙직,미상,"[당직자들에게 차량 조회 권한 부여 가능한지 검토 요청]
- 차량에 연락처가 없는 경우, 단속이 어려운 시간대에는 통행에 불편을 주는 차량이 있어 당직민원 접수하여도 이동주차요청 등 빠른 조치를 취하는 것이 어려움.
- 당직자들에게도 차량 조회 권한이 있으면 좋겠다고 하심.
",관련부서 이첩,교통정책과,처리완료,complaints_2026.xlsx,교통정책과
2026,1107,2026-01-07,숙직,미상,온천서로* 리베라더시티 주차장 코너 쪽 불법주정차 단속 요청,해당부서 이첩,주차관리과,처리완료,complaints_2026.xlsx,주차관리과
2026,1108,2026-01-07,숙직,미상,"반석역삼거리 안전사고 예방 요청 
- 대각선으로 건너려는 보행자들이 많은 곳인데 횡단보도 신호체계가 따로따로 (한쪽이 빨간 불일때 다른 한 쪽은 초록불, 한쪽이 초록불일 때 다른 한 쪽은 빨간 불)작동하나, 반대편 신호등의 초록불을 보고 보행자들이 빨간불임에도 보행하려 한다고 함.
- 조치요청사항 : 안전유의 플래카드를 걸어 반대편 횡단보도의 신호등 시야를 차단하는 등 사고 예방 요청 ",관련부서 이첩,교통정책과,처리완료,complaints_2026.xlsx,교통정책과
2026,1109,2026-01-06,숙직,미상,온천역 부근 노점상단속 요청으로 자세한 사항은 담당자와 통화 요청,해당부서 이첩,건설과,처리완료,complaints_2026.xlsx,건설과
2026,1110,2026-01-06,숙직,유성경찰서,"충남 논산시청에서 운행정지 처리된 **나**** 산타페 차량이 유성구(계룡로 **번길 **)에서 발견
해당 운행정지명령차량 번호판 영치 요청",담당부서 이첩,교통정책과,처리완료,complaints_2026.xlsx,교통정책과
2026,1111,2026-01-06,숙직,익명,충대서문 -> 장대동 하이마트 가는 방향 고라니 사체 발견,유성대로 / 시 당직실 이첩,청소행정과,처리완료,complaints_2026.xlsx,청소행정과
2026,1112,2026-01-05,숙직,[삭제],유성온천역 아웃백 앞 대학로 차 도로 가운데 가름막 파손 ,시 당직실 이첩,건설과,접수,complaints_2026.xlsx,건설과
2026,1113,2026-01-05,숙직,익명,비둘기 사체 처리,펫레스큐 메시지 남김,청소행정과,처리완료,complaints_2026.xlsx,청소행정과
2026,1114,2026-01-05,숙직,미상,강아지 발견하면 연락 요청,부서이관,지역산업과,처리완료,complaints_2026.xlsx,지역산업과
2026,1116,2026-01-05,숙직,미상,"노은동 ***-* 노은동성당 앞쪽 가로등이 오전7시30분이 넘었는데도 소등이 안되고 있음.
이전에도 몇번 민원넜었는데도 같은상황이 반복중임을 강조함",관련부서 이첩,건설과,처리완료,complaints_2026.xlsx,건설과
2026,1117,2026-01-04,숙직,복용파출소 최연찬 경사,"노숙자 인계요청
숙박시설)/온천로 **(봉명동))에 연락하여 노숙자 숙박이 가능하다는 사실을 확인한 후, 복용파출소에서 노숙자 인계받았음.
숙박시설로 이동 중 노숙자분이 숙박시설 숙박 거부 의사를 밝혔고, 노숙자분의 요청(첨부파일 참조)으로 목척교(중구 은행동 ***) 인근에 노숙자분을 내려준 후 당직실로 복귀함.",담당부서 이첩 / 추후대처 필요한지 부서에서 판단.,생활보장과,처리완료,complaints_2026.xlsx,생활보장과
2026,1118,2026-01-04,숙직,미상,멧돼지 출몰 신고,"전국수렵인참여연대(이용우, 010-****-****) 연락, 출동함",푸른환경과,처리완료,complaints_2026.xlsx,푸른환경과
2026,1119,2026-01-04,일직,익명,용계동 ***(용계동 ***-**방면) 지속적인 불법주정차 대책마련 및 신고 요청,주말 불법 주차단속반 연락 및 담당부서 이첩,주차관리과,처리완료,complaints_2026.xlsx,주차관리과
2026,1120,2026-01-04,일직,익명,신세계 백화점 부근 특히 백화점 뒤편 불법주정차로 불편함,불법 주정차 단속반 연락,주차관리과,처리완료,complaints_2026.xlsx,주차관리과
2026,1121,2026-01-04,일직,유성지구대,봉명동 ***-* 불법주차 단속요청,주말 불법 주차단속반 연락 및 담당부서이첩,주차관리과,처리완료,complaints_2026.xlsx,주차관리과
2026,1123,2026-01-04,일직,익명,원싱흥동 ***(원신흥교 다리 밑 벤치) 아디다스 검은 가방 분실/ 습득시 전화요청,담당부서 이첩,재난안전과,처리완료,complaints_2026.xlsx,재난안전과
2026,1124,2026-01-04,일직,익명,도룡동622(기초과학연구원 뒷편) 불법주차 단속 요청,주말 불법 주차단속반 연락 및 담당부서 이첩,주차관리과,처리완료,complaints_2026.xlsx,주차관리과
2026,1125,2026-01-04,일직,익명,구암동 *** 장대교 위 불법주차차량 단속 요청,유성장날 주차단속반 연락 및 담담부서 이첩,주차관리과,처리완료,complaints_2026.xlsx,주차관리과
2026,1126,2026-01-04,일직,익명,도안대로***번길 ** 앞 천성교회 부근 불법주차 단속 요망,주말 불법 주차단속반 연락 및 담당부서 이첩,주차관리과,처리완료,complaints_2026.xlsx,주차관리과
2026,1127,2026-01-04,일직,익명,원내동 ***-*(원내동 ***-* 혜민주택 앞) 도로 포트홀 발생. 처리요망,담당부서이첩,건설과,처리완료,complaints_2026.xlsx,건설과
2026,1128,2026-01-04,일직,익명,"금일(1/4) 도룡동 *-**(DCC인근) 노점상들이 너무 많다며 조치요청. 민원인은 즉시 조치 및 회신 요구하였으나 현장 단속 인력 미운영상황임을 설명함. 
",담당부서 이첩,건설과,처리완료,complaints_2026.xlsx,건설과
2026,1130,2026-01-03,숙직,익명,복용동 ***번지 유해화학물질 차량 단속 요망 (인천 **바****)  / 본인 명절 기간 신고하였으며 주차관리 담당하는 인원과 현장에서 이야기 하였다고 함. 그런데 다시 그 차량이 와서 제대로 신고가 들어간 것이 맞는지 의문이라고 하심.,담당부서 이관 / 민원인과 통화 요망,주차관리과,처리완료,complaints_2026.xlsx,주차관리과
2026,1131,2026-01-03,숙직,익명,"은구비로 **번길건물 앞 불법노점상(양말) 판매 중, 단속 강화 요망",담당부서 이첩,건설과,처리완료,complaints_2026.xlsx,건설과
2026,1132,2026-01-03,숙직,유성경찰서,대정동 **-** / 교통사고로 인한 비산물(차체 플라스틱) 처리 요망,"유성경찰서 측 시청 협조요청 완료, 현장 출동 후 해결 예정임. / 담당부서 해결 여부 확인요망",청소행정과,처리완료,complaints_2026.xlsx,청소행정과
2026,1133,2026-01-03,숙직,익명,상대동 아이파크 *단지 도로휀스 불법현수막 게시 신고 / 철거 요청,담당부서 이첩,건축과,처리완료,complaints_2026.xlsx,건축과
2026,1135,2026-01-03,숙직,익명,노은역 환승주차장 광장 앞 불법주정차 많아 통행 어려움. 평상시 단속 희망,관련부서 이첩 ,주차관리과,처리완료,complaints_2026.xlsx,주차관리과
2026,1136,2026-01-03,일직,미상,둔곡동 A-4블럭 공사현장 접근금지 방송 시 같이 들리는 뻐꾸기 소리(?) 소음 민원. 현장관계자 연락처 확인불가하여 당직민원 등록함.,담당부서 처리 안내,푸른환경과,처리완료,complaints_2026.xlsx,푸른환경과
2026,1139,2026-01-02,숙직,미상,"구암동 ***-*번지 앞 천변도로에서 계속 물이 흘러 나옴
여러번 신고들어왔는데 조치가 안되어있다고 함.",담당부서 접수,건설과,처리완료,complaints_2026.xlsx,건설과
2026,1141,2026-01-01,일직,유성경찰서,학하동 ***-*번지 중앙분리대 사고로 인한 파손으로 경찰서에 조치해달라고 연락옴,담당부서 이첩,건설과,처리완료,complaints_2026.xlsx,건설과
2026,1142,2026-01-01,일직,미상,용계동 ***-*번지 불법주정차 단속 요청,주말 단속반 전달,주차관리과,처리완료,complaints_2026.xlsx,주차관리과
2026,1143,2026-01-01,일직,미상,- 유성구 테크노중앙로***번지 하늘소망교회 앞 불법주정차 단속요청,주말단속반 전달,주차관리과,처리완료,complaints_2026.xlsx,주차관리과
2026,1144,2026-01-01,일직,[삭제],신구교->신탄진 방향으로 자전거 타던 중 자전거도로 커팅된 부분에 전복되어 다침. 관련하여 보험처리 가능한지 문의함. 내일(1.2.(금)) 꼭 전화달라고 함.,담당부서 이첩,건설과,처리완료,complaints_2026.xlsx,건설과
2026,1145,2026-01-01,일직,미상,복용동 ***-*번지 유해차량 25톤 차량 불법주차 행정조치 요청. 전화요청.,담당부서 이첩,주차관리과,처리완료,complaints_2026.xlsx,주차관리과
2026,1146,2026-01-01,일직,익명,지족동 ****-*번지 메이웨이차이나 왼쪽도로변 고양이사체,펫레스큐 문자전송,청소행정과,처리완료,complaints_2026.xlsx,청소행정과
2026,1147,2026-01-01,일직,유성지구대,충대 지하차도 월평역에서 유성ic방향 교통사고나서 방지턱같은걸 박았다고 지구대에서 전화왔습니다.,해당부서 이첩,건설과,처리완료,complaints_2026.xlsx,건설과
2026,1148,2026-01-01,일직,익명,"도룡동 표준과학연구원, 과학기술연합대학원대학교 사이 고라니 사체 처리요청",펫레스큐 문자 전송,청소행정과,처리완료,complaints_2026.xlsx,청소행정과
